representation,D_score,mean_within_distance,mean_between_distance,pooled_distance_sd,n_within_pairs,n_between_pairs
Raw SVM features,1.491892333772833,4.11912643824398,11.844539365459188,5.178264377616634,18018,91260
catch22,0.20305088310080613,6.029824285785407,6.414221964240866,1.8931101041536555,18018,91260
SimCLR,1.3018136946825516,2.4717777421918323,5.482222022407714,2.3125000854672844,18018,91260
SimCLR + SVM scores,1.6966236911526884,1.0213585680797637,3.370883010561232,1.384823549696632,18018,91260
