representation,ARI,NMI,n_clusters,kmeans_inertia
Raw SVM features,0.02198065321439936,0.07818161888680462,12,3224.956744526235
catch22,0.018941200153956898,0.05263718307696385,12,26038.46412346209
SimCLR,0.03197986817874081,0.08961829015539798,12,8391.380859375
SimCLR + SVM scores,0.06271172532476404,0.133009258977849,12,7869.406124705748
