representation,D_score,mean_within_distance,mean_between_distance,pooled_distance_sd,n_within_pairs,n_between_pairs
Raw SVM features,0.05146544736861723,2.8789594344756617,3.1877381982355395,5.999729518491778,373500,4125000
catch22,0.08275739697488081,5.891627857342316,6.048842917636258,1.8997100687164115,373500,4125000
SimCLR,0.13749505999679845,4.8191356391615345,5.1489070027122334,2.398423358325583,373500,4125000
SimCLR + SVM scores,0.32130072771325485,4.330190366375138,4.764246258221355,1.3509334228262029,373500,4125000
