representation,D_score,mean_within_distance,mean_between_distance,pooled_distance_sd,n_within_pairs,n_between_pairs
Raw SVM features,0.053550200771807194,2.407650678398106,2.678036375864707,5.049200443127977,373500,4125000
catch22,0.08918489447777893,5.925852948129459,6.084237632504547,1.7759137946230426,373500,4125000
SimCLR,0.14893518725999277,4.829145853739611,5.178391330730026,2.344949393193061,373500,4125000
SimCLR + SVM scores,0.33367793446398547,4.293652154863857,4.757453301299917,1.3899664872389688,373500,4125000
