representation,D_score,mean_within_distance,mean_between_distance,pooled_distance_sd,n_within_pairs,n_between_pairs
Raw SVM features,1.5197750934035574,12.206023045712461,31.35758485222698,12.601576305362613,18018,91260
catch22,0.3276620047469284,5.60613502046703,6.354941918662331,2.285302803947765,18018,91260
SimCLR,1.263341883024514,2.584328507161222,5.476483565264,2.2892893024165324,18018,91260
SimCLR + SVM scores,1.935357959632825,1.0722181229329333,3.442681534338653,1.2248191088409521,18018,91260
