{
  "iy011": {
    "baseline": {
      "observed": 0.705,
      "null_mean": 0.5076433333333333,
      "null_std": 0.01973213706959622,
      "p_value": 0.001
    },
    "mu": {
      "observed": 0.9333333333333333,
      "null_mean": 0.49903,
      "null_std": 0.020861532648500315,
      "p_value": 0.001
    },
    "cv": {
      "observed": 0.6316666666666667,
      "null_mean": 0.49989999999999996,
      "null_std": 0.019924050235275402,
      "p_value": 0.001
    },
    "t_ac": {
      "observed": 0.535,
      "null_mean": 0.5026066666666666,
      "null_std": 0.02022882322056547,
      "p_value": 0.064
    }
  },
  "iy014": {
    "baseline": {
      "observed": 0.7883333333333333,
      "null_mean": 0.5019033333333333,
      "null_std": 0.02052855978062432,
      "p_value": 0.001
    },
    "mu": {
      "observed": 0.9983333333333333,
      "null_mean": 0.5034366666666666,
      "null_std": 0.020205895454324985,
      "p_value": 0.001
    },
    "cv": {
      "observed": 0.9583333333333334,
      "null_mean": 0.49910333333333334,
      "null_std": 0.01968576445612977,
      "p_value": 0.001
    },
    "t_ac": {
      "observed": 0.8133333333333334,
      "null_mean": 0.49728333333333335,
      "null_std": 0.02030784604804535,
      "p_value": 0.001
    }
  }
}