{
  "iy011": {
    "baseline": 0.705,
    "mu": 0.9333333333333333,
    "cv": 0.6316666666666667,
    "t_ac": 0.535
  },
  "iy014": {
    "baseline": 0.7883333333333333,
    "mu": 0.9983333333333333,
    "cv": 0.9583333333333334,
    "t_ac": 0.8133333333333334
  }
}