2026-07-28 19:56:47,411 INFO Loaded strain TF database: 14 entries from /home/ianyang/stochastic_simulations/experiments/EXP-26-IY026/strain_tf_database.csv.
2026-07-28 19:56:47,411 INFO Connecting to OMERO at staffa.bio.ed.ac.uk...
2026-07-28 19:56:47,525 INFO Connected.
2026-07-28 19:56:48,571 INFO Found 1845 datasets on the server.
2026-07-28 19:56:48,571 INFO Will process 1845 datasets.
2026-07-28 19:56:48,572 INFO [1/1845] Dataset 2493: Ramp_0d5to0pGlc_5h_Msn2Dot6Mig1_EarlyStart_00
2026-07-28 19:56:48,596 INFO   Reading metadata annotations...
2026-07-28 19:56:48,750 WARNING   Truncated large annotation(s): ramp_0d5to0pglc_5h_msn2dot6mig1_earlystart.log
2026-07-28 19:56:48,750 INFO   Classifying metadata...
2026-07-28 19:56:53,074 INFO   -> fluor: YES | tf_loc: YES | tps: 192 | tf: Msn2;Dot6;Mig1 | condition: 0.5% glucose to 0% glucose | channels: GFP_Z;GFP;cy5;mCherry_Z;mCherry
2026-07-28 19:56:53,274 INFO [2/1845] Dataset 683: Aya_00
2026-07-28 19:56:53,289 INFO   Reading metadata annotations...
2026-07-28 19:56:53,483 INFO   Classifying metadata...
2026-07-28 19:56:57,715 INFO   -> fluor: YES | tf_loc: NO | tps: 180 | tf: UNKNOWN | condition: Aim:   Strain:   Comments:   
Microscope setup for used channels:
Brightfield:
No light path info in config file. | channels: GFP
2026-07-28 19:56:57,916 INFO [3/1845] Dataset 2717: 10xgraticule_00
2026-07-28 19:56:57,934 INFO   Reading metadata annotations...
2026-07-28 19:56:58,080 INFO   Classifying metadata...
2026-07-28 19:57:01,501 INFO   -> fluor: YES | tf_loc: NO | tps: 180 | tf: UNKNOWN | condition: Aim: Image of graticule slide for calibration  Strain:   Comments:   Each small division is 10um
Microscope setup for used channels:
BrightfieldGFP:
Micromanager config file:C:\Users\Public\Microsc | channels: GFP
2026-07-28 19:57:01,702 INFO [4/1845] Dataset 560: pypipeline_unit_test_reconstituted_00
2026-07-28 19:57:01,725 INFO   Reading metadata annotations...
2026-07-28 19:57:01,988 INFO   Classifying metadata...
2026-07-28 19:57:04,572 INFO   -> fluor: YES | tf_loc: NO | tps: 2 | tf: UNKNOWN | condition: Aim: Get a successfully finished experiment with the minimum amount of information to test pipeline with the usual data structure. | channels: GFP
2026-07-28 19:57:04,773 INFO [5/1845] Dataset 561: BABY_Raff_00
2026-07-28 19:57:04,790 INFO   Reading metadata annotations...
2026-07-28 19:57:05,109 WARNING   Truncated large annotation(s): baby_rafflog.txt
2026-07-28 19:57:05,109 INFO   Classifying metadata...
2026-07-28 19:57:11,632 INFO   -> fluor: YES | tf_loc: NO | tps: 180 | tf: UNKNOWN | condition: Aim: Measure growth rate in raffinose using BABY  Strain:   Comments:
Microscope setup for used channels:
Brightfield:
No light path info in config file. | channels: GFP;mCherry
2026-07-28 19:57:11,833 INFO [6/1845] Dataset 2718: 60xgraticule_01
2026-07-28 19:57:11,842 INFO   Reading metadata annotations...
2026-07-28 19:57:12,015 INFO   Classifying metadata...
2026-07-28 19:57:14,744 INFO   -> fluor: YES | tf_loc: NO | tps: 180 | tf: UNKNOWN | condition: Aim: Image of graticule slide for calibration  Strain:   Comments:   Each small division is 10um
Microscope setup for used channels:
BrightfieldGFP:
Micromanager config file:C:\Users\Public\Microsc | channels: GFP
2026-07-28 19:57:14,944 INFO [7/1845] Dataset 2719: 60xgraticule_00
2026-07-28 19:57:14,961 INFO   Reading metadata annotations...
2026-07-28 19:57:15,083 INFO   Classifying metadata...
2026-07-28 19:57:19,524 INFO   -> fluor: YES | tf_loc: NO | tps: 180 | tf: UNKNOWN | condition: Aim: Image of graticule slide for calibration  Strain:   Comments:   Each small division is 10um
Microscope setup for used channels:
BrightfieldGFP:
Micromanager config file:C:\Users\Public\Microsc | channels: GFP
2026-07-28 19:57:19,724 INFO [8/1845] Dataset 534: itch_2_0glu_0_0glu_URA7young_URA8young_URA8old_secondRun_01
2026-07-28 19:57:19,739 INFO   Reading metadata annotations...
2026-07-28 19:57:19,774 WARNING   No .log/.txt/Acq.txt annotation found for dataset 534.
2026-07-28 19:57:19,774 INFO   Classifying metadata...
2026-07-28 19:57:22,260 INFO   -> fluor: NO | tf_loc: NO | tps:  | tf: UNKNOWN | condition:  | channels: UNKNOWN
2026-07-28 19:57:22,460 INFO [9/1845] Dataset 535: u_URA7young_URA8young_URA8old_secondRun_01
2026-07-28 19:57:22,470 INFO   Reading metadata annotations...
2026-07-28 19:57:22,489 WARNING   No .log/.txt/Acq.txt annotation found for dataset 535.
2026-07-28 19:57:22,489 INFO   Classifying metadata...
2026-07-28 19:57:24,668 INFO   -> fluor: NO | tf_loc: NO | tps:  | tf: UNKNOWN | condition:  | channels: UNKNOWN
2026-07-28 19:57:24,868 INFO [10/1845] Dataset 576: pHCalibrate7_24_7_75_00
2026-07-28 19:57:24,885 INFO   Reading metadata annotations...
2026-07-28 19:57:25,069 INFO   Classifying metadata...
2026-07-28 19:57:28,948 INFO   -> fluor: NO | tf_loc: NO | tps: 1 | tf: UNKNOWN | condition: pH 7.24 to pH 7.75 | channels: pHluorin405;pHluorin488;GFPFast
2026-07-28 19:57:29,149 INFO [11/1845] Dataset 577: pHCalibrate6_7_00
2026-07-28 19:57:29,166 INFO   Reading metadata annotations...
2026-07-28 19:57:29,313 INFO   Classifying metadata...
2026-07-28 19:57:34,418 INFO   -> fluor: YES | tf_loc: NO | tps: 180 | tf: UNKNOWN | condition: pH 6 to pH 7 | channels: pHluorin405;pHluorin488;GFPFast
2026-07-28 19:57:34,620 INFO [12/1845] Dataset 583: pH_med_to_high_00
2026-07-28 19:57:34,637 INFO   Reading metadata annotations...
2026-07-28 19:57:34,970 WARNING   Truncated large annotation(s): ph_med_to_high.log;ph_med_to_high_original.log
2026-07-28 19:57:34,971 INFO   Classifying metadata...
2026-07-28 19:57:43,142 INFO   -> fluor: YES | tf_loc: NO | tps: 180 | tf: UNKNOWN | condition: pH 4.21 to pH 7.51 | channels: pHluorin405;pHluorin488;GFPFast;cy5
2026-07-28 19:57:43,343 INFO [13/1845] Dataset 581: pH_med_to_low_00
2026-07-28 19:57:43,359 INFO   Reading metadata annotations...
2026-07-28 19:57:43,985 WARNING   Truncated large annotation(s): ph_med_to_low.log;ph_med_to_low_o.log;ph_med_to_low_original.log
2026-07-28 19:57:43,985 INFO   Classifying metadata...
2026-07-28 19:57:50,520 INFO   -> fluor: YES | tf_loc: NO | tps: 180 | tf: UNKNOWN | condition: normal pH (4.25) media to higher pH (5.69) | channels: GFP;mCherry;cy5;pHluorin405;pHluorin488;GFPFast
2026-07-28 19:57:50,720 INFO [14/1845] Dataset 469: morph_5cham_hog1_lte1_htb2_vph1_bud3_01
2026-07-28 19:57:50,729 INFO   Reading metadata annotations...
2026-07-28 19:57:50,980 WARNING   Truncated large annotation(s): morph_5cham_hog1_lte1_htb2_vph1_bud3log.txt
2026-07-28 19:57:50,980 INFO   Classifying metadata...
2026-07-28 19:57:56,001 INFO   -> fluor: YES | tf_loc: YES | tps: 240 | tf: Hog1 | condition: Aim: Acquire images for morphology segmentation in ALCATRAS devices on Batgirl with new camera
Strain:
Hog1-GFP
Lte1-GFP
Htb2-GFP
Vph1-GFP
Bud3-GFP
Comments:
Low OD O/N growth. | channels: GFP
2026-07-28 19:57:56,201 INFO [15/1845] Dataset 470: pH_med_to_low_00
2026-07-28 19:57:56,218 INFO   Reading metadata annotations...
2026-07-28 19:57:56,859 WARNING   Truncated large annotation(s): ph_med_to_low_original.log;ph_med_to_low.log
2026-07-28 19:57:56,859 INFO   Classifying metadata...
2026-07-28 19:57:59,218 INFO   -> fluor: YES | tf_loc: NO | tps: 180 | tf: UNKNOWN | condition: normal pH (4.25) media to higher pH (5.69) | channels: pHluorin405;pHluorin488;cy5
2026-07-28 19:57:59,419 INFO [16/1845] Dataset 537: aggregates_CTP_switch_2_0glu_0_0glu_URA7young_URA8young_URA8old_01
2026-07-28 19:57:59,436 INFO   Reading metadata annotations...
2026-07-28 19:57:59,459 WARNING   No .log/.txt/Acq.txt annotation found for dataset 537.
2026-07-28 19:57:59,459 INFO   Classifying metadata...
2026-07-28 19:58:02,397 INFO   -> fluor: NO | tf_loc: NO | tps:  | tf: UNKNOWN | condition:  | channels: UNKNOWN
2026-07-28 19:58:02,598 INFO [17/1845] Dataset 589: pH_med_to_low_00
2026-07-28 19:58:02,606 INFO   Reading metadata annotations...
2026-07-28 19:58:03,048 WARNING   Truncated large annotation(s): ph_med_to_low.log;ph_med_to_low_original.log
2026-07-28 19:58:03,048 INFO   Classifying metadata...
2026-07-28 19:58:09,188 INFO   -> fluor: YES | tf_loc: NO | tps: 180 | tf: UNKNOWN | condition: normal pH (4.21) media to low pH (3.40) | channels: pHluorin405;pHluorin488;GFPFast;cy5
2026-07-28 19:58:09,388 INFO [18/1845] Dataset 592: Nha1_04
2026-07-28 19:58:09,403 INFO   Reading metadata annotations...
2026-07-28 19:58:09,686 WARNING   Truncated large annotation(s): nha1_original.log;nha1.log
2026-07-28 19:58:09,686 INFO   Classifying metadata...
2026-07-28 19:58:15,888 INFO   -> fluor: YES | tf_loc: NO | tps: 180 | tf: UNKNOWN | condition: SC + glc to SC + glc + 0.4M KCl | channels: GFP;GFPFast;cy5
2026-07-28 19:58:16,089 INFO [19/1845] Dataset 489: Pdr5_fluc_00
2026-07-28 19:58:16,101 INFO   Reading metadata annotations...
2026-07-28 19:58:16,367 WARNING   Truncated large annotation(s): pdr5_fluclog.txt
2026-07-28 19:58:16,367 INFO   Classifying metadata...
2026-07-28 19:58:24,744 INFO   -> fluor: YES | tf_loc: NO | tps: 180 | tf: UNKNOWN | condition: 2% glucose in SC to 2% glucose in SC + 100ug/ml fluconazole | channels: GFP;cy5
2026-07-28 19:58:24,944 INFO [20/1845] Dataset 490: flavin_htb2_pyruvate_20gpL_03_06
2026-07-28 19:58:24,959 INFO   Reading metadata annotations...
2026-07-28 19:58:25,356 WARNING   Truncated large annotation(s): flavin_htb2_pyruvate_20gpl_03log.txt
2026-07-28 19:58:25,357 INFO   Classifying metadata...
2026-07-28 19:58:33,423 INFO   -> fluor: YES | tf_loc: NO | tps: 360 | tf: UNKNOWN | condition: Aim: This experiment is a repeat of 2022-09-29, which failed. | channels: Flavin;mCherry2
2026-07-28 19:58:33,623 INFO [21/1845] Dataset 491: flavin_by4741_by4742_tsa1tsa2morgan_02_00
2026-07-28 19:58:33,637 INFO   Reading metadata annotations...
2026-07-28 19:58:33,911 WARNING   Truncated large annotation(s): flavin_by4741_by4742_tsa1tsa2morgan_02log.txt
2026-07-28 19:58:33,911 INFO   Classifying metadata...
2026-07-28 19:58:42,854 INFO   -> fluor: YES | tf_loc: NO | tps: 240 | tf: UNKNOWN | condition: Aim: Repeats of tsa1 tsa2 (Bruce Morgan), with BY controls. | channels: Flavin
2026-07-28 19:58:43,055 INFO [22/1845] Dataset 593: KCl_pH_02
2026-07-28 19:58:43,069 INFO   Reading metadata annotations...
2026-07-28 19:58:43,443 WARNING   Truncated large annotation(s): kcl_phlog.txt
2026-07-28 19:58:43,443 INFO   Classifying metadata...
2026-07-28 19:58:50,380 INFO   -> fluor: YES | tf_loc: NO | tps: 240 | tf: UNKNOWN | condition: SC (-Leu) to SC (-Leu) + 0.2M KCl | channels: GFPFast;cy5;pHluorin405
2026-07-28 19:58:50,581 INFO [23/1845] Dataset 531: pH_med_to_low_00
2026-07-28 19:58:50,589 INFO   Reading metadata annotations...
2026-07-28 19:58:50,882 WARNING   Truncated large annotation(s): ph_med_to_low.log;ph_med_to_low_original.log
2026-07-28 19:58:50,882 INFO   Classifying metadata...
2026-07-28 19:58:56,499 INFO   -> fluor: YES | tf_loc: NO | tps: 180 | tf: UNKNOWN | condition: normal pH (4.21) media to low pH (3.40) | channels: pHluorin405;pHluorin488;GFPFast;cy5
2026-07-28 19:58:56,700 INFO [24/1845] Dataset 532: BABY_raffinose_01
2026-07-28 19:58:56,715 INFO   Reading metadata annotations...
2026-07-28 19:58:56,991 WARNING   Truncated large annotation(s): baby_raffinoselog.txt
2026-07-28 19:58:56,991 INFO   Classifying metadata...
2026-07-28 19:59:03,824 INFO   -> fluor: YES | tf_loc: NO | tps: 180 | tf: UNKNOWN | condition: Aim:   Strain:   Comments:   
Microscope setup for used channels:
Brightfield:
No light path info in config file. | channels: GFP;mCherry2
2026-07-28 19:59:04,025 INFO [25/1845] Dataset 607: KCl_pH_00
2026-07-28 19:59:04,040 INFO   Reading metadata annotations...
2026-07-28 19:59:04,281 INFO   Classifying metadata...
2026-07-28 19:59:08,117 INFO   -> fluor: YES | tf_loc: NO | tps: 240 | tf: UNKNOWN | condition: SC (-Leu) to SC (-Leu) + 0.2M KCl | channels: GFPFast;pHluorin405;cy5
2026-07-28 19:59:08,318 INFO [26/1845] Dataset 608: KCl_pH_01
2026-07-28 19:59:08,330 INFO   Reading metadata annotations...
2026-07-28 19:59:08,500 INFO   Classifying metadata...
2026-07-28 19:59:11,474 INFO   -> fluor: YES | tf_loc: NO | tps: 240 | tf: UNKNOWN | condition: SC (-Leu) to SC (-Leu) + 0.2M KCl | channels: GFPFast;cy5;pHluorin405
2026-07-28 19:59:11,675 INFO [27/1845] Dataset 609: KCl_pH_02
2026-07-28 19:59:11,683 INFO   Reading metadata annotations...
2026-07-28 19:59:11,971 WARNING   Truncated large annotation(s): kcl_phlog.txt
2026-07-28 19:59:11,971 INFO   Classifying metadata...
2026-07-28 19:59:18,700 INFO   -> fluor: YES | tf_loc: NO | tps: 240 | tf: UNKNOWN | condition: SC (-Leu) to SC (-Leu) + 0.2M KCl | channels: GFPFast;cy5;pHluorin405
2026-07-28 19:59:18,900 INFO [28/1845] Dataset 610: 2022sgo_bub1GFP_00
2026-07-28 19:59:18,915 INFO   Reading metadata annotations...
2026-07-28 19:59:18,932 WARNING   No .log/.txt/Acq.txt annotation found for dataset 610.
2026-07-28 19:59:18,932 INFO   Classifying metadata...
2026-07-28 19:59:20,897 INFO   -> fluor: NO | tf_loc: NO | tps:  | tf: UNKNOWN | condition:  | channels: UNKNOWN
2026-07-28 19:59:21,097 INFO [29/1845] Dataset 611: 2022sgo_bub1GFP_01
2026-07-28 19:59:21,106 INFO   Reading metadata annotations...
2026-07-28 19:59:21,118 WARNING   No .log/.txt/Acq.txt annotation found for dataset 611.
2026-07-28 19:59:21,118 INFO   Classifying metadata...
2026-07-28 19:59:23,626 INFO   -> fluor: NO | tf_loc: NO | tps:  | tf: UNKNOWN | condition:  | channels: UNKNOWN
2026-07-28 19:59:23,826 INFO [30/1845] Dataset 2495: RPL3_GFP_1145_Experiment_18_11_00
2026-07-28 19:59:23,840 INFO   Reading metadata annotations...
2026-07-28 19:59:23,996 WARNING   Truncated large annotation(s): rpl3_gfp_1145_experiment_18_11.log
2026-07-28 19:59:23,996 INFO   Classifying metadata...
2026-07-28 19:59:30,248 INFO   -> fluor: YES | tf_loc: NO | tps: 180 | tf: UNKNOWN | condition: 18/11 Attempt 2 1145 RPL3 GFP Chamber 1 2% Glc, Chamber 2 0.1%Glc, Chamber 4 0.05% Glc, Chamber 5 0.01% Glc. | channels: GFP_Z;GFP
2026-07-28 19:59:30,449 INFO [31/1845] Dataset 2496: GAL2__MAN_GAL_GLU_00
2026-07-28 19:59:30,457 INFO   Reading metadata annotations...
2026-07-28 19:59:30,624 WARNING   Truncated large annotation(s): gal2__man_gal_glu.log
2026-07-28 19:59:30,624 INFO   Classifying metadata...
2026-07-28 19:59:36,436 INFO   -> fluor: YES | tf_loc: NO | tps: 180 | tf: UNKNOWN | condition: mannose to galactose | channels: GFP_Z;GFP
2026-07-28 19:59:36,637 INFO [32/1845] Dataset 2497: glabrata_IC20_CCW_03
2026-07-28 19:59:36,651 INFO   Reading metadata annotations...
2026-07-28 19:59:36,856 WARNING   Truncated large annotation(s): glabrata_ic20_ccw.log
2026-07-28 19:59:36,857 INFO   Classifying metadata...
2026-07-28 19:59:43,336 INFO   -> fluor: NO | tf_loc: NO | tps: 144 | tf: UNKNOWN | condition: Aim: Dataset for glabrata segmentation model. | channels: UNKNOWN
2026-07-28 19:59:43,537 INFO [33/1845] Dataset 313: flavin_htb2_pyruvate_20gpL_04
2026-07-28 19:59:43,551 INFO   Reading metadata annotations...
2026-07-28 19:59:43,573 WARNING   No .log/.txt/Acq.txt annotation found for dataset 313.
2026-07-28 19:59:43,573 INFO   Classifying metadata...
2026-07-28 19:59:46,138 INFO   -> fluor: NO | tf_loc: NO | tps:  | tf: UNKNOWN | condition:  | channels: UNKNOWN
2026-07-28 19:59:46,339 INFO [34/1845] Dataset 613: flavin_fy4_htb2_k_deficient_01_01
2026-07-28 19:59:46,353 INFO   Reading metadata annotations...
2026-07-28 19:59:46,634 WARNING   Truncated large annotation(s): flavin_fy4_htb2_k_deficient_01log.txt
2026-07-28 19:59:46,634 INFO   Classifying metadata...
2026-07-28 19:59:53,734 INFO   -> fluor: YES | tf_loc: NO | tps: 264 | tf: UNKNOWN | condition: Aim: Test whether potassium-deficient media confirms chemostat observations in O'Neill et al. | channels: Flavin;mCherry2
2026-07-28 19:59:53,935 INFO [35/1845] Dataset 681: flavin_htb2_pyruvate_20gpL_01_03
2026-07-28 19:59:53,950 INFO   Reading metadata annotations...
2026-07-28 19:59:54,454 WARNING   Truncated large annotation(s): flavin_htb2_pyruvate_20gpl_01log.txt
2026-07-28 19:59:54,454 INFO   Classifying metadata...
2026-07-28 20:00:02,443 INFO   -> fluor: YES | tf_loc: NO | tps: 360 | tf: UNKNOWN | condition: Aim: This experiment is a repeat of Ivan's 2022-05-27 but with HTB2-mCherry to get CDC data. | channels: Flavin;mCherry
2026-07-28 20:00:02,644 INFO [36/1845] Dataset 612: sgo_bub1GFP_01
2026-07-28 20:00:02,653 INFO   Reading metadata annotations...
2026-07-28 20:00:02,973 WARNING   Truncated large annotation(s): sgo_bub1gfplog.txt
2026-07-28 20:00:02,974 INFO   Classifying metadata...
2026-07-28 20:00:10,278 INFO   -> fluor: YES | tf_loc: NO | tps: 500 | tf: UNKNOWN | condition: SC+2% glucose to SC+2% glucose + 2.5ug/ml nocodazole | channels: GFP;cy5
2026-07-28 20:00:10,478 INFO [37/1845] Dataset 669: proteinAggregates_starvation_2_0_twice_ura7ha_ura7hr_ura8_ura8ha_ura8hr_00
2026-07-28 20:00:10,487 INFO   Reading metadata annotations...
2026-07-28 20:00:10,504 WARNING   No .log/.txt/Acq.txt annotation found for dataset 669.
2026-07-28 20:00:10,504 INFO   Classifying metadata...
2026-07-28 20:00:12,810 INFO   -> fluor: NO | tf_loc: NO | tps:  | tf: UNKNOWN | condition:  | channels: UNKNOWN
2026-07-28 20:00:13,011 INFO [38/1845] Dataset 670: flavin_swe1_tsa1tsa2_10mgpL_01_00
2026-07-28 20:00:13,018 INFO   Reading metadata annotations...
2026-07-28 20:00:13,345 WARNING   Truncated large annotation(s): flavin_swe1_tsa1tsa2_10mgpl_01log.txt
2026-07-28 20:00:13,346 INFO   Classifying metadata...
2026-07-28 20:00:20,504 INFO   -> fluor: YES | tf_loc: NO | tps: 288 | tf: UNKNOWN | condition: Aim: Recapitulating chemostat conditions for Causton et al. | channels: Flavin
2026-07-28 20:00:20,705 INFO [39/1845] Dataset 672: flavin_htb2_pyruvate_20gpL_03_01
2026-07-28 20:00:20,713 INFO   Reading metadata annotations...
2026-07-28 20:00:20,991 INFO   Classifying metadata...
2026-07-28 20:00:27,057 INFO   -> fluor: YES | tf_loc: NO | tps: 360 | tf: UNKNOWN | condition: Aim: This experiment is a repeat of 2022-09-29, which failed. | channels: Flavin;mCherry
2026-07-28 20:00:27,257 INFO [40/1845] Dataset 673: proteinAggregates_starvation_2_0_twice_ura7ha_ura7hr_ura8_ura8ha_ura8hr_00
2026-07-28 20:00:27,272 INFO   Reading metadata annotations...
2026-07-28 20:00:27,637 WARNING   Truncated large annotation(s): proteinaggregates_starvation_2_0_twice_ura7ha_ura7hr_ura8_ura8ha_ura8hrlog.txt
2026-07-28 20:00:27,637 INFO   Classifying metadata...
2026-07-28 20:00:34,605 INFO   -> fluor: YES | tf_loc: NO | tps: 450 | tf: UNKNOWN | condition: Aim: Confirm the results from previous aggregation experiments. | channels: GFP
2026-07-28 20:00:34,806 INFO [41/1845] Dataset 674: flavin_htb2_pyruvate_20gpL_03_01
2026-07-28 20:00:34,820 INFO   Reading metadata annotations...
2026-07-28 20:00:35,230 INFO   Classifying metadata...
2026-07-28 20:00:40,410 INFO   -> fluor: YES | tf_loc: NO | tps: 360 | tf: UNKNOWN | condition: Aim: This experiment is a repeat of 2022-09-29, which failed. | channels: Flavin;mCherry
2026-07-28 20:00:40,612 INFO [42/1845] Dataset 675: flavin_htb2_pyruvate_20gpL_03_05
2026-07-28 20:00:40,620 INFO   Reading metadata annotations...
2026-07-28 20:00:40,850 INFO   Classifying metadata...
2026-07-28 20:00:43,974 INFO   -> fluor: YES | tf_loc: NO | tps: 360 | tf: UNKNOWN | condition: Aim: This experiment is a repeat of 2022-09-29, which failed. | channels: Flavin;mCherry
2026-07-28 20:00:44,174 INFO [43/1845] Dataset 409: flavin_by4741_zwf1egf_tsa1tsa2morgan_00
2026-07-28 20:00:44,189 INFO   Reading metadata annotations...
2026-07-28 20:00:44,448 WARNING   Truncated large annotation(s): flavin_by4741_zwf1egf_tsa1tsa2morganlog.txt
2026-07-28 20:00:44,448 INFO   Classifying metadata...
2026-07-28 20:00:54,227 INFO   -> fluor: YES | tf_loc: NO | tps: 240 | tf: UNKNOWN | condition: Aim: Repeat 2021-07-06 (zwf1) and test metabolic oscillations in tsa1 tsa2 deletion in a BY background. | channels: Flavin
2026-07-28 20:00:54,427 INFO [44/1845] Dataset 676: flavin_htb2_pyruvate_20gpL_03_06
2026-07-28 20:00:54,442 INFO   Reading metadata annotations...
2026-07-28 20:00:54,885 WARNING   Truncated large annotation(s): flavin_htb2_pyruvate_20gpl_03log.txt
2026-07-28 20:00:54,885 INFO   Classifying metadata...
2026-07-28 20:01:01,620 INFO   -> fluor: YES | tf_loc: NO | tps: 360 | tf: UNKNOWN | condition: Aim: This experiment is a repeat of 2022-09-29, which failed. | channels: Flavin;mCherry2
2026-07-28 20:01:01,820 INFO [45/1845] Dataset 677: flavin_htb2_glucose_10mgpL_03_00
2026-07-28 20:01:01,828 INFO   Reading metadata annotations...
2026-07-28 20:01:01,969 INFO   Classifying metadata...
2026-07-28 20:01:06,187 INFO   -> fluor: NO | tf_loc: NO | tps:  | tf: UNKNOWN | condition:  | channels: UNKNOWN
2026-07-28 20:01:06,388 INFO [46/1845] Dataset 678: flavin_htb2_pyruvate_20gpL_01_00
2026-07-28 20:01:06,402 INFO   Reading metadata annotations...
2026-07-28 20:01:06,613 INFO   Classifying metadata...
2026-07-28 20:01:11,560 INFO   -> fluor: YES | tf_loc: NO | tps: 360 | tf: UNKNOWN | condition: Aim: This experiment is a repeat of Ivan's 2022-05-27 but with HTB2-mCherry to get CDC data. | channels: Flavin;mCherry
2026-07-28 20:01:11,760 INFO [47/1845] Dataset 679: flavin_htb2_pyruvate_20gpL_01_01
2026-07-28 20:01:11,768 INFO   Reading metadata annotations...
2026-07-28 20:01:12,045 INFO   Classifying metadata...
2026-07-28 20:01:17,785 INFO   -> fluor: YES | tf_loc: NO | tps: 360 | tf: UNKNOWN | condition: Aim: This experiment is a repeat of Ivan's 2022-05-27 but with HTB2-mCherry to get CDC data. | channels: Flavin;mCherry
2026-07-28 20:01:17,986 INFO [48/1845] Dataset 680: flavin_htb2_pyruvate_20gpL_01_02
2026-07-28 20:01:18,000 INFO   Reading metadata annotations...
2026-07-28 20:01:18,214 INFO   Classifying metadata...
2026-07-28 20:01:22,353 INFO   -> fluor: YES | tf_loc: NO | tps: 360 | tf: UNKNOWN | condition: Aim: This experiment is a repeat of Ivan's 2022-05-27 but with HTB2-mCherry to get CDC data. | channels: Flavin;mCherry
2026-07-28 20:01:22,553 INFO [49/1845] Dataset 682: flavin_by4742swain_by4742morgan_tsa1tsa2morgan_01_00
2026-07-28 20:01:22,561 INFO   Reading metadata annotations...
2026-07-28 20:01:22,912 WARNING   Truncated large annotation(s): flavin_by4742swain_by4742morgan_tsa1tsa2morgan_01log.txt
2026-07-28 20:01:22,912 INFO   Classifying metadata...
2026-07-28 20:01:30,362 INFO   -> fluor: YES | tf_loc: NO | tps: 240 | tf: UNKNOWN | condition: Aim: Compare BY4742 from Bruce Morgan and own stocks  Strain: 78 (BY4742), 1579 (BY4742 Morgan), 1580 (tsa1 tsa2 del)  Comments:
Microscope setup for used channels:
Brightfield:
No light path info  | channels: Flavin
2026-07-28 20:01:30,563 INFO [50/1845] Dataset 684: Aya_01
2026-07-28 20:01:30,571 INFO   Reading metadata annotations...
2026-07-28 20:01:30,717 INFO   Classifying metadata...
2026-07-28 20:01:34,113 INFO   -> fluor: YES | tf_loc: NO | tps: 180 | tf: UNKNOWN | condition: Aim:   Strain:   Comments:   
Microscope setup for used channels:
Brightfield:
No light path info in config file. | channels: GFP
2026-07-28 20:01:34,313 INFO [51/1845] Dataset 685: Aya_02
2026-07-28 20:01:34,326 INFO   Reading metadata annotations...
2026-07-28 20:01:34,562 INFO   Classifying metadata...
2026-07-28 20:01:38,623 INFO   -> fluor: YES | tf_loc: NO | tps: 180 | tf: UNKNOWN | condition: Aim:   Strain:   Comments:   
Microscope setup for used channels:
Brightfield:
No light path info in config file. | channels: GFP
2026-07-28 20:01:38,823 INFO [52/1845] Dataset 686: Aya_control_00
2026-07-28 20:01:38,837 INFO   Reading metadata annotations...
2026-07-28 20:01:39,003 INFO   Classifying metadata...
2026-07-28 20:01:42,031 INFO   -> fluor: YES | tf_loc: NO | tps: 180 | tf: UNKNOWN | condition: Aim:   Strain:   Comments:   
Microscope setup for used channels:
Brightfield:
No light path info in config file. | channels: GFP
2026-07-28 20:01:42,231 INFO [53/1845] Dataset 433: flavin_by4741_by4742_tsa1tsa2morgan_01
2026-07-28 20:01:42,239 INFO   Reading metadata annotations...
2026-07-28 20:01:42,491 WARNING   Truncated large annotation(s): flavin_by4741_by4742_tsa1tsa2morganlog.txt
2026-07-28 20:01:42,491 INFO   Classifying metadata...
2026-07-28 20:01:49,891 INFO   -> fluor: YES | tf_loc: NO | tps: 240 | tf: UNKNOWN | condition: Aim: Repeats of tsa1 tsa2 (Bruce Morgan), with BY controls  Strain: YST229 (BY4741), YST1579 (BY4742), YST1580 (tsa1 tsa1 Bruce Morgan)  Comments:
Microscope setup for used channels:
Brightfield:
N | channels: Flavin
2026-07-28 20:01:50,091 INFO [54/1845] Dataset 687: Aya_control_01
2026-07-28 20:01:50,100 INFO   Reading metadata annotations...
2026-07-28 20:01:50,231 INFO   Classifying metadata...
2026-07-28 20:01:53,372 INFO   -> fluor: YES | tf_loc: NO | tps: 180 | tf: UNKNOWN | condition: Aim:   Strain:   Comments:   
Microscope setup for used channels:
Brightfield:
No light path info in config file. | channels: GFP
2026-07-28 20:01:53,572 INFO [55/1845] Dataset 688: Aya_control_02
2026-07-28 20:01:53,587 INFO   Reading metadata annotations...
2026-07-28 20:01:53,787 INFO   Classifying metadata...
2026-07-28 20:01:57,127 INFO   -> fluor: YES | tf_loc: NO | tps: 180 | tf: UNKNOWN | condition: Aim:   Strain:   Comments:   
Microscope setup for used channels:
Brightfield:
No light path info in config file. | channels: GFP
2026-07-28 20:01:57,327 INFO [56/1845] Dataset 689: Aya_transformant_00
2026-07-28 20:01:57,341 INFO   Reading metadata annotations...
2026-07-28 20:01:57,533 INFO   Classifying metadata...
2026-07-28 20:02:00,830 INFO   -> fluor: YES | tf_loc: NO | tps: 180 | tf: UNKNOWN | condition: Aim:   Strain:   Comments:   
Microscope setup for used channels:
Brightfield:
No light path info in config file. | channels: GFP
2026-07-28 20:02:01,030 INFO [57/1845] Dataset 690: Aya_transformant_01
2026-07-28 20:02:01,038 INFO   Reading metadata annotations...
2026-07-28 20:02:01,169 INFO   Classifying metadata...
2026-07-28 20:02:05,129 INFO   -> fluor: YES | tf_loc: NO | tps: 180 | tf: UNKNOWN | condition: Aim:   Strain:   Comments:   
Microscope setup for used channels:
Brightfield:
No light path info in config file. | channels: GFP
2026-07-28 20:02:05,330 INFO [58/1845] Dataset 691: Aya_transformant_02
2026-07-28 20:02:05,344 INFO   Reading metadata annotations...
2026-07-28 20:02:05,544 INFO   Classifying metadata...
2026-07-28 20:02:08,648 INFO   -> fluor: YES | tf_loc: NO | tps: 180 | tf: UNKNOWN | condition: Aim:   Strain:   Comments:   
Microscope setup for used channels:
Brightfield:
No light path info in config file. | channels: GFP
2026-07-28 20:02:08,849 INFO [59/1845] Dataset 692: BABY_pyruvate_02
2026-07-28 20:02:08,861 INFO   Reading metadata annotations...
2026-07-28 20:02:09,138 WARNING   Truncated large annotation(s): baby_pyruvatelog.txt
2026-07-28 20:02:09,139 INFO   Classifying metadata...
2026-07-28 20:02:16,253 INFO   -> fluor: YES | tf_loc: NO | tps: 180 | tf: UNKNOWN | condition: Aim:  Growth rate/bud timing measurement using BABY Strain:  YST_625 Comments:   No switch. | channels: mCherry2
2026-07-28 20:02:16,454 INFO [60/1845] Dataset 693: BABY_pyruvate_00
2026-07-28 20:02:16,468 INFO   Reading metadata annotations...
2026-07-28 20:02:16,771 INFO   Classifying metadata...
2026-07-28 20:02:20,986 INFO   -> fluor: YES | tf_loc: NO | tps: 180 | tf: UNKNOWN | condition: Aim:  Growth rate/bud timing measurement using BABY Strain:  YST_625 Comments:   No switch. | channels: mCherry2
2026-07-28 20:02:21,187 INFO [61/1845] Dataset 694: BABY_pyruvate_01
2026-07-28 20:02:21,195 INFO   Reading metadata annotations...
2026-07-28 20:02:21,393 INFO   Classifying metadata...
2026-07-28 20:02:26,362 INFO   -> fluor: YES | tf_loc: NO | tps: 180 | tf: UNKNOWN | condition: Aim:  Growth rate/bud timing measurement using BABY Strain:  YST_625 Comments:   No switch. | channels: mCherry2
2026-07-28 20:02:26,564 INFO [62/1845] Dataset 695: BABY_pyruvate_02
2026-07-28 20:02:26,579 INFO   Reading metadata annotations...
2026-07-28 20:02:26,878 WARNING   Truncated large annotation(s): baby_pyruvatelog.txt
2026-07-28 20:02:26,878 INFO   Classifying metadata...
2026-07-28 20:02:34,668 INFO   -> fluor: YES | tf_loc: NO | tps: 180 | tf: UNKNOWN | condition: Aim:  Growth rate/bud timing measurement using BABY Strain:  YST_625 Comments:   No switch. | channels: mCherry2
2026-07-28 20:02:34,868 INFO [63/1845] Dataset 697: SID_test_00
2026-07-28 20:02:34,882 INFO   Reading metadata annotations...
2026-07-28 20:02:35,104 WARNING   Truncated large annotation(s): sid_test.log
2026-07-28 20:02:35,105 INFO   Classifying metadata...
2026-07-28 20:02:39,124 INFO   -> fluor: YES | tf_loc: YES | tps: 18 | tf: Msn2 | condition: 2% glucose to 0% glucose | channels: GFP;mCherry;cy5
2026-07-28 20:02:39,324 INFO [64/1845] Dataset 2494: GAL2__MAN_GAL_GLU_00
2026-07-28 20:02:39,339 INFO   Reading metadata annotations...
2026-07-28 20:02:39,360 WARNING   No .log/.txt/Acq.txt annotation found for dataset 2494.
2026-07-28 20:02:39,360 INFO   Classifying metadata...
2026-07-28 20:02:41,659 INFO   -> fluor: NO | tf_loc: NO | tps:  | tf: UNKNOWN | condition:  | channels: UNKNOWN
2026-07-28 20:02:41,859 INFO [65/1845] Dataset 297: flavin_htb2_pyruvate_20gpL_04
2026-07-28 20:02:41,867 INFO   Reading metadata annotations...
2026-07-28 20:02:42,094 WARNING   Truncated large annotation(s): flavin_htb2_pyruvate_20gpl_04log.txt
2026-07-28 20:02:42,094 INFO   Classifying metadata...
2026-07-28 20:02:48,664 INFO   -> fluor: YES | tf_loc: NO | tps: 360 | tf: UNKNOWN | condition: Aim: This experiment is a repeat of 2022-10-07, which failed. | channels: Flavin;mCherry2
2026-07-28 20:02:48,864 INFO [66/1845] Dataset 647: MFD_01
2026-07-28 20:02:48,879 INFO   Reading metadata annotations...
2026-07-28 20:02:49,163 INFO   Classifying metadata...
2026-07-28 20:02:53,548 INFO   -> fluor: NO | tf_loc: NO | tps: 180 | tf: UNKNOWN | condition: Aim:   Image of MFD device from IC14 - poorly formed traps Strain:   Comments:
Microscope setup for used channels:
Brightfield:
White LED
->(Polariser + Prism + condenser)]
->Filter block:[GFP/mC | channels: Brightfield
2026-07-28 20:02:53,748 INFO [67/1845] Dataset 615: SID_test_01
2026-07-28 20:02:53,762 INFO   Reading metadata annotations...
2026-07-28 20:02:54,087 WARNING   Truncated large annotation(s): sid_test.log
2026-07-28 20:02:54,087 INFO   Classifying metadata...
2026-07-28 20:02:58,980 INFO   -> fluor: YES | tf_loc: YES | tps: 18 | tf: Msn2 | condition: 2% glucose to 0% glucose | channels: GFP
2026-07-28 20:02:59,183 INFO [68/1845] Dataset 616: flavin_by4742swain_by4742morgan_tsa1tsa2morgan_01_00
2026-07-28 20:02:59,197 INFO   Reading metadata annotations...
2026-07-28 20:02:59,524 WARNING   Truncated large annotation(s): flavin_by4742swain_by4742morgan_tsa1tsa2morgan_01log.txt
2026-07-28 20:02:59,524 INFO   Classifying metadata...
2026-07-28 20:03:06,594 INFO   -> fluor: YES | tf_loc: NO | tps: 240 | tf: UNKNOWN | condition: Aim: Compare BY4742 from Bruce Morgan and own stocks  Strain: 78 (BY4742), 1579 (BY4742 Morgan), 1580 (tsa1 tsa2 del)  Comments:
Microscope setup for used channels:
Brightfield:
No light path info  | channels: Flavin
2026-07-28 20:03:06,795 INFO [69/1845] Dataset 617: proteinAggregates_starvation_2_0_twice_ura7ha_ura7hr_ura8_ura8ha_ura8hr_00
2026-07-28 20:03:06,809 INFO   Reading metadata annotations...
2026-07-28 20:03:07,082 WARNING   Truncated large annotation(s): proteinaggregates_starvation_2_0_twice_ura7ha_ura7hr_ura8_ura8ha_ura8hrlog.txt
2026-07-28 20:03:07,082 INFO   Classifying metadata...
2026-07-28 20:03:13,890 INFO   -> fluor: YES | tf_loc: NO | tps: 450 | tf: UNKNOWN | condition: Aim: Confirm the results from previous aggregation experiments. | channels: GFP
2026-07-28 20:03:14,090 INFO [70/1845] Dataset 648: 5FK_00
2026-07-28 20:03:14,104 INFO   Reading metadata annotations...
2026-07-28 20:03:14,326 INFO   Classifying metadata...
2026-07-28 20:03:18,170 INFO   -> fluor: NO | tf_loc: NO | tps: 180 | tf: UNKNOWN | condition: Aim:   Image of 5FK device for comparison with poorly formed ones Strain:   Comments:
Microscope setup for used channels:
Brightfield:
White LED
->(Polariser + Prism + condenser)]
->Filter block: | channels: Brightfield
2026-07-28 20:03:18,371 INFO [71/1845] Dataset 649: MFD_00
2026-07-28 20:03:18,385 INFO   Reading metadata annotations...
2026-07-28 20:03:18,695 INFO   Classifying metadata...
2026-07-28 20:03:23,236 INFO   -> fluor: NO | tf_loc: NO | tps: 180 | tf: UNKNOWN | condition: Aim:   Image of MFD device from IC14 - poorly formed traps Strain:   Comments:
Microscope setup for used channels:
Brightfield:
White LED
->(Polariser + Prism + condenser)]
->Filter block:[GFP/mC | channels: UNKNOWN
2026-07-28 20:03:23,437 INFO [72/1845] Dataset 638: tubingswitchtest_1ul_00
2026-07-28 20:03:23,451 INFO   Reading metadata annotations...
2026-07-28 20:03:23,781 INFO   Classifying metadata...
2026-07-28 20:03:28,799 INFO   -> fluor: YES | tf_loc: NO | tps: 180 | tf: UNKNOWN | condition: Aim: Switching test with 06417-21 tubing - larger inner diameter. | channels: GFP
2026-07-28 20:03:28,999 INFO [73/1845] Dataset 650: CLT_00
2026-07-28 20:03:29,014 INFO   Reading metadata annotations...
2026-07-28 20:03:29,343 INFO   Classifying metadata...
2026-07-28 20:03:33,332 INFO   -> fluor: NO | tf_loc: NO | tps: 180 | tf: UNKNOWN | condition: Aim:   Image of device that isn't properly formed for sending to micro-resist. | channels: UNKNOWN
2026-07-28 20:03:33,532 INFO [74/1845] Dataset 639: oldtubingswitchtest_10ul_00
2026-07-28 20:03:33,547 INFO   Reading metadata annotations...
2026-07-28 20:03:33,866 INFO   Classifying metadata...
2026-07-28 20:03:38,749 INFO   -> fluor: YES | tf_loc: NO | tps: 180 | tf: UNKNOWN | condition: Aim: Switching test with Smith Medical tubing for comparison (outlets still have the Cole Parmer tubing Strain:   Comments:
Microscope setup for used channels:
GFP:
470nm LED
->Combiner cube:[,  4 | channels: GFP
2026-07-28 20:03:38,949 INFO [75/1845] Dataset 640: oldtubingswitchtest_5ul1s_00
2026-07-28 20:03:38,964 INFO   Reading metadata annotations...
2026-07-28 20:03:39,231 INFO   Classifying metadata...
2026-07-28 20:03:44,528 INFO   -> fluor: YES | tf_loc: NO | tps: 180 | tf: UNKNOWN | condition: Aim: Switching test with Smith Medical tubing for comparison (outlets still have the Cole Parmer tubing Strain:   Comments:
Microscope setup for used channels:
GFP:
470nm LED
->Combiner cube:[,  4 | channels: GFP
2026-07-28 20:03:44,729 INFO [76/1845] Dataset 641: oldtubingswitchtest_5ul_00
2026-07-28 20:03:44,742 INFO   Reading metadata annotations...
2026-07-28 20:03:45,131 INFO   Classifying metadata...
2026-07-28 20:03:48,415 INFO   -> fluor: YES | tf_loc: NO | tps: 180 | tf: UNKNOWN | condition: Aim: Switching test with Smith Medical tubing for comparison (outlets still have the Cole Parmer tubing Strain:   Comments:
Microscope setup for used channels:
GFP:
470nm LED
->Combiner cube:[,  4 | channels: GFP
2026-07-28 20:03:48,615 INFO [77/1845] Dataset 642: oldtubingswitchtest_5ul_01
2026-07-28 20:03:48,630 INFO   Reading metadata annotations...
2026-07-28 20:03:48,899 INFO   Classifying metadata...
2026-07-28 20:03:53,848 INFO   -> fluor: YES | tf_loc: NO | tps: 180 | tf: UNKNOWN | condition: Aim: Switching test with Smith Medical tubing for comparison (outlets still have the Cole Parmer tubing Strain:   Comments:
Microscope setup for used channels:
GFP:
470nm LED
->Combiner cube:[,  4 | channels: GFP
2026-07-28 20:03:54,049 INFO [78/1845] Dataset 643: tubingswitchtest_00
2026-07-28 20:03:54,063 INFO   Reading metadata annotations...
2026-07-28 20:03:54,322 INFO   Classifying metadata...
2026-07-28 20:03:59,008 INFO   -> fluor: YES | tf_loc: NO | tps: 180 | tf: UNKNOWN | condition: Aim: Switching test with 06417-21 tubing - larger inner diameter. | channels: GFP
2026-07-28 20:03:59,209 INFO [79/1845] Dataset 644: tubingswitchtest_20ul_00
2026-07-28 20:03:59,223 INFO   Reading metadata annotations...
2026-07-28 20:03:59,530 INFO   Classifying metadata...
2026-07-28 20:04:04,283 INFO   -> fluor: YES | tf_loc: NO | tps: 180 | tf: UNKNOWN | condition: Aim: Switching test with 06417-21 tubing - larger inner diameter. | channels: GFP
2026-07-28 20:04:04,485 INFO [80/1845] Dataset 645: tubingswitchtest_00
2026-07-28 20:04:04,499 INFO   Reading metadata annotations...
2026-07-28 20:04:04,522 WARNING   No .log/.txt/Acq.txt annotation found for dataset 645.
2026-07-28 20:04:04,522 INFO   Classifying metadata...
2026-07-28 20:04:06,893 INFO   -> fluor: NO | tf_loc: NO | tps:  | tf: UNKNOWN | condition:  | channels: UNKNOWN
2026-07-28 20:04:07,093 INFO [81/1845] Dataset 646: CLT_01
2026-07-28 20:04:07,106 INFO   Reading metadata annotations...
2026-07-28 20:04:07,380 INFO   Classifying metadata...
2026-07-28 20:04:11,869 INFO   -> fluor: NO | tf_loc: NO | tps: 180 | tf: UNKNOWN | condition: Aim:   Image of device that isn't properly formed for sending to micro-resist. | channels: Brightfield
2026-07-28 20:04:12,070 INFO [82/1845] Dataset 651: 5FK_01
2026-07-28 20:04:12,082 INFO   Reading metadata annotations...
2026-07-28 20:04:12,236 INFO   Classifying metadata...
2026-07-28 20:04:17,132 INFO   -> fluor: NO | tf_loc: NO | tps: 180 | tf: UNKNOWN | condition: Aim:   Image of 5FK device for comparison with poorly formed ones Strain:   Comments:
Microscope setup for used channels:
Brightfield:
White LED
->(Polariser + Prism + condenser)]
->Filter block: | channels: Brightfield
2026-07-28 20:04:17,334 INFO [83/1845] Dataset 652: cellloadingswitch_01
2026-07-28 20:04:17,348 INFO   Reading metadata annotations...
2026-07-28 20:04:17,611 WARNING   Truncated large annotation(s): cellloadingswitchlog.txt
2026-07-28 20:04:17,612 INFO   Classifying metadata...
2026-07-28 20:04:25,142 INFO   -> fluor: YES | tf_loc: NO | tps: 300 | tf: UNKNOWN | condition: Aim:   Strain:   Comments:   
Microscope setup for used channels:
GFP:
470nm LED
->Combiner cube:[,  495lp dichroic->(425LP dichroic)]
->Filter block:[GFP/mCherry (59022) exciter,GFP/mCherry (590 | channels: GFP
2026-07-28 20:04:25,342 INFO [84/1845] Dataset 653: cellloadingswitch_00
2026-07-28 20:04:25,356 INFO   Reading metadata annotations...
2026-07-28 20:04:25,639 INFO   Classifying metadata...
2026-07-28 20:04:30,713 INFO   -> fluor: YES | tf_loc: NO | tps: 180 | tf: UNKNOWN | condition: Aim:   Strain:   Comments:   
Microscope setup for used channels:
GFP:
470nm LED
->Combiner cube:[,  495lp dichroic->(425LP dichroic)]
->Filter block:[GFP/mCherry (59022) exciter,GFP/mCherry (590 | channels: GFP
2026-07-28 20:04:30,914 INFO [85/1845] Dataset 654: shorttubingtest_10ul1s_60cm_01
2026-07-28 20:04:30,938 INFO   Reading metadata annotations...
2026-07-28 20:04:31,157 WARNING   Truncated large annotation(s): shorttubingtest_10ul1s_60cmlog.txt
2026-07-28 20:04:31,157 INFO   Classifying metadata...
2026-07-28 20:04:39,003 INFO   -> fluor: YES | tf_loc: NO | tps: 300 | tf: UNKNOWN | condition: Aim:   Switch in fork device with new cole parmer tubingn (06417-21) tubing is 60cm long (compared with 122cm in experiment yesterday Strain:   Comments:
Microscope setup for used channels:
GFP:
47 | channels: GFP
2026-07-28 20:04:39,203 INFO [86/1845] Dataset 655: shorttubingtest_10ul1s_60cm_00
2026-07-28 20:04:39,218 INFO   Reading metadata annotations...
2026-07-28 20:04:39,517 INFO   Classifying metadata...
2026-07-28 20:04:43,655 INFO   -> fluor: YES | tf_loc: NO | tps: 300 | tf: UNKNOWN | condition: Aim:   Switch in fork device with new cole parmer tubingn (06417-21) tubing is 60cm long (compared with 122cm in experiment yesterday Strain:   Comments:
Microscope setup for used channels:
GFP:
47 | channels: GFP
2026-07-28 20:04:43,855 INFO [87/1845] Dataset 656: longtubingtest_00
2026-07-28 20:04:43,870 INFO   Reading metadata annotations...
2026-07-28 20:04:44,177 INFO   Classifying metadata...
2026-07-28 20:04:49,782 INFO   -> fluor: YES | tf_loc: NO | tps: 300 | tf: UNKNOWN | condition: Aim:   Switch in fork device with new cole parmer tubingn (06417-21) approx twice the length of previous tests Strain:   Comments:
Microscope setup for used channels:
GFP:
470nm LED
->Combiner cub | channels: GFP
2026-07-28 20:04:49,983 INFO [88/1845] Dataset 657: longtubingtest_10ul1s_00
2026-07-28 20:04:49,997 INFO   Reading metadata annotations...
2026-07-28 20:04:50,190 WARNING   Truncated large annotation(s): longtubingtest_10ul1slog.txt
2026-07-28 20:04:50,190 INFO   Classifying metadata...
2026-07-28 20:04:57,827 INFO   -> fluor: YES | tf_loc: NO | tps: 300 | tf: UNKNOWN | condition: Aim:   Switch in fork device with new cole parmer tubingn (06417-21) approx twice the length of previous tests Strain:   Comments:
Microscope setup for used channels:
GFP:
470nm LED
->Combiner cub | channels: GFP
2026-07-28 20:04:58,027 INFO [89/1845] Dataset 658: gal_feedback_00
2026-07-28 20:04:58,041 INFO   Reading metadata annotations...
2026-07-28 20:04:58,698 WARNING   Truncated large annotation(s): gal_feedbacklog.txt
2026-07-28 20:04:58,699 INFO   Classifying metadata...
2026-07-28 20:05:05,470 INFO   -> fluor: YES | tf_loc: NO | tps: 300 | tf: UNKNOWN | condition: 1 to 2 | channels: cy5;mCherry;GFP
2026-07-28 20:05:05,670 INFO [90/1845] Dataset 659: gal_feedback_00
2026-07-28 20:05:05,685 INFO   Reading metadata annotations...
2026-07-28 20:05:06,284 WARNING   Truncated large annotation(s): cexperiment_log_.txt;gal_feedbacklog.txt
2026-07-28 20:05:06,284 INFO   Classifying metadata...
2026-07-28 20:05:13,465 INFO   -> fluor: YES | tf_loc: NO | tps: 300 | tf: UNKNOWN | condition: 1 to 2 | channels: cy5;mCherry;GFP
2026-07-28 20:05:13,666 INFO [91/1845] Dataset 660: galfeedback_00
2026-07-28 20:05:13,679 INFO   Reading metadata annotations...
2026-07-28 20:05:14,285 WARNING   Truncated large annotation(s): galfeedbacklog.txt
2026-07-28 20:05:14,285 INFO   Classifying metadata...
2026-07-28 20:05:20,765 INFO   -> fluor: YES | tf_loc: NO | tps: 300 | tf: UNKNOWN | condition: 1 to 2 | channels: mCherry;GFP
2026-07-28 20:05:20,966 INFO [92/1845] Dataset 661: ethfeedback_00
2026-07-28 20:05:20,975 INFO   Reading metadata annotations...
2026-07-28 20:05:21,200 INFO   Classifying metadata...
2026-07-28 20:05:24,080 INFO   -> fluor: YES | tf_loc: NO | tps: 300 | tf: UNKNOWN | condition: Aim:  Ethanol feedback experiment. | channels: mCherry;GFP
2026-07-28 20:05:24,281 INFO [93/1845] Dataset 662: ethfeedback_01
2026-07-28 20:05:24,295 INFO   Reading metadata annotations...
2026-07-28 20:05:24,844 WARNING   Truncated large annotation(s): ethfeedbacklog.txt
2026-07-28 20:05:24,844 INFO   Classifying metadata...
2026-07-28 20:05:31,944 INFO   -> fluor: YES | tf_loc: NO | tps: 300 | tf: UNKNOWN | condition: Aim:  Ethanol feedback experiment. | channels: mCherry;GFP
2026-07-28 20:05:32,145 INFO [94/1845] Dataset 663: galfeedback_00
2026-07-28 20:05:32,154 INFO   Reading metadata annotations...
2026-07-28 20:05:32,568 WARNING   Truncated large annotation(s): cexperiment_log_.txt;galfeedbacklog.txt
2026-07-28 20:05:32,568 INFO   Classifying metadata...
2026-07-28 20:05:39,757 INFO   -> fluor: YES | tf_loc: NO | tps: 300 | tf: UNKNOWN | condition: Aim:  Gal feedback experiment. | channels: mCherry;GFP
2026-07-28 20:05:39,957 INFO [95/1845] Dataset 664: albicans_YPD_SCswitch_00
2026-07-28 20:05:39,972 INFO   Reading metadata annotations...
2026-07-28 20:05:40,271 WARNING   Truncated large annotation(s): albicans_ypd_scswitchlog.txt
2026-07-28 20:05:40,271 INFO   Classifying metadata...
2026-07-28 20:05:47,478 INFO   -> fluor: YES | tf_loc: YES | tps: 240 | tf: Crz1;Maf1;Msn2;Mig1 | condition: YPD to SC | channels: GFP
2026-07-28 20:05:47,678 INFO [96/1845] Dataset 666: downupshift_2_0_2_glu_ura8_ura8h360a_ura8h360r_00
2026-07-28 20:05:47,692 INFO   Reading metadata annotations...
2026-07-28 20:05:48,308 WARNING   Truncated large annotation(s): downupshift_2_0_2_glu_ura8_ura8h360a_ura8h360rlog.txt
2026-07-28 20:05:48,309 INFO   Classifying metadata...
2026-07-28 20:05:52,967 INFO   -> fluor: YES | tf_loc: YES | tps: 270 | tf: Mig1;Msn2 | condition: Aim: Test the timing of ura7 filaments, TF signalers and pH downshift	  Strain: Ura7-GFP, Mig1-GFP/msn2-mCherry, pHluorin
   Comments:
Microscope setup for used channels:
Brightfield:
White LED
- | channels: GFP
2026-07-28 20:05:53,167 INFO [97/1845] Dataset 667: downUpshift_2_0_2_glu_ura8_ura8h360a_ura8h360r_00
2026-07-28 20:05:53,180 INFO   Reading metadata annotations...
2026-07-28 20:05:53,349 INFO   Classifying metadata...
2026-07-28 20:05:57,513 INFO   -> fluor: NO | tf_loc: NO | tps:  | tf: UNKNOWN | condition:  | channels: UNKNOWN
2026-07-28 20:05:57,713 INFO [98/1845] Dataset 668: flavin_fy4_htb2_K_deficient_02_00
2026-07-28 20:05:57,727 INFO   Reading metadata annotations...
2026-07-28 20:05:58,017 WARNING   Truncated large annotation(s): flavin_fy4_htb2_k_deficient_02log.txt
2026-07-28 20:05:58,017 INFO   Classifying metadata...
2026-07-28 20:06:05,951 INFO   -> fluor: YES | tf_loc: NO | tps: 264 | tf: UNKNOWN | condition: Aim: Repeat 2023-01-27. | channels: Flavin;mCherry2
2026-07-28 20:06:06,152 INFO [99/1845] Dataset 671: flavin_htb2_pyruvate_20gpL_03_00
2026-07-28 20:06:06,166 INFO   Reading metadata annotations...
2026-07-28 20:06:06,504 INFO   Classifying metadata...
2026-07-28 20:06:09,189 INFO   -> fluor: YES | tf_loc: NO | tps: 360 | tf: UNKNOWN | condition: Aim: This experiment is a repeat of 2022-09-29, which failed. | channels: Flavin;mCherry
2026-07-28 20:06:09,390 INFO [100/1845] Dataset 696: Sgo1_00
2026-07-28 20:06:09,403 INFO   Reading metadata annotations...
2026-07-28 20:06:09,816 WARNING   Truncated large annotation(s): sgo1log.txt
2026-07-28 20:06:09,816 INFO   Classifying metadata...
2026-07-28 20:06:17,335 INFO   -> fluor: YES | tf_loc: NO | tps: 500 | tf: UNKNOWN | condition: Aim: Measure kinetochore dwell time in sgo1 Cryptococcus mutants   Strain:   Comments:  There is a problem with the flow meter on channel 2 - so switch (after 5hr) by changing pressure in ch2 to the s | channels: cy5;GFP
2026-07-28 20:06:17,536 INFO [101/1845] Dataset 2499: RPL3_GFP_1145_Experiment_25_11_01
2026-07-28 20:06:17,549 INFO   Reading metadata annotations...
2026-07-28 20:06:17,723 WARNING   Truncated large annotation(s): rpl3_gfp_1145_experiment_25_11.log
2026-07-28 20:06:17,723 INFO   Classifying metadata...
2026-07-28 20:06:23,724 INFO   -> fluor: YES | tf_loc: NO | tps: 250 | tf: UNKNOWN | condition: 21/11 Attempt 5 1145 RPL3 GFP Chamber 4 2% Glc, Constant coditions all chambers, SC media.. | channels: GFP_Z;GFP
2026-07-28 20:06:23,924 INFO [102/1845] Dataset 2500: RPL3_GFP_1145_Experiment_27_11_02
2026-07-28 20:06:23,938 INFO   Reading metadata annotations...
2026-07-28 20:06:24,155 WARNING   Truncated large annotation(s): rpl3_gfp_1145_experiment_27_11.log
2026-07-28 20:06:24,156 INFO   Classifying metadata...
2026-07-28 20:06:29,890 INFO   -> fluor: YES | tf_loc: NO | tps: 180 | tf: UNKNOWN | condition: 27/11 Attempt 4 1145 RPL3 GFP Chamber 1 2% Glc, Chambers all 2%GLC. | channels: GFP_Z;GFP
2026-07-28 20:06:30,091 INFO [103/1845] Dataset 2501: AggregationScreen_zeropcGlc_00
2026-07-28 20:06:30,100 INFO   Reading metadata annotations...
2026-07-28 20:06:30,111 WARNING   No .log/.txt/Acq.txt annotation found for dataset 2501.
2026-07-28 20:06:30,112 INFO   Classifying metadata...
2026-07-28 20:06:32,470 INFO   -> fluor: NO | tf_loc: NO | tps:  | tf: UNKNOWN | condition:  | channels: UNKNOWN
2026-07-28 20:06:32,670 INFO [104/1845] Dataset 2726: albicansTween_test_04
2026-07-28 20:06:32,684 INFO   Reading metadata annotations...
2026-07-28 20:06:32,989 INFO   Classifying metadata...
2026-07-28 20:06:36,937 INFO   -> fluor: NO | tf_loc: NO | tps: 180 | tf: UNKNOWN | condition: Aim: Microfluidic imaging of albicans   Strain:  YM24 Comments:   0,04% tween in YPD. | channels: UNKNOWN
2026-07-28 20:06:37,138 INFO [105/1845] Dataset 2551: RPL3_GFP_1145_Experiment_28_11_Run_With_Julien_01
2026-07-28 20:06:37,152 INFO   Reading metadata annotations...
2026-07-28 20:06:37,361 WARNING   Truncated large annotation(s): rpl3_gfp_1145_experiment_28_11_run_with_julien.log
2026-07-28 20:06:37,361 INFO   Classifying metadata...
2026-07-28 20:06:42,282 INFO   -> fluor: YES | tf_loc: NO | tps: 240 | tf: UNKNOWN | condition: 4 chambers 1145 of 2% Glucose using the switching device, flow rate is combined 10microlitres per minute. | channels: GFP_Z;GFP
2026-07-28 20:06:42,483 INFO [106/1845] Dataset 2553: AggregationScreen_zeropcGlc_00
2026-07-28 20:06:42,495 INFO   Reading metadata annotations...
2026-07-28 20:06:42,755 WARNING   Truncated large annotation(s): aggregationscreen_zeropcglc.log
2026-07-28 20:06:42,756 INFO   Classifying metadata...
2026-07-28 20:06:47,059 INFO   -> fluor: YES | tf_loc: NO | tps: 100 | tf: Ade6;Vip1;Rse1;Gdh2;She4;Amd1 | condition: water to 0% glucose | channels: GFP;GFPFast;cy5
2026-07-28 20:06:47,260 INFO [107/1845] Dataset 2554: Buffer3_00
2026-07-28 20:06:47,273 INFO   Reading metadata annotations...
2026-07-28 20:06:47,460 INFO   Classifying metadata...
2026-07-28 20:06:50,647 INFO   -> fluor: YES | tf_loc: NO | tps: 180 | tf: UNKNOWN | condition: Aim:  Calibration Strain:   247 Comments:
Microscope setup for used channels:
GFP:
"470nm LED
->Combiner cube:[ No exciter in combiner cube,  495lp dichroic-> (425lp dichroic)"]
->Filter block:[" | channels: GFP;pHluorin405
2026-07-28 20:06:50,848 INFO [108/1845] Dataset 2555: Buffer3_02
2026-07-28 20:06:50,856 INFO   Reading metadata annotations...
2026-07-28 20:06:50,975 INFO   Classifying metadata...
2026-07-28 20:06:54,193 INFO   -> fluor: YES | tf_loc: NO | tps: 180 | tf: UNKNOWN | condition: Aim:  Calibration Strain:   247 Comments:
Microscope setup for used channels:
GFP:
"470nm LED
->Combiner cube:[ No exciter in combiner cube,  495lp dichroic-> (425lp dichroic)"]
->Filter block:[" | channels: GFP;pHluorin405
2026-07-28 20:06:54,394 INFO [109/1845] Dataset 2556: Buffer3_01
2026-07-28 20:06:54,406 INFO   Reading metadata annotations...
2026-07-28 20:06:54,530 INFO   Classifying metadata...
2026-07-28 20:07:00,212 INFO   -> fluor: YES | tf_loc: NO | tps: 180 | tf: UNKNOWN | condition: Aim:  Calibration Strain:   247 Comments:
Microscope setup for used channels:
GFP:
"470nm LED
->Combiner cube:[ No exciter in combiner cube,  495lp dichroic-> (425lp dichroic)"]
->Filter block:[" | channels: GFP;pHluorin405
2026-07-28 20:07:00,412 INFO [110/1845] Dataset 2557: Buffer7_02
2026-07-28 20:07:00,420 INFO   Reading metadata annotations...
2026-07-28 20:07:00,518 INFO   Classifying metadata...
2026-07-28 20:07:03,763 INFO   -> fluor: YES | tf_loc: NO | tps: 180 | tf: UNKNOWN | condition: Aim:  Calibration Strain:   247 Comments:
Microscope setup for used channels:
GFP:
"470nm LED
->Combiner cube:[ No exciter in combiner cube,  495lp dichroic-> (425lp dichroic)"]
->Filter block:[" | channels: GFP;pHluorin405
2026-07-28 20:07:03,963 INFO [111/1845] Dataset 2558: Buffer1_02
2026-07-28 20:07:03,977 INFO   Reading metadata annotations...
2026-07-28 20:07:04,174 INFO   Classifying metadata...
2026-07-28 20:07:07,173 INFO   -> fluor: YES | tf_loc: NO | tps: 180 | tf: UNKNOWN | condition: Aim:  Calibration Strain:   247 Comments:
Microscope setup for used channels:
GFP:
"470nm LED
->Combiner cube:[ No exciter in combiner cube,  495lp dichroic-> (425lp dichroic)"]
->Filter block:[" | channels: GFP;pHluorin405
2026-07-28 20:07:07,374 INFO [112/1845] Dataset 2559: pH_raf_2_00_01
2026-07-28 20:07:07,388 INFO   Reading metadata annotations...
2026-07-28 20:07:07,412 WARNING   No .log/.txt/Acq.txt annotation found for dataset 2559.
2026-07-28 20:07:07,412 INFO   Classifying metadata...
2026-07-28 20:07:09,529 INFO   -> fluor: NO | tf_loc: NO | tps:  | tf: UNKNOWN | condition:  | channels: UNKNOWN
2026-07-28 20:07:09,729 INFO [113/1845] Dataset 2560: Buffer7_00
2026-07-28 20:07:09,743 INFO   Reading metadata annotations...
2026-07-28 20:07:09,864 INFO   Classifying metadata...
2026-07-28 20:07:13,753 INFO   -> fluor: YES | tf_loc: NO | tps: 180 | tf: UNKNOWN | condition: Aim:  Calibration Strain:   247 Comments:
Microscope setup for used channels:
GFP:
"470nm LED
->Combiner cube:[ No exciter in combiner cube,  495lp dichroic-> (425lp dichroic)"]
->Filter block:[" | channels: GFP;pHluorin405
2026-07-28 20:07:13,953 INFO [114/1845] Dataset 2552: Ramp_2to0pGlc_10h_Msn2Dot6Mig1Sfp1_00
2026-07-28 20:07:13,966 INFO   Reading metadata annotations...
2026-07-28 20:07:14,165 WARNING   Truncated large annotation(s): ramp_2to0pglc_10h_msn2dot6mig1sfp1.log
2026-07-28 20:07:14,165 INFO   Classifying metadata...
2026-07-28 20:07:17,501 INFO   -> fluor: YES | tf_loc: YES | tps: 192 | tf: Msn2;Dot6;Mig1;Sfp1 | condition: 2% glucose to 0% glucose | channels: GFP_Z;GFP;cy5;mCherry_Z;mCherry
2026-07-28 20:07:17,701 INFO [115/1845] Dataset 2720: 100xPFSgraticule_00
2026-07-28 20:07:17,715 INFO   Reading metadata annotations...
2026-07-28 20:07:17,921 INFO   Classifying metadata...
2026-07-28 20:07:21,019 INFO   -> fluor: YES | tf_loc: NO | tps: 180 | tf: UNKNOWN | condition: Aim: Image of graticule slide for calibration  Strain:   Comments:   Each small division is 10um
Microscope setup for used channels:
BrightfieldGFP:
Micromanager config file:C:\Users\Public\Microsc | channels: GFP
2026-07-28 20:07:21,220 INFO [116/1845] Dataset 2724: albicansTween_test_02
2026-07-28 20:07:21,228 INFO   Reading metadata annotations...
2026-07-28 20:07:21,376 INFO   Classifying metadata...
2026-07-28 20:07:25,380 INFO   -> fluor: NO | tf_loc: NO | tps: 180 | tf: UNKNOWN | condition: Aim: Microfluidic imaging of albicans   Strain:  YM24 Comments:   0,04% tween in YPD. | channels: UNKNOWN
2026-07-28 20:07:25,581 INFO [117/1845] Dataset 2725: albicansTween_test_01
2026-07-28 20:07:25,595 INFO   Reading metadata annotations...
2026-07-28 20:07:25,863 INFO   Classifying metadata...
2026-07-28 20:07:29,938 INFO   -> fluor: NO | tf_loc: NO | tps: 180 | tf: UNKNOWN | condition: Aim: Microfluidic imaging of albicans   Strain:  YM24 Comments:   0,04% tween in YPD. | channels: UNKNOWN
2026-07-28 20:07:30,138 INFO [118/1845] Dataset 2729: albicansTween_test_06
2026-07-28 20:07:30,147 INFO   Reading metadata annotations...
2026-07-28 20:07:30,335 WARNING   Truncated large annotation(s): albicanstween_testlog.txt
2026-07-28 20:07:30,335 INFO   Classifying metadata...
2026-07-28 20:07:38,116 INFO   -> fluor: NO | tf_loc: NO | tps: 180 | tf: UNKNOWN | condition: Aim: Microfluidic imaging of albicans   Strain:  YM24 Comments:   0,04% tween in YPD. | channels: Brightfield
2026-07-28 20:07:38,316 INFO [119/1845] Dataset 2730: albicansTween_20ulmin_01
2026-07-28 20:07:38,331 INFO   Reading metadata annotations...
2026-07-28 20:07:38,650 INFO   Classifying metadata...
2026-07-28 20:07:43,195 INFO   -> fluor: NO | tf_loc: NO | tps: 180 | tf: UNKNOWN | condition: Aim: Microfluidic imaging of albicans   Strain:  YM24 Comments:   0,04% tween in YPD. | channels: DIC
2026-07-28 20:07:43,396 INFO [120/1845] Dataset 2734: Cn9_9alphamCh_01
2026-07-28 20:07:43,411 INFO   Reading metadata annotations...
2026-07-28 20:07:43,524 INFO   Classifying metadata...
2026-07-28 20:07:46,610 INFO   -> fluor: YES | tf_loc: NO | tps: 180 | tf: UNKNOWN | condition: Aim:   Strain:   Comments:   
Microscope setup for used channels:
Brightfield:
White LED
->(Polariser + Prism + condenser)]
->Filter block:[GFP/mCherry (59022) exciter,GFP/mCherry (59022) dichroi | channels: mCherry
2026-07-28 20:07:46,811 INFO [121/1845] Dataset 2735: Cn3_2mCh_01
2026-07-28 20:07:46,825 INFO   Reading metadata annotations...
2026-07-28 20:07:46,974 INFO   Classifying metadata...
2026-07-28 20:07:49,784 INFO   -> fluor: YES | tf_loc: NO | tps: 180 | tf: UNKNOWN | condition: Aim:   Strain:   Comments:   
Microscope setup for used channels:
Brightfield:
White LED
->(Polariser + Prism + condenser)]
->Filter block:[GFP/mCherry (59022) exciter,GFP/mCherry (59022) dichroi | channels: mCherry
2026-07-28 20:07:49,985 INFO [122/1845] Dataset 2736: Cn3_1mCh_02
2026-07-28 20:07:49,999 INFO   Reading metadata annotations...
2026-07-28 20:07:50,096 INFO   Classifying metadata...
2026-07-28 20:07:53,476 INFO   -> fluor: YES | tf_loc: NO | tps: 180 | tf: UNKNOWN | condition: Aim:   Strain:   Comments:   
Microscope setup for used channels:
Brightfield:
White LED
->(Polariser + Prism + condenser)]
->Filter block:[GFP/mCherry (59022) exciter,GFP/mCherry (59022) dichroi | channels: mCherry
2026-07-28 20:07:53,677 INFO [123/1845] Dataset 2754: Cn3_1mCh_01
2026-07-28 20:07:53,691 INFO   Reading metadata annotations...
2026-07-28 20:07:53,873 INFO   Classifying metadata...
2026-07-28 20:07:57,381 INFO   -> fluor: YES | tf_loc: NO | tps: 180 | tf: UNKNOWN | condition: Aim:   Strain:   Comments:   
Microscope setup for used channels:
Brightfield:
White LED
->(Polariser + Prism + condenser)]
->Filter block:[GFP/mCherry (59022) exciter,GFP/mCherry (59022) dichroi | channels: mCherry
2026-07-28 20:07:57,582 INFO [124/1845] Dataset 2755: Cn9_9alphamCh_02
2026-07-28 20:07:57,595 INFO   Reading metadata annotations...
2026-07-28 20:07:57,836 INFO   Classifying metadata...
2026-07-28 20:08:00,647 INFO   -> fluor: YES | tf_loc: NO | tps: 180 | tf: UNKNOWN | condition: Aim:   Strain:   Comments:   
Microscope setup for used channels:
Brightfield:
White LED
->(Polariser + Prism + condenser)]
->Filter block:[GFP/mCherry (59022) exciter,GFP/mCherry (59022) dichroi | channels: mCherry
2026-07-28 20:08:00,847 INFO [125/1845] Dataset 2756: Cn3_3mCh_01
2026-07-28 20:08:00,856 INFO   Reading metadata annotations...
2026-07-28 20:08:00,970 INFO   Classifying metadata...
2026-07-28 20:08:04,571 INFO   -> fluor: YES | tf_loc: NO | tps: 180 | tf: UNKNOWN | condition: Aim:   Strain:   Comments:   
Microscope setup for used channels:
Brightfield:
White LED
->(Polariser + Prism + condenser)]
->Filter block:[GFP/mCherry (59022) exciter,GFP/mCherry (59022) dichroi | channels: mCherry
2026-07-28 20:08:04,772 INFO [126/1845] Dataset 2757: Cn4_3mCh_00
2026-07-28 20:08:04,786 INFO   Reading metadata annotations...
2026-07-28 20:08:04,989 INFO   Classifying metadata...
2026-07-28 20:08:07,843 INFO   -> fluor: YES | tf_loc: NO | tps: 180 | tf: UNKNOWN | condition: Aim:   Strain:   Comments:   
Microscope setup for used channels:
Brightfield:
White LED
->(Polariser + Prism + condenser)]
->Filter block:[GFP/mCherry (59022) exciter,GFP/mCherry (59022) dichroi | channels: mCherry
2026-07-28 20:08:08,043 INFO [127/1845] Dataset 2798: gal_feedback_00
2026-07-28 20:08:08,058 INFO   Reading metadata annotations...
2026-07-28 20:08:08,238 INFO   Classifying metadata...
2026-07-28 20:08:11,981 INFO   -> fluor: YES | tf_loc: NO | tps: 300 | tf: UNKNOWN | condition: 1 to 2 | channels: cy5;mCherry;GFP
2026-07-28 20:08:12,181 INFO [128/1845] Dataset 2799: switchtest_06417_21_00
2026-07-28 20:08:12,191 INFO   Reading metadata annotations...
2026-07-28 20:08:12,356 INFO   Classifying metadata...
2026-07-28 20:08:18,337 INFO   -> fluor: YES | tf_loc: NO | tps: 180 | tf: UNKNOWN | condition: Aim:   Strain:   Comments:   Standard switching parameters in 3 chamber device set up with Cole Parmer tubing (06417-21)
Microscope setup for used channels:
GFP:
470nm LED
->Combiner cube:[,  495l | channels: GFP
2026-07-28 20:08:18,538 INFO [129/1845] Dataset 2830: Ardra_mutants_20h_00
2026-07-28 20:08:18,552 INFO   Reading metadata annotations...
2026-07-28 20:08:18,717 WARNING   Truncated large annotation(s): ardra_mutants_20h.log
2026-07-28 20:08:18,718 INFO   Classifying metadata...
2026-07-28 20:08:25,298 INFO   -> fluor: YES | tf_loc: NO | tps: 600 | tf: UNKNOWN | condition: 2.5ug/ml nocodazole to no drug | channels: GFP_Z;GFP;cy5
2026-07-28 20:08:25,499 INFO [130/1845] Dataset 698: wildtype_00
2026-07-28 20:08:25,514 INFO   Reading metadata annotations...
2026-07-28 20:08:25,733 INFO   Classifying metadata...
2026-07-28 20:08:28,701 INFO   -> fluor: YES | tf_loc: NO | tps: 180 | tf: UNKNOWN | condition: Aim:  Calibration Strain:   247 Comments:
Microscope setup for used channels:
GFP:
"470nm LED
->Combiner cube:[ No exciter in combiner cube,  495lp dichroic-> (425lp dichroic)"]
->Filter block:[" | channels: GFP;pHluorin405
2026-07-28 20:08:28,902 INFO [131/1845] Dataset 699: Buffer3_00
2026-07-28 20:08:28,916 INFO   Reading metadata annotations...
2026-07-28 20:08:29,252 INFO   Classifying metadata...
2026-07-28 20:08:32,306 INFO   -> fluor: YES | tf_loc: NO | tps: 180 | tf: UNKNOWN | condition: Aim:  Calibration Strain:   247 Comments:
Microscope setup for used channels:
GFP:
"470nm LED
->Combiner cube:[ No exciter in combiner cube,  495lp dichroic-> (425lp dichroic)"]
->Filter block:[" | channels: GFP;pHluorin405
2026-07-28 20:08:32,507 INFO [132/1845] Dataset 700: Buffer3_02
2026-07-28 20:08:32,520 INFO   Reading metadata annotations...
2026-07-28 20:08:32,811 INFO   Classifying metadata...
2026-07-28 20:08:36,283 INFO   -> fluor: YES | tf_loc: NO | tps: 180 | tf: UNKNOWN | condition: Aim:  Calibration Strain:   247 Comments:
Microscope setup for used channels:
GFP:
"470nm LED
->Combiner cube:[ No exciter in combiner cube,  495lp dichroic-> (425lp dichroic)"]
->Filter block:[" | channels: GFP;pHluorin405
2026-07-28 20:08:36,483 INFO [133/1845] Dataset 701: Buffer1_04
2026-07-28 20:08:36,497 INFO   Reading metadata annotations...
2026-07-28 20:08:36,518 WARNING   No .log/.txt/Acq.txt annotation found for dataset 701.
2026-07-28 20:08:36,518 INFO   Classifying metadata...
2026-07-28 20:08:39,312 INFO   -> fluor: NO | tf_loc: NO | tps:  | tf: UNKNOWN | condition:  | channels: UNKNOWN
2026-07-28 20:08:39,512 INFO [134/1845] Dataset 702: Buffer1_01
2026-07-28 20:08:39,527 INFO   Reading metadata annotations...
2026-07-28 20:08:39,746 INFO   Classifying metadata...
2026-07-28 20:08:42,473 INFO   -> fluor: YES | tf_loc: NO | tps: 180 | tf: UNKNOWN | condition: Aim:  Calibration Strain:   247 Comments:
Microscope setup for used channels:
GFP:
"470nm LED
->Combiner cube:[ No exciter in combiner cube,  495lp dichroic-> (425lp dichroic)"]
->Filter block:[" | channels: GFP;pHluorin405
2026-07-28 20:08:42,673 INFO [135/1845] Dataset 703: Buffer1_03
2026-07-28 20:08:42,687 INFO   Reading metadata annotations...
2026-07-28 20:08:42,708 WARNING   No .log/.txt/Acq.txt annotation found for dataset 703.
2026-07-28 20:08:42,708 INFO   Classifying metadata...
2026-07-28 20:08:45,337 INFO   -> fluor: NO | tf_loc: NO | tps:  | tf: UNKNOWN | condition:  | channels: UNKNOWN
2026-07-28 20:08:45,538 INFO [136/1845] Dataset 704: wildtype_00
2026-07-28 20:08:45,549 INFO   Reading metadata annotations...
2026-07-28 20:08:45,735 INFO   Classifying metadata...
2026-07-28 20:08:49,227 INFO   -> fluor: YES | tf_loc: NO | tps: 180 | tf: UNKNOWN | condition: Aim:  Calibration Strain:   247 Comments:
Microscope setup for used channels:
GFP:
"470nm LED
->Combiner cube:[ No exciter in combiner cube,  495lp dichroic-> (425lp dichroic)"]
->Filter block:[" | channels: GFP;pHluorin405
2026-07-28 20:08:49,428 INFO [137/1845] Dataset 705: Buffer3_00
2026-07-28 20:08:49,441 INFO   Reading metadata annotations...
2026-07-28 20:08:49,462 WARNING   No .log/.txt/Acq.txt annotation found for dataset 705.
2026-07-28 20:08:49,462 INFO   Classifying metadata...
2026-07-28 20:08:51,309 INFO   -> fluor: NO | tf_loc: NO | tps:  | tf: UNKNOWN | condition:  | channels: UNKNOWN
2026-07-28 20:08:51,509 INFO [138/1845] Dataset 706: Buffer3_02
2026-07-28 20:08:51,517 INFO   Reading metadata annotations...
2026-07-28 20:08:51,704 INFO   Classifying metadata...
2026-07-28 20:08:55,286 INFO   -> fluor: YES | tf_loc: NO | tps: 180 | tf: UNKNOWN | condition: Aim:  Calibration Strain:   247 Comments:
Microscope setup for used channels:
GFP:
"470nm LED
->Combiner cube:[ No exciter in combiner cube,  495lp dichroic-> (425lp dichroic)"]
->Filter block:[" | channels: GFP;pHluorin405
2026-07-28 20:08:55,486 INFO [139/1845] Dataset 707: Buffer1_04
2026-07-28 20:08:55,499 INFO   Reading metadata annotations...
2026-07-28 20:08:55,574 INFO   Classifying metadata...
2026-07-28 20:08:57,585 INFO   -> fluor: YES | tf_loc: NO | tps: 180 | tf: UNKNOWN | condition:  | channels: GFP;pHluorin405
2026-07-28 20:08:57,785 INFO [140/1845] Dataset 708: Buffer1_01
2026-07-28 20:08:57,799 INFO   Reading metadata annotations...
2026-07-28 20:08:58,129 INFO   Classifying metadata...
2026-07-28 20:09:01,853 INFO   -> fluor: YES | tf_loc: NO | tps: 180 | tf: UNKNOWN | condition: Aim:  Calibration Strain:   247 Comments:
Microscope setup for used channels:
GFP:
"470nm LED
->Combiner cube:[ No exciter in combiner cube,  495lp dichroic-> (425lp dichroic)"]
->Filter block:[" | channels: GFP;pHluorin405
2026-07-28 20:09:02,054 INFO [141/1845] Dataset 709: Buffer1_03
2026-07-28 20:09:02,066 INFO   Reading metadata annotations...
2026-07-28 20:09:02,327 INFO   Classifying metadata...
2026-07-28 20:09:05,655 INFO   -> fluor: YES | tf_loc: NO | tps: 180 | tf: UNKNOWN | condition: Aim:  Calibration Strain:   247 Comments:
Microscope setup for used channels:
GFP:
"470nm LED
->Combiner cube:[ No exciter in combiner cube,  495lp dichroic-> (425lp dichroic)"]
->Filter block:[" | channels: GFP;pHluorin405
2026-07-28 20:09:05,855 INFO [142/1845] Dataset 710: Buffer3_01
2026-07-28 20:09:05,869 INFO   Reading metadata annotations...
2026-07-28 20:09:06,108 INFO   Classifying metadata...
2026-07-28 20:09:09,205 INFO   -> fluor: YES | tf_loc: NO | tps: 180 | tf: UNKNOWN | condition: Aim:  Calibration Strain:   247 Comments:
Microscope setup for used channels:
GFP:
"470nm LED
->Combiner cube:[ No exciter in combiner cube,  495lp dichroic-> (425lp dichroic)"]
->Filter block:[" | channels: GFP;pHluorin405
2026-07-28 20:09:09,405 INFO [143/1845] Dataset 711: Buffer7_02
2026-07-28 20:09:09,417 INFO   Reading metadata annotations...
2026-07-28 20:09:09,744 INFO   Classifying metadata...
2026-07-28 20:09:12,633 INFO   -> fluor: YES | tf_loc: NO | tps: 180 | tf: UNKNOWN | condition: Aim:  Calibration Strain:   247 Comments:
Microscope setup for used channels:
GFP:
"470nm LED
->Combiner cube:[ No exciter in combiner cube,  495lp dichroic-> (425lp dichroic)"]
->Filter block:[" | channels: GFP;pHluorin405
2026-07-28 20:09:12,834 INFO [144/1845] Dataset 712: Buffer6_00
2026-07-28 20:09:12,846 INFO   Reading metadata annotations...
2026-07-28 20:09:13,050 INFO   Classifying metadata...
2026-07-28 20:09:16,278 INFO   -> fluor: YES | tf_loc: NO | tps: 180 | tf: UNKNOWN | condition: Aim:  Calibration Strain:   247 Comments:
Microscope setup for used channels:
GFP:
"470nm LED
->Combiner cube:[ No exciter in combiner cube,  495lp dichroic-> (425lp dichroic)"]
->Filter block:[" | channels: GFP;pHluorin405
2026-07-28 20:09:16,478 INFO [145/1845] Dataset 713: Buffer1_02
2026-07-28 20:09:16,492 INFO   Reading metadata annotations...
2026-07-28 20:09:16,623 INFO   Classifying metadata...
2026-07-28 20:09:19,691 INFO   -> fluor: YES | tf_loc: NO | tps: 180 | tf: UNKNOWN | condition: Aim:  Calibration Strain:   247 Comments:
Microscope setup for used channels:
GFP:
"470nm LED
->Combiner cube:[ No exciter in combiner cube,  495lp dichroic-> (425lp dichroic)"]
->Filter block:[" | channels: GFP;pHluorin405
2026-07-28 20:09:19,892 INFO [146/1845] Dataset 714: pH_raf_2_00_01
2026-07-28 20:09:19,905 INFO   Reading metadata annotations...
2026-07-28 20:09:20,290 WARNING   Truncated large annotation(s): ph_raf_2_00log.txt
2026-07-28 20:09:20,290 INFO   Classifying metadata...
2026-07-28 20:09:27,459 INFO   -> fluor: YES | tf_loc: NO | tps: 180 | tf: UNKNOWN | condition: Aim:  Growth rate v pH  Strain:   247 Comments: Calibration from this morning can be used for this experiment and the one set up yesterday. | channels: GFP;pHluorin405
2026-07-28 20:09:27,660 INFO [147/1845] Dataset 715: Buffer7_00
2026-07-28 20:09:27,674 INFO   Reading metadata annotations...
2026-07-28 20:09:27,974 INFO   Classifying metadata...
2026-07-28 20:09:31,796 INFO   -> fluor: YES | tf_loc: NO | tps: 180 | tf: UNKNOWN | condition: Aim:  Calibration Strain:   247 Comments:
Microscope setup for used channels:
GFP:
"470nm LED
->Combiner cube:[ No exciter in combiner cube,  495lp dichroic-> (425lp dichroic)"]
->Filter block:[" | channels: GFP;pHluorin405
2026-07-28 20:09:31,997 INFO [148/1845] Dataset 716: wildtype_01
2026-07-28 20:09:32,010 INFO   Reading metadata annotations...
2026-07-28 20:09:32,277 INFO   Classifying metadata...
2026-07-28 20:09:36,198 INFO   -> fluor: YES | tf_loc: NO | tps: 180 | tf: UNKNOWN | condition: Aim:  Calibration Strain:   247 Comments:
Microscope setup for used channels:
GFP:
"470nm LED
->Combiner cube:[ No exciter in combiner cube,  495lp dichroic-> (425lp dichroic)"]
->Filter block:[" | channels: GFP;pHluorin405
2026-07-28 20:09:36,398 INFO [149/1845] Dataset 717: Buffer1_00
2026-07-28 20:09:36,412 INFO   Reading metadata annotations...
2026-07-28 20:09:36,733 INFO   Classifying metadata...
2026-07-28 20:09:40,064 INFO   -> fluor: YES | tf_loc: NO | tps: 180 | tf: UNKNOWN | condition: Aim:  Calibration Strain:   247 Comments:
Microscope setup for used channels:
GFP:
"470nm LED
->Combiner cube:[ No exciter in combiner cube,  495lp dichroic-> (425lp dichroic)"]
->Filter block:[" | channels: GFP;pHluorin405
2026-07-28 20:09:40,265 INFO [150/1845] Dataset 718: Buffer7_01
2026-07-28 20:09:40,272 INFO   Reading metadata annotations...
2026-07-28 20:09:40,414 INFO   Classifying metadata...
2026-07-28 20:09:43,337 INFO   -> fluor: YES | tf_loc: NO | tps: 180 | tf: UNKNOWN | condition: Aim:  Calibration Strain:   247 Comments:
Microscope setup for used channels:
GFP:
"470nm LED
->Combiner cube:[ No exciter in combiner cube,  495lp dichroic-> (425lp dichroic)"]
->Filter block:[" | channels: GFP;pHluorin405
2026-07-28 20:09:43,538 INFO [151/1845] Dataset 719: Buffer6_01
2026-07-28 20:09:43,552 INFO   Reading metadata annotations...
2026-07-28 20:09:43,810 INFO   Classifying metadata...
2026-07-28 20:09:47,047 INFO   -> fluor: YES | tf_loc: NO | tps: 180 | tf: UNKNOWN | condition: Aim:  Calibration Strain:   247 Comments:
Microscope setup for used channels:
GFP:
"470nm LED
->Combiner cube:[ No exciter in combiner cube,  495lp dichroic-> (425lp dichroic)"]
->Filter block:[" | channels: GFP;pHluorin405
2026-07-28 20:09:47,247 INFO [152/1845] Dataset 720: pH1_5raff_00
2026-07-28 20:09:47,261 INFO   Reading metadata annotations...
2026-07-28 20:09:47,650 WARNING   Truncated large annotation(s): ph1_5rafflog.txt
2026-07-28 20:09:47,650 INFO   Classifying metadata...
2026-07-28 20:09:54,897 INFO   -> fluor: YES | tf_loc: NO | tps: 180 | tf: UNKNOWN | condition: Aim:  Growth rate v pH Strain:   247 Comments:   Growth rate and pH measurement in 1.5% raffinose. | channels: GFP;pHluorin405
2026-07-28 20:09:55,097 INFO [153/1845] Dataset 721: 0_5Raff_01
2026-07-28 20:09:55,112 INFO   Reading metadata annotations...
2026-07-28 20:09:55,462 WARNING   Truncated large annotation(s): 0_5rafflog.txt
2026-07-28 20:09:55,462 INFO   Classifying metadata...
2026-07-28 20:10:02,377 INFO   -> fluor: YES | tf_loc: NO | tps: 180 | tf: UNKNOWN | condition: Aim:   Growth rate vs pH Strain: 247  Comments:   Growth in 0.5% raffinose, no switch. | channels: GFP;pHluorin405
2026-07-28 20:10:02,577 INFO [154/1845] Dataset 722: 6_00_00
2026-07-28 20:10:02,592 INFO   Reading metadata annotations...
2026-07-28 20:10:02,877 INFO   Classifying metadata...
2026-07-28 20:10:06,271 INFO   -> fluor: YES | tf_loc: NO | tps: 180 | tf: UNKNOWN | condition: Aim:   pHluorin calibration Strain:  247 Comments:
Microscope setup for used channels:
GFPFast:
470nm LED
->Combiner cube:[480/40 exciter, 515LP dichroic->(455LP dichroic)]
->Filter block:[Dual G | channels: GFPFast;pHluorin405
2026-07-28 20:10:06,472 INFO [155/1845] Dataset 723: 7_52_00
2026-07-28 20:10:06,486 INFO   Reading metadata annotations...
2026-07-28 20:10:06,670 INFO   Classifying metadata...
2026-07-28 20:10:10,639 INFO   -> fluor: YES | tf_loc: NO | tps: 180 | tf: UNKNOWN | condition: Aim:   pHluorin calibration Strain:  247 Comments:
Microscope setup for used channels:
GFPFast:
470nm LED
->Combiner cube:[480/40 exciter, 515LP dichroic->(455LP dichroic)]
->Filter block:[Dual G | channels: GFPFast;pHluorin405
2026-07-28 20:10:10,840 INFO [156/1845] Dataset 724: wildtype_00
2026-07-28 20:10:10,848 INFO   Reading metadata annotations...
2026-07-28 20:10:10,998 INFO   Classifying metadata...
2026-07-28 20:10:14,615 INFO   -> fluor: YES | tf_loc: NO | tps: 180 | tf: UNKNOWN | condition: Aim:   pHluorin calibration Strain:  247 Comments:
Microscope setup for used channels:
GFPFast:
470nm LED
->Combiner cube:[480/40 exciter, 515LP dichroic->(455LP dichroic)]
->Filter block:[Dual G | channels: GFPFast;pHluorin405
2026-07-28 20:10:14,816 INFO [157/1845] Dataset 725: 8_08_02
2026-07-28 20:10:14,826 INFO   Reading metadata annotations...
2026-07-28 20:10:15,099 INFO   Classifying metadata...
2026-07-28 20:10:18,268 INFO   -> fluor: YES | tf_loc: NO | tps: 180 | tf: UNKNOWN | condition: Aim:   pHluorin calibration Strain:  247 Comments:
Microscope setup for used channels:
GFPFast:
470nm LED
->Combiner cube:[480/40 exciter, 515LP dichroic->(455LP dichroic)]
->Filter block:[Dual G | channels: GFPFast;pHluorin405
2026-07-28 20:10:18,469 INFO [158/1845] Dataset 726: 6_25_01
2026-07-28 20:10:18,482 INFO   Reading metadata annotations...
2026-07-28 20:10:18,700 INFO   Classifying metadata...
2026-07-28 20:10:21,476 INFO   -> fluor: YES | tf_loc: NO | tps: 180 | tf: UNKNOWN | condition: Aim:   pHluorin calibration Strain:  247 Comments:
Microscope setup for used channels:
GFPFast:
470nm LED
->Combiner cube:[480/40 exciter, 515LP dichroic->(455LP dichroic)]
->Filter block:[Dual G | channels: GFPFast;pHluorin405
2026-07-28 20:10:21,676 INFO [159/1845] Dataset 727: 6_25_00
2026-07-28 20:10:21,684 INFO   Reading metadata annotations...
2026-07-28 20:10:21,880 INFO   Classifying metadata...
2026-07-28 20:10:24,929 INFO   -> fluor: YES | tf_loc: NO | tps: 180 | tf: UNKNOWN | condition: Aim:   pHluorin calibration Strain:  247 Comments:
Microscope setup for used channels:
GFPFast:
470nm LED
->Combiner cube:[480/40 exciter, 515LP dichroic->(455LP dichroic)]
->Filter block:[Dual G | channels: GFPFast;pHluorin405
2026-07-28 20:10:25,130 INFO [160/1845] Dataset 728: 5_75_00
2026-07-28 20:10:25,144 INFO   Reading metadata annotations...
2026-07-28 20:10:25,386 INFO   Classifying metadata...
2026-07-28 20:10:28,859 INFO   -> fluor: YES | tf_loc: NO | tps: 180 | tf: UNKNOWN | condition: Aim:   pHluorin calibration Strain:  247 Comments:
Microscope setup for used channels:
GFPFast:
470nm LED
->Combiner cube:[480/40 exciter, 515LP dichroic->(455LP dichroic)]
->Filter block:[Dual G | channels: GFPFast;pHluorin405
2026-07-28 20:10:29,060 INFO [161/1845] Dataset 729: 7_76_00
2026-07-28 20:10:29,073 INFO   Reading metadata annotations...
2026-07-28 20:10:29,279 INFO   Classifying metadata...
2026-07-28 20:10:33,012 INFO   -> fluor: YES | tf_loc: NO | tps: 180 | tf: UNKNOWN | condition: Aim:   pHluorin calibration Strain:  247 Comments:
Microscope setup for used channels:
GFPFast:
470nm LED
->Combiner cube:[480/40 exciter, 515LP dichroic->(455LP dichroic)]
->Filter block:[Dual G | channels: GFPFast;pHluorin405
2026-07-28 20:10:33,213 INFO [162/1845] Dataset 730: 7_52_01
2026-07-28 20:10:33,227 INFO   Reading metadata annotations...
2026-07-28 20:10:33,450 INFO   Classifying metadata...
2026-07-28 20:10:41,025 INFO   -> fluor: YES | tf_loc: NO | tps: 180 | tf: UNKNOWN | condition: Aim:   pHluorin calibration Strain:  247 Comments:
Microscope setup for used channels:
GFPFast:
470nm LED
->Combiner cube:[480/40 exciter, 515LP dichroic->(455LP dichroic)]
->Filter block:[Dual G | channels: GFPFast;pHluorin405
2026-07-28 20:10:41,226 INFO [163/1845] Dataset 731: 8_08_00
2026-07-28 20:10:41,233 INFO   Reading metadata annotations...
2026-07-28 20:10:41,383 INFO   Classifying metadata...
2026-07-28 20:10:44,252 INFO   -> fluor: YES | tf_loc: NO | tps: 180 | tf: UNKNOWN | condition: Aim:   pHluorin calibration Strain:  247 Comments:
Microscope setup for used channels:
GFPFast:
470nm LED
->Combiner cube:[480/40 exciter, 515LP dichroic->(455LP dichroic)]
->Filter block:[Dual G | channels: GFPFast;pHluorin405
2026-07-28 20:10:44,452 INFO [164/1845] Dataset 732: pHluorin_1_raff_07
2026-07-28 20:10:44,465 INFO   Reading metadata annotations...
2026-07-28 20:10:44,926 WARNING   Truncated large annotation(s): phluorin_1_rafflog.txt
2026-07-28 20:10:44,926 INFO   Classifying metadata...
2026-07-28 20:10:56,028 INFO   -> fluor: YES | tf_loc: NO | tps: 180 | tf: UNKNOWN | condition: Aim:  Growth rate vs pH Strain:  247 Comments: 1% raffinose calibrated experiment to look at correlation of growth rate with intracellular pH. | channels: GFPFast;pHluorin405
2026-07-28 20:10:56,229 INFO [165/1845] Dataset 733: wildtype_01
2026-07-28 20:10:56,243 INFO   Reading metadata annotations...
2026-07-28 20:10:56,465 INFO   Classifying metadata...
2026-07-28 20:10:59,722 INFO   -> fluor: YES | tf_loc: NO | tps: 180 | tf: UNKNOWN | condition: Aim:   pHluorin calibration Strain:  247 Comments:
Microscope setup for used channels:
GFPFast:
470nm LED
->Combiner cube:[480/40 exciter, 515LP dichroic->(455LP dichroic)]
->Filter block:[Dual G | channels: GFPFast;pHluorin405
2026-07-28 20:10:59,923 INFO [166/1845] Dataset 734: 6_5_00
2026-07-28 20:10:59,936 INFO   Reading metadata annotations...
2026-07-28 20:11:00,117 INFO   Classifying metadata...
2026-07-28 20:11:03,280 INFO   -> fluor: YES | tf_loc: NO | tps: 180 | tf: UNKNOWN | condition: Aim:   pHluorin calibration Strain:  247 Comments:
Microscope setup for used channels:
GFPFast:
470nm LED
->Combiner cube:[480/40 exciter, 515LP dichroic->(455LP dichroic)]
->Filter block:[Dual G | channels: GFPFast;pHluorin405
2026-07-28 20:11:03,480 INFO [167/1845] Dataset 735: 6_00_01
2026-07-28 20:11:03,494 INFO   Reading metadata annotations...
2026-07-28 20:11:03,757 INFO   Classifying metadata...
2026-07-28 20:11:06,716 INFO   -> fluor: YES | tf_loc: NO | tps: 180 | tf: UNKNOWN | condition: Aim:   pHluorin calibration Strain:  247 Comments:
Microscope setup for used channels:
GFPFast:
470nm LED
->Combiner cube:[480/40 exciter, 515LP dichroic->(455LP dichroic)]
->Filter block:[Dual G | channels: GFPFast;pHluorin405
2026-07-28 20:11:06,917 INFO [168/1845] Dataset 736: 5_75_01
2026-07-28 20:11:06,930 INFO   Reading metadata annotations...
2026-07-28 20:11:07,205 INFO   Classifying metadata...
2026-07-28 20:11:10,441 INFO   -> fluor: YES | tf_loc: NO | tps: 180 | tf: UNKNOWN | condition: Aim:   pHluorin calibration Strain:  247 Comments:
Microscope setup for used channels:
GFPFast:
470nm LED
->Combiner cube:[480/40 exciter, 515LP dichroic->(455LP dichroic)]
->Filter block:[Dual G | channels: GFPFast;pHluorin405
2026-07-28 20:11:10,641 INFO [169/1845] Dataset 737: 8_08_01
2026-07-28 20:11:10,648 INFO   Reading metadata annotations...
2026-07-28 20:11:10,845 INFO   Classifying metadata...
2026-07-28 20:11:13,593 INFO   -> fluor: YES | tf_loc: NO | tps: 180 | tf: UNKNOWN | condition: Aim:   pHluorin calibration Strain:  247 Comments:
Microscope setup for used channels:
GFPFast:
470nm LED
->Combiner cube:[480/40 exciter, 515LP dichroic->(455LP dichroic)]
->Filter block:[Dual G | channels: GFPFast;pHluorin405
2026-07-28 20:11:13,793 INFO [170/1845] Dataset 738: 6_5_01
2026-07-28 20:11:13,806 INFO   Reading metadata annotations...
2026-07-28 20:11:14,102 INFO   Classifying metadata...
2026-07-28 20:11:17,847 INFO   -> fluor: YES | tf_loc: NO | tps: 180 | tf: UNKNOWN | condition: Aim:   pHluorin calibration Strain:  247 Comments:
Microscope setup for used channels:
GFPFast:
470nm LED
->Combiner cube:[480/40 exciter, 515LP dichroic->(455LP dichroic)]
->Filter block:[Dual G | channels: GFPFast;pHluorin405
2026-07-28 20:11:18,047 INFO [171/1845] Dataset 739: 7_76_01
2026-07-28 20:11:18,061 INFO   Reading metadata annotations...
2026-07-28 20:11:18,210 INFO   Classifying metadata...
2026-07-28 20:11:21,333 INFO   -> fluor: YES | tf_loc: NO | tps: 180 | tf: UNKNOWN | condition: Aim:   pHluorin calibration Strain:  247 Comments:
Microscope setup for used channels:
GFPFast:
470nm LED
->Combiner cube:[480/40 exciter, 515LP dichroic->(455LP dichroic)]
->Filter block:[Dual G | channels: GFPFast;pHluorin405
2026-07-28 20:11:21,533 INFO [172/1845] Dataset 740: clb1_cdc6_03
2026-07-28 20:11:21,541 INFO   Reading metadata annotations...
2026-07-28 20:11:21,963 WARNING   Truncated large annotation(s): clb1_cdc6log.txt
2026-07-28 20:11:21,963 INFO   Classifying metadata...
2026-07-28 20:11:29,095 INFO   -> fluor: YES | tf_loc: NO | tps: 200 | tf: UNKNOWN | condition: 2% glucose to 0% glucose | channels: GFP;cy5
2026-07-28 20:11:29,295 INFO [173/1845] Dataset 741: wildtype_00
2026-07-28 20:11:29,309 INFO   Reading metadata annotations...
2026-07-28 20:11:29,558 INFO   Classifying metadata...
2026-07-28 20:11:32,977 INFO   -> fluor: YES | tf_loc: NO | tps: 180 | tf: UNKNOWN | condition: Aim:   pH calibration Strain: 229   Comments:
Microscope setup for used channels:
GFP:
"470nm LED
->Combiner cube:[ No exciter in combiner cube,  495lp dichroic-> (425lp dichroic)"]
->Filter bloc | channels: GFP;pHluorin405
2026-07-28 20:11:33,177 INFO [174/1845] Dataset 742: pH7_76_01
2026-07-28 20:11:33,189 INFO   Reading metadata annotations...
2026-07-28 20:11:33,330 INFO   Classifying metadata...
2026-07-28 20:11:37,241 INFO   -> fluor: YES | tf_loc: NO | tps: 180 | tf: UNKNOWN | condition: Aim:   pH calibration Strain: 247   Comments:
Microscope setup for used channels:
GFP:
"470nm LED
->Combiner cube:[ No exciter in combiner cube,  495lp dichroic-> (425lp dichroic)"]
->Filter bloc | channels: GFP;pHluorin405
2026-07-28 20:11:37,442 INFO [175/1845] Dataset 743: pH_0_5raff_00
2026-07-28 20:11:37,455 INFO   Reading metadata annotations...
2026-07-28 20:11:37,903 WARNING   Truncated large annotation(s): ph_0_5rafflog.txt
2026-07-28 20:11:37,903 INFO   Classifying metadata...
2026-07-28 20:11:44,455 INFO   -> fluor: YES | tf_loc: NO | tps: 180 | tf: UNKNOWN | condition: Aim:  Growth rate v pH Strain: 247   Comments: Constant media 0.5% raffinose in SC-Leu
Microscope setup for used channels:
GFP:
"470nm LED
->Combiner cube:[ No exciter in combiner cube,  495lp dic | channels: GFP;pHluorin405
2026-07-28 20:11:44,656 INFO [176/1845] Dataset 744: pH8_08_01
2026-07-28 20:11:44,671 INFO   Reading metadata annotations...
2026-07-28 20:11:44,948 INFO   Classifying metadata...
2026-07-28 20:11:48,470 INFO   -> fluor: YES | tf_loc: NO | tps: 180 | tf: UNKNOWN | condition: Aim:   pH calibration Strain: 247   Comments:
Microscope setup for used channels:
GFP:
"470nm LED
->Combiner cube:[ No exciter in combiner cube,  495lp dichroic-> (425lp dichroic)"]
->Filter bloc | channels: GFP;pHluorin405
2026-07-28 20:11:48,670 INFO [177/1845] Dataset 745: pH7_00_01
2026-07-28 20:11:48,684 INFO   Reading metadata annotations...
2026-07-28 20:11:48,864 INFO   Classifying metadata...
2026-07-28 20:11:52,040 INFO   -> fluor: YES | tf_loc: NO | tps: 180 | tf: UNKNOWN | condition: Aim:   pH calibration Strain: 247   Comments:
Microscope setup for used channels:
GFP:
"470nm LED
->Combiner cube:[ No exciter in combiner cube,  495lp dichroic-> (425lp dichroic)"]
->Filter bloc | channels: GFP;pHluorin405
2026-07-28 20:11:52,241 INFO [178/1845] Dataset 746: pH7_52_00
2026-07-28 20:11:52,254 INFO   Reading metadata annotations...
2026-07-28 20:11:52,435 INFO   Classifying metadata...
2026-07-28 20:11:55,842 INFO   -> fluor: YES | tf_loc: NO | tps: 180 | tf: UNKNOWN | condition: Aim:   pH calibration Strain: 247   Comments:
Microscope setup for used channels:
GFP:
"470nm LED
->Combiner cube:[ No exciter in combiner cube,  495lp dichroic-> (425lp dichroic)"]
->Filter bloc | channels: GFP;pHluorin405
2026-07-28 20:11:56,043 INFO [179/1845] Dataset 751: pH6_00_01
2026-07-28 20:11:56,057 INFO   Reading metadata annotations...
2026-07-28 20:11:56,377 INFO   Classifying metadata...
2026-07-28 20:11:59,823 INFO   -> fluor: YES | tf_loc: NO | tps: 180 | tf: UNKNOWN | condition: Aim:   pH calibration Strain: 247   Comments:
Microscope setup for used channels:
GFP:
"470nm LED
->Combiner cube:[ No exciter in combiner cube,  495lp dichroic-> (425lp dichroic)"]
->Filter bloc | channels: GFP;pHluorin405
2026-07-28 20:12:00,023 INFO [180/1845] Dataset 754: pH5_75_01
2026-07-28 20:12:00,031 INFO   Reading metadata annotations...
2026-07-28 20:12:00,209 INFO   Classifying metadata...
2026-07-28 20:12:02,892 INFO   -> fluor: YES | tf_loc: NO | tps: 180 | tf: UNKNOWN | condition: Aim:   pH calibration Strain: 247   Comments:
Microscope setup for used channels:
GFP:
"470nm LED
->Combiner cube:[ No exciter in combiner cube,  495lp dichroic-> (425lp dichroic)"]
->Filter bloc | channels: GFP;pHluorin405
2026-07-28 20:12:03,092 INFO [181/1845] Dataset 762: pH6_0_00
2026-07-28 20:12:03,106 INFO   Reading metadata annotations...
2026-07-28 20:12:03,398 INFO   Classifying metadata...
2026-07-28 20:12:07,589 INFO   -> fluor: YES | tf_loc: NO | tps: 180 | tf: UNKNOWN | condition: Aim: pH calibration  Strain: 247   Comments:
Microscope setup for used channels:
GFP:
"470nm LED
->Combiner cube:[ No exciter in combiner cube,  495lp dichroic-> (425lp dichroic)"]
->Filter block | channels: GFP;pHluorin405
2026-07-28 20:12:07,789 INFO [182/1845] Dataset 764: pH7_76_01
2026-07-28 20:12:07,803 INFO   Reading metadata annotations...
2026-07-28 20:12:08,077 INFO   Classifying metadata...
2026-07-28 20:12:11,800 INFO   -> fluor: YES | tf_loc: NO | tps: 180 | tf: UNKNOWN | condition: Aim: pH calibration  Strain: 247   Comments:
Microscope setup for used channels:
GFP:
"470nm LED
->Combiner cube:[ No exciter in combiner cube,  495lp dichroic-> (425lp dichroic)"]
->Filter block | channels: GFP;pHluorin405
2026-07-28 20:12:12,001 INFO [183/1845] Dataset 765: pH6_0_01
2026-07-28 20:12:12,013 INFO   Reading metadata annotations...
2026-07-28 20:12:12,310 INFO   Classifying metadata...
2026-07-28 20:12:15,302 INFO   -> fluor: YES | tf_loc: NO | tps: 180 | tf: UNKNOWN | condition: Aim: pH calibration  Strain: 247   Comments:
Microscope setup for used channels:
GFP:
"470nm LED
->Combiner cube:[ No exciter in combiner cube,  495lp dichroic-> (425lp dichroic)"]
->Filter block | channels: GFP;pHluorin405
2026-07-28 20:12:15,502 INFO [184/1845] Dataset 2561: Buffer1_00
2026-07-28 20:12:15,516 INFO   Reading metadata annotations...
2026-07-28 20:12:15,664 INFO   Classifying metadata...
2026-07-28 20:12:19,082 INFO   -> fluor: YES | tf_loc: NO | tps: 180 | tf: UNKNOWN | condition: Aim:  Calibration Strain:   247 Comments:
Microscope setup for used channels:
GFP:
"470nm LED
->Combiner cube:[ No exciter in combiner cube,  495lp dichroic-> (425lp dichroic)"]
->Filter block:[" | channels: GFP;pHluorin405
2026-07-28 20:12:19,283 INFO [185/1845] Dataset 2721: IL102_ctrl_00
2026-07-28 20:12:19,296 INFO   Reading metadata annotations...
2026-07-28 20:12:19,540 INFO   Classifying metadata...
2026-07-28 20:12:22,895 INFO   -> fluor: YES | tf_loc: NO | tps: 180 | tf: UNKNOWN | condition: Aim: Control for visualising nocodazole kinetochores in IL102  Strain:   Comments:   Imaged in Matek disk - there will be some movement. | channels: GFP
2026-07-28 20:12:23,095 INFO [186/1845] Dataset 2722: IL102_noco_00
2026-07-28 20:12:23,110 INFO   Reading metadata annotations...
2026-07-28 20:12:23,344 INFO   Classifying metadata...
2026-07-28 20:12:26,229 INFO   -> fluor: YES | tf_loc: NO | tps: 180 | tf: UNKNOWN | condition: Aim: See if kinetochores are visible in cell-cyle arrested strain IL102  Strain:   Comments:   Imaged in Matek disk - there will be some movement. | channels: GFP
2026-07-28 20:12:26,430 INFO [187/1845] Dataset 2723: albicans_YPD_SCswitch_00
2026-07-28 20:12:26,443 INFO   Reading metadata annotations...
2026-07-28 20:12:26,793 WARNING   Truncated large annotation(s): albicans_ypd_scswitchlog.txt
2026-07-28 20:12:26,793 INFO   Classifying metadata...
2026-07-28 20:12:31,839 INFO   -> fluor: YES | tf_loc: YES | tps: 240 | tf: Crz1;Maf1;Msn2;Mig1 | condition: YPD to SC | channels: GFP
2026-07-28 20:12:32,041 INFO [188/1845] Dataset 2801: TF_screen_plateIII_fg_zero_glc_00
2026-07-28 20:12:32,052 INFO   Reading metadata annotations...
2026-07-28 20:12:32,304 WARNING   Truncated large annotation(s): tf_screen_plateiii_fg_zero_glc.log
2026-07-28 20:12:32,304 INFO   Classifying metadata...
2026-07-28 20:12:35,065 INFO   -> fluor: YES | tf_loc: YES | tps: 24 | tf: Rei1;Msn1;Mig3;Rox1;Phd1;Yap3;Spt2;Opi1;Mac1;Yox1;Cup9;Cin5;Yhp1;Stp3;Cbf1;Gcn4;Sut1;Rme1;Ino2;Fzf1 | condition: 2% glucose to 0% | channels: GFP;GFPFast;mCherry;cy5
2026-07-28 20:12:35,265 INFO [189/1845] Dataset 2800: Switch_TestBinaryOscillator_0d1to0d3pGlc_cAMP_00
2026-07-28 20:12:35,278 INFO   Reading metadata annotations...
2026-07-28 20:12:35,442 WARNING   Truncated large annotation(s): switch_testbinaryoscillator_0d1to0d3pglc_camp.log
2026-07-28 20:12:35,443 INFO   Classifying metadata...
2026-07-28 20:12:43,189 INFO   -> fluor: YES | tf_loc: NO | tps: 210 | tf: UNKNOWN | condition: 0.1% glucose to 0.3% glucose | channels: mTurquoise2;tdTomatoFRET;cy5
2026-07-28 20:12:43,389 INFO [190/1845] Dataset 2804: GAL3_MAN_GAL_00
2026-07-28 20:12:43,403 INFO   Reading metadata annotations...
2026-07-28 20:12:43,599 WARNING   Truncated large annotation(s): gal7_man_gal.log
2026-07-28 20:12:43,600 INFO   Classifying metadata...
2026-07-28 20:12:47,422 INFO   -> fluor: YES | tf_loc: YES | tps: 180 | tf: Gal3 | condition: mannose to galactose | channels: GFP_Z;GFP
2026-07-28 20:12:47,622 INFO [191/1845] Dataset 2805: Hxt_Maybe_00
2026-07-28 20:12:47,635 INFO   Reading metadata annotations...
2026-07-28 20:12:47,803 WARNING   Truncated large annotation(s): hxt_maybe.log
2026-07-28 20:12:47,803 INFO   Classifying metadata...
2026-07-28 20:12:53,735 INFO   -> fluor: YES | tf_loc: NO | tps: 180 | tf: UNKNOWN | condition: 2% glucose to 0% glucose | channels: GFP_Z;GFP
2026-07-28 20:12:53,936 INFO [192/1845] Dataset 2806: GAL2_MAN_GAL_00
2026-07-28 20:12:53,949 INFO   Reading metadata annotations...
2026-07-28 20:12:54,139 WARNING   Truncated large annotation(s): gal2_man_gal.log
2026-07-28 20:12:54,139 INFO   Classifying metadata...
2026-07-28 20:12:59,866 INFO   -> fluor: YES | tf_loc: NO | tps: 180 | tf: UNKNOWN | condition: Experiment details: localization of GAL2 in different sugars (man, gal, man-gal at 1.5%) | channels: GFP_Z;GFP
2026-07-28 20:13:00,066 INFO [193/1845] Dataset 786: 5_75_00
2026-07-28 20:13:00,072 INFO   Reading metadata annotations...
2026-07-28 20:13:00,250 INFO   Classifying metadata...
2026-07-28 20:13:05,023 INFO   -> fluor: YES | tf_loc: NO | tps: 180 | tf: UNKNOWN | condition: Aim:  Phluorin calibration Strain:  247 Comments:
Microscope setup for used channels:
GFPWide:
470nm LED
->Combiner cube:[480/40 exciter, 515LP dichroic->(455LP dichroic)]
->Filter block:[No exci | channels: GFP;pHluorin405
2026-07-28 20:13:05,224 INFO [194/1845] Dataset 2808: FY4_NADH_RPL3_Delft_00
2026-07-28 20:13:05,237 INFO   Reading metadata annotations...
2026-07-28 20:13:05,407 WARNING   Truncated large annotation(s): fy4_nadh_rpl3_delft.log
2026-07-28 20:13:05,407 INFO   Classifying metadata...
2026-07-28 20:13:11,776 INFO   -> fluor: YES | tf_loc: NO | tps: 180 | tf: UNKNOWN | condition: Experiment details: Look for correlation in ribosome protein level with the metobolic oscillations. | channels: GFP_Z;GFP;NADH
2026-07-28 20:13:11,977 INFO [195/1845] Dataset 2809: TF_screen_2nd_plate_cdb_zero_glc_00
2026-07-28 20:13:11,988 INFO   Reading metadata annotations...
2026-07-28 20:13:12,206 WARNING   Truncated large annotation(s): tf_screen_2nd_plate_cdb_zero_glc.log
2026-07-28 20:13:12,206 INFO   Classifying metadata...
2026-07-28 20:13:15,002 INFO   -> fluor: YES | tf_loc: YES | tps: 24 | tf: Tbf1;Ert1;Gzf3;Rpn4;Stp2;Uga3;Stb3;Fkh1;Mot3;Stp4;Tec1;Stb1;Ume1;Dig1;Stp1;Ndd1;Hcm1;Mot2;Ixr1;Cep3 | condition: 2% glucose to 0% | channels: GFP;GFPFast;mCherry;cy5
2026-07-28 20:13:15,202 INFO [196/1845] Dataset 2810: FY4_NADH_RPL3_SC_00
2026-07-28 20:13:15,214 INFO   Reading metadata annotations...
2026-07-28 20:13:15,370 WARNING   Truncated large annotation(s): fy4_nadh_rpl3_sc.log
2026-07-28 20:13:15,370 INFO   Classifying metadata...
2026-07-28 20:13:20,827 INFO   -> fluor: YES | tf_loc: NO | tps: 180 | tf: UNKNOWN | condition: Experiment details: Look for correlation in ribosome protein level with the metobolic oscillations. | channels: GFP_Z;GFP;NADH
2026-07-28 20:13:21,030 INFO [197/1845] Dataset 2811: Switch_TestBinaryOscillator_0d2to0d6pGlc_cAMP_NewCube_00
2026-07-28 20:13:21,037 INFO   Reading metadata annotations...
2026-07-28 20:13:21,181 WARNING   Truncated large annotation(s): switch_testbinaryoscillator_0d2to0d6pglc_camp_newcube.log
2026-07-28 20:13:21,181 INFO   Classifying metadata...
2026-07-28 20:13:27,251 INFO   -> fluor: YES | tf_loc: NO | tps: 480 | tf: UNKNOWN | condition: 0.2% glucose to 0.6% glucose | channels: mTurquoise2;tdTomatoFRET;cy5
2026-07-28 20:13:27,452 INFO [198/1845] Dataset 2812: Ramp_1to0pGlc_10h_cAMP_00
2026-07-28 20:13:27,465 INFO   Reading metadata annotations...
2026-07-28 20:13:27,652 WARNING   Truncated large annotation(s): ramp_1to0pglc_10h_camp.log
2026-07-28 20:13:27,653 INFO   Classifying metadata...
2026-07-28 20:13:33,731 INFO   -> fluor: YES | tf_loc: NO | tps: 192 | tf: UNKNOWN | condition: 1% glucose to 0% glucose | channels: mTurquoise2;tdTomatoFRET;cy5
2026-07-28 20:13:33,932 INFO [199/1845] Dataset 2813: FY4_NADH_RPL3_SC_00
2026-07-28 20:13:33,945 INFO   Reading metadata annotations...
2026-07-28 20:13:34,115 WARNING   Truncated large annotation(s): fy4_nadh_rpl3_sc.log
2026-07-28 20:13:34,115 INFO   Classifying metadata...
2026-07-28 20:13:39,938 INFO   -> fluor: YES | tf_loc: NO | tps: 180 | tf: UNKNOWN | condition: Experiment details: Look for correlation in ribosome protein level with the metobolic oscillations. | channels: GFP_Z;GFP;NADH
2026-07-28 20:13:40,138 INFO [200/1845] Dataset 2814: Ramp_1to0pGlc_10h_cAMP_00
2026-07-28 20:13:40,146 INFO   Reading metadata annotations...
2026-07-28 20:13:40,156 WARNING   No .log/.txt/Acq.txt annotation found for dataset 2814.
2026-07-28 20:13:40,156 INFO   Classifying metadata...
2026-07-28 20:13:42,174 INFO   -> fluor: NO | tf_loc: NO | tps:  | tf: UNKNOWN | condition:  | channels: UNKNOWN
2026-07-28 20:13:42,374 INFO [201/1845] Dataset 2816: GAL2_MAN_GAL_00
2026-07-28 20:13:42,387 INFO   Reading metadata annotations...
2026-07-28 20:13:42,542 WARNING   Truncated large annotation(s): gal2_man_gal.log
2026-07-28 20:13:42,543 INFO   Classifying metadata...
2026-07-28 20:13:47,898 INFO   -> fluor: YES | tf_loc: NO | tps: 180 | tf: UNKNOWN | condition: Experiment details: localization of GAL2 in different sugars (man, gal, man-gal at 1.5%) | channels: GFP_Z;GFP
2026-07-28 20:13:48,099 INFO [202/1845] Dataset 2818: GAL2_MAN_GAL_00
2026-07-28 20:13:48,112 INFO   Reading metadata annotations...
2026-07-28 20:13:48,319 WARNING   Truncated large annotation(s): gal2_man_gal.log
2026-07-28 20:13:48,319 INFO   Classifying metadata...
2026-07-28 20:13:53,838 INFO   -> fluor: YES | tf_loc: NO | tps: 180 | tf: UNKNOWN | condition: mannose to galactose | channels: GFP_Z;GFP
2026-07-28 20:13:54,038 INFO [203/1845] Dataset 2802: Switch_TestBinaryOscillator_0d1to0d3pGlc_cAMP_00
2026-07-28 20:13:54,052 INFO   Reading metadata annotations...
2026-07-28 20:13:54,229 WARNING   Truncated large annotation(s): switch_testbinaryoscillator_0d1to0d3pglc_camp.log
2026-07-28 20:13:54,229 INFO   Classifying metadata...
2026-07-28 20:13:59,659 INFO   -> fluor: YES | tf_loc: NO | tps: 300 | tf: UNKNOWN | condition: 0.1% glucose to 0.3% glucose | channels: mTurquoise2;tdTomatoFRET;cy5
2026-07-28 20:13:59,859 INFO [204/1845] Dataset 2803: Switch_TestBinaryOscillator_0d2to0d6pGlc_cAMP_00
2026-07-28 20:13:59,871 INFO   Reading metadata annotations...
2026-07-28 20:14:00,034 WARNING   Truncated large annotation(s): switch_testbinaryoscillator_0d2to0d6pglc_camp.log
2026-07-28 20:14:00,034 INFO   Classifying metadata...
2026-07-28 20:14:05,673 INFO   -> fluor: YES | tf_loc: NO | tps: 300 | tf: UNKNOWN | condition: 0.2% glucose to 0.6% glucose | channels: mTurquoise2;tdTomatoFRET;cy5
2026-07-28 20:14:05,873 INFO [205/1845] Dataset 2807: Switch_TestBinaryOscillator_0d1to0d3pGlc_cAMP_NewCube_00
2026-07-28 20:14:05,887 INFO   Reading metadata annotations...
2026-07-28 20:14:06,120 WARNING   Truncated large annotation(s): switch_testbinaryoscillator_0d1to0d3pglc_camp_newcube.log
2026-07-28 20:14:06,120 INFO   Classifying metadata...
2026-07-28 20:14:11,797 INFO   -> fluor: YES | tf_loc: NO | tps: 480 | tf: UNKNOWN | condition: 0.1% glucose to 0.3% glucose | channels: mTurquoise2;tdTomatoFRET;cy5
2026-07-28 20:14:11,997 INFO [206/1845] Dataset 747: pH5_75_02
2026-07-28 20:14:12,010 INFO   Reading metadata annotations...
2026-07-28 20:14:12,337 INFO   Classifying metadata...
2026-07-28 20:14:15,575 INFO   -> fluor: YES | tf_loc: NO | tps: 180 | tf: UNKNOWN | condition: Aim:   pH calibration Strain: 247   Comments:
Microscope setup for used channels:
GFP:
"470nm LED
->Combiner cube:[ No exciter in combiner cube,  495lp dichroic-> (425lp dichroic)"]
->Filter bloc | channels: GFP;pHluorin405
2026-07-28 20:14:15,775 INFO [207/1845] Dataset 748: pH7_52_01
2026-07-28 20:14:15,788 INFO   Reading metadata annotations...
2026-07-28 20:14:15,975 INFO   Classifying metadata...
2026-07-28 20:14:18,684 INFO   -> fluor: YES | tf_loc: NO | tps: 180 | tf: UNKNOWN | condition: Aim:   pH calibration Strain: 247   Comments:
Microscope setup for used channels:
GFP:
"470nm LED
->Combiner cube:[ No exciter in combiner cube,  495lp dichroic-> (425lp dichroic)"]
->Filter bloc | channels: GFP;pHluorin405
2026-07-28 20:14:18,885 INFO [208/1845] Dataset 749: wildtype_01
2026-07-28 20:14:18,898 INFO   Reading metadata annotations...
2026-07-28 20:14:19,036 INFO   Classifying metadata...
2026-07-28 20:14:22,823 INFO   -> fluor: YES | tf_loc: NO | tps: 180 | tf: UNKNOWN | condition: Aim:   pH calibration Strain: 229   Comments:
Microscope setup for used channels:
GFP:
"470nm LED
->Combiner cube:[ No exciter in combiner cube,  495lp dichroic-> (425lp dichroic)"]
->Filter bloc | channels: GFP;pHluorin405
2026-07-28 20:14:23,024 INFO [209/1845] Dataset 750: pH7_00_00
2026-07-28 20:14:23,037 INFO   Reading metadata annotations...
2026-07-28 20:14:23,311 INFO   Classifying metadata...
2026-07-28 20:14:26,190 INFO   -> fluor: YES | tf_loc: NO | tps: 180 | tf: UNKNOWN | condition: Aim:   pH calibration Strain: 247   Comments:
Microscope setup for used channels:
GFP:
"470nm LED
->Combiner cube:[ No exciter in combiner cube,  495lp dichroic-> (425lp dichroic)"]
->Filter bloc | channels: GFP;pHluorin405
2026-07-28 20:14:26,390 INFO [210/1845] Dataset 752: pH8_08_00
2026-07-28 20:14:26,404 INFO   Reading metadata annotations...
2026-07-28 20:14:26,641 INFO   Classifying metadata...
2026-07-28 20:14:29,941 INFO   -> fluor: YES | tf_loc: NO | tps: 180 | tf: UNKNOWN | condition: Aim:   pH calibration Strain: 247   Comments:
Microscope setup for used channels:
GFP:
"470nm LED
->Combiner cube:[ No exciter in combiner cube,  495lp dichroic-> (425lp dichroic)"]
->Filter bloc | channels: GFP;pHluorin405
2026-07-28 20:14:30,142 INFO [211/1845] Dataset 753: pH6_75_00
2026-07-28 20:14:30,149 INFO   Reading metadata annotations...
2026-07-28 20:14:30,278 INFO   Classifying metadata...
2026-07-28 20:14:34,646 INFO   -> fluor: YES | tf_loc: NO | tps: 180 | tf: UNKNOWN | condition: Aim:   pH calibration Strain: 247   Comments:
Microscope setup for used channels:
GFP:
"470nm LED
->Combiner cube:[ No exciter in combiner cube,  495lp dichroic-> (425lp dichroic)"]
->Filter bloc | channels: GFP;pHluorin405
2026-07-28 20:14:34,847 INFO [212/1845] Dataset 755: pH5_75_00
2026-07-28 20:14:34,858 INFO   Reading metadata annotations...
2026-07-28 20:14:35,099 INFO   Classifying metadata...
2026-07-28 20:14:37,778 INFO   -> fluor: YES | tf_loc: NO | tps: 180 | tf: UNKNOWN | condition: Aim:   pH calibration Strain: 247   Comments:
Microscope setup for used channels:
GFP:
"470nm LED
->Combiner cube:[ No exciter in combiner cube,  495lp dichroic-> (425lp dichroic)"]
->Filter bloc | channels: GFP;pHluorin405
2026-07-28 20:14:37,978 INFO [213/1845] Dataset 756: pH7_76_00
2026-07-28 20:14:37,992 INFO   Reading metadata annotations...
2026-07-28 20:14:38,128 INFO   Classifying metadata...
2026-07-28 20:14:40,796 INFO   -> fluor: YES | tf_loc: NO | tps: 180 | tf: UNKNOWN | condition: Aim:   pH calibration Strain: 247   Comments:
Microscope setup for used channels:
GFP:
"470nm LED
->Combiner cube:[ No exciter in combiner cube,  495lp dichroic-> (425lp dichroic)"]
->Filter bloc | channels: GFP;pHluorin405
2026-07-28 20:14:40,997 INFO [214/1845] Dataset 757: pH6_00_00
2026-07-28 20:14:41,004 INFO   Reading metadata annotations...
2026-07-28 20:14:41,171 INFO   Classifying metadata...
2026-07-28 20:14:44,083 INFO   -> fluor: YES | tf_loc: NO | tps: 180 | tf: UNKNOWN | condition: Aim:   pH calibration Strain: 247   Comments:
Microscope setup for used channels:
GFP:
"470nm LED
->Combiner cube:[ No exciter in combiner cube,  495lp dichroic-> (425lp dichroic)"]
->Filter bloc | channels: GFP;pHluorin405
2026-07-28 20:14:44,284 INFO [215/1845] Dataset 758: pH6_75_01
2026-07-28 20:14:44,297 INFO   Reading metadata annotations...
2026-07-28 20:14:44,459 INFO   Classifying metadata...
2026-07-28 20:14:47,377 INFO   -> fluor: YES | tf_loc: NO | tps: 180 | tf: UNKNOWN | condition: Aim:   pH calibration Strain: 247   Comments:
Microscope setup for used channels:
GFP:
"470nm LED
->Combiner cube:[ No exciter in combiner cube,  495lp dichroic-> (425lp dichroic)"]
->Filter bloc | channels: GFP;pHluorin405
2026-07-28 20:14:47,578 INFO [216/1845] Dataset 759: pH6_50_00
2026-07-28 20:14:47,591 INFO   Reading metadata annotations...
2026-07-28 20:14:47,889 INFO   Classifying metadata...
2026-07-28 20:14:50,755 INFO   -> fluor: YES | tf_loc: NO | tps: 180 | tf: UNKNOWN | condition: Aim:   pH calibration Strain: 247   Comments:
Microscope setup for used channels:
GFP:
"470nm LED
->Combiner cube:[ No exciter in combiner cube,  495lp dichroic-> (425lp dichroic)"]
->Filter bloc | channels: GFP;pHluorin405
2026-07-28 20:14:50,956 INFO [217/1845] Dataset 760: pH6_50_01
2026-07-28 20:14:50,964 INFO   Reading metadata annotations...
2026-07-28 20:14:51,150 INFO   Classifying metadata...
2026-07-28 20:14:54,126 INFO   -> fluor: YES | tf_loc: NO | tps: 180 | tf: UNKNOWN | condition: Aim:   pH calibration Strain: 247   Comments:
Microscope setup for used channels:
GFP:
"470nm LED
->Combiner cube:[ No exciter in combiner cube,  495lp dichroic-> (425lp dichroic)"]
->Filter bloc | channels: GFP;pHluorin405
2026-07-28 20:14:54,326 INFO [218/1845] Dataset 761: pH6_25_00
2026-07-28 20:14:54,339 INFO   Reading metadata annotations...
2026-07-28 20:14:54,625 INFO   Classifying metadata...
2026-07-28 20:14:58,543 INFO   -> fluor: YES | tf_loc: NO | tps: 180 | tf: UNKNOWN | condition: Aim:   pH calibration Strain: 247   Comments:
Microscope setup for used channels:
GFP:
"470nm LED
->Combiner cube:[ No exciter in combiner cube,  495lp dichroic-> (425lp dichroic)"]
->Filter bloc | channels: GFP;pHluorin405
2026-07-28 20:14:58,744 INFO [219/1845] Dataset 763: wildtype_00
2026-07-28 20:14:58,757 INFO   Reading metadata annotations...
2026-07-28 20:14:59,040 INFO   Classifying metadata...
2026-07-28 20:15:01,697 INFO   -> fluor: YES | tf_loc: NO | tps: 180 | tf: UNKNOWN | condition: Aim: pH calibration  Strain: 247   Comments:
Microscope setup for used channels:
GFP:
"470nm LED
->Combiner cube:[ No exciter in combiner cube,  495lp dichroic-> (425lp dichroic)"]
->Filter block | channels: GFP;pHluorin405
2026-07-28 20:15:01,897 INFO [220/1845] Dataset 766: pH_2_00Raf_00
2026-07-28 20:15:01,911 INFO   Reading metadata annotations...
2026-07-28 20:15:02,424 WARNING   Truncated large annotation(s): ph_2_00raflog.txt
2026-07-28 20:15:02,424 INFO   Classifying metadata...
2026-07-28 20:15:09,182 INFO   -> fluor: YES | tf_loc: NO | tps: 180 | tf: UNKNOWN | condition: Aim: Growth rate vs pH  Strain: 247   Comments: No flow changes - run in 2% raffinose throughout
Microscope setup for used channels:
GFP:
"470nm LED
->Combiner cube:[ No exciter in combiner cube,  | channels: GFP;pHluorin405
2026-07-28 20:15:09,383 INFO [221/1845] Dataset 767: pH8_08_01
2026-07-28 20:15:09,397 INFO   Reading metadata annotations...
2026-07-28 20:15:09,621 INFO   Classifying metadata...
2026-07-28 20:15:12,558 INFO   -> fluor: YES | tf_loc: NO | tps: 180 | tf: UNKNOWN | condition: Aim: pH calibration  Strain: 247   Comments:
Microscope setup for used channels:
GFP:
"470nm LED
->Combiner cube:[ No exciter in combiner cube,  495lp dichroic-> (425lp dichroic)"]
->Filter block | channels: GFP;pHluorin405
2026-07-28 20:15:12,759 INFO [222/1845] Dataset 768: pH6_25_01
2026-07-28 20:15:12,770 INFO   Reading metadata annotations...
2026-07-28 20:15:12,943 INFO   Classifying metadata...
2026-07-28 20:15:16,007 INFO   -> fluor: YES | tf_loc: NO | tps: 180 | tf: UNKNOWN | condition: Aim: pH calibration  Strain: 247   Comments:
Microscope setup for used channels:
GFP:
"470nm LED
->Combiner cube:[ No exciter in combiner cube,  495lp dichroic-> (425lp dichroic)"]
->Filter block | channels: GFP;pHluorin405
2026-07-28 20:15:16,207 INFO [223/1845] Dataset 769: pH7_00_01
2026-07-28 20:15:16,220 INFO   Reading metadata annotations...
2026-07-28 20:15:16,537 INFO   Classifying metadata...
2026-07-28 20:15:19,504 INFO   -> fluor: YES | tf_loc: NO | tps: 180 | tf: UNKNOWN | condition: Aim: pH calibration  Strain: 247   Comments:
Microscope setup for used channels:
GFP:
"470nm LED
->Combiner cube:[ No exciter in combiner cube,  495lp dichroic-> (425lp dichroic)"]
->Filter block | channels: GFP;pHluorin405
2026-07-28 20:15:19,704 INFO [224/1845] Dataset 770: pH7_52_00
2026-07-28 20:15:19,718 INFO   Reading metadata annotations...
2026-07-28 20:15:19,883 INFO   Classifying metadata...
2026-07-28 20:15:22,728 INFO   -> fluor: YES | tf_loc: NO | tps: 180 | tf: UNKNOWN | condition: Aim: pH calibration  Strain: 247   Comments:
Microscope setup for used channels:
GFP:
"470nm LED
->Combiner cube:[ No exciter in combiner cube,  495lp dichroic-> (425lp dichroic)"]
->Filter block | channels: GFP;pHluorin405
2026-07-28 20:15:22,928 INFO [225/1845] Dataset 771: pH6_0_02
2026-07-28 20:15:22,942 INFO   Reading metadata annotations...
2026-07-28 20:15:23,170 INFO   Classifying metadata...
2026-07-28 20:15:26,077 INFO   -> fluor: YES | tf_loc: NO | tps: 180 | tf: UNKNOWN | condition: Aim: pH calibration  Strain: 247   Comments:
Microscope setup for used channels:
GFP:
"470nm LED
->Combiner cube:[ No exciter in combiner cube,  495lp dichroic-> (425lp dichroic)"]
->Filter block | channels: GFP;pHluorin405
2026-07-28 20:15:26,277 INFO [226/1845] Dataset 772: pH7_52_01
2026-07-28 20:15:26,291 INFO   Reading metadata annotations...
2026-07-28 20:15:26,432 INFO   Classifying metadata...
2026-07-28 20:15:29,430 INFO   -> fluor: YES | tf_loc: NO | tps: 180 | tf: UNKNOWN | condition: Aim: pH calibration  Strain: 247   Comments:
Microscope setup for used channels:
GFP:
"470nm LED
->Combiner cube:[ No exciter in combiner cube,  495lp dichroic-> (425lp dichroic)"]
->Filter block | channels: GFP;pHluorin405
2026-07-28 20:15:29,630 INFO [227/1845] Dataset 773: wildtype_01
2026-07-28 20:15:29,644 INFO   Reading metadata annotations...
2026-07-28 20:15:29,937 INFO   Classifying metadata...
2026-07-28 20:15:32,981 INFO   -> fluor: YES | tf_loc: NO | tps: 180 | tf: UNKNOWN | condition: Aim: pH calibration  Strain: 247   Comments:
Microscope setup for used channels:
GFP:
"470nm LED
->Combiner cube:[ No exciter in combiner cube,  495lp dichroic-> (425lp dichroic)"]
->Filter block | channels: GFP;pHluorin405
2026-07-28 20:15:33,181 INFO [228/1845] Dataset 774: pH7_00_00
2026-07-28 20:15:33,195 INFO   Reading metadata annotations...
2026-07-28 20:15:33,476 INFO   Classifying metadata...
2026-07-28 20:15:36,350 INFO   -> fluor: YES | tf_loc: NO | tps: 180 | tf: UNKNOWN | condition: Aim: pH calibration  Strain: 247   Comments:
Microscope setup for used channels:
GFP:
"470nm LED
->Combiner cube:[ No exciter in combiner cube,  495lp dichroic-> (425lp dichroic)"]
->Filter block | channels: GFP;pHluorin405
2026-07-28 20:15:36,550 INFO [229/1845] Dataset 775: pH8_08_00
2026-07-28 20:15:36,565 INFO   Reading metadata annotations...
2026-07-28 20:15:36,775 INFO   Classifying metadata...
2026-07-28 20:15:39,560 INFO   -> fluor: YES | tf_loc: NO | tps: 180 | tf: UNKNOWN | condition: Aim: pH calibration  Strain: 247   Comments:
Microscope setup for used channels:
GFP:
"470nm LED
->Combiner cube:[ No exciter in combiner cube,  495lp dichroic-> (425lp dichroic)"]
->Filter block | channels: GFP;pHluorin405
2026-07-28 20:15:39,760 INFO [230/1845] Dataset 776: pH5_75_01
2026-07-28 20:15:39,774 INFO   Reading metadata annotations...
2026-07-28 20:15:40,028 INFO   Classifying metadata...
2026-07-28 20:15:43,100 INFO   -> fluor: YES | tf_loc: NO | tps: 180 | tf: UNKNOWN | condition: Aim: pH calibration  Strain: 247   Comments:
Microscope setup for used channels:
GFP:
"470nm LED
->Combiner cube:[ No exciter in combiner cube,  495lp dichroic-> (425lp dichroic)"]
->Filter block | channels: GFP;pHluorin405
2026-07-28 20:15:43,301 INFO [231/1845] Dataset 777: pH5_75_00
2026-07-28 20:15:43,312 INFO   Reading metadata annotations...
2026-07-28 20:15:43,537 INFO   Classifying metadata...
2026-07-28 20:15:47,219 INFO   -> fluor: YES | tf_loc: NO | tps: 180 | tf: UNKNOWN | condition: Aim: pH calibration  Strain: 247   Comments:
Microscope setup for used channels:
GFP:
"470nm LED
->Combiner cube:[ No exciter in combiner cube,  495lp dichroic-> (425lp dichroic)"]
->Filter block | channels: GFP;pHluorin405
2026-07-28 20:15:47,420 INFO [232/1845] Dataset 778: pH7_76_00
2026-07-28 20:15:47,433 INFO   Reading metadata annotations...
2026-07-28 20:15:47,676 INFO   Classifying metadata...
2026-07-28 20:15:50,162 INFO   -> fluor: YES | tf_loc: NO | tps: 180 | tf: UNKNOWN | condition: Aim: pH calibration  Strain: 247   Comments:
Microscope setup for used channels:
GFP:
"470nm LED
->Combiner cube:[ No exciter in combiner cube,  495lp dichroic-> (425lp dichroic)"]
->Filter block | channels: GFP;pHluorin405
2026-07-28 20:15:50,363 INFO [233/1845] Dataset 779: pH6_50_00
2026-07-28 20:15:50,370 INFO   Reading metadata annotations...
2026-07-28 20:15:50,503 INFO   Classifying metadata...
2026-07-28 20:15:53,367 INFO   -> fluor: YES | tf_loc: NO | tps: 180 | tf: UNKNOWN | condition: Aim: pH calibration  Strain: 247   Comments:
Microscope setup for used channels:
GFP:
"470nm LED
->Combiner cube:[ No exciter in combiner cube,  495lp dichroic-> (425lp dichroic)"]
->Filter block | channels: GFP;pHluorin405
2026-07-28 20:15:53,567 INFO [234/1845] Dataset 780: pH6_50_01
2026-07-28 20:15:53,581 INFO   Reading metadata annotations...
2026-07-28 20:15:53,861 INFO   Classifying metadata...
2026-07-28 20:15:56,941 INFO   -> fluor: YES | tf_loc: NO | tps: 180 | tf: UNKNOWN | condition: Aim: pH calibration  Strain: 247   Comments:
Microscope setup for used channels:
GFP:
"470nm LED
->Combiner cube:[ No exciter in combiner cube,  495lp dichroic-> (425lp dichroic)"]
->Filter block | channels: GFP;pHluorin405
2026-07-28 20:15:57,142 INFO [235/1845] Dataset 781: pH6_25_00
2026-07-28 20:15:57,155 INFO   Reading metadata annotations...
2026-07-28 20:15:57,447 INFO   Classifying metadata...
2026-07-28 20:16:00,251 INFO   -> fluor: YES | tf_loc: NO | tps: 180 | tf: UNKNOWN | condition: Aim: pH calibration  Strain: 247   Comments:
Microscope setup for used channels:
GFP:
"470nm LED
->Combiner cube:[ No exciter in combiner cube,  495lp dichroic-> (425lp dichroic)"]
->Filter block | channels: GFP;pHluorin405
2026-07-28 20:16:00,451 INFO [236/1845] Dataset 782: 6_00_00
2026-07-28 20:16:00,459 INFO   Reading metadata annotations...
2026-07-28 20:16:00,599 INFO   Classifying metadata...
2026-07-28 20:16:03,818 INFO   -> fluor: YES | tf_loc: NO | tps: 180 | tf: UNKNOWN | condition: Aim:  Phluorin calibration Strain:  247 Comments:
Microscope setup for used channels:
GFPWide:
470nm LED
->Combiner cube:[480/40 exciter, 515LP dichroic->(455LP dichroic)]
->Filter block:[No exci | channels: GFP;pHluorin405
2026-07-28 20:16:04,018 INFO [237/1845] Dataset 783: 7_52_00
2026-07-28 20:16:04,032 INFO   Reading metadata annotations...
2026-07-28 20:16:04,282 INFO   Classifying metadata...
2026-07-28 20:16:07,233 INFO   -> fluor: YES | tf_loc: NO | tps: 180 | tf: UNKNOWN | condition: Aim:  Phluorin calibration Strain:  247 Comments:
Microscope setup for used channels:
GFPWide:
470nm LED
->Combiner cube:[480/40 exciter, 515LP dichroic->(455LP dichroic)]
->Filter block:[No exci | channels: GFP;pHluorin405
2026-07-28 20:16:07,433 INFO [238/1845] Dataset 784: 6_25_01
2026-07-28 20:16:07,446 INFO   Reading metadata annotations...
2026-07-28 20:16:07,776 INFO   Classifying metadata...
2026-07-28 20:16:10,984 INFO   -> fluor: YES | tf_loc: NO | tps: 180 | tf: UNKNOWN | condition: Aim:  Phluorin calibration Strain:  247 Comments:
Microscope setup for used channels:
GFPWide:
470nm LED
->Combiner cube:[480/40 exciter, 515LP dichroic->(455LP dichroic)]
->Filter block:[No exci | channels: GFP;pHluorin405
2026-07-28 20:16:11,184 INFO [239/1845] Dataset 785: 6_25_00
2026-07-28 20:16:11,193 INFO   Reading metadata annotations...
2026-07-28 20:16:11,364 INFO   Classifying metadata...
2026-07-28 20:16:14,358 INFO   -> fluor: YES | tf_loc: NO | tps: 180 | tf: UNKNOWN | condition: Aim:  Phluorin calibration Strain:  247 Comments:
Microscope setup for used channels:
GFPWide:
470nm LED
->Combiner cube:[480/40 exciter, 515LP dichroic->(455LP dichroic)]
->Filter block:[No exci | channels: GFP;pHluorin405
2026-07-28 20:16:14,558 INFO [240/1845] Dataset 787: 7_52_01
2026-07-28 20:16:14,571 INFO   Reading metadata annotations...
2026-07-28 20:16:14,874 INFO   Classifying metadata...
2026-07-28 20:16:17,906 INFO   -> fluor: YES | tf_loc: NO | tps: 180 | tf: UNKNOWN | condition: Aim:  Phluorin calibration Strain:  247 Comments:
Microscope setup for used channels:
GFPWide:
470nm LED
->Combiner cube:[480/40 exciter, 515LP dichroic->(455LP dichroic)]
->Filter block:[No exci | channels: GFP;pHluorin405
2026-07-28 20:16:18,106 INFO [241/1845] Dataset 788: 8_08_00
2026-07-28 20:16:18,120 INFO   Reading metadata annotations...
2026-07-28 20:16:18,463 INFO   Classifying metadata...
2026-07-28 20:16:21,586 INFO   -> fluor: YES | tf_loc: NO | tps: 180 | tf: UNKNOWN | condition: Aim:  Phluorin calibration Strain:  247 Comments:
Microscope setup for used channels:
GFPWide:
470nm LED
->Combiner cube:[480/40 exciter, 515LP dichroic->(455LP dichroic)]
->Filter block:[No exci | channels: GFP;pHluorin405
2026-07-28 20:16:21,787 INFO [242/1845] Dataset 789: 6_50_01
2026-07-28 20:16:21,794 INFO   Reading metadata annotations...
2026-07-28 20:16:22,084 INFO   Classifying metadata...
2026-07-28 20:16:24,963 INFO   -> fluor: YES | tf_loc: NO | tps: 180 | tf: UNKNOWN | condition: Aim:  Phluorin calibration Strain:  247 Comments:
Microscope setup for used channels:
GFPWide:
470nm LED
->Combiner cube:[480/40 exciter, 515LP dichroic->(455LP dichroic)]
->Filter block:[No exci | channels: GFP;pHluorin405
2026-07-28 20:16:25,163 INFO [243/1845] Dataset 790: 6_50_00
2026-07-28 20:16:25,177 INFO   Reading metadata annotations...
2026-07-28 20:16:25,439 INFO   Classifying metadata...
2026-07-28 20:16:28,139 INFO   -> fluor: YES | tf_loc: NO | tps: 180 | tf: UNKNOWN | condition: Aim:  Phluorin calibration Strain:  247 Comments:
Microscope setup for used channels:
GFPWide:
470nm LED
->Combiner cube:[480/40 exciter, 515LP dichroic->(455LP dichroic)]
->Filter block:[No exci | channels: GFP;pHluorin405
2026-07-28 20:16:28,339 INFO [244/1845] Dataset 791: 6_00_01
2026-07-28 20:16:28,352 INFO   Reading metadata annotations...
2026-07-28 20:16:28,647 INFO   Classifying metadata...
2026-07-28 20:16:31,973 INFO   -> fluor: YES | tf_loc: NO | tps: 180 | tf: UNKNOWN | condition: Aim:  Phluorin calibration Strain:  247 Comments:
Microscope setup for used channels:
GFPWide:
470nm LED
->Combiner cube:[480/40 exciter, 515LP dichroic->(455LP dichroic)]
->Filter block:[No exci | channels: GFP;pHluorin405
2026-07-28 20:16:32,173 INFO [245/1845] Dataset 792: 5_75_01
2026-07-28 20:16:32,187 INFO   Reading metadata annotations...
2026-07-28 20:16:32,453 INFO   Classifying metadata...
2026-07-28 20:16:35,124 INFO   -> fluor: YES | tf_loc: NO | tps: 180 | tf: UNKNOWN | condition: Aim:  Phluorin calibration Strain:  247 Comments:
Microscope setup for used channels:
GFPWide:
470nm LED
->Combiner cube:[480/40 exciter, 515LP dichroic->(455LP dichroic)]
->Filter block:[No exci | channels: GFP;pHluorin405
2026-07-28 20:16:35,324 INFO [246/1845] Dataset 793: 8_08_01
2026-07-28 20:16:35,338 INFO   Reading metadata annotations...
2026-07-28 20:16:35,598 INFO   Classifying metadata...
2026-07-28 20:16:38,672 INFO   -> fluor: YES | tf_loc: NO | tps: 180 | tf: UNKNOWN | condition: Aim:  Phluorin calibration Strain:  247 Comments:
Microscope setup for used channels:
GFPWide:
470nm LED
->Combiner cube:[480/40 exciter, 515LP dichroic->(455LP dichroic)]
->Filter block:[No exci | channels: GFP;pHluorin405
2026-07-28 20:16:38,872 INFO [247/1845] Dataset 794: wildtype_00
2026-07-28 20:16:38,885 INFO   Reading metadata annotations...
2026-07-28 20:16:39,130 INFO   Classifying metadata...
2026-07-28 20:16:43,286 INFO   -> fluor: YES | tf_loc: NO | tps: 240 | tf: UNKNOWN | condition: Aim: Calibration for yesterday's experiment - don't trust the original calibration  Strain:   247 Comments:
Microscope setup for used channels:
GFP:
"470nm LED
->Combiner cube:[ No exciter in comb | channels: GFP;pHluorin405;cy5
2026-07-28 20:16:43,487 INFO [248/1845] Dataset 795: Buffer5_03
2026-07-28 20:16:43,500 INFO   Reading metadata annotations...
2026-07-28 20:16:43,823 INFO   Classifying metadata...
2026-07-28 20:16:47,516 INFO   -> fluor: YES | tf_loc: NO | tps: 240 | tf: UNKNOWN | condition: Aim: Calibration for yesterday's experiment - don't trust the original calibration  Strain:   247 Comments:
Microscope setup for used channels:
GFP:
"470nm LED
->Combiner cube:[ No exciter in comb | channels: GFP;pHluorin405;cy5
2026-07-28 20:16:47,717 INFO [249/1845] Dataset 796: Buffer2_01
2026-07-28 20:16:47,730 INFO   Reading metadata annotations...
2026-07-28 20:16:47,988 INFO   Classifying metadata...
2026-07-28 20:16:51,505 INFO   -> fluor: YES | tf_loc: NO | tps: 240 | tf: UNKNOWN | condition: Aim: Calibration for yesterday's experiment - don't trust the original calibration  Strain:   247 Comments:
Microscope setup for used channels:
GFP:
"470nm LED
->Combiner cube:[ No exciter in comb | channels: GFP;pHluorin405;cy5
2026-07-28 20:16:51,705 INFO [250/1845] Dataset 797: Buffer3_00
2026-07-28 20:16:51,713 INFO   Reading metadata annotations...
2026-07-28 20:16:51,871 INFO   Classifying metadata...
2026-07-28 20:16:54,846 INFO   -> fluor: YES | tf_loc: NO | tps: 240 | tf: UNKNOWN | condition: Aim: Calibration for yesterday's experiment - don't trust the original calibration  Strain:   247 Comments:
Microscope setup for used channels:
GFP:
"470nm LED
->Combiner cube:[ No exciter in comb | channels: GFP;pHluorin405;cy5
2026-07-28 20:16:55,046 INFO [251/1845] Dataset 798: _05_to_1glc_00
2026-07-28 20:16:55,060 INFO   Reading metadata annotations...
2026-07-28 20:16:55,490 WARNING   Truncated large annotation(s): _05_to_1glclog.txt
2026-07-28 20:16:55,491 INFO   Classifying metadata...
2026-07-28 20:17:01,904 INFO   -> fluor: YES | tf_loc: NO | tps: 200 | tf: UNKNOWN | condition: .05% Strain: 247   Comments: switch from .05% glucose to 1% | channels: GFPFast;pHluorin405;cy5
2026-07-28 20:17:02,105 INFO [252/1845] Dataset 799: Buffer1_01
2026-07-28 20:17:02,119 INFO   Reading metadata annotations...
2026-07-28 20:17:02,416 INFO   Classifying metadata...
2026-07-28 20:17:05,247 INFO   -> fluor: YES | tf_loc: NO | tps: 240 | tf: UNKNOWN | condition: Aim: Calibration for yesterday's experiment - don't trust the original calibration  Strain:   247 Comments:
Microscope setup for used channels:
GFP:
"470nm LED
->Combiner cube:[ No exciter in comb | channels: GFP;pHluorin405;cy5
2026-07-28 20:17:05,448 INFO [253/1845] Dataset 800: Buffer5_00
2026-07-28 20:17:05,461 INFO   Reading metadata annotations...
2026-07-28 20:17:05,769 INFO   Classifying metadata...
2026-07-28 20:17:10,406 INFO   -> fluor: YES | tf_loc: NO | tps: 240 | tf: UNKNOWN | condition: Aim: Calibration for yesterday's experiment - don't trust the original calibration  Strain:   247 Comments:
Microscope setup for used channels:
GFP:
"470nm LED
->Combiner cube:[ No exciter in comb | channels: GFP;pHluorin405;cy5
2026-07-28 20:17:10,606 INFO [254/1845] Dataset 1607: B5_Srl1_x100_03
2026-07-28 20:17:10,614 INFO   Reading metadata annotations...
2026-07-28 20:17:10,750 INFO   Classifying metadata...
2026-07-28 20:17:11,403 INFO   -> fluor: YES | tf_loc: YES | tps: 250 | tf: Srl1 | condition: Microscope setup for used channels:
Brightfield:
No light path info in config file. | channels: GFP
2026-07-28 20:17:11,604 INFO [255/1845] Dataset 801: Buffer3_01
2026-07-28 20:17:11,614 INFO   Reading metadata annotations...
2026-07-28 20:17:11,750 INFO   Classifying metadata...
2026-07-28 20:17:15,140 INFO   -> fluor: YES | tf_loc: NO | tps: 240 | tf: UNKNOWN | condition: Aim: Calibration for yesterday's experiment - don't trust the original calibration  Strain:   247 Comments:
Microscope setup for used channels:
GFP:
"470nm LED
->Combiner cube:[ No exciter in comb | channels: GFP;pHluorin405;cy5
2026-07-28 20:17:15,340 INFO [256/1845] Dataset 802: Buffer5_02
2026-07-28 20:17:15,354 INFO   Reading metadata annotations...
2026-07-28 20:17:15,601 INFO   Classifying metadata...
2026-07-28 20:17:18,809 INFO   -> fluor: YES | tf_loc: NO | tps: 240 | tf: UNKNOWN | condition: Aim: Calibration for yesterday's experiment - don't trust the original calibration  Strain:   247 Comments:
Microscope setup for used channels:
GFP:
"470nm LED
->Combiner cube:[ No exciter in comb | channels: GFP;pHluorin405;cy5
2026-07-28 20:17:19,009 INFO [257/1845] Dataset 803: Buffer7_00
2026-07-28 20:17:19,022 INFO   Reading metadata annotations...
2026-07-28 20:17:19,326 INFO   Classifying metadata...
2026-07-28 20:17:22,448 INFO   -> fluor: YES | tf_loc: NO | tps: 240 | tf: UNKNOWN | condition: Aim: Calibration for yesterday's experiment - don't trust the original calibration  Strain:   247 Comments:
Microscope setup for used channels:
GFP:
"470nm LED
->Combiner cube:[ No exciter in comb | channels: GFP;pHluorin405;cy5
2026-07-28 20:17:22,649 INFO [258/1845] Dataset 804: Buffer2_00
2026-07-28 20:17:22,662 INFO   Reading metadata annotations...
2026-07-28 20:17:22,960 INFO   Classifying metadata...
2026-07-28 20:17:26,564 INFO   -> fluor: YES | tf_loc: NO | tps: 240 | tf: UNKNOWN | condition: Aim: Calibration for yesterday's experiment - don't trust the original calibration  Strain:   247 Comments:
Microscope setup for used channels:
GFP:
"470nm LED
->Combiner cube:[ No exciter in comb | channels: GFP;pHluorin405;cy5
2026-07-28 20:17:26,764 INFO [259/1845] Dataset 805: wildtype_01
2026-07-28 20:17:26,778 INFO   Reading metadata annotations...
2026-07-28 20:17:27,061 INFO   Classifying metadata...
2026-07-28 20:17:30,647 INFO   -> fluor: YES | tf_loc: NO | tps: 240 | tf: UNKNOWN | condition: Aim: Calibration for yesterday's experiment - don't trust the original calibration  Strain:   247 Comments:
Microscope setup for used channels:
GFP:
"470nm LED
->Combiner cube:[ No exciter in comb | channels: GFP;pHluorin405;cy5
2026-07-28 20:17:30,848 INFO [260/1845] Dataset 806: Buffer5_01
2026-07-28 20:17:30,855 INFO   Reading metadata annotations...
2026-07-28 20:17:31,012 INFO   Classifying metadata...
2026-07-28 20:17:34,130 INFO   -> fluor: YES | tf_loc: NO | tps: 240 | tf: UNKNOWN | condition: Aim: Calibration for yesterday's experiment - don't trust the original calibration  Strain:   247 Comments:
Microscope setup for used channels:
GFP:
"470nm LED
->Combiner cube:[ No exciter in comb | channels: GFP;pHluorin405;cy5
2026-07-28 20:17:34,330 INFO [261/1845] Dataset 807: Buffer1_00
2026-07-28 20:17:34,344 INFO   Reading metadata annotations...
2026-07-28 20:17:34,623 INFO   Classifying metadata...
2026-07-28 20:17:37,836 INFO   -> fluor: YES | tf_loc: NO | tps: 240 | tf: UNKNOWN | condition: Aim: Calibration for yesterday's experiment - don't trust the original calibration  Strain:   247 Comments:
Microscope setup for used channels:
GFP:
"470nm LED
->Combiner cube:[ No exciter in comb | channels: GFP;pHluorin405;cy5
2026-07-28 20:17:38,037 INFO [262/1845] Dataset 808: Buffer7_01
2026-07-28 20:17:38,050 INFO   Reading metadata annotations...
2026-07-28 20:17:38,290 INFO   Classifying metadata...
2026-07-28 20:17:41,902 INFO   -> fluor: YES | tf_loc: NO | tps: 240 | tf: UNKNOWN | condition: Aim: Calibration for yesterday's experiment - don't trust the original calibration  Strain:   247 Comments:
Microscope setup for used channels:
GFP:
"470nm LED
->Combiner cube:[ No exciter in comb | channels: GFP;pHluorin405;cy5
2026-07-28 20:17:42,103 INFO [263/1845] Dataset 809: Buffer4_01
2026-07-28 20:17:42,116 INFO   Reading metadata annotations...
2026-07-28 20:17:42,418 INFO   Classifying metadata...
2026-07-28 20:17:45,916 INFO   -> fluor: YES | tf_loc: NO | tps: 240 | tf: UNKNOWN | condition: Aim: Calibration for yesterday's experiment - don't trust the original calibration  Strain:   247 Comments:
Microscope setup for used channels:
GFP:
"470nm LED
->Combiner cube:[ No exciter in comb | channels: GFP;pHluorin405;cy5
2026-07-28 20:17:46,117 INFO [264/1845] Dataset 810: 2to1_5Raf_03
2026-07-28 20:17:46,130 INFO   Reading metadata annotations...
2026-07-28 20:17:46,673 WARNING   Truncated large annotation(s): 2to1_5raflog.txt
2026-07-28 20:17:46,673 INFO   Classifying metadata...
2026-07-28 20:17:53,902 INFO   -> fluor: YES | tf_loc: NO | tps: 240 | tf: UNKNOWN | condition: 2% raf to 1.5% raf | channels: GFP;pHluorin405;cy5
2026-07-28 20:17:54,102 INFO [265/1845] Dataset 811: Buffer4_00
2026-07-28 20:17:54,117 INFO   Reading metadata annotations...
2026-07-28 20:17:54,438 INFO   Classifying metadata...
2026-07-28 20:18:01,948 INFO   -> fluor: YES | tf_loc: NO | tps: 240 | tf: UNKNOWN | condition: Aim: Calibration for yesterday's experiment - don't trust the original calibration  Strain:   247 Comments:
Microscope setup for used channels:
GFP:
"470nm LED
->Combiner cube:[ No exciter in comb | channels: GFP;pHluorin405;cy5
2026-07-28 20:18:02,149 INFO [266/1845] Dataset 812: 1to2_raf_pH_00
2026-07-28 20:18:02,161 INFO   Reading metadata annotations...
2026-07-28 20:18:02,661 WARNING   Truncated large annotation(s): 1to2_raf_phlog.txt
2026-07-28 20:18:02,661 INFO   Classifying metadata...
2026-07-28 20:18:09,440 INFO   -> fluor: YES | tf_loc: NO | tps: 240 | tf: UNKNOWN | condition: 1% raf to 2% raf | channels: GFP;pHluorin405
2026-07-28 20:18:09,640 INFO [267/1845] Dataset 813: NADH_noswitch_09
2026-07-28 20:18:09,654 INFO   Reading metadata annotations...
2026-07-28 20:18:10,143 WARNING   Truncated large annotation(s): nadh_noswitchlog.txt
2026-07-28 20:18:10,143 INFO   Classifying metadata...
2026-07-28 20:18:17,127 INFO   -> fluor: YES | tf_loc: NO | tps: 180 | tf: UNKNOWN | condition: Aim:  Observe metabolic cycles in NAD(P)H Strain:  prototrophic bud3-GFP (Bud3 pLUM) Comments: No switch. | channels: GFP;NADH
2026-07-28 20:18:17,327 INFO [268/1845] Dataset 814: 0_5_to1_glucose_06
2026-07-28 20:18:17,342 INFO   Reading metadata annotations...
2026-07-28 20:18:17,683 WARNING   Truncated large annotation(s): 0_5_to1_glucoselog.txt
2026-07-28 20:18:17,684 INFO   Classifying metadata...
2026-07-28 20:18:24,621 INFO   -> fluor: YES | tf_loc: NO | tps: 200 | tf: UNKNOWN | condition: Aim:  Growth rate vs pH. | channels: cy5;pHluorin488;pHluorin405
2026-07-28 20:18:24,822 INFO [269/1845] Dataset 815: NADHnoswitch_01
2026-07-28 20:18:24,836 INFO   Reading metadata annotations...
2026-07-28 20:18:25,334 WARNING   Truncated large annotation(s): nadhnoswitchlog.txt
2026-07-28 20:18:25,334 INFO   Classifying metadata...
2026-07-28 20:18:32,589 INFO   -> fluor: YES | tf_loc: NO | tps: 240 | tf: UNKNOWN | condition: Aim: Correlation of cell cycle (bud 3 peaks) with NADH cycles   Strain:   prototrophic NADH bud3GFPComments:
Microscope setup for used channels:
Brightfield:
White LED
->(Polariser + Prism + conde | channels: GFP;NADH
2026-07-28 20:18:32,790 INFO [270/1845] Dataset 816: pHluorin_00
2026-07-28 20:18:32,804 INFO   Reading metadata annotations...
2026-07-28 20:18:33,404 WARNING   Truncated large annotation(s): _05 to 1 phluorinlog.txt
2026-07-28 20:18:33,405 INFO   Classifying metadata...
2026-07-28 20:18:40,355 INFO   -> fluor: YES | tf_loc: NO | tps: 240 | tf: UNKNOWN | condition: 0.05% glucose to 1% glucose | channels: GFP;pHluorin405;cy5
2026-07-28 20:18:40,555 INFO [271/1845] Dataset 817: IAA_titrationMig1_01
2026-07-28 20:18:40,564 INFO   Reading metadata annotations...
2026-07-28 20:18:40,801 WARNING   Truncated large annotation(s): iaa_titrationmig1log.txt
2026-07-28 20:18:40,801 INFO   Classifying metadata...
2026-07-28 20:18:45,625 INFO   -> fluor: YES | tf_loc: YES | tps: 180 | tf: Mig1 | condition: no drug control to 0.025/0.5/0.1 mM NAA | channels: mCherry
2026-07-28 20:18:45,825 INFO [272/1845] Dataset 818: pG2JDegrade_Snf_Sip1_Sip2_00
2026-07-28 20:18:45,837 INFO   Reading metadata annotations...
2026-07-28 20:18:46,183 WARNING   Truncated large annotation(s): pg2jdegrade_snf_sip1_sip2log.txt
2026-07-28 20:18:46,184 INFO   Classifying metadata...
2026-07-28 20:18:51,060 INFO   -> fluor: YES | tf_loc: YES | tps: 360 | tf: Snf1 | condition: Aim:   Effect of auxin degradaitions on Mig1 localaisation, in presence of pG2J plasmid (GFP-AID*) Strain: 1137 (Mig1 control)
1169 + pG2J (Sip1-AID*)
1173 + pG2J (Sip2-AID*)
1175 + pG2J (Snf1-AID* | channels: GFP;mCherry
2026-07-28 20:18:51,260 INFO [273/1845] Dataset 819: Pic2_glucose_stress_00
2026-07-28 20:18:51,266 INFO   Reading metadata annotations...
2026-07-28 20:18:51,749 WARNING   Truncated large annotation(s): pic2_glucose_stresslog.txt
2026-07-28 20:18:51,749 INFO   Classifying metadata...
2026-07-28 20:18:59,515 INFO   -> fluor: YES | tf_loc: NO | tps: 180 | tf: UNKNOWN | condition: glucose limitation to back | channels: cy5;GFP
2026-07-28 20:18:59,716 INFO [274/1845] Dataset 820: BS_test_3_00
2026-07-28 20:18:59,731 INFO   Reading metadata annotations...
2026-07-28 20:19:00,075 WARNING   Truncated large annotation(s): bs_test_3log.txt
2026-07-28 20:19:00,075 INFO   Classifying metadata...
2026-07-28 20:19:07,950 INFO   -> fluor: YES | tf_loc: NO | tps: 180 | tf: UNKNOWN | condition: Aim: Study effect on BS constructs on gene expression  Strain:  PGAL1 BSWT, BS1, BS2, BS3, dGAL2 Comments:   Switch to suc 1% + Gal1%
Microscope setup for used channels:
GFP:
470nm LED
->Combiner  | channels: GFP;cy5
2026-07-28 20:19:08,150 INFO [275/1845] Dataset 821: pZTIR_AID_SNF_00
2026-07-28 20:19:08,165 INFO   Reading metadata annotations...
2026-07-28 20:19:08,520 WARNING   Truncated large annotation(s): pztir_aid_snflog.txt
2026-07-28 20:19:08,521 INFO   Classifying metadata...
2026-07-28 20:19:14,470 INFO   -> fluor: YES | tf_loc: YES | tps: 300 | tf: Snf1;Gal83 | condition: Aim: Test AID degradation in pZTIR strains                                    Strains:                                   1138 Snf1.2 pZTIR
1137 Gal83 pZTIR
1137 Snf1 pZTIR
1138
1137
Comments:     | channels: mCherry
2026-07-28 20:19:14,671 INFO [276/1845] Dataset 822: pZTIR_AID_Yak1_Sch9_01
2026-07-28 20:19:14,683 INFO   Reading metadata annotations...
2026-07-28 20:19:15,045 WARNING   Truncated large annotation(s): pztir_aid_yak1_sch9log.txt
2026-07-28 20:19:15,046 INFO   Classifying metadata...
2026-07-28 20:19:19,932 INFO   -> fluor: YES | tf_loc: YES | tps: 360 | tf: Yak1;Sch9 | condition: Aim: Test AID degradation in pZTIR strains
Strains:
BY4741 Msn2-mCherry Yak1-AID-GFP pZTIR C3
BY4741 Msn2-mCherry Sch9-AID-GFP pZTIR C3
BY4741 Msn2-mCherry Sch9-AID-GFP pZTIR C1
BY4741 Msn2-mCher | channels: GFP;mCherry
2026-07-28 20:19:20,134 INFO [277/1845] Dataset 823: pZTIR_AIDtest_00
2026-07-28 20:19:20,142 INFO   Reading metadata annotations...
2026-07-28 20:19:20,403 WARNING   Truncated large annotation(s): pztir_aidtestlog.txt
2026-07-28 20:19:20,403 INFO   Classifying metadata...
2026-07-28 20:19:24,947 INFO   -> fluor: YES | tf_loc: YES | tps: 360 | tf: Mig1;Snf1;Msn2 | condition: Aim: Determine reactions of Msn2 and Mig1 to degradation induced by osTIR expression from a plasmid  Strain: Group 1: Mig1 mCherry (1137) Gal83-AID* col2 pZTIR
Group2: Mig1-mCherry Snf1-AID* col2 pZT | channels: mCherry
2026-07-28 20:19:25,148 INFO [278/1845] Dataset 974: pH6_75_01
2026-07-28 20:19:25,161 INFO   Reading metadata annotations...
2026-07-28 20:19:25,250 INFO   Classifying metadata...
2026-07-28 20:19:28,945 INFO   -> fluor: NO | tf_loc: NO | tps:  | tf: UNKNOWN | condition:  | channels: UNKNOWN
2026-07-28 20:19:29,146 INFO [279/1845] Dataset 975: pH7_50_03
2026-07-28 20:19:29,158 INFO   Reading metadata annotations...
2026-07-28 20:19:29,231 INFO   Classifying metadata...
2026-07-28 20:19:32,354 INFO   -> fluor: NO | tf_loc: NO | tps:  | tf: UNKNOWN | condition:  | channels: UNKNOWN
2026-07-28 20:19:32,554 INFO [280/1845] Dataset 824: Switchcontrol_5fk_00
2026-07-28 20:19:32,567 INFO   Reading metadata annotations...
2026-07-28 20:19:32,973 WARNING   Truncated large annotation(s): switchcontrol_5fklog.txt
2026-07-28 20:19:32,973 INFO   Classifying metadata...
2026-07-28 20:19:40,413 INFO   -> fluor: YES | tf_loc: YES | tps: 300 | tf: UNKNOWN | condition: Aim: Test for stress when doing fast switching in 5fk device (fast withdraw/infuse step). | channels: GFP
2026-07-28 20:19:40,613 INFO [281/1845] Dataset 825: ZPT_TF_profile_06
2026-07-28 20:19:40,620 INFO   Reading metadata annotations...
2026-07-28 20:19:40,854 WARNING   Truncated large annotation(s): zpt_tf_profilelog.txt
2026-07-28 20:19:40,854 INFO   Classifying metadata...
2026-07-28 20:19:45,728 INFO   -> fluor: YES | tf_loc: YES | tps: 250 | tf: Msn2;Dot6;Sfp1;Hog1;Yap1 | condition: no ZPT to 2uM ZPT | channels: cy5;GFP
2026-07-28 20:19:45,930 INFO [282/1845] Dataset 826: ZPTprofile_6uM_01
2026-07-28 20:19:45,943 INFO   Reading metadata annotations...
2026-07-28 20:19:46,257 WARNING   Truncated large annotation(s): zptprofile_6umlog.txt
2026-07-28 20:19:46,257 INFO   Classifying metadata...
2026-07-28 20:19:51,078 INFO   -> fluor: YES | tf_loc: YES | tps: 250 | tf: Msn2 | condition: Aim:  Measure TF localization profile for ZPT drug stress at 6uM concentration Strain:  87 (Msn2-GFP), 416 (Hog1), 424 (Dot6), 429(Yap1), 430 (Sfp1) Comments:   Switch at 5hr. | channels: cy5;GFP
2026-07-28 20:19:51,279 INFO [283/1845] Dataset 827: BcyAID_GFP_test_00
2026-07-28 20:19:51,284 INFO   Reading metadata annotations...
2026-07-28 20:19:51,510 WARNING   Truncated large annotation(s): bcyaid_gfp_testlog.txt
2026-07-28 20:19:51,510 INFO   Classifying metadata...
2026-07-28 20:19:56,480 INFO   -> fluor: YES | tf_loc: YES | tps: 180 | tf: Bcy1;Mig1 | condition: Aim:  Test the effect of degrading Bcy1-AID*-GFP on Mig1 localization  Strain: 1134 (+ve degradation control) 1144 (-ve Mig1-GFP control) Two colonies of 1144 transformed by AID*-GFP targetted to Bcy1 | channels: GFP;mCherry
2026-07-28 20:19:56,682 INFO [284/1845] Dataset 828: TrapTest_IC13_01
2026-07-28 20:19:56,696 INFO   Reading metadata annotations...
2026-07-28 20:19:57,098 WARNING   Truncated large annotation(s): traptest_ic13log.txt
2026-07-28 20:19:57,099 INFO   Classifying metadata...
2026-07-28 20:20:05,031 INFO   -> fluor: YES | tf_loc: NO | tps: 180 | tf: UNKNOWN | condition: Aim:   Test performance of traps with different gap sizes and shapes Strain: htb2-sfGFP   Comments:   Device is TTD from IC13. | channels: GFP
2026-07-28 20:20:05,232 INFO [285/1845] Dataset 829: GalBS_00
2026-07-28 20:20:05,245 INFO   Reading metadata annotations...
2026-07-28 20:20:05,670 WARNING   Truncated large annotation(s): galbslog.txt
2026-07-28 20:20:05,670 INFO   Classifying metadata...
2026-07-28 20:20:12,955 INFO   -> fluor: YES | tf_loc: NO | tps: 180 | tf: UNKNOWN | condition: Aim: Observe induction dynamics with different Nab3/Nrd1 binding sites and Gal1 promoter  Strain:  gal2- (wildtype positions) and derivatives with different BS's downstream of Gal1 promoter-GFP Commen | channels: GFP;cy5
2026-07-28 20:20:13,156 INFO [286/1845] Dataset 2562: Buffer6_01
2026-07-28 20:20:13,169 INFO   Reading metadata annotations...
2026-07-28 20:20:13,231 INFO   Classifying metadata...
2026-07-28 20:20:17,719 INFO   -> fluor: NO | tf_loc: NO | tps: 1 | tf: UNKNOWN | condition: Aim:  Calibration Strain:   247 Comments:
Microscope setup for used channels:
GFP:
"470nm LED
->Combiner cube:[ No exciter in combiner cube,  495lp dichroic-> (425lp dichroic)"]
->Filter block:[" | channels: GFP;pHluorin405
2026-07-28 20:20:17,919 INFO [287/1845] Dataset 863: pH6_76_00
2026-07-28 20:20:17,932 INFO   Reading metadata annotations...
2026-07-28 20:20:18,087 INFO   Classifying metadata...
2026-07-28 20:20:21,605 INFO   -> fluor: YES | tf_loc: NO | tps: 180 | tf: UNKNOWN | condition: Aim:  pH calibration Strain:247   Comments:
Microscope setup for used channels:
GFPFast:
470nm LED
->Combiner cube:[480/40 exciter, 515LP dichroic->(455LP dichroic)]
->Filter block:[Dual GFP/mChe | channels: GFPFast;pHluorin405
2026-07-28 20:20:21,806 INFO [288/1845] Dataset 830: NADHexpostest_01
2026-07-28 20:20:21,818 INFO   Reading metadata annotations...
2026-07-28 20:20:22,173 WARNING   Truncated large annotation(s): nadhexpostestlog.txt
2026-07-28 20:20:22,173 INFO   Classifying metadata...
2026-07-28 20:20:29,230 INFO   -> fluor: YES | tf_loc: NO | tps: 180 | tf: UNKNOWN | condition: Aim:   Find optimal NADH illumination conditions Strain:  365 Comments: Hoping for ocillating NADH signal. | channels: NADH
2026-07-28 20:20:29,430 INFO [289/1845] Dataset 831: GlucoseStress_Alan_03
2026-07-28 20:20:29,444 INFO   Reading metadata annotations...
2026-07-28 20:20:29,902 WARNING   Truncated large annotation(s): glucosestress_alanlog.txt
2026-07-28 20:20:29,902 INFO   Classifying metadata...
2026-07-28 20:20:35,497 INFO   -> fluor: YES | tf_loc: YES | tps: 300 | tf: Msn2;Sfp1;Mig1 | condition: Aim:   Alan's first glucose stress experiment. | channels: mCherry;GFP
2026-07-28 20:20:35,697 INFO [290/1845] Dataset 832: control_00
2026-07-28 20:20:35,711 INFO   Reading metadata annotations...
2026-07-28 20:20:36,147 WARNING   Truncated large annotation(s): -k-e no drug controllog.txt;phluorinswitchlog.txt
2026-07-28 20:20:36,147 INFO   Classifying metadata...
2026-07-28 20:20:44,373 INFO   -> fluor: YES | tf_loc: NO | tps: 300 | tf: UNKNOWN | condition: Aim:   Control for wild type growth in the absence of lysine and glutamic acid Strain:  77 Comments:
Omero project:
Shampoo
Omero tags:
01-Jul-2015,Batgirl,
PFS is locked
Experiment started at:0 | channels: cy5
2026-07-28 20:20:44,573 INFO [291/1845] Dataset 833: flavin_by4742swain_by4742morgan_tsa1tsa2morgan_02_01
2026-07-28 20:20:44,587 INFO   Reading metadata annotations...
2026-07-28 20:20:44,609 WARNING   No .log/.txt/Acq.txt annotation found for dataset 833.
2026-07-28 20:20:44,610 INFO   Classifying metadata...
2026-07-28 20:20:47,652 INFO   -> fluor: NO | tf_loc: NO | tps:  | tf: UNKNOWN | condition:  | channels: UNKNOWN
2026-07-28 20:20:47,853 INFO [292/1845] Dataset 834: aggregates_CTP_switch_2_0glu_0_0glu_URA7young_URA8young_URA8old_01
2026-07-28 20:20:47,866 INFO   Reading metadata annotations...
2026-07-28 20:20:48,223 WARNING   Truncated large annotation(s): aggregates_ctp_switch_2_0glu_0_0glu_ura7young_ura8young_ura8oldlog.txt
2026-07-28 20:20:48,224 INFO   Classifying metadata...
2026-07-28 20:20:56,210 INFO   -> fluor: YES | tf_loc: NO | tps: 180 | tf: UNKNOWN | condition: Aim:   Strain:   Comments:   
Microscope setup for used channels:
Brightfield:
White LED
->(Polariser + Prism + condenser)]
->Filter block:[GFP/mCherry (59022) exciter,GFP/mCherry (59022) dichroi | channels: GFP
2026-07-28 20:20:56,410 INFO [293/1845] Dataset 835: flavin_by4742swain_by4742morgan_tsa1tsa2morgan_02_01
2026-07-28 20:20:56,424 INFO   Reading metadata annotations...
2026-07-28 20:20:56,825 WARNING   Truncated large annotation(s): flavin_by4742swain_by4742morgan_tsa1tsa2morgan_02log.txt
2026-07-28 20:20:56,825 INFO   Classifying metadata...
2026-07-28 20:21:04,385 INFO   -> fluor: YES | tf_loc: NO | tps: 240 | tf: UNKNOWN | condition: Aim: Repeat 2023-02-03, which failed, i.e. | channels: Flavin
2026-07-28 20:21:04,585 INFO [294/1845] Dataset 836: downUpshift_2_0_2_glu_ura7_ura7ha_ura7hr__00
2026-07-28 20:21:04,598 INFO   Reading metadata annotations...
2026-07-28 20:21:05,055 WARNING   Truncated large annotation(s): downupshift_2_0_2_glu_ura7_ura7ha_ura7hr_log.txt
2026-07-28 20:21:05,055 INFO   Classifying metadata...
2026-07-28 20:21:11,326 INFO   -> fluor: YES | tf_loc: NO | tps: 240 | tf: UNKNOWN | condition: Aim: Repeat glucose starvation experiments to quantify phase transition using Ura7, and its mutants Ura7H360A and Ura7H360R  Strain: Ura7, Ura7H360A, Ura7H360R Comments: Wall in ch 2 was broken and ce | channels: GFPFast
2026-07-28 20:21:11,526 INFO [295/1845] Dataset 837: downUpshift_01_0_01_glu_ura8_ura8ha_ura8hr__00
2026-07-28 20:21:11,548 INFO   Reading metadata annotations...
2026-07-28 20:21:11,848 WARNING   Truncated large annotation(s): downupshift_01_0_01_glu_ura8_ura8ha_ura8hr_log.txt
2026-07-28 20:21:11,849 INFO   Classifying metadata...
2026-07-28 20:21:18,666 INFO   -> fluor: YES | tf_loc: NO | tps: 240 | tf: UNKNOWN | condition: Aim:   Strain:   Comments:   
Microscope setup for used channels:
Brightfield:
White LED
->(Polariser + Prism + condenser)]
->Filter block:[Dual GFP/mCherry exciter (59022x),Dual dichroic (89021b | channels: GFPFast
2026-07-28 20:21:18,866 INFO [296/1845] Dataset 838: downUpshift_halfMin_five_2_0_glu_phlUra_uraGlt__00
2026-07-28 20:21:18,882 INFO   Reading metadata annotations...
2026-07-28 20:21:19,189 WARNING   Truncated large annotation(s): downupshift_halfmin_five_2_0_glu_phlura_uraglt_log.txt
2026-07-28 20:21:19,189 INFO   Classifying metadata...
2026-07-28 20:21:25,621 INFO   -> fluor: YES | tf_loc: NO | tps: 1200 | tf: UNKNOWN | condition: Aim:  Quantify at high imaging frequency the sequence and intensity of pH downshift and aggregation Strain:  pHluorin/Ura8-mCherry, Ura7-GFP/Glt1-mCherry Comments:   Using only ch 1 and three at 0.5 m | channels: GFPFast;mCherry;pHluorin405
2026-07-28 20:21:25,822 INFO [297/1845] Dataset 839: downUpshift_halfMin_five_2_0_glu_phlUra_uraGlt__03
2026-07-28 20:21:25,837 INFO   Reading metadata annotations...
2026-07-28 20:21:26,069 INFO   Classifying metadata...
2026-07-28 20:21:30,344 INFO   -> fluor: YES | tf_loc: NO | tps: 1200 | tf: UNKNOWN | condition: Aim:  Quantify at high imaging frequency the sequence and intensity of pH downshift and aggregation Strain:  pHluorin/Ura8-mCherry, Ura7-GFP/Glt1-mCherry Comments:   Using only ch 1 and three at 0.5 m | channels: GFPFast;mCherry;pHluorin405
2026-07-28 20:21:30,545 INFO [298/1845] Dataset 840: downUpshift_halfMin_five_2_0_glu_phlUra_uraGlt__04
2026-07-28 20:21:30,552 INFO   Reading metadata annotations...
2026-07-28 20:21:30,831 WARNING   Truncated large annotation(s): downupshift_halfmin_five_2_0_glu_phlura_uraglt_log.txt
2026-07-28 20:21:30,831 INFO   Classifying metadata...
2026-07-28 20:21:37,263 INFO   -> fluor: YES | tf_loc: NO | tps: 1200 | tf: UNKNOWN | condition: Aim:  Quantify at high imaging frequency the sequence and intensity of pH downshift and aggregation Strain:  pHluorin/Ura8-mCherry, Ura7-GFP/Glt1-mCherry Comments:   Using only ch 1 and three at 0.5 m | channels: GFPFast;mCherry;pHluorin405
2026-07-28 20:21:37,464 INFO [299/1845] Dataset 841: downshift_2_0_glu_glt1ura7_phlpsa1__00
2026-07-28 20:21:37,479 INFO   Reading metadata annotations...
2026-07-28 20:21:37,905 WARNING   Truncated large annotation(s): downshift_2_0_glu_glt1ura7_phlpsa1_log.txt
2026-07-28 20:21:37,906 INFO   Classifying metadata...
2026-07-28 20:21:44,844 INFO   -> fluor: YES | tf_loc: NO | tps: 146 | tf: UNKNOWN | condition: Aim: Test the timing of aggregates and pH, high imaging frequency  Strain:  Glt1-GFP/pHluorin/Ura7-mCherry Comments: Not completely sure if fluorophores are correctly integrated for aggregation. | channels: mCherry;GFPFast;pHluorin405
2026-07-28 20:21:45,044 INFO [300/1845] Dataset 842: downshift_2_0_glu_glt1ura7_phlpsa1__01
2026-07-28 20:21:45,059 INFO   Reading metadata annotations...
2026-07-28 20:21:45,531 WARNING   Truncated large annotation(s): downshift_2_0_glu_glt1ura7_phlpsa1_log.txt
2026-07-28 20:21:45,531 INFO   Classifying metadata...
2026-07-28 20:21:52,192 INFO   -> fluor: YES | tf_loc: NO | tps: 820 | tf: UNKNOWN | condition: Aim: Test the timing of aggregates and pH, high imaging frequency  Strain:  Glt1-GFP/pHluorin/Ura7-mCherry Comments: Not completely sure if fluorophores are correctly integrated for aggregation. | channels: mCherry;GFPFast;pHluorin405
2026-07-28 20:21:52,393 INFO [301/1845] Dataset 843: downUpshift_2_0_2_glu_dual_phl__mig1_msn2___00
2026-07-28 20:21:52,407 INFO   Reading metadata annotations...
2026-07-28 20:21:52,996 WARNING   Truncated large annotation(s): downupshift_2_0_2_glu_dual_phl__mig1_msn2__log.txt
2026-07-28 20:21:52,996 INFO   Classifying metadata...
2026-07-28 20:21:57,457 INFO   -> fluor: YES | tf_loc: YES | tps: 1200 | tf: Mig1;Msn2 | condition: Aim: Accurately test the timing between pH downshift and Mig1 and Msn2 nuclear localisation  Strain: pHluorin/mig1-mCherry, pHluorin/msn2-mCherry   Comments:   Fluorescence doesn't start until being c | channels: GFPFast;mCherry;pHluorin405
2026-07-28 20:21:57,657 INFO [302/1845] Dataset 844: downUpshift_four_2_0_2_glu_dual_phl__glt1_ura8_ura8__00
2026-07-28 20:21:57,672 INFO   Reading metadata annotations...
2026-07-28 20:21:58,121 WARNING   Truncated large annotation(s): downupshift_four_2_0_2_glu_dual_phl__glt1_ura8_ura8_log.txt
2026-07-28 20:21:58,121 INFO   Classifying metadata...
2026-07-28 20:22:04,847 INFO   -> fluor: YES | tf_loc: NO | tps: 288 | tf: UNKNOWN | condition: Aim: Test the aggregation of proteins and its timing relative to the pH drop  Strain: pHluorin/Glt1-mCherry, pHluorin/Ura8-mCherry  Comments: Ura8 cells are in ch 2 and 3
Microscope setup for used ch | channels: pHluorin405;mCherry;GFPFast
2026-07-28 20:22:05,047 INFO [303/1845] Dataset 845: exp_00
2026-07-28 20:22:05,062 INFO   Reading metadata annotations...
2026-07-28 20:22:05,496 WARNING   Truncated large annotation(s): explog.txt
2026-07-28 20:22:05,496 INFO   Classifying metadata...
2026-07-28 20:22:18,150 INFO   -> fluor: YES | tf_loc: NO | tps: 240 | tf: UNKNOWN | condition: Aim: Repeat glucose starvation experiments to quantify phase transition using Ura8, and its mutants Ura8H360A and Ura8H360R  Strain: Ura8, Ura8H360A, Ura8H360R Comments:
Microscope setup for used cha | channels: GFPFast
2026-07-28 20:22:18,350 INFO [304/1845] Dataset 846: downUpShift_2_0_2_glu_dual_phl_ura8__00
2026-07-28 20:22:18,365 INFO   Reading metadata annotations...
2026-07-28 20:22:18,787 WARNING   Truncated large annotation(s): downupshift_2_0_2_glu_dual_phl_ura8_log.txt
2026-07-28 20:22:18,787 INFO   Classifying metadata...
2026-07-28 20:22:25,805 INFO   -> fluor: YES | tf_loc: NO | tps: 288 | tf: UNKNOWN | condition: Aim:Test pH calibration with experiment on the same day Strain: pHluorin/Ura8-mCherry  Comments:   Few cells overall
Microscope setup for used channels:
pHluorin405:
405nm LED
->Combiner cube:[405 | channels: pHluorin405;GFPFast;mCherry
2026-07-28 20:22:26,005 INFO [305/1845] Dataset 847: ph_calibration_dual_phl_ura8_5_04_5_83_7_69_7_13_6_59__01
2026-07-28 20:22:26,019 INFO   Reading metadata annotations...
2026-07-28 20:22:26,403 WARNING   Truncated large annotation(s): ph_calibration_dual_phl_ura8_5_04_5_83_7_69_7_13_6_59_log.txt
2026-07-28 20:22:26,404 INFO   Classifying metadata...
2026-07-28 20:22:33,009 INFO   -> fluor: YES | tf_loc: NO | tps: 5 | tf: UNKNOWN | condition: Aim:   Strain:   Comments:   
Microscope setup for used channels:
pHluorin405:
405nm LED
->Combiner cube:[405/20 exciter, 425lp dichroic->]
->Filter block:[No exciter,510LP dichroic,535/50 emissi | channels: pHluorin405;mCherry;GFPFast
2026-07-28 20:22:33,210 INFO [306/1845] Dataset 976: pH7_25_00
2026-07-28 20:22:33,223 INFO   Reading metadata annotations...
2026-07-28 20:22:33,289 INFO   Classifying metadata...
2026-07-28 20:22:36,760 INFO   -> fluor: NO | tf_loc: NO | tps:  | tf: UNKNOWN | condition:  | channels: UNKNOWN
2026-07-28 20:22:36,961 INFO [307/1845] Dataset 848: dose_response_raf_05_075_2_glu_005_2_constantMedia_00
2026-07-28 20:22:36,974 INFO   Reading metadata annotations...
2026-07-28 20:22:37,366 WARNING   Truncated large annotation(s): dose_response_raf_05_075_2_glu_005_2_constantmedialog.txt
2026-07-28 20:22:37,366 INFO   Classifying metadata...
2026-07-28 20:22:41,997 INFO   -> fluor: YES | tf_loc: YES | tps: 240 | tf: Mig1 | condition: Aim: Find whether pH oscilations change with slower cell  cycles. | channels: mCherry;pHluorin405;GFPFast
2026-07-28 20:22:42,199 INFO [308/1845] Dataset 849: doseResponse_raf_1_15_2_glu_01_2_dual_phluorin_whi5_constantMedia_00
2026-07-28 20:22:42,213 INFO   Reading metadata annotations...
2026-07-28 20:22:42,632 WARNING   Truncated large annotation(s): doseresponse_raf_1_15_2_glu_01_2_dual_phluorin_whi5_constantmedialog.txt
2026-07-28 20:22:42,632 INFO   Classifying metadata...
2026-07-28 20:22:47,023 INFO   -> fluor: YES | tf_loc: YES | tps: 120 | tf: Whi5 | condition: Aim:   Strain:   Comments:
Microscope setup for used channels:
Brightfield:
White LED
->(Polariser + Prism + condenser)]
->Filter block:[Dual GFP/mCherry exciter (59022x),Dual dichroic (89021bs), | channels: GFPFast;pHluorin405;mCherry
2026-07-28 20:22:47,223 INFO [309/1845] Dataset 850: downUpshift_2_0_2_0_phl__maf1_msn2_nrg1_psa1_00
2026-07-28 20:22:47,237 INFO   Reading metadata annotations...
2026-07-28 20:22:47,707 WARNING   Truncated large annotation(s): downupshift_2_0_2_0_phl__maf1_msn2_nrg1_psa1log.txt
2026-07-28 20:22:47,707 INFO   Classifying metadata...
2026-07-28 20:22:51,949 INFO   -> fluor: YES | tf_loc: YES | tps: 240 | tf: Maf1;Msn2;Nrg1 | condition: Aim:   Strain:   Comments:
Microscope setup for used channels:
Brightfield:
White LED
->(Polariser + Prism + condenser)]
->Filter block:[Dual GFP/mCherry exciter (59022x),Dual dichroic (89021bs), | channels: GFPFast;mCherry;pHluorin405
2026-07-28 20:22:52,149 INFO [310/1845] Dataset 851: 6syringepump_yest_00
2026-07-28 20:22:52,163 INFO   Reading metadata annotations...
2026-07-28 20:22:52,465 INFO   Classifying metadata...
2026-07-28 20:22:56,432 INFO   -> fluor: NO | tf_loc: NO | tps: 3 | tf: UNKNOWN | condition: Aim:   Strain:   Comments:   
Microscope setup for used channels:
Brightfield:
White LED
->(Polariser + Prism + condenser)]
->Filter block:[Dual GFP/mCherry exciter (59022x),Dual dichroic (89021b | channels: Brightfield
2026-07-28 20:22:56,632 INFO [311/1845] Dataset 852: 6syringepump_yest_01
2026-07-28 20:22:56,645 INFO   Reading metadata annotations...
2026-07-28 20:22:56,978 INFO   Classifying metadata...
2026-07-28 20:23:00,927 INFO   -> fluor: NO | tf_loc: NO | tps: 3 | tf: UNKNOWN | condition: Aim:   Strain:   Comments:   
Microscope setup for used channels:
Brightfield:
White LED
->(Polariser + Prism + condenser)]
->Filter block:[Dual GFP/mCherry exciter (59022x),Dual dichroic (89021b | channels: Brightfield
2026-07-28 20:23:01,127 INFO [312/1845] Dataset 853: exp_00
2026-07-28 20:23:01,149 INFO   Reading metadata annotations...
2026-07-28 20:23:01,361 INFO   Classifying metadata...
2026-07-28 20:23:05,326 INFO   -> fluor: NO | tf_loc: NO | tps: 180 | tf: UNKNOWN | condition: Aim:   Strain:   Comments:
Microscope setup for used channels:
Brightfield:
White LED
->(Polariser + Prism + condenser)]
->Filter block:[Dual GFP/mCherry exciter (59022x),Dual dichroic (89021bs), | channels: Brightfield
2026-07-28 20:23:05,527 INFO [313/1845] Dataset 854: exp_01
2026-07-28 20:23:05,540 INFO   Reading metadata annotations...
2026-07-28 20:23:05,797 INFO   Classifying metadata...
2026-07-28 20:23:09,761 INFO   -> fluor: NO | tf_loc: NO | tps: 180 | tf: UNKNOWN | condition: Aim:   Strain:   Comments:
Microscope setup for used channels:
Brightfield:
White LED
->(Polariser + Prism + condenser)]
->Filter block:[Dual GFP/mCherry exciter (59022x),Dual dichroic (89021bs), | channels: Brightfield
2026-07-28 20:23:09,961 INFO [314/1845] Dataset 855: YM24test_00
2026-07-28 20:23:09,975 INFO   Reading metadata annotations...
2026-07-28 20:23:10,148 INFO   Classifying metadata...
2026-07-28 20:23:13,226 INFO   -> fluor: YES | tf_loc: NO | tps: 180 | tf: UNKNOWN | condition: Aim: First imaging of C albicans strain YM24  Strain:   Comments:  7um device from IC14 wafer. | channels: GFPFast
2026-07-28 20:23:13,426 INFO [315/1845] Dataset 856: KCl_pH_00
2026-07-28 20:23:13,439 INFO   Reading metadata annotations...
2026-07-28 20:23:13,753 WARNING   Truncated large annotation(s): kcl_phlog.txt
2026-07-28 20:23:13,753 INFO   Classifying metadata...
2026-07-28 20:23:20,211 INFO   -> fluor: YES | tf_loc: NO | tps: 180 | tf: UNKNOWN | condition: Aim:  pH calibration Strain:247   Comments:
Microscope setup for used channels:
GFPFast:
470nm LED
->Combiner cube:[480/40 exciter, 515LP dichroic->(455LP dichroic)]
->Filter block:[Dual GFP/mChe | channels: GFPFast;pHluorin405;cy5
2026-07-28 20:23:20,412 INFO [316/1845] Dataset 857: pH5_86_00
2026-07-28 20:23:20,421 INFO   Reading metadata annotations...
2026-07-28 20:23:20,570 INFO   Classifying metadata...
2026-07-28 20:23:23,746 INFO   -> fluor: YES | tf_loc: NO | tps: 180 | tf: UNKNOWN | condition: Aim:  pH calibration Strain:247   Comments:
Microscope setup for used channels:
GFPFast:
470nm LED
->Combiner cube:[480/40 exciter, 515LP dichroic->(455LP dichroic)]
->Filter block:[Dual GFP/mChe | channels: GFPFast;pHluorin405
2026-07-28 20:23:23,946 INFO [317/1845] Dataset 858: pH5_86_01
2026-07-28 20:23:23,959 INFO   Reading metadata annotations...
2026-07-28 20:23:24,184 INFO   Classifying metadata...
2026-07-28 20:23:27,890 INFO   -> fluor: YES | tf_loc: NO | tps: 180 | tf: UNKNOWN | condition: Aim:  pH calibration Strain:247   Comments:
Microscope setup for used channels:
GFPFast:
470nm LED
->Combiner cube:[480/40 exciter, 515LP dichroic->(455LP dichroic)]
->Filter block:[Dual GFP/mChe | channels: GFPFast;pHluorin405
2026-07-28 20:23:28,090 INFO [318/1845] Dataset 859: pH6_24_00
2026-07-28 20:23:28,103 INFO   Reading metadata annotations...
2026-07-28 20:23:28,358 INFO   Classifying metadata...
2026-07-28 20:23:31,426 INFO   -> fluor: YES | tf_loc: NO | tps: 180 | tf: UNKNOWN | condition: Aim:  pH calibration Strain:247   Comments:
Microscope setup for used channels:
GFPFast:
470nm LED
->Combiner cube:[480/40 exciter, 515LP dichroic->(455LP dichroic)]
->Filter block:[Dual GFP/mChe | channels: GFPFast;pHluorin405
2026-07-28 20:23:31,626 INFO [319/1845] Dataset 860: pH6_24_01
2026-07-28 20:23:31,635 INFO   Reading metadata annotations...
2026-07-28 20:23:31,790 INFO   Classifying metadata...
2026-07-28 20:23:34,642 INFO   -> fluor: YES | tf_loc: NO | tps: 180 | tf: UNKNOWN | condition: Aim:  pH calibration Strain:247   Comments:
Microscope setup for used channels:
GFPFast:
470nm LED
->Combiner cube:[480/40 exciter, 515LP dichroic->(455LP dichroic)]
->Filter block:[Dual GFP/mChe | channels: GFPFast;pHluorin405
2026-07-28 20:23:34,843 INFO [320/1845] Dataset 861: pH6_49_00
2026-07-28 20:23:34,858 INFO   Reading metadata annotations...
2026-07-28 20:23:35,072 INFO   Classifying metadata...
2026-07-28 20:23:38,516 INFO   -> fluor: YES | tf_loc: NO | tps: 180 | tf: UNKNOWN | condition: Aim:  pH calibration Strain:247   Comments:
Microscope setup for used channels:
GFPFast:
470nm LED
->Combiner cube:[480/40 exciter, 515LP dichroic->(455LP dichroic)]
->Filter block:[Dual GFP/mChe | channels: GFPFast;pHluorin405
2026-07-28 20:23:38,716 INFO [321/1845] Dataset 862: pH6_49_01
2026-07-28 20:23:38,731 INFO   Reading metadata annotations...
2026-07-28 20:23:38,966 INFO   Classifying metadata...
2026-07-28 20:23:41,981 INFO   -> fluor: YES | tf_loc: NO | tps: 180 | tf: UNKNOWN | condition: Aim:  pH calibration Strain:247   Comments:
Microscope setup for used channels:
GFPFast:
470nm LED
->Combiner cube:[480/40 exciter, 515LP dichroic->(455LP dichroic)]
->Filter block:[Dual GFP/mChe | channels: GFPFast;pHluorin405
2026-07-28 20:23:42,182 INFO [322/1845] Dataset 864: pH6_76_01
2026-07-28 20:23:42,196 INFO   Reading metadata annotations...
2026-07-28 20:23:42,472 INFO   Classifying metadata...
2026-07-28 20:23:45,314 INFO   -> fluor: YES | tf_loc: NO | tps: 180 | tf: UNKNOWN | condition: Aim:  pH calibration Strain:247   Comments:
Microscope setup for used channels:
GFPFast:
470nm LED
->Combiner cube:[480/40 exciter, 515LP dichroic->(455LP dichroic)]
->Filter block:[Dual GFP/mChe | channels: GFPFast;pHluorin405
2026-07-28 20:23:45,514 INFO [323/1845] Dataset 865: pH7_00_00
2026-07-28 20:23:45,528 INFO   Reading metadata annotations...
2026-07-28 20:23:45,817 INFO   Classifying metadata...
2026-07-28 20:23:49,773 INFO   -> fluor: YES | tf_loc: NO | tps: 180 | tf: UNKNOWN | condition: Aim:  pH calibration Strain:247   Comments:
Microscope setup for used channels:
GFPFast:
470nm LED
->Combiner cube:[480/40 exciter, 515LP dichroic->(455LP dichroic)]
->Filter block:[Dual GFP/mChe | channels: GFPFast;pHluorin405
2026-07-28 20:23:49,973 INFO [324/1845] Dataset 866: pH7_00_01
2026-07-28 20:23:49,988 INFO   Reading metadata annotations...
2026-07-28 20:23:50,113 INFO   Classifying metadata...
2026-07-28 20:23:53,459 INFO   -> fluor: YES | tf_loc: NO | tps: 180 | tf: UNKNOWN | condition: Aim:  pH calibration Strain:247   Comments:
Microscope setup for used channels:
GFPFast:
470nm LED
->Combiner cube:[480/40 exciter, 515LP dichroic->(455LP dichroic)]
->Filter block:[Dual GFP/mChe | channels: GFPFast;pHluorin405
2026-07-28 20:23:53,659 INFO [325/1845] Dataset 2563: RPL3_GFP_1145_Experiment_4_12_No_GFP_Laser_00
2026-07-28 20:23:53,672 INFO   Reading metadata annotations...
2026-07-28 20:23:53,846 WARNING   Truncated large annotation(s): rpl3_gfp_1145_experiment_4_12_no_gfp_laser.log
2026-07-28 20:23:53,846 INFO   Classifying metadata...
2026-07-28 20:24:00,445 INFO   -> fluor: NO | tf_loc: NO | tps: 240 | tf: UNKNOWN | condition: GFP laser off to GFP laser on | channels: Brightfield
2026-07-28 20:24:00,645 INFO [326/1845] Dataset 2564: Ardra_mutants_00
2026-07-28 20:24:00,653 INFO   Reading metadata annotations...
2026-07-28 20:24:00,799 WARNING   Truncated large annotation(s): ardra_mutants.log
2026-07-28 20:24:00,800 INFO   Classifying metadata...
2026-07-28 20:24:07,187 INFO   -> fluor: YES | tf_loc: NO | tps: 450 | tf: UNKNOWN | condition: Measure kinetochore dwell time with Ardra's new mutants. | channels: GFP_Z;GFP;cy5
2026-07-28 20:24:07,387 INFO [327/1845] Dataset 2566: Ramp_1to0pGlc_8h_Msn2Dot6Mig1Sfp1_00
2026-07-28 20:24:07,400 INFO   Reading metadata annotations...
2026-07-28 20:24:07,419 WARNING   No .log/.txt/Acq.txt annotation found for dataset 2566.
2026-07-28 20:24:07,419 INFO   Classifying metadata...
2026-07-28 20:24:07,419 INFO   -> fluor: NO | tf_loc: YES | tps:  | tf: Msn2;Dot6;Mig1;Sfp1 | condition:  | channels: UNKNOWN
2026-07-28 20:24:07,620 INFO [328/1845] Dataset 2565: Ramp_1to0pGlc_6h_Msn2Dot6Mig1Sfp1_00
2026-07-28 20:24:07,632 INFO   Reading metadata annotations...
2026-07-28 20:24:07,839 WARNING   Truncated large annotation(s): ramp_1to0pglc_6h_msn2dot6mig1sfp1.log
2026-07-28 20:24:07,839 INFO   Classifying metadata...
2026-07-28 20:24:11,723 INFO   -> fluor: YES | tf_loc: YES | tps: 192 | tf: Msn2;Dot6;Mig1;Sfp1 | condition: 1% glucose to 0% glucose | channels: GFP_Z;GFP;cy5;mCherry_Z;mCherry
2026-07-28 20:24:11,924 INFO [329/1845] Dataset 2569: Ramp_2to0pGlc_4h_Msn2Dot6Mig1Sfp1_00
2026-07-28 20:24:11,935 INFO   Reading metadata annotations...
2026-07-28 20:24:12,115 WARNING   Truncated large annotation(s): ramp_2to0pglc_4h_msn2dot6mig1sfp1.log
2026-07-28 20:24:12,116 INFO   Classifying metadata...
2026-07-28 20:24:15,599 INFO   -> fluor: YES | tf_loc: YES | tps: 192 | tf: Msn2;Dot6;Mig1;Sfp1 | condition: 2% glucose to 0% glucose | channels: GFP_Z;GFP;cy5;mCherry_Z;mCherry
2026-07-28 20:24:15,799 INFO [330/1845] Dataset 2568: Ramp_1to0pGlc_7h_Msn2Dot6Mig1Sfp1_00
2026-07-28 20:24:15,812 INFO   Reading metadata annotations...
2026-07-28 20:24:15,970 WARNING   Truncated large annotation(s): ramp_1to0pglc_7h_msn2dot6mig1sfp1.log
2026-07-28 20:24:15,971 INFO   Classifying metadata...
2026-07-28 20:24:19,154 INFO   -> fluor: YES | tf_loc: YES | tps: 192 | tf: Msn2;Dot6;Mig1;Sfp1 | condition: 1% glucose to 0% glucose | channels: GFP_Z;GFP;cy5;mCherry_Z;mCherry
2026-07-28 20:24:19,354 INFO [331/1845] Dataset 2581: Ramp_2to0d05pGlc_4h52m_Msn2Dot6Mig1Sfp1_00
2026-07-28 20:24:19,367 INFO   Reading metadata annotations...
2026-07-28 20:24:19,561 WARNING   Truncated large annotation(s): ramp_2to0d05pglc_4h52m_msn2dot6mig1sfp1.log
2026-07-28 20:24:19,561 INFO   Classifying metadata...
2026-07-28 20:24:24,575 INFO   -> fluor: YES | tf_loc: YES | tps: 192 | tf: Msn2;Dot6;Mig1;Sfp1 | condition: 2% glucose to 0.05% glucose | channels: GFP_Z;GFP;cy5;mCherry_Z;mCherry
2026-07-28 20:24:24,777 INFO [332/1845] Dataset 2567: Ramp_1to0pGlc_8h_Msn2Dot6Mig1Sfp1_00
2026-07-28 20:24:24,790 INFO   Reading metadata annotations...
2026-07-28 20:24:25,024 WARNING   Truncated large annotation(s): ramp_1to0pglc_8h_msn2dot6mig1sfp1.log
2026-07-28 20:24:25,025 INFO   Classifying metadata...
2026-07-28 20:24:28,310 INFO   -> fluor: YES | tf_loc: YES | tps: 192 | tf: Msn2;Dot6;Mig1;Sfp1 | condition: 1% glucose to 0% glucose | channels: GFP_Z;GFP;cy5;mCherry_Z;mCherry
2026-07-28 20:24:28,510 INFO [333/1845] Dataset 2571: Ramp_2to0pGlc_3h_Msn2Dot6Mig1Sfp1_00
2026-07-28 20:24:28,523 INFO   Reading metadata annotations...
2026-07-28 20:24:28,738 WARNING   Truncated large annotation(s): ramp_2to0pglc_3h_msn2dot6mig1sfp1.log
2026-07-28 20:24:28,738 INFO   Classifying metadata...
2026-07-28 20:24:31,965 INFO   -> fluor: YES | tf_loc: YES | tps: 192 | tf: Msn2;Dot6;Mig1;Sfp1 | condition: 2% glucose to 0% glucose | channels: GFP_Z;GFP;cy5;mCherry_Z;mCherry
2026-07-28 20:24:32,165 INFO [334/1845] Dataset 2570: Ramp_0d5to0pGlc_20h_Msn2Dot6Mig1Sfp1_00
2026-07-28 20:24:32,179 INFO   Reading metadata annotations...
2026-07-28 20:24:32,372 WARNING   Truncated large annotation(s): ramp_0d5to0pglc_20h_msn2dot6mig1sfp1.log
2026-07-28 20:24:32,372 INFO   Classifying metadata...
2026-07-28 20:24:35,986 INFO   -> fluor: YES | tf_loc: YES | tps: 312 | tf: Msn2;Dot6;Mig1;Sfp1 | condition: 0.5% glucose to 0% glucose | channels: GFP_Z;GFP;cy5;mCherry_Z;mCherry
2026-07-28 20:24:36,186 INFO [335/1845] Dataset 2573: Ramp_2to0pGlc_2h30m_Msn2Dot6Mig1Sfp1_00
2026-07-28 20:24:36,200 INFO   Reading metadata annotations...
2026-07-28 20:24:36,351 WARNING   Truncated large annotation(s): ramp_2to0pglc_2h30m_msn2dot6mig1sfp1.log
2026-07-28 20:24:36,351 INFO   Classifying metadata...
2026-07-28 20:24:39,682 INFO   -> fluor: YES | tf_loc: YES | tps: 192 | tf: Msn2;Dot6;Mig1;Sfp1 | condition: 2% glucose to 0% glucose | channels: GFP_Z;GFP;cy5;mCherry_Z;mCherry
2026-07-28 20:24:39,882 INFO [336/1845] Dataset 2574: Ramp_1to0d2pGlc_8h_Msn2Dot6Mig1Sfp1_01
2026-07-28 20:24:39,895 INFO   Reading metadata annotations...
2026-07-28 20:24:40,094 WARNING   Truncated large annotation(s): ramp_1to0d2pglc_8h_msn2dot6mig1sfp1.log
2026-07-28 20:24:40,094 INFO   Classifying metadata...
2026-07-28 20:24:43,461 INFO   -> fluor: YES | tf_loc: YES | tps: 192 | tf: Msn2;Dot6;Mig1;Sfp1 | condition: 1% glucose to 0.2% glucose | channels: GFP_Z;GFP;cy5;mCherry_Z;mCherry
2026-07-28 20:24:43,661 INFO [337/1845] Dataset 2575: Ramp_2to0d2pGlc_4h30m_Msn2Dot6Mig1Sfp1_00
2026-07-28 20:24:43,676 INFO   Reading metadata annotations...
2026-07-28 20:24:43,886 WARNING   Truncated large annotation(s): ramp_2to0d2pglc_4h30m_msn2dot6mig1sfp1.log
2026-07-28 20:24:43,886 INFO   Classifying metadata...
2026-07-28 20:24:47,174 INFO   -> fluor: YES | tf_loc: YES | tps: 192 | tf: Msn2;Dot6;Mig1;Sfp1 | condition: 2% glucose to 0.2% glucose | channels: GFP_Z;GFP;cy5;mCherry_Z;mCherry
2026-07-28 20:24:47,374 INFO [338/1845] Dataset 2576: Ramp_1to0d5pGlc_5h_Msn2Dot6Mig1Sfp1_00
2026-07-28 20:24:47,387 INFO   Reading metadata annotations...
2026-07-28 20:24:47,589 WARNING   Truncated large annotation(s): ramp_1to0d5pglc_5h_msn2dot6mig1sfp1.log
2026-07-28 20:24:47,589 INFO   Classifying metadata...
2026-07-28 20:24:50,919 INFO   -> fluor: YES | tf_loc: YES | tps: 192 | tf: Msn2;Dot6;Mig1;Sfp1 | condition: 1% glucose to 0.5% glucose | channels: GFP_Z;GFP;cy5;mCherry_Z;mCherry
2026-07-28 20:24:51,120 INFO [339/1845] Dataset 2580: GAL2__MAN_GAL_00
2026-07-28 20:24:51,127 INFO   Reading metadata annotations...
2026-07-28 20:24:51,269 WARNING   Truncated large annotation(s): gal2__man_gal.log
2026-07-28 20:24:51,269 INFO   Classifying metadata...
2026-07-28 20:24:57,014 INFO   -> fluor: YES | tf_loc: NO | tps: 180 | tf: UNKNOWN | condition: mannose to galactose | channels: GFP_Z;GFP
2026-07-28 20:24:57,215 INFO [340/1845] Dataset 2584: glabrata_IC17_GTT_CCW_00
2026-07-28 20:24:57,228 INFO   Reading metadata annotations...
2026-07-28 20:24:57,440 WARNING   Truncated large annotation(s): glabrata_ic17_gtt_ccw.log
2026-07-28 20:24:57,441 INFO   Classifying metadata...
2026-07-28 20:25:04,129 INFO   -> fluor: NO | tf_loc: NO | tps: 144 | tf: UNKNOWN | condition: Aim: Optimise design for glabrata traps. | channels: UNKNOWN
2026-07-28 20:25:04,330 INFO [341/1845] Dataset 2577: Ramp_2to0d5pGlc_3h45m_Msn2Dot6Mig1Sfp1_00
2026-07-28 20:25:04,343 INFO   Reading metadata annotations...
2026-07-28 20:25:04,533 WARNING   Truncated large annotation(s): ramp_2to0d5pglc_3h45m_msn2dot6mig1sfp1.log
2026-07-28 20:25:04,534 INFO   Classifying metadata...
2026-07-28 20:25:08,007 INFO   -> fluor: YES | tf_loc: YES | tps: 192 | tf: Msn2;Dot6;Mig1;Sfp1 | condition: 2% glucose to 0.5% glucose | channels: GFP_Z;GFP;cy5;mCherry_Z;mCherry
2026-07-28 20:25:08,208 INFO [342/1845] Dataset 2578: Ramp_1to0d05pGlc_9h30m_Msn2Dot6Mig1Sfp1_00
2026-07-28 20:25:08,221 INFO   Reading metadata annotations...
2026-07-28 20:25:08,439 WARNING   Truncated large annotation(s): ramp_1to0d05pglc_9h30m_msn2dot6mig1sfp1.log
2026-07-28 20:25:08,439 INFO   Classifying metadata...
2026-07-28 20:25:13,181 INFO   -> fluor: YES | tf_loc: YES | tps: 192 | tf: Msn2;Dot6;Mig1;Sfp1 | condition: 1% glucose to 0.05% glucose | channels: GFP_Z;GFP;cy5;mCherry_Z;mCherry
2026-07-28 20:25:13,381 INFO [343/1845] Dataset 2582: Ramp_1to0d5pGlc_5h_Msn2Dot6Mig1Sfp1_00
2026-07-28 20:25:13,393 INFO   Reading metadata annotations...
2026-07-28 20:25:13,605 WARNING   Truncated large annotation(s): ramp_1to0d5pglc_5h_msn2dot6mig1sfp1.log
2026-07-28 20:25:13,606 INFO   Classifying metadata...
2026-07-28 20:25:22,317 INFO   -> fluor: YES | tf_loc: YES | tps: 192 | tf: Msn2;Dot6;Mig1;Sfp1 | condition: 1% glucose to 0.5% glucose | channels: GFP_Z;GFP;cy5;mCherry_Z;mCherry
2026-07-28 20:25:22,517 INFO [344/1845] Dataset 2583: Ramp_1to0pGlc_1h_Msn2Dot6Mig1Sfp1_00
2026-07-28 20:25:22,530 INFO   Reading metadata annotations...
2026-07-28 20:25:22,743 WARNING   Truncated large annotation(s): ramp_1to0pglc_1h_msn2dot6mig1sfp1.log
2026-07-28 20:25:22,744 INFO   Classifying metadata...
2026-07-28 20:25:26,116 INFO   -> fluor: YES | tf_loc: YES | tps: 192 | tf: Msn2;Dot6;Mig1;Sfp1 | condition: 1% glucose to 0% glucose | channels: GFP_Z;GFP;cy5;mCherry_Z;mCherry
2026-07-28 20:25:26,317 INFO [345/1845] Dataset 2586: GAL2__MAN_GAL_00
2026-07-28 20:25:26,330 INFO   Reading metadata annotations...
2026-07-28 20:25:26,529 WARNING   Truncated large annotation(s): gal2__man_gal.log
2026-07-28 20:25:26,530 INFO   Classifying metadata...
2026-07-28 20:25:32,912 INFO   -> fluor: YES | tf_loc: NO | tps: 180 | tf: UNKNOWN | condition: mannose to galactose | channels: GFP_Z;GFP
2026-07-28 20:25:33,112 INFO [346/1845] Dataset 2587: RPL3_GFP_1145_with_without_GFP_LED_00
2026-07-28 20:25:33,126 INFO   Reading metadata annotations...
2026-07-28 20:25:33,229 INFO   Classifying metadata...
2026-07-28 20:25:36,709 INFO   -> fluor: YES | tf_loc: NO | tps: 240 | tf: UNKNOWN | condition: without GFP imaging to with GFP imaging | channels: GFP_Z;GFP
2026-07-28 20:25:36,910 INFO [347/1845] Dataset 2585: Ramp_1to0pPyr_10h_Msn2Dot6Mig1Sfp1_00
2026-07-28 20:25:36,923 INFO   Reading metadata annotations...
2026-07-28 20:25:37,135 WARNING   Truncated large annotation(s): ramp_1to0ppyr_10h_msn2dot6mig1sfp1.log
2026-07-28 20:25:37,135 INFO   Classifying metadata...
2026-07-28 20:25:40,506 INFO   -> fluor: YES | tf_loc: YES | tps: 192 | tf: Msn2;Dot6;Mig1;Sfp1 | condition: 1% glucose to 0% glucose | channels: GFP_Z;GFP;cy5;mCherry_Z;mCherry
2026-07-28 20:25:40,706 INFO [348/1845] Dataset 2588: Ramp_2to0pPyr_5h_Msn2Dot6Mig1Sfp1_00
2026-07-28 20:25:40,714 INFO   Reading metadata annotations...
2026-07-28 20:25:40,849 WARNING   Truncated large annotation(s): ramp_2to0ppyr_5h_msn2dot6mig1sfp1.log
2026-07-28 20:25:40,849 INFO   Classifying metadata...
2026-07-28 20:25:44,073 INFO   -> fluor: YES | tf_loc: YES | tps: 192 | tf: Msn2;Dot6;Mig1;Sfp1 | condition: 2% glucose to 0% glucose | channels: GFP_Z;GFP;cy5;mCherry_Z;mCherry
2026-07-28 20:25:44,273 INFO [349/1845] Dataset 2590: Ramp_1to0pGlc_0h30m_Msn2Dot6Mig1Sfp1_00
2026-07-28 20:25:44,287 INFO   Reading metadata annotations...
2026-07-28 20:25:44,477 WARNING   Truncated large annotation(s): ramp_1to0pglc_0h30m_msn2dot6mig1sfp1.log
2026-07-28 20:25:44,477 INFO   Classifying metadata...
2026-07-28 20:25:47,764 INFO   -> fluor: YES | tf_loc: YES | tps: 192 | tf: Msn2;Dot6;Mig1;Sfp1 | condition: 1% glucose to 0% glucose | channels: GFP_Z;GFP;cy5;mCherry_Z;mCherry
2026-07-28 20:25:47,964 INFO [350/1845] Dataset 867: pH7_24_00
2026-07-28 20:25:47,978 INFO   Reading metadata annotations...
2026-07-28 20:25:48,290 INFO   Classifying metadata...
2026-07-28 20:25:51,815 INFO   -> fluor: YES | tf_loc: NO | tps: 180 | tf: UNKNOWN | condition: Aim:  pH calibration Strain:247   Comments:
Microscope setup for used channels:
GFPFast:
470nm LED
->Combiner cube:[480/40 exciter, 515LP dichroic->(455LP dichroic)]
->Filter block:[Dual GFP/mChe | channels: GFPFast;pHluorin405
2026-07-28 20:25:52,015 INFO [351/1845] Dataset 868: pH7_24_01
2026-07-28 20:25:52,027 INFO   Reading metadata annotations...
2026-07-28 20:25:52,315 INFO   Classifying metadata...
2026-07-28 20:25:55,408 INFO   -> fluor: YES | tf_loc: NO | tps: 180 | tf: UNKNOWN | condition: Aim:  pH calibration Strain:247   Comments:
Microscope setup for used channels:
GFPFast:
470nm LED
->Combiner cube:[480/40 exciter, 515LP dichroic->(455LP dichroic)]
->Filter block:[Dual GFP/mChe | channels: GFPFast;pHluorin405
2026-07-28 20:25:55,609 INFO [352/1845] Dataset 869: pH7_49_00
2026-07-28 20:25:55,622 INFO   Reading metadata annotations...
2026-07-28 20:25:55,903 INFO   Classifying metadata...
2026-07-28 20:26:01,946 INFO   -> fluor: YES | tf_loc: NO | tps: 180 | tf: UNKNOWN | condition: Aim:  pH calibration Strain:247   Comments:
Microscope setup for used channels:
GFPFast:
470nm LED
->Combiner cube:[480/40 exciter, 515LP dichroic->(455LP dichroic)]
->Filter block:[Dual GFP/mChe | channels: GFPFast;pHluorin405
2026-07-28 20:26:02,146 INFO [353/1845] Dataset 870: pH7_49_01
2026-07-28 20:26:02,159 INFO   Reading metadata annotations...
2026-07-28 20:26:02,369 INFO   Classifying metadata...
2026-07-28 20:26:05,387 INFO   -> fluor: YES | tf_loc: NO | tps: 180 | tf: UNKNOWN | condition: Aim:  pH calibration Strain:247   Comments:
Microscope setup for used channels:
GFPFast:
470nm LED
->Combiner cube:[480/40 exciter, 515LP dichroic->(455LP dichroic)]
->Filter block:[Dual GFP/mChe | channels: GFPFast;pHluorin405
2026-07-28 20:26:05,588 INFO [354/1845] Dataset 871: pH7_75_00
2026-07-28 20:26:05,601 INFO   Reading metadata annotations...
2026-07-28 20:26:05,910 INFO   Classifying metadata...
2026-07-28 20:26:09,392 INFO   -> fluor: YES | tf_loc: NO | tps: 180 | tf: UNKNOWN | condition: Aim:  pH calibration Strain:247   Comments:
Microscope setup for used channels:
GFPFast:
470nm LED
->Combiner cube:[480/40 exciter, 515LP dichroic->(455LP dichroic)]
->Filter block:[Dual GFP/mChe | channels: GFPFast;pHluorin405
2026-07-28 20:26:09,593 INFO [355/1845] Dataset 872: pH7_75_01
2026-07-28 20:26:09,606 INFO   Reading metadata annotations...
2026-07-28 20:26:09,889 INFO   Classifying metadata...
2026-07-28 20:26:12,883 INFO   -> fluor: YES | tf_loc: NO | tps: 180 | tf: UNKNOWN | condition: Aim:  pH calibration Strain:247   Comments:
Microscope setup for used channels:
GFPFast:
470nm LED
->Combiner cube:[480/40 exciter, 515LP dichroic->(455LP dichroic)]
->Filter block:[Dual GFP/mChe | channels: GFPFast;pHluorin405
2026-07-28 20:26:13,083 INFO [356/1845] Dataset 873: pH7_99_00
2026-07-28 20:26:13,096 INFO   Reading metadata annotations...
2026-07-28 20:26:13,281 INFO   Classifying metadata...
2026-07-28 20:26:16,373 INFO   -> fluor: YES | tf_loc: NO | tps: 180 | tf: UNKNOWN | condition: Aim:  pH calibration Strain:247   Comments:
Microscope setup for used channels:
GFPFast:
470nm LED
->Combiner cube:[480/40 exciter, 515LP dichroic->(455LP dichroic)]
->Filter block:[Dual GFP/mChe | channels: GFPFast;pHluorin405
2026-07-28 20:26:16,573 INFO [357/1845] Dataset 874: pH7_99_01
2026-07-28 20:26:16,586 INFO   Reading metadata annotations...
2026-07-28 20:26:16,803 INFO   Classifying metadata...
2026-07-28 20:26:19,807 INFO   -> fluor: YES | tf_loc: NO | tps: 180 | tf: UNKNOWN | condition: Aim:  pH calibration Strain:247   Comments:
Microscope setup for used channels:
GFPFast:
470nm LED
->Combiner cube:[480/40 exciter, 515LP dichroic->(455LP dichroic)]
->Filter block:[Dual GFP/mChe | channels: GFPFast;pHluorin405
2026-07-28 20:26:20,007 INFO [358/1845] Dataset 875: pHluorin_Volttests_03
2026-07-28 20:26:20,014 INFO   Reading metadata annotations...
2026-07-28 20:26:20,311 WARNING   Truncated large annotation(s): phluorin_volttestslog.txt
2026-07-28 20:26:20,311 INFO   Classifying metadata...
2026-07-28 20:26:28,589 INFO   -> fluor: YES | tf_loc: NO | tps: 180 | tf: UNKNOWN | condition: Aim:  Determine the optimal voltage for phluorin on Batman Strain:  247 Comments:  Voltage varies by position:
1-2 - 0.1
3-4 - 0.2
5-6 - 0.4
7-8 - 0.8
9-10 - 1

This is implemented by an edit o | channels: GFPFast;pHluorin405
2026-07-28 20:26:28,790 INFO [359/1845] Dataset 876: Nha1col1_00
2026-07-28 20:26:28,803 INFO   Reading metadata annotations...
2026-07-28 20:26:29,056 INFO   Classifying metadata...
2026-07-28 20:26:31,996 INFO   -> fluor: YES | tf_loc: NO | tps: 180 | tf: UNKNOWN | condition: Aim:   Strain:   Comments:   
Microscope setup for used channels:
Brightfield:
White LED
->(Polariser + Prism + condenser)]
->Filter block:[Dual GFP/mCherry exciter (59022x),Dual dichroic (89021b | channels: GFPFast;pHluorin405
2026-07-28 20:26:32,196 INFO [360/1845] Dataset 877: Nha1col1_01
2026-07-28 20:26:32,208 INFO   Reading metadata annotations...
2026-07-28 20:26:32,471 INFO   Classifying metadata...
2026-07-28 20:26:35,399 INFO   -> fluor: YES | tf_loc: NO | tps: 180 | tf: UNKNOWN | condition: Aim:   Strain:   Comments:   
Microscope setup for used channels:
Brightfield:
White LED
->(Polariser + Prism + condenser)]
->Filter block:[Dual GFP/mCherry exciter (59022x),Dual dichroic (89021b | channels: GFPFast;pHluorin405
2026-07-28 20:26:35,600 INFO [361/1845] Dataset 878: tok6col1_00
2026-07-28 20:26:35,613 INFO   Reading metadata annotations...
2026-07-28 20:26:35,877 INFO   Classifying metadata...
2026-07-28 20:26:39,311 INFO   -> fluor: YES | tf_loc: NO | tps: 180 | tf: UNKNOWN | condition: Aim:   Strain:   Comments:   
Microscope setup for used channels:
Brightfield:
White LED
->(Polariser + Prism + condenser)]
->Filter block:[Dual GFP/mCherry exciter (59022x),Dual dichroic (89021b | channels: GFPFast;pHluorin405
2026-07-28 20:26:39,512 INFO [362/1845] Dataset 879: tok6col1_01
2026-07-28 20:26:39,525 INFO   Reading metadata annotations...
2026-07-28 20:26:39,701 INFO   Classifying metadata...
2026-07-28 20:26:43,337 INFO   -> fluor: YES | tf_loc: NO | tps: 180 | tf: UNKNOWN | condition: Aim:   Strain:   Comments:   
Microscope setup for used channels:
Brightfield:
White LED
->(Polariser + Prism + condenser)]
->Filter block:[Dual GFP/mCherry exciter (59022x),Dual dichroic (89021b | channels: GFPFast;pHluorin405
2026-07-28 20:26:43,537 INFO [363/1845] Dataset 880: trk1col1_00
2026-07-28 20:26:43,551 INFO   Reading metadata annotations...
2026-07-28 20:26:43,675 INFO   Classifying metadata...
2026-07-28 20:26:46,683 INFO   -> fluor: YES | tf_loc: NO | tps: 180 | tf: UNKNOWN | condition: Aim:   Strain:   Comments:   
Microscope setup for used channels:
Brightfield:
White LED
->(Polariser + Prism + condenser)]
->Filter block:[Dual GFP/mCherry exciter (59022x),Dual dichroic (89021b | channels: GFPFast;pHluorin405
2026-07-28 20:26:46,883 INFO [364/1845] Dataset 881: trk1col1_01
2026-07-28 20:26:46,896 INFO   Reading metadata annotations...
2026-07-28 20:26:47,132 INFO   Classifying metadata...
2026-07-28 20:26:58,149 INFO   -> fluor: YES | tf_loc: NO | tps: 180 | tf: UNKNOWN | condition: Aim:   Strain:   Comments:   
Microscope setup for used channels:
Brightfield:
White LED
->(Polariser + Prism + condenser)]
->Filter block:[Dual GFP/mCherry exciter (59022x),Dual dichroic (89021b | channels: GFPFast;pHluorin405
2026-07-28 20:26:58,350 INFO [365/1845] Dataset 882: Trk2col1_00
2026-07-28 20:26:58,363 INFO   Reading metadata annotations...
2026-07-28 20:26:58,643 INFO   Classifying metadata...
2026-07-28 20:27:03,304 INFO   -> fluor: YES | tf_loc: NO | tps: 180 | tf: UNKNOWN | condition: Aim:   Strain:   Comments:   
Microscope setup for used channels:
Brightfield:
White LED
->(Polariser + Prism + condenser)]
->Filter block:[Dual GFP/mCherry exciter (59022x),Dual dichroic (89021b | channels: GFPFast;pHluorin405
2026-07-28 20:27:03,504 INFO [366/1845] Dataset 883: Trk2col1_01
2026-07-28 20:27:03,517 INFO   Reading metadata annotations...
2026-07-28 20:27:03,718 INFO   Classifying metadata...
2026-07-28 20:27:06,839 INFO   -> fluor: YES | tf_loc: NO | tps: 180 | tf: UNKNOWN | condition: Aim:   Strain:   Comments:   
Microscope setup for used channels:
Brightfield:
White LED
->(Polariser + Prism + condenser)]
->Filter block:[Dual GFP/mCherry exciter (59022x),Dual dichroic (89021b | channels: GFPFast;pHluorin405
2026-07-28 20:27:07,040 INFO [367/1845] Dataset 884: 5_86_00
2026-07-28 20:27:07,053 INFO   Reading metadata annotations...
2026-07-28 20:27:07,330 INFO   Classifying metadata...
2026-07-28 20:27:10,292 INFO   -> fluor: YES | tf_loc: NO | tps: 180 | tf: UNKNOWN | condition: Aim:   pH calibratiopn Strain:  247/365 Comments:
Microscope setup for used channels:
Brightfield:
White LED
->(Polariser + Prism + condenser)]
->Filter block:[Dual GFP/mCherry exciter (59022x),D | channels: GFPFast;pHluorin405
2026-07-28 20:27:10,492 INFO [368/1845] Dataset 885: 5_86_01
2026-07-28 20:27:10,500 INFO   Reading metadata annotations...
2026-07-28 20:27:10,646 INFO   Classifying metadata...
2026-07-28 20:27:13,731 INFO   -> fluor: YES | tf_loc: NO | tps: 180 | tf: UNKNOWN | condition: Aim:   pH calibratiopn Strain:  247/365 Comments:
Microscope setup for used channels:
Brightfield:
White LED
->(Polariser + Prism + condenser)]
->Filter block:[Dual GFP/mCherry exciter (59022x),D | channels: GFPFast;pHluorin405
2026-07-28 20:27:13,932 INFO [369/1845] Dataset 886: 6_24_00
2026-07-28 20:27:13,944 INFO   Reading metadata annotations...
2026-07-28 20:27:14,120 INFO   Classifying metadata...
2026-07-28 20:27:17,226 INFO   -> fluor: YES | tf_loc: NO | tps: 180 | tf: UNKNOWN | condition: Aim:   pH calibratiopn Strain:  247/365 Comments:
Microscope setup for used channels:
Brightfield:
White LED
->(Polariser + Prism + condenser)]
->Filter block:[Dual GFP/mCherry exciter (59022x),D | channels: GFPFast;pHluorin405
2026-07-28 20:27:17,427 INFO [370/1845] Dataset 887: 6_24_01
2026-07-28 20:27:17,440 INFO   Reading metadata annotations...
2026-07-28 20:27:17,700 INFO   Classifying metadata...
2026-07-28 20:27:21,312 INFO   -> fluor: YES | tf_loc: NO | tps: 180 | tf: UNKNOWN | condition: Aim:   pH calibratiopn Strain:  247/365 Comments:
Microscope setup for used channels:
Brightfield:
White LED
->(Polariser + Prism + condenser)]
->Filter block:[Dual GFP/mCherry exciter (59022x),D | channels: GFPFast;pHluorin405
2026-07-28 20:27:21,513 INFO [371/1845] Dataset 888: 6_49_00
2026-07-28 20:27:21,520 INFO   Reading metadata annotations...
2026-07-28 20:27:21,697 INFO   Classifying metadata...
2026-07-28 20:27:25,246 INFO   -> fluor: YES | tf_loc: NO | tps: 180 | tf: UNKNOWN | condition: Aim:   pH calibratiopn Strain:  247/365 Comments:
Microscope setup for used channels:
Brightfield:
White LED
->(Polariser + Prism + condenser)]
->Filter block:[Dual GFP/mCherry exciter (59022x),D | channels: GFPFast;pHluorin405
2026-07-28 20:27:25,447 INFO [372/1845] Dataset 889: 6_49_01
2026-07-28 20:27:25,460 INFO   Reading metadata annotations...
2026-07-28 20:27:25,750 INFO   Classifying metadata...
2026-07-28 20:27:28,742 INFO   -> fluor: YES | tf_loc: NO | tps: 180 | tf: UNKNOWN | condition: Aim:   pH calibratiopn Strain:  247/365 Comments:
Microscope setup for used channels:
Brightfield:
White LED
->(Polariser + Prism + condenser)]
->Filter block:[Dual GFP/mCherry exciter (59022x),D | channels: GFPFast;pHluorin405
2026-07-28 20:27:28,942 INFO [373/1845] Dataset 890: 6_76_00
2026-07-28 20:27:28,955 INFO   Reading metadata annotations...
2026-07-28 20:27:29,236 INFO   Classifying metadata...
2026-07-28 20:27:32,619 INFO   -> fluor: YES | tf_loc: NO | tps: 180 | tf: UNKNOWN | condition: Aim:   pH calibratiopn Strain:  247/365 Comments:
Microscope setup for used channels:
Brightfield:
White LED
->(Polariser + Prism + condenser)]
->Filter block:[Dual GFP/mCherry exciter (59022x),D | channels: GFPFast;pHluorin405
2026-07-28 20:27:32,820 INFO [374/1845] Dataset 891: 6_76_01
2026-07-28 20:27:32,833 INFO   Reading metadata annotations...
2026-07-28 20:27:33,103 INFO   Classifying metadata...
2026-07-28 20:27:38,975 INFO   -> fluor: YES | tf_loc: NO | tps: 180 | tf: UNKNOWN | condition: Aim:   pH calibratiopn Strain:  247/365 Comments:
Microscope setup for used channels:
Brightfield:
White LED
->(Polariser + Prism + condenser)]
->Filter block:[Dual GFP/mCherry exciter (59022x),D | channels: GFPFast;pHluorin405
2026-07-28 20:27:39,176 INFO [375/1845] Dataset 892: 7_0wt_00
2026-07-28 20:27:39,189 INFO   Reading metadata annotations...
2026-07-28 20:27:39,448 INFO   Classifying metadata...
2026-07-28 20:27:42,660 INFO   -> fluor: YES | tf_loc: NO | tps: 180 | tf: UNKNOWN | condition: Aim:   pH calibratiopn Strain:  247/365 Comments:
Microscope setup for used channels:
Brightfield:
White LED
->(Polariser + Prism + condenser)]
->Filter block:[Dual GFP/mCherry exciter (59022x),D | channels: GFPFast;pHluorin405
2026-07-28 20:27:42,861 INFO [376/1845] Dataset 893: 7_0wt_01
2026-07-28 20:27:42,874 INFO   Reading metadata annotations...
2026-07-28 20:27:43,140 INFO   Classifying metadata...
2026-07-28 20:27:46,263 INFO   -> fluor: YES | tf_loc: NO | tps: 180 | tf: UNKNOWN | condition: Aim:   pH calibratiopn Strain:  247/365 Comments:
Microscope setup for used channels:
Brightfield:
White LED
->(Polariser + Prism + condenser)]
->Filter block:[Dual GFP/mCherry exciter (59022x),D | channels: GFPFast;pHluorin405
2026-07-28 20:27:46,464 INFO [377/1845] Dataset 894: 7_0_00
2026-07-28 20:27:46,477 INFO   Reading metadata annotations...
2026-07-28 20:27:46,755 INFO   Classifying metadata...
2026-07-28 20:27:49,838 INFO   -> fluor: YES | tf_loc: NO | tps: 180 | tf: UNKNOWN | condition: Aim:   pH calibratiopn Strain:  247/365 Comments:
Microscope setup for used channels:
Brightfield:
White LED
->(Polariser + Prism + condenser)]
->Filter block:[Dual GFP/mCherry exciter (59022x),D | channels: GFPFast;pHluorin405
2026-07-28 20:27:50,038 INFO [378/1845] Dataset 895: 7_0_01
2026-07-28 20:27:50,043 INFO   Reading metadata annotations...
2026-07-28 20:27:50,186 INFO   Classifying metadata...
2026-07-28 20:27:52,899 INFO   -> fluor: YES | tf_loc: NO | tps: 180 | tf: UNKNOWN | condition: Aim:   pH calibratiopn Strain:  247/365 Comments:
Microscope setup for used channels:
Brightfield:
White LED
->(Polariser + Prism + condenser)]
->Filter block:[Dual GFP/mCherry exciter (59022x),D | channels: GFPFast;pHluorin405
2026-07-28 20:27:53,099 INFO [379/1845] Dataset 896: 7_24_00
2026-07-28 20:27:53,112 INFO   Reading metadata annotations...
2026-07-28 20:27:53,420 INFO   Classifying metadata...
2026-07-28 20:27:56,529 INFO   -> fluor: YES | tf_loc: NO | tps: 180 | tf: UNKNOWN | condition: Aim:   pH calibratiopn Strain:  247/365 Comments:
Microscope setup for used channels:
Brightfield:
White LED
->(Polariser + Prism + condenser)]
->Filter block:[Dual GFP/mCherry exciter (59022x),D | channels: GFPFast;pHluorin405
2026-07-28 20:27:56,730 INFO [380/1845] Dataset 897: 7_24_01
2026-07-28 20:27:56,743 INFO   Reading metadata annotations...
2026-07-28 20:27:56,973 INFO   Classifying metadata...
2026-07-28 20:28:00,229 INFO   -> fluor: YES | tf_loc: NO | tps: 180 | tf: UNKNOWN | condition: Aim:   pH calibratiopn Strain:  247/365 Comments:
Microscope setup for used channels:
Brightfield:
White LED
->(Polariser + Prism + condenser)]
->Filter block:[Dual GFP/mCherry exciter (59022x),D | channels: GFPFast;pHluorin405
2026-07-28 20:28:00,430 INFO [381/1845] Dataset 898: 7_49_00
2026-07-28 20:28:00,437 INFO   Reading metadata annotations...
2026-07-28 20:28:00,610 INFO   Classifying metadata...
2026-07-28 20:28:03,621 INFO   -> fluor: YES | tf_loc: NO | tps: 180 | tf: UNKNOWN | condition: Aim:   pH calibratiopn Strain:  247/365 Comments:
Microscope setup for used channels:
Brightfield:
White LED
->(Polariser + Prism + condenser)]
->Filter block:[Dual GFP/mCherry exciter (59022x),D | channels: GFPFast;pHluorin405
2026-07-28 20:28:03,821 INFO [382/1845] Dataset 899: 7_49_01
2026-07-28 20:28:03,835 INFO   Reading metadata annotations...
2026-07-28 20:28:04,123 INFO   Classifying metadata...
2026-07-28 20:28:06,903 INFO   -> fluor: YES | tf_loc: NO | tps: 180 | tf: UNKNOWN | condition: Aim:   pH calibratiopn Strain:  247/365 Comments:
Microscope setup for used channels:
Brightfield:
White LED
->(Polariser + Prism + condenser)]
->Filter block:[Dual GFP/mCherry exciter (59022x),D | channels: GFPFast;pHluorin405
2026-07-28 20:28:07,103 INFO [383/1845] Dataset 900: 7_49_02
2026-07-28 20:28:07,116 INFO   Reading metadata annotations...
2026-07-28 20:28:07,296 INFO   Classifying metadata...
2026-07-28 20:28:09,912 INFO   -> fluor: YES | tf_loc: NO | tps: 180 | tf: UNKNOWN | condition: Aim:   pH calibratiopn Strain:  247/365 Comments:
Microscope setup for used channels:
Brightfield:
White LED
->(Polariser + Prism + condenser)]
->Filter block:[Dual GFP/mCherry exciter (59022x),D | channels: GFPFast;pHluorin405
2026-07-28 20:28:10,112 INFO [384/1845] Dataset 901: 7_49_03
2026-07-28 20:28:10,120 INFO   Reading metadata annotations...
2026-07-28 20:28:10,291 INFO   Classifying metadata...
2026-07-28 20:28:13,254 INFO   -> fluor: YES | tf_loc: NO | tps: 180 | tf: UNKNOWN | condition: Aim:   pH calibratiopn Strain:  247/365 Comments:
Microscope setup for used channels:
Brightfield:
White LED
->(Polariser + Prism + condenser)]
->Filter block:[Dual GFP/mCherry exciter (59022x),D | channels: GFPFast;pHluorin405
2026-07-28 20:28:13,455 INFO [385/1845] Dataset 902: 7_99_00
2026-07-28 20:28:13,467 INFO   Reading metadata annotations...
2026-07-28 20:28:13,698 INFO   Classifying metadata...
2026-07-28 20:28:16,738 INFO   -> fluor: YES | tf_loc: NO | tps: 180 | tf: UNKNOWN | condition: Aim:   pH calibratiopn Strain:  247/365 Comments:
Microscope setup for used channels:
Brightfield:
White LED
->(Polariser + Prism + condenser)]
->Filter block:[Dual GFP/mCherry exciter (59022x),D | channels: GFPFast;pHluorin405
2026-07-28 20:28:16,939 INFO [386/1845] Dataset 903: 7_99_01
2026-07-28 20:28:16,951 INFO   Reading metadata annotations...
2026-07-28 20:28:17,217 INFO   Classifying metadata...
2026-07-28 20:28:20,442 INFO   -> fluor: YES | tf_loc: NO | tps: 180 | tf: UNKNOWN | condition: Aim:   pH calibratiopn Strain:  247/365 Comments:
Microscope setup for used channels:
Brightfield:
White LED
->(Polariser + Prism + condenser)]
->Filter block:[Dual GFP/mCherry exciter (59022x),D | channels: GFPFast;pHluorin405
2026-07-28 20:28:20,643 INFO [387/1845] Dataset 904: 10xgraticule_00
2026-07-28 20:28:20,650 INFO   Reading metadata annotations...
2026-07-28 20:28:20,792 INFO   Classifying metadata...
2026-07-28 20:28:24,744 INFO   -> fluor: NO | tf_loc: NO | tps: 180 | tf: UNKNOWN | condition: Aim:   Strain:   Comments:   
Microscope setup for used channels:
Brightfield:
White LED
->(Polariser + Prism + condenser)]
->Filter block:[Dual GFP/mCherry exciter (59022x),Dual dichroic (89021b | channels: Brightfield
2026-07-28 20:28:24,944 INFO [388/1845] Dataset 905: 60xgraticule_00
2026-07-28 20:28:24,958 INFO   Reading metadata annotations...
2026-07-28 20:28:25,175 INFO   Classifying metadata...
2026-07-28 20:28:29,916 INFO   -> fluor: NO | tf_loc: NO | tps: 180 | tf: UNKNOWN | condition: Aim:   Strain:   Comments:   
Microscope setup for used channels:
Brightfield:
White LED
->(Polariser + Prism + condenser)]
->Filter block:[Dual GFP/mCherry exciter (59022x),Dual dichroic (89021b | channels: Brightfield
2026-07-28 20:28:30,117 INFO [389/1845] Dataset 906: 60xgraticule_01
2026-07-28 20:28:30,124 INFO   Reading metadata annotations...
2026-07-28 20:28:30,271 INFO   Classifying metadata...
2026-07-28 20:28:34,275 INFO   -> fluor: NO | tf_loc: NO | tps: 180 | tf: UNKNOWN | condition: Aim:   Strain:   Comments:   
Microscope setup for used channels:
Brightfield:
White LED
->(Polariser + Prism + condenser)]
->Filter block:[Dual GFP/mCherry exciter (59022x),Dual dichroic (89021b | channels: Brightfield
2026-07-28 20:28:34,476 INFO [390/1845] Dataset 907: tubingswitch_test_00
2026-07-28 20:28:34,489 INFO   Reading metadata annotations...
2026-07-28 20:28:34,745 INFO   Classifying metadata...
2026-07-28 20:28:38,095 INFO   -> fluor: YES | tf_loc: NO | tps: 180 | tf: UNKNOWN | condition: Aim: Protocol for switching with T-junction (single inlet) using tubing that's available  Strain: none   Comments:  Metal tube removed from a blunt syringe tip, guage 25 (red). | channels: GFPFast
2026-07-28 20:28:38,295 INFO [391/1845] Dataset 908: tubingswitch_test_01
2026-07-28 20:28:38,309 INFO   Reading metadata annotations...
2026-07-28 20:28:38,632 WARNING   Truncated large annotation(s): tubingswitch_testlog.txt
2026-07-28 20:28:38,632 INFO   Classifying metadata...
2026-07-28 20:28:45,632 INFO   -> fluor: YES | tf_loc: NO | tps: 180 | tf: UNKNOWN | condition: Aim: Protocol for switching with T-junction (single inlet) using tubing that's available  Strain: none   Comments:  Metal tube removed from a blunt syringe tip, guage 25 (red). | channels: GFPFast
2026-07-28 20:28:45,832 INFO [392/1845] Dataset 930: pHl_hightoLow_04
2026-07-28 20:28:45,845 INFO   Reading metadata annotations...
2026-07-28 20:28:46,279 WARNING   Truncated large annotation(s): phl_hightolowlog.txt
2026-07-28 20:28:46,279 INFO   Classifying metadata...
2026-07-28 20:28:54,585 INFO   -> fluor: YES | tf_loc: NO | tps: 180 | tf: UNKNOWN | condition: 2% glucose to 0% sugar | channels: GFP;pHluorin405
2026-07-28 20:28:54,785 INFO [393/1845] Dataset 931: 2tozero_00
2026-07-28 20:28:54,800 INFO   Reading metadata annotations...
2026-07-28 20:28:55,230 WARNING   Truncated large annotation(s): 2tozerolog.txt
2026-07-28 20:28:55,230 INFO   Classifying metadata...
2026-07-28 20:29:04,348 INFO   -> fluor: YES | tf_loc: NO | tps: 200 | tf: UNKNOWN | condition: glucose to zero glucose | channels: cy5;GFP;pHluorin405
2026-07-28 20:29:04,549 INFO [394/1845] Dataset 932: Stelling_induction_00
2026-07-28 20:29:04,563 INFO   Reading metadata annotations...
2026-07-28 20:29:04,993 WARNING   Truncated large annotation(s): stelling_inductionlog.txt
2026-07-28 20:29:04,993 INFO   Classifying metadata...
2026-07-28 20:29:15,376 INFO   -> fluor: YES | tf_loc: NO | tps: 200 | tf: UNKNOWN | condition: Aim:   Demonstrate induction of the Stelling permease circuit with IPTG Strain: 524 Comments:
Omero project:
Physiology
Omero tags:
22-Sep-2016,Batman,524,mCitrine,
Omero tag descriptions:
,,Str | channels: Citrine
2026-07-28 20:29:15,577 INFO [395/1845] Dataset 909: tubingswitch_test_00
2026-07-28 20:29:15,591 INFO   Reading metadata annotations...
2026-07-28 20:29:15,755 INFO   Classifying metadata...
2026-07-28 20:29:18,736 INFO   -> fluor: YES | tf_loc: NO | tps: 180 | tf: UNKNOWN | condition: Aim: Protocol for switching with T-junction (single inlet) using tubing that's available  Strain: none   Comments:  Metal tubes from previous experiment replaced with short lengths of  the standard tu | channels: GFPFast
2026-07-28 20:29:18,937 INFO [396/1845] Dataset 910: tubingswitch_test_01
2026-07-28 20:29:18,950 INFO   Reading metadata annotations...
2026-07-28 20:29:19,199 INFO   Classifying metadata...
2026-07-28 20:29:22,197 INFO   -> fluor: YES | tf_loc: NO | tps: 180 | tf: UNKNOWN | condition: Aim: Protocol for switching with T-junction (single inlet) using tubing that's available  Strain: none   Comments:  Metal tubes from previous experiment replaced with short lengths of  the standard tu | channels: GFPFast
2026-07-28 20:29:22,397 INFO [397/1845] Dataset 911: tubingswitch_test_02
2026-07-28 20:29:22,410 INFO   Reading metadata annotations...
2026-07-28 20:29:22,680 WARNING   Truncated large annotation(s): tubingswitch_testlog.txt
2026-07-28 20:29:22,680 INFO   Classifying metadata...
2026-07-28 20:29:29,705 INFO   -> fluor: YES | tf_loc: NO | tps: 180 | tf: UNKNOWN | condition: Aim: Protocol for switching with T-junction (single inlet) using tubing that's available  Strain: none   Comments:  Metal tubes from previous experiment replaced with short lengths of  the standard tu | channels: GFPFast
2026-07-28 20:29:29,905 INFO [398/1845] Dataset 912: tubingswitch_test_00
2026-07-28 20:29:29,918 INFO   Reading metadata annotations...
2026-07-28 20:29:30,164 WARNING   Truncated large annotation(s): tubingswitch_testlog.txt
2026-07-28 20:29:30,164 INFO   Classifying metadata...
2026-07-28 20:29:36,719 INFO   -> fluor: YES | tf_loc: NO | tps: 180 | tf: UNKNOWN | condition: Aim: Protocol for switching with T-junction (single inlet) using tubing that's available  Strain: none   Comments:  Smith medical tubing to increase resistance in the side arms of the T-junction from  | channels: GFPFast
2026-07-28 20:29:36,919 INFO [399/1845] Dataset 913: tubingswitch_test_00
2026-07-28 20:29:36,932 INFO   Reading metadata annotations...
2026-07-28 20:29:37,201 WARNING   Truncated large annotation(s): tubingswitch_testlog.txt
2026-07-28 20:29:37,201 INFO   Classifying metadata...
2026-07-28 20:29:44,377 INFO   -> fluor: YES | tf_loc: NO | tps: 180 | tf: UNKNOWN | condition: Aim: Protocol for switching with T-junction (single inlet) using tubing that's available  Strain: none   Comments:  Cole parmer tubing to increase resistance in the side arms of the T-junction from pr | channels: GFPFast
2026-07-28 20:29:44,578 INFO [400/1845] Dataset 914: KCl_pH_00
2026-07-28 20:29:44,591 INFO   Reading metadata annotations...
2026-07-28 20:29:44,805 INFO   Classifying metadata...
2026-07-28 20:29:48,645 INFO   -> fluor: YES | tf_loc: NO | tps: 240 | tf: UNKNOWN | condition: SC (-Leu) to SC (-Leu) + 0.2M KCl | channels: GFPFast;pHluorin405;cy5
2026-07-28 20:29:48,846 INFO [401/1845] Dataset 915: KCl_pH_01
2026-07-28 20:29:48,859 INFO   Reading metadata annotations...
2026-07-28 20:29:49,154 INFO   Classifying metadata...
2026-07-28 20:29:53,056 INFO   -> fluor: YES | tf_loc: NO | tps: 240 | tf: UNKNOWN | condition: SC (-Leu) to SC (-Leu) + 0.2M KCl | channels: GFPFast;cy5;pHluorin405
2026-07-28 20:29:53,257 INFO [402/1845] Dataset 916: KCl_pH_02
2026-07-28 20:29:53,268 INFO   Reading metadata annotations...
2026-07-28 20:29:53,287 WARNING   No .log/.txt/Acq.txt annotation found for dataset 916.
2026-07-28 20:29:53,287 INFO   Classifying metadata...
2026-07-28 20:29:56,158 INFO   -> fluor: NO | tf_loc: NO | tps:  | tf: UNKNOWN | condition:  | channels: UNKNOWN
2026-07-28 20:29:56,358 INFO [403/1845] Dataset 917: starve_twice_glu_2_0_2_0_ura7ha_ura7hr_ura8_ura8ha_ura8hr_00
2026-07-28 20:29:56,371 INFO   Reading metadata annotations...
2026-07-28 20:29:56,397 WARNING   No .log/.txt/Acq.txt annotation found for dataset 917.
2026-07-28 20:29:56,397 INFO   Classifying metadata...
2026-07-28 20:29:58,293 INFO   -> fluor: NO | tf_loc: NO | tps:  | tf: UNKNOWN | condition:  | channels: UNKNOWN
2026-07-28 20:29:58,494 INFO [404/1845] Dataset 918: starve_2_0_2_0_ura7ha_ura7hr_ura8_ura8ha_ura8hr_00
2026-07-28 20:29:58,507 INFO   Reading metadata annotations...
2026-07-28 20:29:58,920 WARNING   Truncated large annotation(s): starve_2_0_2_0_ura7ha_ura7hr_ura8_ura8ha_ura8hrlog.txt
2026-07-28 20:29:58,921 INFO   Classifying metadata...
2026-07-28 20:30:06,050 INFO   -> fluor: YES | tf_loc: NO | tps: 240 | tf: UNKNOWN | condition: Aim: Quantify aggregation and disaggregation dynamics in yeast cells whose CTP synthase proteins are tagged with GFP and some strains with mutated ura7 or ura8 genes. | channels: GFP
2026-07-28 20:30:06,251 INFO [405/1845] Dataset 919: step1M_WTPbs2_02
2026-07-28 20:30:06,264 INFO   Reading metadata annotations...
2026-07-28 20:30:06,282 WARNING   No .log/.txt/Acq.txt annotation found for dataset 919.
2026-07-28 20:30:06,282 INFO   Classifying metadata...
2026-07-28 20:30:06,283 INFO   -> fluor: NO | tf_loc: YES | tps:  | tf: Pbs2 | condition:  | channels: UNKNOWN
2026-07-28 20:30:06,483 INFO [406/1845] Dataset 920: flavin_by4742swain_by4742morgan_tsa1tsa2morgan_02_00
2026-07-28 20:30:06,496 INFO   Reading metadata annotations...
2026-07-28 20:30:06,780 INFO   Classifying metadata...
2026-07-28 20:30:10,595 INFO   -> fluor: YES | tf_loc: NO | tps: 240 | tf: UNKNOWN | condition: Aim: Repeat 2023-02-03, which failed, i.e. | channels: Flavin
2026-07-28 20:30:10,796 INFO [407/1845] Dataset 921: aggregates_starve_twice_glu_2_0_gcd2_gcd6_gcd7_gcn3_sui2_00
2026-07-28 20:30:10,803 INFO   Reading metadata annotations...
2026-07-28 20:30:11,052 WARNING   Truncated large annotation(s): aggregates_starve_twice_glu_2_0_gcd2_gcd6_gcd7_gcn3_sui2log.txt
2026-07-28 20:30:11,053 INFO   Classifying metadata...
2026-07-28 20:30:19,410 INFO   -> fluor: YES | tf_loc: NO | tps: 240 | tf: Gcd2;Gcd6;Gcd7;Gcn3;Sui2 | condition: 2% Glucose to 0% Glucose | channels: GFP
2026-07-28 20:30:19,610 INFO [408/1845] Dataset 922: pyrToGalplusGlc_00
2026-07-28 20:30:19,623 INFO   Reading metadata annotations...
2026-07-28 20:30:19,961 WARNING   Truncated large annotation(s): pyrtogalplusglclog.txt
2026-07-28 20:30:19,962 INFO   Classifying metadata...
2026-07-28 20:30:29,657 INFO   -> fluor: YES | tf_loc: NO | tps: 180 | tf: UNKNOWN | condition: 2% pyruvate to 2% galactose + 0.1% glucose | channels: cy5;GFP
2026-07-28 20:30:29,857 INFO [409/1845] Dataset 1034: pH6_24_01
2026-07-28 20:30:29,871 INFO   Reading metadata annotations...
2026-07-28 20:30:30,101 INFO   Classifying metadata...
2026-07-28 20:30:33,482 INFO   -> fluor: YES | tf_loc: NO | tps: 180 | tf: UNKNOWN | condition: Aim:   Strain:   Comments:   
Microscope setup for used channels:
GFPFast:
470nm LED
->Combiner cube:[480/40 exciter, 515LP dichroic->(455LP dichroic)]
->Filter block:[Dual GFP/mCherry exciter (5 | channels: GFPFast;pHluorin405
2026-07-28 20:30:33,682 INFO [410/1845] Dataset 923: sgo1_00
2026-07-28 20:30:33,696 INFO   Reading metadata annotations...
2026-07-28 20:30:33,994 INFO   Classifying metadata...
2026-07-28 20:30:34,888 INFO   -> fluor: YES | tf_loc: YES | tps: 300 | tf: Bub1 | condition: Aim: dwell time measurement of Bub1-GFP in the kinetochore in sgo1 mutant strains. | channels: cy5;GFP
2026-07-28 20:30:35,088 INFO [411/1845] Dataset 924: sgo1_01
2026-07-28 20:30:35,101 INFO   Reading metadata annotations...
2026-07-28 20:30:35,389 INFO   Classifying metadata...
2026-07-28 20:30:36,327 INFO   -> fluor: YES | tf_loc: YES | tps: 300 | tf: Bub1 | condition: Aim: dwell time measurement of Bub1-GFP in the kinetochore in sgo1 mutant strains. | channels: cy5;GFP
2026-07-28 20:30:36,527 INFO [412/1845] Dataset 925: sgo1_02
2026-07-28 20:30:36,540 INFO   Reading metadata annotations...
2026-07-28 20:30:36,876 WARNING   Truncated large annotation(s): sgo1log.txt
2026-07-28 20:30:36,876 INFO   Classifying metadata...
2026-07-28 20:30:41,645 INFO   -> fluor: YES | tf_loc: YES | tps: 300 | tf: Bub1 | condition: Aim: dwell time measurement of Bub1-GFP in the kinetochore in sgo1 mutant strains. | channels: cy5;GFP
2026-07-28 20:30:41,847 INFO [413/1845] Dataset 926: TFscreen1_00
2026-07-28 20:30:41,859 INFO   Reading metadata annotations...
2026-07-28 20:30:42,112 WARNING   Truncated large annotation(s): tfscreen1.log
2026-07-28 20:30:42,112 INFO   Classifying metadata...
2026-07-28 20:30:46,617 INFO   -> fluor: YES | tf_loc: YES | tps: 18 | tf: Msn2 | condition: 1% glucose in SC to 0.1% glucose in SC | channels: GFP;GFPFast;mCherry;cy5
2026-07-28 20:30:46,818 INFO [414/1845] Dataset 927: Msn2_glc_ramp_01
2026-07-28 20:30:46,831 INFO   Reading metadata annotations...
2026-07-28 20:30:46,853 WARNING   No .log/.txt/Acq.txt annotation found for dataset 927.
2026-07-28 20:30:46,854 INFO   Classifying metadata...
2026-07-28 20:30:46,854 INFO   -> fluor: NO | tf_loc: YES | tps:  | tf: Msn2 | condition:  | channels: UNKNOWN
2026-07-28 20:30:47,054 INFO [415/1845] Dataset 928: Msn2_glc_ramp_01
2026-07-28 20:30:47,067 INFO   Reading metadata annotations...
2026-07-28 20:30:47,430 WARNING   Truncated large annotation(s): msn2_glc_ramplog.txt
2026-07-28 20:30:47,430 INFO   Classifying metadata...
2026-07-28 20:30:52,508 INFO   -> fluor: YES | tf_loc: YES | tps: 192 | tf: Msn2 | condition: 2% glucose to 0% glucose | channels: GFP;cy5
2026-07-28 20:30:52,708 INFO [416/1845] Dataset 929: 2percentraf_phluorin_01
2026-07-28 20:30:52,721 INFO   Reading metadata annotations...
2026-07-28 20:30:53,240 WARNING   Truncated large annotation(s): 2percentraf_phluorinlog.txt
2026-07-28 20:30:53,240 INFO   Classifying metadata...
2026-07-28 20:31:00,828 INFO   -> fluor: YES | tf_loc: NO | tps: 200 | tf: UNKNOWN | condition: Aim:  pH measurement at different flow rates Strain: 246 Comments:
Omero project:
Physiology
Omero tags:
04-Oct-2016,Batgirl,Batgirl,pHluorin,
PFS is locked
Experiment started at:04-Oct-2016 18 | channels: pHluorin405;GFP
2026-07-28 20:31:01,029 INFO [417/1845] Dataset 1045: pH6_76_01
2026-07-28 20:31:01,039 INFO   Reading metadata annotations...
2026-07-28 20:31:01,193 INFO   Classifying metadata...
2026-07-28 20:31:04,814 INFO   -> fluor: YES | tf_loc: NO | tps: 180 | tf: UNKNOWN | condition: Aim:   Strain:   Comments:   
Microscope setup for used channels:
GFPFast:
470nm LED
->Combiner cube:[480/40 exciter, 515LP dichroic->(455LP dichroic)]
->Filter block:[Dual GFP/mCherry exciter (5 | channels: GFPFast;pHluorin405
2026-07-28 20:31:05,014 INFO [418/1845] Dataset 933: pHluorinswitch_00
2026-07-28 20:31:05,027 INFO   Reading metadata annotations...
2026-07-28 20:31:05,352 WARNING   Truncated large annotation(s): phluorinswitchlog.txt
2026-07-28 20:31:05,352 INFO   Classifying metadata...
2026-07-28 20:31:12,651 INFO   -> fluor: YES | tf_loc: NO | tps: 300 | tf: UNKNOWN | condition: 2% glucose to 0.1% glucose | channels: pHluorin405;GFP;cy5
2026-07-28 20:31:12,852 INFO [419/1845] Dataset 934: pH7_75_01
2026-07-28 20:31:12,862 INFO   Reading metadata annotations...
2026-07-28 20:31:12,960 INFO   Classifying metadata...
2026-07-28 20:31:16,749 INFO   -> fluor: YES | tf_loc: NO | tps: 180 | tf: UNKNOWN | condition: Aim: pH Calibration  Strain: 247 Comments:
Omero project:
Physiology
Omero tags:
03-Mar-2017,Batgirl,pHluorin,
PFS is locked
Experiment started at:03-Mar-2017 17:10:05 | channels: pHluorin405;GFP
2026-07-28 20:31:16,950 INFO [420/1845] Dataset 935: pH_7_25_00
2026-07-28 20:31:16,963 INFO   Reading metadata annotations...
2026-07-28 20:31:17,060 INFO   Classifying metadata...
2026-07-28 20:31:20,654 INFO   -> fluor: YES | tf_loc: NO | tps: 180 | tf: UNKNOWN | condition: Aim: pH Calibration  Strain: 247 Comments:
Omero project:
Physiology
Omero tags:
03-Mar-2017,Batgirl,pHluorin,
PFS is locked
Experiment started at:03-Mar-2017 17:03:37 | channels: pHluorin405;GFP
2026-07-28 20:31:20,854 INFO [421/1845] Dataset 936: pH_5_75_02
2026-07-28 20:31:20,862 INFO   Reading metadata annotations...
2026-07-28 20:31:20,975 INFO   Classifying metadata...
2026-07-28 20:31:24,063 INFO   -> fluor: YES | tf_loc: NO | tps: 180 | tf: UNKNOWN | condition: Aim: pH Calibration  Strain: 247 Comments:
Omero project:
Physiology
Omero tags:
03-Mar-2017,Batgirl,pHluorin,
PFS is locked
Experiment started at:03-Mar-2017 16:55:14 | channels: pHluorin405;GFP
2026-07-28 20:31:24,263 INFO [422/1845] Dataset 937: test_00
2026-07-28 20:31:24,276 INFO   Reading metadata annotations...
2026-07-28 20:31:24,489 INFO   Classifying metadata...
2026-07-28 20:31:28,144 INFO   -> fluor: YES | tf_loc: NO | tps: 180 | tf: UNKNOWN | condition: Aim: pH Calibration  Strain: 247 Comments:
Omero project:
Physiology
Omero tags:
03-Mar-2017,Batgirl,pHluorin,
PFS is locked
Experiment started at:03-Mar-2017 17:13:36 | channels: pHluorin405;GFP
2026-07-28 20:31:28,345 INFO [423/1845] Dataset 938: pH7_50_00
2026-07-28 20:31:28,358 INFO   Reading metadata annotations...
2026-07-28 20:31:28,568 INFO   Classifying metadata...
2026-07-28 20:31:31,557 INFO   -> fluor: YES | tf_loc: NO | tps: 180 | tf: UNKNOWN | condition: Aim: pH Calibration  Strain: 247 Comments:
Omero project:
Physiology
Omero tags:
03-Mar-2017,Batgirl,pHluorin,
PFS is locked
Experiment started at:03-Mar-2017 17:12:01 | channels: pHluorin405;GFP
2026-07-28 20:31:31,757 INFO [424/1845] Dataset 939: pH_5_75_01
2026-07-28 20:31:31,765 INFO   Reading metadata annotations...
2026-07-28 20:31:31,859 INFO   Classifying metadata...
2026-07-28 20:31:34,912 INFO   -> fluor: YES | tf_loc: NO | tps: 180 | tf: UNKNOWN | condition: Aim: pH Calibration  Strain: 247 Comments:
Omero project:
Physiology
Omero tags:
03-Mar-2017,Batgirl,pHluorin,
PFS is locked
Experiment started at:03-Mar-2017 16:54:34 | channels: pHluorin405;GFP
2026-07-28 20:31:35,112 INFO [425/1845] Dataset 940: pH_5_75_00
2026-07-28 20:31:35,125 INFO   Reading metadata annotations...
2026-07-28 20:31:35,332 INFO   Classifying metadata...
2026-07-28 20:31:38,176 INFO   -> fluor: YES | tf_loc: NO | tps: 180 | tf: UNKNOWN | condition: Aim: pH Calibration  Strain: 247 Comments:
Omero project:
Physiology
Omero tags:
03-Mar-2017,Batgirl,pHluorin,
PFS is locked
Experiment started at:03-Mar-2017 16:53:31 | channels: GFP;pHluorin405
2026-07-28 20:31:38,376 INFO [426/1845] Dataset 941: pH7_75_00
2026-07-28 20:31:38,389 INFO   Reading metadata annotations...
2026-07-28 20:31:38,506 INFO   Classifying metadata...
2026-07-28 20:31:41,890 INFO   -> fluor: YES | tf_loc: NO | tps: 180 | tf: UNKNOWN | condition: Aim: pH Calibration  Strain: 247 Comments:
Omero project:
Physiology
Omero tags:
03-Mar-2017,Batgirl,pHluorin,
PFS is locked
Experiment started at:03-Mar-2017 17:09:41 | channels: pHluorin405;GFP
2026-07-28 20:31:42,091 INFO [427/1845] Dataset 942: pH8_00_00
2026-07-28 20:31:42,104 INFO   Reading metadata annotations...
2026-07-28 20:31:42,310 INFO   Classifying metadata...
2026-07-28 20:31:44,853 INFO   -> fluor: YES | tf_loc: NO | tps: 180 | tf: UNKNOWN | condition: Aim: pH Calibration  Strain: 247 Comments:
Omero project:
Physiology
Omero tags:
03-Mar-2017,Batgirl,pHluorin,
PFS is locked
Experiment started at:03-Mar-2017 17:08:33 | channels: pHluorin405;GFP
2026-07-28 20:31:45,054 INFO [428/1845] Dataset 943: type_01
2026-07-28 20:31:45,067 INFO   Reading metadata annotations...
2026-07-28 20:31:45,268 INFO   Classifying metadata...
2026-07-28 20:31:48,243 INFO   -> fluor: YES | tf_loc: NO | tps: 180 | tf: UNKNOWN | condition: Aim: pH Calibration  Strain: 247 Comments:
Omero project:
Physiology
Omero tags:
03-Mar-2017,Batgirl,pHluorin,
PFS is locked
Experiment started at:03-Mar-2017 17:07:45 | channels: pHluorin405;GFP
2026-07-28 20:31:48,444 INFO [429/1845] Dataset 944: pH_6_00_01
2026-07-28 20:31:48,457 INFO   Reading metadata annotations...
2026-07-28 20:31:48,654 INFO   Classifying metadata...
2026-07-28 20:31:51,892 INFO   -> fluor: YES | tf_loc: NO | tps: 180 | tf: UNKNOWN | condition: Aim: pH Calibration  Strain: 247 Comments:
Omero project:
Physiology
Omero tags:
03-Mar-2017,Batgirl,pHluorin,
PFS is locked
Experiment started at:03-Mar-2017 17:00:38 | channels: pHluorin405;GFP
2026-07-28 20:31:52,093 INFO [430/1845] Dataset 945: pH7_50_01
2026-07-28 20:31:52,106 INFO   Reading metadata annotations...
2026-07-28 20:31:52,320 INFO   Classifying metadata...
2026-07-28 20:31:55,855 INFO   -> fluor: YES | tf_loc: NO | tps: 180 | tf: UNKNOWN | condition: Aim: pH Calibration  Strain: 247 Comments:
Omero project:
Physiology
Omero tags:
03-Mar-2017,Batgirl,pHluorin,
PFS is locked
Experiment started at:03-Mar-2017 17:12:28 | channels: pHluorin405;GFP
2026-07-28 20:31:56,055 INFO [431/1845] Dataset 946: pH_7_25_01
2026-07-28 20:31:56,068 INFO   Reading metadata annotations...
2026-07-28 20:31:56,270 INFO   Classifying metadata...
2026-07-28 20:31:59,528 INFO   -> fluor: YES | tf_loc: NO | tps: 180 | tf: UNKNOWN | condition: Aim: pH Calibration  Strain: 247 Comments:
Omero project:
Physiology
Omero tags:
03-Mar-2017,Batgirl,pHluorin,
PFS is locked
Experiment started at:03-Mar-2017 17:06:37 | channels: pHluorin405;GFP
2026-07-28 20:31:59,728 INFO [432/1845] Dataset 947: pH_6_75_00
2026-07-28 20:31:59,741 INFO   Reading metadata annotations...
2026-07-28 20:31:59,965 INFO   Classifying metadata...
2026-07-28 20:32:03,013 INFO   -> fluor: YES | tf_loc: NO | tps: 180 | tf: UNKNOWN | condition: Aim: pH Calibration  Strain: 247 Comments:
Omero project:
Physiology
Omero tags:
03-Mar-2017,Batgirl,pHluorin,
PFS is locked
Experiment started at:03-Mar-2017 17:02:16 | channels: pHluorin405;GFP
2026-07-28 20:32:03,214 INFO [433/1845] Dataset 948: pH_6_00_00
2026-07-28 20:32:03,227 INFO   Reading metadata annotations...
2026-07-28 20:32:03,349 INFO   Classifying metadata...
2026-07-28 20:32:07,126 INFO   -> fluor: YES | tf_loc: NO | tps: 180 | tf: UNKNOWN | condition: Aim: pH Calibration  Strain: 247 Comments:
Omero project:
Physiology
Omero tags:
03-Mar-2017,Batgirl,pHluorin,
PFS is locked
Experiment started at:03-Mar-2017 17:00:19 | channels: pHluorin405;GFP
2026-07-28 20:32:07,326 INFO [434/1845] Dataset 949: type_00
2026-07-28 20:32:07,339 INFO   Reading metadata annotations...
2026-07-28 20:32:07,479 INFO   Classifying metadata...
2026-07-28 20:32:11,032 INFO   -> fluor: YES | tf_loc: NO | tps: 180 | tf: UNKNOWN | condition: Aim: pH Calibration  Strain: 247 Comments:
Omero project:
Physiology
Omero tags:
03-Mar-2017,Batgirl,pHluorin,
PFS is locked
Experiment started at:03-Mar-2017 17:07:18 | channels: pHluorin405;GFP
2026-07-28 20:32:11,233 INFO [435/1845] Dataset 950: pH8_00_01
2026-07-28 20:32:11,240 INFO   Reading metadata annotations...
2026-07-28 20:32:11,341 INFO   Classifying metadata...
2026-07-28 20:32:14,819 INFO   -> fluor: YES | tf_loc: NO | tps: 180 | tf: UNKNOWN | condition: Aim: pH Calibration  Strain: 247 Comments:
Omero project:
Physiology
Omero tags:
03-Mar-2017,Batgirl,pHluorin,
PFS is locked
Experiment started at:03-Mar-2017 17:08:51 | channels: pHluorin405;GFP
2026-07-28 20:32:15,019 INFO [436/1845] Dataset 951: pH_6_75_01
2026-07-28 20:32:15,031 INFO   Reading metadata annotations...
2026-07-28 20:32:15,242 INFO   Classifying metadata...
2026-07-28 20:32:18,601 INFO   -> fluor: YES | tf_loc: NO | tps: 180 | tf: UNKNOWN | condition: Aim: pH Calibration  Strain: 247 Comments:
Omero project:
Physiology
Omero tags:
03-Mar-2017,Batgirl,pHluorin,
PFS is locked
Experiment started at:03-Mar-2017 17:02:41 | channels: pHluorin405;GFP
2026-07-28 20:32:18,802 INFO [437/1845] Dataset 952: pH7_25wt_00
2026-07-28 20:32:18,814 INFO   Reading metadata annotations...
2026-07-28 20:32:18,979 INFO   Classifying metadata...
2026-07-28 20:32:22,155 INFO   -> fluor: YES | tf_loc: NO | tps: 180 | tf: UNKNOWN | condition: Aim: pH calibration  Strain:78  Comments:
Omero project:
Default project
Omero tags:
12-Sep-2017,Batgirl,
PFS is locked
Experiment started at:12-Sep-2017 11:42:01 | channels: pHluorin405;pHluorin488
2026-07-28 20:32:22,355 INFO [438/1845] Dataset 953: pH8_00_00
2026-07-28 20:32:22,368 INFO   Reading metadata annotations...
2026-07-28 20:32:22,513 INFO   Classifying metadata...
2026-07-28 20:32:25,658 INFO   -> fluor: YES | tf_loc: NO | tps: 180 | tf: UNKNOWN | condition: Aim: pH calibration  Strain:247  Comments:
Omero project:
Default project
Omero tags:
12-Sep-2017,Batgirl,
PFS is locked
Experiment started at:12-Sep-2017 11:43:26 | channels: pHluorin405;pHluorin488
2026-07-28 20:32:25,858 INFO [439/1845] Dataset 954: pH6_75_02
2026-07-28 20:32:25,871 INFO   Reading metadata annotations...
2026-07-28 20:32:25,983 INFO   Classifying metadata...
2026-07-28 20:32:29,104 INFO   -> fluor: YES | tf_loc: NO | tps: 180 | tf: UNKNOWN | condition: Aim: pH calibration  Strain:247  Comments:
Omero project:
Default project
Omero tags:
12-Sep-2017,Batgirl,
PFS is locked
Experiment started at:12-Sep-2017 11:38:39 | channels: pHluorin405;pHluorin488
2026-07-28 20:32:29,305 INFO [440/1845] Dataset 955: pH6_75_01
2026-07-28 20:32:29,317 INFO   Reading metadata annotations...
2026-07-28 20:32:29,524 INFO   Classifying metadata...
2026-07-28 20:32:32,361 INFO   -> fluor: YES | tf_loc: NO | tps: 180 | tf: UNKNOWN | condition: Aim: pH calibration  Strain:247  Comments:
Omero project:
Default project
Omero tags:
12-Sep-2017,Batgirl,
PFS is locked
Experiment started at:12-Sep-2017 11:38:11 | channels: pHluorin405;pHluorin488
2026-07-28 20:32:32,562 INFO [441/1845] Dataset 956: pH7_25_02
2026-07-28 20:32:32,575 INFO   Reading metadata annotations...
2026-07-28 20:32:32,775 INFO   Classifying metadata...
2026-07-28 20:32:36,036 INFO   -> fluor: YES | tf_loc: NO | tps: 180 | tf: UNKNOWN | condition: Aim: pH calibration  Strain:247  Comments:
Omero project:
Default project
Omero tags:
12-Sep-2017,Batgirl,
PFS is locked
Experiment started at:12-Sep-2017 11:41:16 | channels: pHluorin405;pHluorin488
2026-07-28 20:32:36,236 INFO [442/1845] Dataset 957: pH7_75_01
2026-07-28 20:32:36,249 INFO   Reading metadata annotations...
2026-07-28 20:32:36,455 INFO   Classifying metadata...
2026-07-28 20:32:40,061 INFO   -> fluor: YES | tf_loc: NO | tps: 180 | tf: UNKNOWN | condition: Aim: pH calibration  Strain:247  Comments:
Omero project:
Default project
Omero tags:
12-Sep-2017,Batgirl,
PFS is locked
Experiment started at:12-Sep-2017 11:45:43 | channels: pHluorin405;pHluorin488
2026-07-28 20:32:40,262 INFO [443/1845] Dataset 958: pH6_75_00
2026-07-28 20:32:40,269 INFO   Reading metadata annotations...
2026-07-28 20:32:40,377 INFO   Classifying metadata...
2026-07-28 20:32:44,400 INFO   -> fluor: YES | tf_loc: NO | tps: 180 | tf: UNKNOWN | condition: Aim: pH calibration  Strain:247  Comments:
Omero project:
Default project
Omero tags:
12-Sep-2017,Batgirl,
PFS is locked
Experiment started at:12-Sep-2017 11:37:46 | channels: pHluorin405;pHluorin488
2026-07-28 20:32:44,600 INFO [444/1845] Dataset 959: pH7_50_02
2026-07-28 20:32:44,613 INFO   Reading metadata annotations...
2026-07-28 20:32:44,831 INFO   Classifying metadata...
2026-07-28 20:32:48,161 INFO   -> fluor: YES | tf_loc: NO | tps: 180 | tf: UNKNOWN | condition: Aim: pH calibration  Strain:247  Comments:
Omero project:
Default project
Omero tags:
12-Sep-2017,Batgirl,
PFS is locked
Experiment started at:12-Sep-2017 11:48:02 | channels: pHluorin405;pHluorin488
2026-07-28 20:32:48,362 INFO [445/1845] Dataset 960: pH5_75_00
2026-07-28 20:32:48,375 INFO   Reading metadata annotations...
2026-07-28 20:32:48,639 INFO   Classifying metadata...
2026-07-28 20:32:51,421 INFO   -> fluor: YES | tf_loc: NO | tps: 180 | tf: UNKNOWN | condition: Aim: pH calibration  Strain:247  Comments:
Omero project:
Default project
Omero tags:
12-Sep-2017,Batgirl,
PFS is locked
Experiment started at:12-Sep-2017 11:28:26 | channels: pHluorin405;pHluorin488
2026-07-28 20:32:51,621 INFO [446/1845] Dataset 961: pH7_25_01
2026-07-28 20:32:51,629 INFO   Reading metadata annotations...
2026-07-28 20:32:51,717 INFO   Classifying metadata...
2026-07-28 20:32:58,419 INFO   -> fluor: YES | tf_loc: NO | tps: 180 | tf: UNKNOWN | condition: Aim: pH calibration  Strain:247  Comments:
Omero project:
Default project
Omero tags:
12-Sep-2017,Batgirl,
PFS is locked
Experiment started at:12-Sep-2017 11:40:56 | channels: pHluorin405;pHluorin488
2026-07-28 20:32:58,620 INFO [447/1845] Dataset 962: pH8_00_02
2026-07-28 20:32:58,633 INFO   Reading metadata annotations...
2026-07-28 20:32:58,833 INFO   Classifying metadata...
2026-07-28 20:33:02,300 INFO   -> fluor: YES | tf_loc: NO | tps: 180 | tf: UNKNOWN | condition: Aim: pH calibration  Strain:247  Comments:
Omero project:
Default project
Omero tags:
12-Sep-2017,Batgirl,
PFS is locked
Experiment started at:12-Sep-2017 11:44:17 | channels: pHluorin405;pHluorin488
2026-07-28 20:33:02,501 INFO [448/1845] Dataset 963: pH7_25wt_02
2026-07-28 20:33:02,514 INFO   Reading metadata annotations...
2026-07-28 20:33:02,753 INFO   Classifying metadata...
2026-07-28 20:33:06,289 INFO   -> fluor: YES | tf_loc: NO | tps: 180 | tf: UNKNOWN | condition: Aim: pH calibration  Strain:78  Comments:
Omero project:
Default project
Omero tags:
12-Sep-2017,Batgirl,
PFS is locked
Experiment started at:12-Sep-2017 11:42:34 | channels: pHluorin405;pHluorin488
2026-07-28 20:33:06,490 INFO [449/1845] Dataset 964: pH7_25_00
2026-07-28 20:33:06,503 INFO   Reading metadata annotations...
2026-07-28 20:33:06,701 INFO   Classifying metadata...
2026-07-28 20:33:09,412 INFO   -> fluor: YES | tf_loc: NO | tps: 180 | tf: UNKNOWN | condition: Aim: pH calibration  Strain:247  Comments:
Omero project:
Default project
Omero tags:
12-Sep-2017,Batgirl,
PFS is locked
Experiment started at:12-Sep-2017 11:40:36 | channels: pHluorin405;pHluorin488
2026-07-28 20:33:09,613 INFO [450/1845] Dataset 965: pH7_75_02
2026-07-28 20:33:09,626 INFO   Reading metadata annotations...
2026-07-28 20:33:09,724 INFO   Classifying metadata...
2026-07-28 20:33:12,838 INFO   -> fluor: YES | tf_loc: NO | tps: 180 | tf: UNKNOWN | condition: Aim: pH calibration  Strain:247  Comments:
Omero project:
Default project
Omero tags:
12-Sep-2017,Batgirl,
PFS is locked
Experiment started at:12-Sep-2017 11:46:05 | channels: pHluorin405;pHluorin488
2026-07-28 20:33:13,038 INFO [451/1845] Dataset 966: pH7_25wt_01
2026-07-28 20:33:13,050 INFO   Reading metadata annotations...
2026-07-28 20:33:13,151 INFO   Classifying metadata...
2026-07-28 20:33:19,137 INFO   -> fluor: YES | tf_loc: NO | tps: 180 | tf: UNKNOWN | condition: Aim: pH calibration  Strain:78  Comments:
Omero project:
Default project
Omero tags:
12-Sep-2017,Batgirl,
PFS is locked
Experiment started at:12-Sep-2017 11:42:16 | channels: pHluorin405;pHluorin488
2026-07-28 20:33:19,338 INFO [452/1845] Dataset 967: pH7_50_01
2026-07-28 20:33:19,351 INFO   Reading metadata annotations...
2026-07-28 20:33:19,475 INFO   Classifying metadata...
2026-07-28 20:33:22,087 INFO   -> fluor: YES | tf_loc: NO | tps: 180 | tf: UNKNOWN | condition: Aim: pH calibration  Strain:247  Comments:
Omero project:
Default project
Omero tags:
12-Sep-2017,Batgirl,
PFS is locked
Experiment started at:12-Sep-2017 11:47:44 | channels: pHluorin405;pHluorin488
2026-07-28 20:33:22,287 INFO [453/1845] Dataset 968: pH8_00_01
2026-07-28 20:33:22,300 INFO   Reading metadata annotations...
2026-07-28 20:33:22,464 INFO   Classifying metadata...
2026-07-28 20:33:25,494 INFO   -> fluor: YES | tf_loc: NO | tps: 180 | tf: UNKNOWN | condition: Aim: pH calibration  Strain:247  Comments:
Omero project:
Default project
Omero tags:
12-Sep-2017,Batgirl,
PFS is locked
Experiment started at:12-Sep-2017 11:43:58 | channels: pHluorin405;pHluorin488
2026-07-28 20:33:25,695 INFO [454/1845] Dataset 969: pH7_50_00
2026-07-28 20:33:25,708 INFO   Reading metadata annotations...
2026-07-28 20:33:25,933 INFO   Classifying metadata...
2026-07-28 20:33:28,739 INFO   -> fluor: YES | tf_loc: NO | tps: 180 | tf: UNKNOWN | condition: Aim: pH calibration  Strain:247  Comments:
Omero project:
Default project
Omero tags:
12-Sep-2017,Batgirl,
PFS is locked
Experiment started at:12-Sep-2017 11:47:24 | channels: pHluorin405;pHluorin488
2026-07-28 20:33:28,939 INFO [455/1845] Dataset 970: pH7_75_00
2026-07-28 20:33:28,952 INFO   Reading metadata annotations...
2026-07-28 20:33:29,160 INFO   Classifying metadata...
2026-07-28 20:33:31,988 INFO   -> fluor: YES | tf_loc: NO | tps: 180 | tf: UNKNOWN | condition: Aim: pH calibration  Strain:247  Comments:
Omero project:
Default project
Omero tags:
12-Sep-2017,Batgirl,
PFS is locked
Experiment started at:12-Sep-2017 11:45:18 | channels: pHluorin405;pHluorin488
2026-07-28 20:33:32,188 INFO [456/1845] Dataset 971: pH5_75_01
2026-07-28 20:33:32,201 INFO   Reading metadata annotations...
2026-07-28 20:33:32,270 INFO   Classifying metadata...
2026-07-28 20:33:36,004 INFO   -> fluor: NO | tf_loc: NO | tps:  | tf: UNKNOWN | condition:  | channels: UNKNOWN
2026-07-28 20:33:36,204 INFO [457/1845] Dataset 972: pH5_75_02
2026-07-28 20:33:36,217 INFO   Reading metadata annotations...
2026-07-28 20:33:36,293 INFO   Classifying metadata...
2026-07-28 20:33:40,103 INFO   -> fluor: NO | tf_loc: NO | tps:  | tf: UNKNOWN | condition:  | channels: UNKNOWN
2026-07-28 20:33:40,303 INFO [458/1845] Dataset 973: pH7_25wt_02
2026-07-28 20:33:40,311 INFO   Reading metadata annotations...
2026-07-28 20:33:40,350 INFO   Classifying metadata...
2026-07-28 20:33:44,382 INFO   -> fluor: NO | tf_loc: NO | tps:  | tf: UNKNOWN | condition:  | channels: UNKNOWN
2026-07-28 20:33:44,582 INFO [459/1845] Dataset 977: pH6_00_02
2026-07-28 20:33:44,595 INFO   Reading metadata annotations...
2026-07-28 20:33:44,836 INFO   Classifying metadata...
2026-07-28 20:33:49,105 INFO   -> fluor: YES | tf_loc: NO | tps: 180 | tf: UNKNOWN | condition: Aim:   Phluorin calibration Strain:  247 Comments:
Omero project:
Physiology
Omero tags:
02-Sep-2017,Batgirl,pH,pHluorin,247,
PFS is locked
Experiment started at:02-Sep-2017 12:20:51 | channels: pHluorin405;pHluorin488
2026-07-28 20:33:49,305 INFO [460/1845] Dataset 978: pH6_00_00
2026-07-28 20:33:49,319 INFO   Reading metadata annotations...
2026-07-28 20:33:49,528 INFO   Classifying metadata...
2026-07-28 20:33:52,494 INFO   -> fluor: YES | tf_loc: NO | tps: 180 | tf: UNKNOWN | condition: Aim:   Phluorin calibration Strain:  247 Comments:
Omero project:
Physiology
Omero tags:
02-Sep-2017,Batgirl,pH,pHluorin,247,
PFS is locked
Experiment started at:02-Sep-2017 12:19:09 | channels: pHluorin405;pHluorin488
2026-07-28 20:33:52,694 INFO [461/1845] Dataset 979: pH7_25_02
2026-07-28 20:33:52,707 INFO   Reading metadata annotations...
2026-07-28 20:33:52,756 INFO   Classifying metadata...
2026-07-28 20:33:56,362 INFO   -> fluor: NO | tf_loc: NO | tps:  | tf: UNKNOWN | condition:  | channels: UNKNOWN
2026-07-28 20:33:56,563 INFO [462/1845] Dataset 980: pH7_50_02
2026-07-28 20:33:56,576 INFO   Reading metadata annotations...
2026-07-28 20:33:56,801 INFO   Classifying metadata...
2026-07-28 20:34:00,306 INFO   -> fluor: YES | tf_loc: NO | tps: 180 | tf: UNKNOWN | condition: Aim:   Phluorin calibration Strain:  247 Comments:
Omero project:
Physiology
Omero tags:
02-Sep-2017,Batgirl,pH,pHluorin,247,
PFS is locked
Experiment started at:02-Sep-2017 12:34:27 | channels: pHluorin405;pHluorin488
2026-07-28 20:34:00,507 INFO [463/1845] Dataset 981: pH6_75_00
2026-07-28 20:34:00,515 INFO   Reading metadata annotations...
2026-07-28 20:34:00,554 INFO   Classifying metadata...
2026-07-28 20:34:05,112 INFO   -> fluor: NO | tf_loc: NO | tps:  | tf: UNKNOWN | condition:  | channels: UNKNOWN
2026-07-28 20:34:05,313 INFO [464/1845] Dataset 982: pH7_25wt_01
2026-07-28 20:34:05,326 INFO   Reading metadata annotations...
2026-07-28 20:34:05,391 INFO   Classifying metadata...
2026-07-28 20:34:08,950 INFO   -> fluor: NO | tf_loc: NO | tps:  | tf: UNKNOWN | condition:  | channels: UNKNOWN
2026-07-28 20:34:09,150 INFO [465/1845] Dataset 983: pH8_00_02
2026-07-28 20:34:09,163 INFO   Reading metadata annotations...
2026-07-28 20:34:09,277 INFO   Classifying metadata...
2026-07-28 20:34:12,451 INFO   -> fluor: YES | tf_loc: NO | tps: 180 | tf: UNKNOWN | condition: Aim:   Phluorin calibration Strain:  247 Comments:
Omero project:
Physiology
Omero tags:
02-Sep-2017,Batgirl,pH,pHluorin,247,
PFS is locked
Experiment started at:02-Sep-2017 12:29:17 | channels: pHluorin405;pHluorin488
2026-07-28 20:34:12,651 INFO [466/1845] Dataset 984: pH7_75_03
2026-07-28 20:34:12,662 INFO   Reading metadata annotations...
2026-07-28 20:34:12,703 INFO   Classifying metadata...
2026-07-28 20:34:17,042 INFO   -> fluor: NO | tf_loc: NO | tps:  | tf: UNKNOWN | condition:  | channels: UNKNOWN
2026-07-28 20:34:17,243 INFO [467/1845] Dataset 985: pH7_75_00
2026-07-28 20:34:17,252 INFO   Reading metadata annotations...
2026-07-28 20:34:17,294 INFO   Classifying metadata...
2026-07-28 20:34:21,330 INFO   -> fluor: NO | tf_loc: NO | tps:  | tf: UNKNOWN | condition:  | channels: UNKNOWN
2026-07-28 20:34:21,531 INFO [468/1845] Dataset 986: pH8_00_01
2026-07-28 20:34:21,538 INFO   Reading metadata annotations...
2026-07-28 20:34:21,580 INFO   Classifying metadata...
2026-07-28 20:34:25,379 INFO   -> fluor: NO | tf_loc: NO | tps:  | tf: UNKNOWN | condition:  | channels: UNKNOWN
2026-07-28 20:34:25,579 INFO [469/1845] Dataset 987: pH5_75_01
2026-07-28 20:34:25,592 INFO   Reading metadata annotations...
2026-07-28 20:34:25,668 INFO   Classifying metadata...
2026-07-28 20:34:29,712 INFO   -> fluor: NO | tf_loc: NO | tps:  | tf: UNKNOWN | condition:  | channels: UNKNOWN
2026-07-28 20:34:29,912 INFO [470/1845] Dataset 988: pH5_75_04
2026-07-28 20:34:29,923 INFO   Reading metadata annotations...
2026-07-28 20:34:30,012 INFO   Classifying metadata...
2026-07-28 20:34:33,168 INFO   -> fluor: YES | tf_loc: NO | tps: 180 | tf: UNKNOWN | condition: Aim:   Phluorin calibration Strain:  247 Comments:
Omero project:
Physiology
Omero tags:
02-Sep-2017,Batgirl,pH,pHluorin,247,
PFS is locked
Experiment started at:02-Sep-2017 12:16:33 | channels: pHluorin405;pHluorin488
2026-07-28 20:34:33,368 INFO [471/1845] Dataset 989: pH7_25wt_00
2026-07-28 20:34:33,381 INFO   Reading metadata annotations...
2026-07-28 20:34:33,428 INFO   Classifying metadata...
2026-07-28 20:34:38,936 INFO   -> fluor: NO | tf_loc: NO | tps:  | tf: UNKNOWN | condition:  | channels: UNKNOWN
2026-07-28 20:34:39,136 INFO [472/1845] Dataset 990: pH7_50_00
2026-07-28 20:34:39,149 INFO   Reading metadata annotations...
2026-07-28 20:34:39,201 INFO   Classifying metadata...
2026-07-28 20:34:43,176 INFO   -> fluor: NO | tf_loc: NO | tps:  | tf: UNKNOWN | condition:  | channels: UNKNOWN
2026-07-28 20:34:43,376 INFO [473/1845] Dataset 991: pH6_75_02
2026-07-28 20:34:43,389 INFO   Reading metadata annotations...
2026-07-28 20:34:43,603 INFO   Classifying metadata...
2026-07-28 20:34:46,874 INFO   -> fluor: YES | tf_loc: NO | tps: 180 | tf: UNKNOWN | condition: Aim:   Phluorin calibration Strain:  247 Comments:
Omero project:
Physiology
Omero tags:
02-Sep-2017,Batgirl,pH,pHluorin,247,
PFS is locked
Experiment started at:02-Sep-2017 12:23:39 | channels: pHluorin405;pHluorin488
2026-07-28 20:34:47,074 INFO [474/1845] Dataset 992: pH6_00_01
2026-07-28 20:34:47,087 INFO   Reading metadata annotations...
2026-07-28 20:34:47,160 INFO   Classifying metadata...
2026-07-28 20:34:50,339 INFO   -> fluor: NO | tf_loc: NO | tps:  | tf: UNKNOWN | condition:  | channels: UNKNOWN
2026-07-28 20:34:50,539 INFO [475/1845] Dataset 993: pH5_75_03
2026-07-28 20:34:50,546 INFO   Reading metadata annotations...
2026-07-28 20:34:50,585 INFO   Classifying metadata...
2026-07-28 20:34:58,032 INFO   -> fluor: NO | tf_loc: NO | tps:  | tf: UNKNOWN | condition:  | channels: UNKNOWN
2026-07-28 20:34:58,232 INFO [476/1845] Dataset 994: pH7_75_02
2026-07-28 20:34:58,245 INFO   Reading metadata annotations...
2026-07-28 20:34:58,476 INFO   Classifying metadata...
2026-07-28 20:35:01,088 INFO   -> fluor: YES | tf_loc: NO | tps: 180 | tf: UNKNOWN | condition: Aim:   Phluorin calibration Strain:  247 Comments:
Omero project:
Physiology
Omero tags:
02-Sep-2017,Batgirl,pH,pHluorin,247,
PFS is locked
Experiment started at:02-Sep-2017 12:32:21 | channels: pHluorin405;pHluorin488
2026-07-28 20:35:01,288 INFO [477/1845] Dataset 995: pH5_75_02
2026-07-28 20:35:01,294 INFO   Reading metadata annotations...
2026-07-28 20:35:01,435 INFO   Classifying metadata...
2026-07-28 20:35:04,943 INFO   -> fluor: YES | tf_loc: NO | tps: 180 | tf: UNKNOWN | condition: Aim:   Phluorin calibration Strain:  247 Comments:
Omero project:
Physiology
Omero tags:
02-Sep-2017,Batgirl,pH,pHluorin,247,
PFS status:Within range of focus search- will not be used
Experimen | channels: pHluorin405;pHluorin488
2026-07-28 20:35:05,143 INFO [478/1845] Dataset 996: pH7_50_01
2026-07-28 20:35:05,156 INFO   Reading metadata annotations...
2026-07-28 20:35:05,291 INFO   Classifying metadata...
2026-07-28 20:35:08,521 INFO   -> fluor: YES | tf_loc: NO | tps: 180 | tf: UNKNOWN | condition: Aim:   Phluorin calibration Strain:  247 Comments:
Omero project:
Physiology
Omero tags:
02-Sep-2017,Batgirl,pH,pHluorin,247,
PFS is locked
Experiment started at:02-Sep-2017 12:34:08 | channels: pHluorin405;pHluorin488
2026-07-28 20:35:08,722 INFO [479/1845] Dataset 997: pH8_00_00
2026-07-28 20:35:08,735 INFO   Reading metadata annotations...
2026-07-28 20:35:08,824 INFO   Classifying metadata...
2026-07-28 20:35:12,832 INFO   -> fluor: NO | tf_loc: NO | tps:  | tf: UNKNOWN | condition:  | channels: UNKNOWN
2026-07-28 20:35:13,032 INFO [480/1845] Dataset 998: pH8_00_03
2026-07-28 20:35:13,043 INFO   Reading metadata annotations...
2026-07-28 20:35:13,091 INFO   Classifying metadata...
2026-07-28 20:35:17,049 INFO   -> fluor: NO | tf_loc: NO | tps:  | tf: UNKNOWN | condition:  | channels: UNKNOWN
2026-07-28 20:35:17,250 INFO [481/1845] Dataset 999: pH7_25_01
2026-07-28 20:35:17,258 INFO   Reading metadata annotations...
2026-07-28 20:35:17,301 INFO   Classifying metadata...
2026-07-28 20:35:20,635 INFO   -> fluor: NO | tf_loc: NO | tps:  | tf: UNKNOWN | condition:  | channels: UNKNOWN
2026-07-28 20:35:20,835 INFO [482/1845] Dataset 1000: pHluorin2to0_1_02
2026-07-28 20:35:20,843 INFO   Reading metadata annotations...
2026-07-28 20:35:21,262 WARNING   Truncated large annotation(s): phluorin2to0_1log.txt
2026-07-28 20:35:21,262 INFO   Classifying metadata...
2026-07-28 20:35:26,727 INFO   -> fluor: YES | tf_loc: YES | tps: 360 | tf: Msn2 | condition: 2% glucose to 0.1% glucose | channels: pHluorin405;pHluorin488;cy5;GFP
2026-07-28 20:35:26,927 INFO [483/1845] Dataset 1001: pH7_75_01
2026-07-28 20:35:26,942 INFO   Reading metadata annotations...
2026-07-28 20:35:27,013 INFO   Classifying metadata...
2026-07-28 20:35:30,500 INFO   -> fluor: NO | tf_loc: NO | tps:  | tf: UNKNOWN | condition:  | channels: UNKNOWN
2026-07-28 20:35:30,701 INFO [484/1845] Dataset 1002: oxstress_00
2026-07-28 20:35:30,708 INFO   Reading metadata annotations...
2026-07-28 20:35:31,064 WARNING   Truncated large annotation(s): oxstresslog.txt
2026-07-28 20:35:31,064 INFO   Classifying metadata...
2026-07-28 20:35:36,281 INFO   -> fluor: YES | tf_loc: YES | tps: 360 | tf: Msn2 | condition: Aim:   Oxidative stress pH measurement - calibration failed so use calibration from yesterday. | channels: pHluorin405;pHluorin488;GFP;cy5
2026-07-28 20:35:36,481 INFO [485/1845] Dataset 1003: granules_water_switch_g1_pabp1_g2_msn2_01
2026-07-28 20:35:36,495 INFO   Reading metadata annotations...
2026-07-28 20:35:36,927 WARNING   Truncated large annotation(s): granules_water_switch_g1_pabp1_g2_msn2log.txt
2026-07-28 20:35:36,927 INFO   Classifying metadata...
2026-07-28 20:35:41,454 INFO   -> fluor: YES | tf_loc: YES | tps: 336 | tf: Msn2 | condition: Aim:   See stress granules after repeated hypoosmotic shocks Strain: By4742 Pab1-GFP and By4741 Msn2-GFP  Comments:
Omero project:
Default project
Omero tags:
04-Sep-2017,Batgirl,
PFS is locked | channels: GFP;cy5
2026-07-28 20:35:41,655 INFO [486/1845] Dataset 1004: saltshock_01
2026-07-28 20:35:41,663 INFO   Reading metadata annotations...
2026-07-28 20:35:41,676 WARNING   No .log/.txt/Acq.txt annotation found for dataset 1004.
2026-07-28 20:35:41,676 INFO   Classifying metadata...
2026-07-28 20:35:44,338 INFO   -> fluor: NO | tf_loc: NO | tps:  | tf: UNKNOWN | condition:  | channels: UNKNOWN
2026-07-28 20:35:44,539 INFO [487/1845] Dataset 1005: exp_00
2026-07-28 20:35:44,552 INFO   Reading metadata annotations...
2026-07-28 20:35:44,915 WARNING   Truncated large annotation(s): explog.txt
2026-07-28 20:35:44,915 INFO   Classifying metadata...
2026-07-28 20:35:51,289 INFO   -> fluor: YES | tf_loc: NO | tps: 180 | tf: UNKNOWN | condition: 2% pyruvate to 2% galctose (without glucose) | channels: cy5;GFP
2026-07-28 20:35:51,490 INFO [488/1845] Dataset 1006: TFscreen1_00
2026-07-28 20:35:51,497 INFO   Reading metadata annotations...
2026-07-28 20:35:51,655 WARNING   Truncated large annotation(s): tfscreen1.log
2026-07-28 20:35:51,656 INFO   Classifying metadata...
2026-07-28 20:35:58,156 INFO   -> fluor: YES | tf_loc: YES | tps: 24 | tf: UNKNOWN | condition: 1% glucose to 0.1% glucose | channels: GFP;GFPFast;mCherry;cy5
2026-07-28 20:35:58,357 INFO [489/1845] Dataset 1007: KCl_pH_02
2026-07-28 20:35:58,370 INFO   Reading metadata annotations...
2026-07-28 20:35:58,805 WARNING   Truncated large annotation(s): kcl_phlog.txt
2026-07-28 20:35:58,805 INFO   Classifying metadata...
2026-07-28 20:36:05,186 INFO   -> fluor: YES | tf_loc: NO | tps: 240 | tf: UNKNOWN | condition: SC (-Leu) to SC (-Leu) + 0.2M KCl | channels: GFPFast;cy5;pHluorin405
2026-07-28 20:36:05,387 INFO [490/1845] Dataset 1008: pH5_86_00
2026-07-28 20:36:05,400 INFO   Reading metadata annotations...
2026-07-28 20:36:05,659 INFO   Classifying metadata...
2026-07-28 20:36:08,568 INFO   -> fluor: YES | tf_loc: NO | tps: 180 | tf: UNKNOWN | condition: Aim:   Strain:   Comments:   
Microscope setup for used channels:
pHluorin405:
405nm LED
->Combiner cube:[405/20 exciter, 425lp dichroic->]
->Filter block:[No exciter,510LP dichroic,535/50 emissi | channels: pHluorin405;GFPFast
2026-07-28 20:36:08,769 INFO [491/1845] Dataset 1009: pH5_86_01
2026-07-28 20:36:08,782 INFO   Reading metadata annotations...
2026-07-28 20:36:09,049 INFO   Classifying metadata...
2026-07-28 20:36:12,115 INFO   -> fluor: YES | tf_loc: NO | tps: 180 | tf: UNKNOWN | condition: Aim:   Strain:   Comments:   
Microscope setup for used channels:
pHluorin405:
405nm LED
->Combiner cube:[405/20 exciter, 425lp dichroic->]
->Filter block:[No exciter,510LP dichroic,535/50 emissi | channels: pHluorin405;GFPFast
2026-07-28 20:36:12,316 INFO [492/1845] Dataset 1010: pH5_86_02
2026-07-28 20:36:12,327 INFO   Reading metadata annotations...
2026-07-28 20:36:12,461 INFO   Classifying metadata...
2026-07-28 20:36:15,407 INFO   -> fluor: YES | tf_loc: NO | tps: 180 | tf: UNKNOWN | condition: Aim:   Strain:   Comments:   
Microscope setup for used channels:
pHluorin405:
405nm LED
->Combiner cube:[405/20 exciter, 425lp dichroic->]
->Filter block:[No exciter,510LP dichroic,535/50 emissi | channels: pHluorin405;GFPFast
2026-07-28 20:36:15,607 INFO [493/1845] Dataset 1011: pH5_86_03
2026-07-28 20:36:15,619 INFO   Reading metadata annotations...
2026-07-28 20:36:15,851 INFO   Classifying metadata...
2026-07-28 20:36:18,621 INFO   -> fluor: YES | tf_loc: NO | tps: 180 | tf: UNKNOWN | condition: Aim:   Strain:   Comments:   
Microscope setup for used channels:
pHluorin405:
405nm LED
->Combiner cube:[405/20 exciter, 425lp dichroic->]
->Filter block:[No exciter,510LP dichroic,535/50 emissi | channels: pHluorin405;GFPFast
2026-07-28 20:36:18,822 INFO [494/1845] Dataset 1012: pH5_86_04
2026-07-28 20:36:18,835 INFO   Reading metadata annotations...
2026-07-28 20:36:18,995 INFO   Classifying metadata...
2026-07-28 20:36:23,823 INFO   -> fluor: YES | tf_loc: NO | tps: 180 | tf: UNKNOWN | condition: Aim:   Strain:   Comments:   
Microscope setup for used channels:
Brightfield:
White LED
->(Polariser + Prism + condenser)]
->Filter block:[Dual GFP/mCherry exciter (59022x),Dual dichroic (89021b | channels: GFPFast;pHluorin405
2026-07-28 20:36:24,025 INFO [495/1845] Dataset 1013: pH5_86_05
2026-07-28 20:36:24,038 INFO   Reading metadata annotations...
2026-07-28 20:36:24,328 INFO   Classifying metadata...
2026-07-28 20:36:28,301 INFO   -> fluor: YES | tf_loc: NO | tps: 180 | tf: UNKNOWN | condition: Aim:   Strain:   Comments:   
Microscope setup for used channels:
Brightfield:
White LED
->(Polariser + Prism + condenser)]
->Filter block:[Dual GFP/mCherry exciter (59022x),Dual dichroic (89021b | channels: GFPFast;pHluorin405
2026-07-28 20:36:28,501 INFO [496/1845] Dataset 1014: pH5_86_06
2026-07-28 20:36:28,514 INFO   Reading metadata annotations...
2026-07-28 20:36:28,772 INFO   Classifying metadata...
2026-07-28 20:36:35,320 INFO   -> fluor: YES | tf_loc: NO | tps: 180 | tf: UNKNOWN | condition: Aim:   Strain:   Comments:   
Microscope setup for used channels:
Brightfield:
White LED
->(Polariser + Prism + condenser)]
->Filter block:[Dual GFP/mCherry exciter (59022x),Dual dichroic (89021b | channels: GFPFast;pHluorin405
2026-07-28 20:36:35,521 INFO [497/1845] Dataset 1015: pH6_24_00
2026-07-28 20:36:35,534 INFO   Reading metadata annotations...
2026-07-28 20:36:35,861 INFO   Classifying metadata...
2026-07-28 20:36:38,903 INFO   -> fluor: YES | tf_loc: NO | tps: 180 | tf: UNKNOWN | condition: Aim:   Strain:   Comments:   
Microscope setup for used channels:
pHluorin405:
405nm LED
->Combiner cube:[405/20 exciter, 425lp dichroic->]
->Filter block:[No exciter,510LP dichroic,535/50 emissi | channels: pHluorin405;GFPFast
2026-07-28 20:36:39,103 INFO [498/1845] Dataset 1016: pH6_24_01
2026-07-28 20:36:39,116 INFO   Reading metadata annotations...
2026-07-28 20:36:39,337 INFO   Classifying metadata...
2026-07-28 20:36:42,122 INFO   -> fluor: YES | tf_loc: NO | tps: 180 | tf: UNKNOWN | condition: Aim:   Strain:   Comments:   
Microscope setup for used channels:
pHluorin405:
405nm LED
->Combiner cube:[405/20 exciter, 425lp dichroic->]
->Filter block:[No exciter,510LP dichroic,535/50 emissi | channels: pHluorin405;GFPFast
2026-07-28 20:36:42,323 INFO [499/1845] Dataset 1017: pH6_24_02
2026-07-28 20:36:42,336 INFO   Reading metadata annotations...
2026-07-28 20:36:42,597 INFO   Classifying metadata...
2026-07-28 20:36:45,036 INFO   -> fluor: YES | tf_loc: NO | tps: 180 | tf: UNKNOWN | condition: Aim:   Strain:   Comments:   
Microscope setup for used channels:
pHluorin405:
405nm LED
->Combiner cube:[405/20 exciter, 425lp dichroic->]
->Filter block:[No exciter,510LP dichroic,535/50 emissi | channels: pHluorin405;GFPFast
2026-07-28 20:36:45,237 INFO [500/1845] Dataset 1018: pH6_24_03
2026-07-28 20:36:45,250 INFO   Reading metadata annotations...
2026-07-28 20:36:45,445 INFO   Classifying metadata...
2026-07-28 20:36:48,118 INFO   -> fluor: YES | tf_loc: NO | tps: 180 | tf: UNKNOWN | condition: Aim:   Strain:   Comments:   
Microscope setup for used channels:
Brightfield:
White LED
->(Polariser + Prism + condenser)]
->Filter block:[Dual GFP/mCherry exciter (59022x),Dual dichroic (89021b | channels: GFPFast;pHluorin405
2026-07-28 20:36:48,318 INFO [501/1845] Dataset 1019: pH6_24_04
2026-07-28 20:36:48,331 INFO   Reading metadata annotations...
2026-07-28 20:36:48,583 INFO   Classifying metadata...
2026-07-28 20:36:53,486 INFO   -> fluor: YES | tf_loc: NO | tps: 180 | tf: UNKNOWN | condition: Aim:   Strain:   Comments:   
Microscope setup for used channels:
Brightfield:
White LED
->(Polariser + Prism + condenser)]
->Filter block:[Dual GFP/mCherry exciter (59022x),Dual dichroic (89021b | channels: GFPFast;pHluorin405
2026-07-28 20:36:53,686 INFO [502/1845] Dataset 1020: pH6_24_05
2026-07-28 20:36:53,697 INFO   Reading metadata annotations...
2026-07-28 20:36:53,916 INFO   Classifying metadata...
2026-07-28 20:37:01,377 INFO   -> fluor: YES | tf_loc: NO | tps: 180 | tf: UNKNOWN | condition: Aim:   Strain:   Comments:   
Microscope setup for used channels:
Brightfield:
White LED
->(Polariser + Prism + condenser)]
->Filter block:[Dual GFP/mCherry exciter (59022x),Dual dichroic (89021b | channels: GFPFast;pHluorin405
2026-07-28 20:37:01,578 INFO [503/1845] Dataset 1021: pH6_24_06
2026-07-28 20:37:01,599 INFO   Reading metadata annotations...
2026-07-28 20:37:01,761 INFO   Classifying metadata...
2026-07-28 20:37:04,971 INFO   -> fluor: YES | tf_loc: NO | tps: 180 | tf: UNKNOWN | condition: Aim:   Strain:   Comments:   
Microscope setup for used channels:
Brightfield:
White LED
->(Polariser + Prism + condenser)]
->Filter block:[Dual GFP/mCherry exciter (59022x),Dual dichroic (89021b | channels: GFPFast;pHluorin405
2026-07-28 20:37:05,171 INFO [504/1845] Dataset 1022: pH6_49_00
2026-07-28 20:37:05,183 INFO   Reading metadata annotations...
2026-07-28 20:37:05,403 INFO   Classifying metadata...
2026-07-28 20:37:09,003 INFO   -> fluor: YES | tf_loc: NO | tps: 180 | tf: UNKNOWN | condition: Aim:   Strain:   Comments:   
Microscope setup for used channels:
Brightfield:
White LED
->(Polariser + Prism + condenser)]
->Filter block:[Dual GFP/mCherry exciter (59022x),Dual dichroic (89021b | channels: GFPFast;pHluorin405
2026-07-28 20:37:09,203 INFO [505/1845] Dataset 1023: pH6_49_01
2026-07-28 20:37:09,219 INFO   Reading metadata annotations...
2026-07-28 20:37:09,489 INFO   Classifying metadata...
2026-07-28 20:37:12,775 INFO   -> fluor: YES | tf_loc: NO | tps: 180 | tf: UNKNOWN | condition: Aim:   Strain:   Comments:   
Microscope setup for used channels:
Brightfield:
White LED
->(Polariser + Prism + condenser)]
->Filter block:[Dual GFP/mCherry exciter (59022x),Dual dichroic (89021b | channels: GFPFast;pHluorin405
2026-07-28 20:37:12,976 INFO [506/1845] Dataset 1024: pH6_76_00
2026-07-28 20:37:12,989 INFO   Reading metadata annotations...
2026-07-28 20:37:13,166 INFO   Classifying metadata...
2026-07-28 20:37:17,165 INFO   -> fluor: YES | tf_loc: NO | tps: 180 | tf: UNKNOWN | condition: Aim:   Strain:   Comments:   
Microscope setup for used channels:
Brightfield:
White LED
->(Polariser + Prism + condenser)]
->Filter block:[Dual GFP/mCherry exciter (59022x),Dual dichroic (89021b | channels: GFPFast;pHluorin405
2026-07-28 20:37:17,365 INFO [507/1845] Dataset 1025: pH6_76_01
2026-07-28 20:37:17,380 INFO   Reading metadata annotations...
2026-07-28 20:37:17,590 INFO   Classifying metadata...
2026-07-28 20:37:20,721 INFO   -> fluor: YES | tf_loc: NO | tps: 180 | tf: UNKNOWN | condition: Aim:   Strain:   Comments:   
Microscope setup for used channels:
Brightfield:
White LED
->(Polariser + Prism + condenser)]
->Filter block:[Dual GFP/mCherry exciter (59022x),Dual dichroic (89021b | channels: GFPFast;pHluorin405
2026-07-28 20:37:20,922 INFO [508/1845] Dataset 1026: pH6_76_02
2026-07-28 20:37:20,929 INFO   Reading metadata annotations...
2026-07-28 20:37:21,066 INFO   Classifying metadata...
2026-07-28 20:37:23,841 INFO   -> fluor: YES | tf_loc: NO | tps: 180 | tf: UNKNOWN | condition: Aim:   Strain:   Comments:   
Microscope setup for used channels:
Brightfield:
White LED
->(Polariser + Prism + condenser)]
->Filter block:[Dual GFP/mCherry exciter (59022x),Dual dichroic (89021b | channels: GFPFast;pHluorin405
2026-07-28 20:37:24,041 INFO [509/1845] Dataset 1027: pH5_86_00
2026-07-28 20:37:24,056 INFO   Reading metadata annotations...
2026-07-28 20:37:24,336 INFO   Classifying metadata...
2026-07-28 20:37:27,343 INFO   -> fluor: YES | tf_loc: NO | tps: 180 | tf: UNKNOWN | condition: Aim:   Strain:   Comments:   
Microscope setup for used channels:
GFPFast:
470nm LED
->Combiner cube:[480/40 exciter, 515LP dichroic->(455LP dichroic)]
->Filter block:[Dual GFP/mCherry exciter (5 | channels: GFPFast;pHluorin405
2026-07-28 20:37:27,543 INFO [510/1845] Dataset 1028: pH5_86_01
2026-07-28 20:37:27,557 INFO   Reading metadata annotations...
2026-07-28 20:37:27,832 INFO   Classifying metadata...
2026-07-28 20:37:30,848 INFO   -> fluor: YES | tf_loc: NO | tps: 180 | tf: UNKNOWN | condition: Aim:   Strain:   Comments:   
Microscope setup for used channels:
GFPFast:
470nm LED
->Combiner cube:[480/40 exciter, 515LP dichroic->(455LP dichroic)]
->Filter block:[Dual GFP/mCherry exciter (5 | channels: GFPFast;pHluorin405
2026-07-28 20:37:31,049 INFO [511/1845] Dataset 1029: pH5_86_02
2026-07-28 20:37:31,056 INFO   Reading metadata annotations...
2026-07-28 20:37:31,197 INFO   Classifying metadata...
2026-07-28 20:37:34,337 INFO   -> fluor: YES | tf_loc: NO | tps: 180 | tf: UNKNOWN | condition: Aim:   Strain:   Comments:   
Microscope setup for used channels:
GFPFast:
470nm LED
->Combiner cube:[480/40 exciter, 515LP dichroic->(455LP dichroic)]
->Filter block:[Dual GFP/mCherry exciter (5 | channels: GFPFast;pHluorin405
2026-07-28 20:37:34,538 INFO [512/1845] Dataset 1030: pH5_86_03
2026-07-28 20:37:34,552 INFO   Reading metadata annotations...
2026-07-28 20:37:34,811 INFO   Classifying metadata...
2026-07-28 20:37:37,800 INFO   -> fluor: YES | tf_loc: NO | tps: 180 | tf: UNKNOWN | condition: Aim:   Strain:   Comments:   
Microscope setup for used channels:
GFPFast:
470nm LED
->Combiner cube:[480/40 exciter, 515LP dichroic->(455LP dichroic)]
->Filter block:[Dual GFP/mCherry exciter (5 | channels: GFPFast;pHluorin405
2026-07-28 20:37:38,000 INFO [513/1845] Dataset 1031: pH5_86_04
2026-07-28 20:37:38,014 INFO   Reading metadata annotations...
2026-07-28 20:37:38,331 INFO   Classifying metadata...
2026-07-28 20:37:41,430 INFO   -> fluor: YES | tf_loc: NO | tps: 180 | tf: UNKNOWN | condition: Aim:   Strain:   Comments:   
Microscope setup for used channels:
GFPFast:
470nm LED
->Combiner cube:[480/40 exciter, 515LP dichroic->(455LP dichroic)]
->Filter block:[Dual GFP/mCherry exciter (5 | channels: GFPFast;pHluorin405
2026-07-28 20:37:41,630 INFO [514/1845] Dataset 1032: pH5_86_05
2026-07-28 20:37:41,638 INFO   Reading metadata annotations...
2026-07-28 20:37:41,800 INFO   Classifying metadata...
2026-07-28 20:37:45,586 INFO   -> fluor: YES | tf_loc: NO | tps: 180 | tf: UNKNOWN | condition: Aim:   Strain:   Comments:   
Microscope setup for used channels:
GFPFast:
470nm LED
->Combiner cube:[480/40 exciter, 515LP dichroic->(455LP dichroic)]
->Filter block:[Dual GFP/mCherry exciter (5 | channels: GFPFast;pHluorin405
2026-07-28 20:37:45,786 INFO [515/1845] Dataset 1033: pH6_24_00
2026-07-28 20:37:45,799 INFO   Reading metadata annotations...
2026-07-28 20:37:46,065 INFO   Classifying metadata...
2026-07-28 20:37:50,131 INFO   -> fluor: YES | tf_loc: NO | tps: 180 | tf: UNKNOWN | condition: Aim:   Strain:   Comments:   
Microscope setup for used channels:
GFPFast:
470nm LED
->Combiner cube:[480/40 exciter, 515LP dichroic->(455LP dichroic)]
->Filter block:[Dual GFP/mCherry exciter (5 | channels: GFPFast;pHluorin405
2026-07-28 20:37:50,332 INFO [516/1845] Dataset 1035: pH6_24_02
2026-07-28 20:37:50,340 INFO   Reading metadata annotations...
2026-07-28 20:37:50,450 INFO   Classifying metadata...
2026-07-28 20:37:54,273 INFO   -> fluor: YES | tf_loc: NO | tps: 180 | tf: UNKNOWN | condition: Aim:   Strain:   Comments:   
Microscope setup for used channels:
GFPFast:
470nm LED
->Combiner cube:[480/40 exciter, 515LP dichroic->(455LP dichroic)]
->Filter block:[Dual GFP/mCherry exciter (5 | channels: GFPFast;pHluorin405
2026-07-28 20:37:54,473 INFO [517/1845] Dataset 1036: pH6_24_03
2026-07-28 20:37:54,486 INFO   Reading metadata annotations...
2026-07-28 20:37:54,784 INFO   Classifying metadata...
2026-07-28 20:37:58,591 INFO   -> fluor: YES | tf_loc: NO | tps: 180 | tf: UNKNOWN | condition: Aim:   Strain:   Comments:   
Microscope setup for used channels:
GFPFast:
470nm LED
->Combiner cube:[480/40 exciter, 515LP dichroic->(455LP dichroic)]
->Filter block:[Dual GFP/mCherry exciter (5 | channels: GFPFast;pHluorin405
2026-07-28 20:37:58,791 INFO [518/1845] Dataset 1037: pH6_24_04
2026-07-28 20:37:58,804 INFO   Reading metadata annotations...
2026-07-28 20:37:59,114 INFO   Classifying metadata...
2026-07-28 20:38:02,572 INFO   -> fluor: YES | tf_loc: NO | tps: 180 | tf: UNKNOWN | condition: Aim:   Strain:   Comments:   
Microscope setup for used channels:
GFPFast:
470nm LED
->Combiner cube:[480/40 exciter, 515LP dichroic->(455LP dichroic)]
->Filter block:[Dual GFP/mCherry exciter (5 | channels: GFPFast;pHluorin405
2026-07-28 20:38:02,772 INFO [519/1845] Dataset 1038: pH6_24_05
2026-07-28 20:38:02,786 INFO   Reading metadata annotations...
2026-07-28 20:38:03,067 INFO   Classifying metadata...
2026-07-28 20:38:05,835 INFO   -> fluor: YES | tf_loc: NO | tps: 180 | tf: UNKNOWN | condition: Aim:   Strain:   Comments:   
Microscope setup for used channels:
GFPFast:
470nm LED
->Combiner cube:[480/40 exciter, 515LP dichroic->(455LP dichroic)]
->Filter block:[Dual GFP/mCherry exciter (5 | channels: GFPFast;pHluorin405
2026-07-28 20:38:06,036 INFO [520/1845] Dataset 1039: pH6_49_00
2026-07-28 20:38:06,049 INFO   Reading metadata annotations...
2026-07-28 20:38:06,309 INFO   Classifying metadata...
2026-07-28 20:38:10,717 INFO   -> fluor: YES | tf_loc: NO | tps: 180 | tf: UNKNOWN | condition: Aim:   Strain:   Comments:   
Microscope setup for used channels:
GFPFast:
470nm LED
->Combiner cube:[480/40 exciter, 515LP dichroic->(455LP dichroic)]
->Filter block:[Dual GFP/mCherry exciter (5 | channels: GFPFast;pHluorin405
2026-07-28 20:38:10,917 INFO [521/1845] Dataset 1040: pH6_49_01
2026-07-28 20:38:10,925 INFO   Reading metadata annotations...
2026-07-28 20:38:11,073 INFO   Classifying metadata...
2026-07-28 20:38:14,343 INFO   -> fluor: YES | tf_loc: NO | tps: 180 | tf: UNKNOWN | condition: Aim:   Strain:   Comments:   
Microscope setup for used channels:
GFPFast:
470nm LED
->Combiner cube:[480/40 exciter, 515LP dichroic->(455LP dichroic)]
->Filter block:[Dual GFP/mCherry exciter (5 | channels: GFPFast;pHluorin405
2026-07-28 20:38:14,543 INFO [522/1845] Dataset 1041: pH6_49_02
2026-07-28 20:38:14,552 INFO   Reading metadata annotations...
2026-07-28 20:38:14,760 INFO   Classifying metadata...
2026-07-28 20:38:18,074 INFO   -> fluor: YES | tf_loc: NO | tps: 180 | tf: UNKNOWN | condition: Aim:   Strain:   Comments:   
Microscope setup for used channels:
GFPFast:
470nm LED
->Combiner cube:[480/40 exciter, 515LP dichroic->(455LP dichroic)]
->Filter block:[Dual GFP/mCherry exciter (5 | channels: GFPFast;pHluorin405
2026-07-28 20:38:18,275 INFO [523/1845] Dataset 1042: pH6_49_03
2026-07-28 20:38:18,288 INFO   Reading metadata annotations...
2026-07-28 20:38:18,443 INFO   Classifying metadata...
2026-07-28 20:38:21,383 INFO   -> fluor: YES | tf_loc: NO | tps: 180 | tf: UNKNOWN | condition: Aim:   Strain:   Comments:   
Microscope setup for used channels:
GFPFast:
470nm LED
->Combiner cube:[480/40 exciter, 515LP dichroic->(455LP dichroic)]
->Filter block:[Dual GFP/mCherry exciter (5 | channels: GFPFast;pHluorin405
2026-07-28 20:38:21,583 INFO [524/1845] Dataset 1043: pH6_49_04
2026-07-28 20:38:21,591 INFO   Reading metadata annotations...
2026-07-28 20:38:21,729 INFO   Classifying metadata...
2026-07-28 20:38:25,273 INFO   -> fluor: YES | tf_loc: NO | tps: 180 | tf: UNKNOWN | condition: Aim:   Strain:   Comments:   
Microscope setup for used channels:
GFPFast:
470nm LED
->Combiner cube:[480/40 exciter, 515LP dichroic->(455LP dichroic)]
->Filter block:[Dual GFP/mCherry exciter (5 | channels: GFPFast;pHluorin405
2026-07-28 20:38:25,473 INFO [525/1845] Dataset 1044: pH6_76_00
2026-07-28 20:38:25,486 INFO   Reading metadata annotations...
2026-07-28 20:38:25,706 INFO   Classifying metadata...
2026-07-28 20:38:28,764 INFO   -> fluor: YES | tf_loc: NO | tps: 180 | tf: UNKNOWN | condition: Aim:   Strain:   Comments:   
Microscope setup for used channels:
GFPFast:
470nm LED
->Combiner cube:[480/40 exciter, 515LP dichroic->(455LP dichroic)]
->Filter block:[Dual GFP/mCherry exciter (5 | channels: GFPFast;pHluorin405
2026-07-28 20:38:28,964 INFO [526/1845] Dataset 1046: pH6_76_02
2026-07-28 20:38:28,977 INFO   Reading metadata annotations...
2026-07-28 20:38:29,249 INFO   Classifying metadata...
2026-07-28 20:38:31,754 INFO   -> fluor: YES | tf_loc: NO | tps: 180 | tf: UNKNOWN | condition: Aim:   Strain:   Comments:   
Microscope setup for used channels:
GFPFast:
470nm LED
->Combiner cube:[480/40 exciter, 515LP dichroic->(455LP dichroic)]
->Filter block:[Dual GFP/mCherry exciter (5 | channels: GFPFast;pHluorin405
2026-07-28 20:38:31,954 INFO [527/1845] Dataset 1063: KCl_shock0_3v_01
2026-07-28 20:38:31,967 INFO   Reading metadata annotations...
2026-07-28 20:38:32,308 INFO   Classifying metadata...
2026-07-28 20:38:35,633 INFO   -> fluor: YES | tf_loc: NO | tps: 240 | tf: UNKNOWN | condition: 2% glucose to 2% glucose + 0.2 M KCl | channels: GFPFast;cy5
2026-07-28 20:38:35,833 INFO [528/1845] Dataset 2591: Ramp_2to0pGlc_1h_Msn2Dot6Mig1Sfp1_00
2026-07-28 20:38:35,847 INFO   Reading metadata annotations...
2026-07-28 20:38:36,041 WARNING   Truncated large annotation(s): ramp_2to0pglc_1h_msn2dot6mig1sfp1.log
2026-07-28 20:38:36,042 INFO   Classifying metadata...
2026-07-28 20:38:39,434 INFO   -> fluor: YES | tf_loc: YES | tps: 192 | tf: Msn2;Dot6;Mig1;Sfp1 | condition: 2% glucose to 0% glucose | channels: GFP_Z;GFP;cy5;mCherry_Z;mCherry
2026-07-28 20:38:39,635 INFO [529/1845] Dataset 2592: Ramp_2to0pGlc_0h30m_Msn2Dot6Mig1Sfp1_00
2026-07-28 20:38:39,648 INFO   Reading metadata annotations...
2026-07-28 20:38:39,852 WARNING   Truncated large annotation(s): ramp_2to0pglc_0h30m_msn2dot6mig1sfp1.log
2026-07-28 20:38:39,853 INFO   Classifying metadata...
2026-07-28 20:38:43,117 INFO   -> fluor: YES | tf_loc: YES | tps: 192 | tf: Msn2;Dot6;Mig1;Sfp1 | condition: 2% glucose to 0% glucose | channels: GFP_Z;GFP;cy5;mCherry_Z;mCherry
2026-07-28 20:38:43,318 INFO [530/1845] Dataset 2594: Ramp_1to0pGal_10h_Msn2Dot6Mig1Sfp1_00
2026-07-28 20:38:43,331 INFO   Reading metadata annotations...
2026-07-28 20:38:43,515 WARNING   Truncated large annotation(s): ramp_1to0pgal_10h_msn2dot6mig1sfp1.log
2026-07-28 20:38:43,515 INFO   Classifying metadata...
2026-07-28 20:38:46,855 INFO   -> fluor: YES | tf_loc: YES | tps: 192 | tf: Msn2;Dot6;Mig1;Sfp1 | condition: 1% galactose to 0% glucose | channels: GFP_Z;GFP;cy5;mCherry_Z;mCherry
2026-07-28 20:38:47,055 INFO [531/1845] Dataset 2593: Ramp_2to0pGal_5h_Msn2Dot6Mig1Sfp1_00
2026-07-28 20:38:47,068 INFO   Reading metadata annotations...
2026-07-28 20:38:47,263 WARNING   Truncated large annotation(s): ramp_2to0pgal_5h_msn2dot6mig1sfp1.log
2026-07-28 20:38:47,263 INFO   Classifying metadata...
2026-07-28 20:38:51,026 INFO   -> fluor: YES | tf_loc: YES | tps: 192 | tf: Msn2;Dot6;Mig1;Sfp1 | condition: 2% galactose to 0% glucose | channels: GFP_Z;GFP;cy5;mCherry_Z;mCherry
2026-07-28 20:38:51,227 INFO [532/1845] Dataset 2595: glabrata_IC17_GTT_00
2026-07-28 20:38:51,234 INFO   Reading metadata annotations...
2026-07-28 20:38:51,383 WARNING   Truncated large annotation(s): glabrata_ic17_gtt.log
2026-07-28 20:38:51,383 INFO   Classifying metadata...
2026-07-28 20:38:57,871 INFO   -> fluor: NO | tf_loc: NO | tps: 200 | tf: UNKNOWN | condition: Aim: Optimise design for glabrata traps. | channels: UNKNOWN
2026-07-28 20:38:58,071 INFO [533/1845] Dataset 2596: GFP_00
2026-07-28 20:38:58,085 INFO   Reading metadata annotations...
2026-07-28 20:38:58,179 INFO   Classifying metadata...
2026-07-28 20:39:02,734 INFO   -> fluor: NO | tf_loc: NO | tps: 240 | tf: UNKNOWN | condition: Aim to determine if carbon source on ribosomal scaling | channels: UNKNOWN
2026-07-28 20:39:02,935 INFO [534/1845] Dataset 2597: GFP_00
2026-07-28 20:39:02,948 INFO   Reading metadata annotations...
2026-07-28 20:39:03,004 INFO   Classifying metadata...
2026-07-28 20:39:05,699 INFO   -> fluor: YES | tf_loc: NO | tps: 240 | tf: UNKNOWN | condition: Aim to determine if carbon source on ribosomal scaling | channels: GFP_Z;GFP
2026-07-28 20:39:05,899 INFO [535/1845] Dataset 2598: GAL2__MAN_GAL_00
2026-07-28 20:39:05,912 INFO   Reading metadata annotations...
2026-07-28 20:39:06,112 WARNING   Truncated large annotation(s): gal2__man_gal.log
2026-07-28 20:39:06,113 INFO   Classifying metadata...
2026-07-28 20:39:12,181 INFO   -> fluor: YES | tf_loc: NO | tps: 180 | tf: UNKNOWN | condition: Experiment details: localization of GAL2 in different sugars (man, gal, man-gal at 1.5%) | channels: GFP_Z;GFP
2026-07-28 20:39:12,381 INFO [536/1845] Dataset 2599: GAL2__MAN_GAL_00
2026-07-28 20:39:12,391 INFO   Reading metadata annotations...
2026-07-28 20:39:12,562 WARNING   Truncated large annotation(s): gal2__man_gal.log
2026-07-28 20:39:12,563 INFO   Classifying metadata...
2026-07-28 20:39:17,885 INFO   -> fluor: YES | tf_loc: NO | tps: 180 | tf: UNKNOWN | condition: Experiment details: localization of GAL2 in different sugars (man, gal, man-gal at 1.5%) | channels: GFP_Z;GFP
2026-07-28 20:39:18,086 INFO [537/1845] Dataset 2600: GAL2__MAN_GAL_00
2026-07-28 20:39:18,099 INFO   Reading metadata annotations...
2026-07-28 20:39:18,291 WARNING   Truncated large annotation(s): gal2__man_gal.log
2026-07-28 20:39:18,291 INFO   Classifying metadata...
2026-07-28 20:39:24,744 INFO   -> fluor: YES | tf_loc: NO | tps: 180 | tf: UNKNOWN | condition: mannose to galactose | channels: GFP_Z;GFP
2026-07-28 20:39:24,944 INFO [538/1845] Dataset 2601: GAL10__MAN_GAL_01
2026-07-28 20:39:24,958 INFO   Reading metadata annotations...
2026-07-28 20:39:25,130 WARNING   Truncated large annotation(s): gal10__man_gal.log
2026-07-28 20:39:25,130 INFO   Classifying metadata...
2026-07-28 20:39:30,484 INFO   -> fluor: YES | tf_loc: NO | tps: 180 | tf: UNKNOWN | condition: Experiment details: localization of GAL10 in different sugars (gal, man-gal, man at 1.5%) | channels: GFP_Z;GFP
2026-07-28 20:39:30,684 INFO [539/1845] Dataset 2602: Ilv1_fluc_switch_00
2026-07-28 20:39:30,692 INFO   Reading metadata annotations...
2026-07-28 20:39:30,709 WARNING   No .log/.txt/Acq.txt annotation found for dataset 2602.
2026-07-28 20:39:30,710 INFO   Classifying metadata...
2026-07-28 20:39:32,743 INFO   -> fluor: NO | tf_loc: NO | tps:  | tf: UNKNOWN | condition:  | channels: UNKNOWN
2026-07-28 20:39:32,943 INFO [540/1845] Dataset 2603: Ilv1_fluc_switch_00
2026-07-28 20:39:32,956 INFO   Reading metadata annotations...
2026-07-28 20:39:33,142 WARNING   Truncated large annotation(s): ilv1_fluc_switch.log
2026-07-28 20:39:33,142 INFO   Classifying metadata...
2026-07-28 20:39:40,008 INFO   -> fluor: YES | tf_loc: NO | tps: 180 | tf: UNKNOWN | condition: no fluconazole to 100ug/ml fluconazole | channels: GFP_Z;GFP;cy5
2026-07-28 20:39:40,209 INFO [541/1845] Dataset 2604: GAL1__MAN__Glu_GAL_00
2026-07-28 20:39:40,216 INFO   Reading metadata annotations...
2026-07-28 20:39:40,351 WARNING   Truncated large annotation(s): gal1__man__glu_gal.log
2026-07-28 20:39:40,351 INFO   Classifying metadata...
2026-07-28 20:39:46,014 INFO   -> fluor: YES | tf_loc: NO | tps: 180 | tf: UNKNOWN | condition: mannose to galactose | channels: GFP_Z;GFP
2026-07-28 20:39:46,214 INFO [542/1845] Dataset 2605: 2_to_0_1pc_glc_switch_00
2026-07-28 20:39:46,227 INFO   Reading metadata annotations...
2026-07-28 20:39:46,426 WARNING   Truncated large annotation(s): 2_to_0_1pc_glc_switch.log
2026-07-28 20:39:46,426 INFO   Classifying metadata...
2026-07-28 20:39:55,391 INFO   -> fluor: YES | tf_loc: YES | tps: 180 | tf: UNKNOWN | condition: Experiment details: Demonstration of transcription factor stress response experiment | channels: GFP_Z;GFP;cy5
2026-07-28 20:39:55,591 INFO [543/1845] Dataset 2606: 2_to_0_1pc_glc_switch_01
2026-07-28 20:39:55,603 INFO   Reading metadata annotations...
2026-07-28 20:39:55,807 WARNING   Truncated large annotation(s): 2_to_0_1pc_glc_switch.log
2026-07-28 20:39:55,807 INFO   Classifying metadata...
2026-07-28 20:40:01,709 INFO   -> fluor: YES | tf_loc: YES | tps: 180 | tf: UNKNOWN | condition: Experiment details: Demonstration of transcription factor stress response experiment | channels: GFP_Z;GFP;cy5
2026-07-28 20:40:01,909 INFO [544/1845] Dataset 2607: GAL2_MAN_GAL_00
2026-07-28 20:40:01,923 INFO   Reading metadata annotations...
2026-07-28 20:40:02,121 WARNING   Truncated large annotation(s): gal2_man_gal.log
2026-07-28 20:40:02,121 INFO   Classifying metadata...
2026-07-28 20:40:07,830 INFO   -> fluor: YES | tf_loc: NO | tps: 180 | tf: UNKNOWN | condition: mannose to galactose | channels: GFP_Z;GFP
2026-07-28 20:40:08,030 INFO [545/1845] Dataset 2608: GAL2_MAN_GAL_01
2026-07-28 20:40:08,043 INFO   Reading metadata annotations...
2026-07-28 20:40:08,202 WARNING   Truncated large annotation(s): gal2_man_gal.log
2026-07-28 20:40:08,202 INFO   Classifying metadata...
2026-07-28 20:40:14,079 INFO   -> fluor: YES | tf_loc: NO | tps: 180 | tf: UNKNOWN | condition: mannose to galactose | channels: GFP_Z;GFP
2026-07-28 20:40:14,279 INFO [546/1845] Dataset 2609: Ramp_1to0pGlc_7h45_Msn2Dot6Mig1Sfp1_00
2026-07-28 20:40:14,291 INFO   Reading metadata annotations...
2026-07-28 20:40:14,477 WARNING   Truncated large annotation(s): ramp_1to0pglc_7h45_msn2dot6mig1sfp1.log
2026-07-28 20:40:14,478 INFO   Classifying metadata...
2026-07-28 20:40:17,935 INFO   -> fluor: YES | tf_loc: YES | tps: 192 | tf: Msn2;Dot6;Mig1;Sfp1 | condition: 1% glucose to 0% glucose | channels: GFP_Z;GFP;cy5;mCherry_Z;mCherry
2026-07-28 20:40:18,136 INFO [547/1845] Dataset 2610: Ramp_1to0pGlc_0h15_Msn2Dot6Mig1Sfp1_00
2026-07-28 20:40:18,145 INFO   Reading metadata annotations...
2026-07-28 20:40:18,300 WARNING   Truncated large annotation(s): ramp_1to0pglc_0h15_msn2dot6mig1sfp1.log
2026-07-28 20:40:18,300 INFO   Classifying metadata...
2026-07-28 20:40:21,815 INFO   -> fluor: YES | tf_loc: YES | tps: 192 | tf: Msn2;Dot6;Mig1;Sfp1 | condition: 1% glucose to 0% glucose | channels: GFP_Z;GFP;cy5;mCherry_Z;mCherry
2026-07-28 20:40:22,015 INFO [548/1845] Dataset 2611: TFs_2_to_0_1_01
2026-07-28 20:40:22,027 INFO   Reading metadata annotations...
2026-07-28 20:40:22,047 WARNING   No .log/.txt/Acq.txt annotation found for dataset 2611.
2026-07-28 20:40:22,048 INFO   Classifying metadata...
2026-07-28 20:40:24,588 INFO   -> fluor: NO | tf_loc: YES | tps:  | tf: UNKNOWN | condition:  | channels: UNKNOWN
2026-07-28 20:40:24,788 INFO [549/1845] Dataset 2612: TFs_2_to_0_1_01
2026-07-28 20:40:24,800 INFO   Reading metadata annotations...
2026-07-28 20:40:24,979 WARNING   Truncated large annotation(s): tfs_2_to_0_1.log
2026-07-28 20:40:24,979 INFO   Classifying metadata...
2026-07-28 20:40:29,506 INFO   -> fluor: YES | tf_loc: YES | tps: 200 | tf: UNKNOWN | condition: 2% glucose to 0.1% glucose | channels: GFP_Z;GFP;cy5
2026-07-28 20:40:29,706 INFO [550/1845] Dataset 2615: Ramp_1to0pGlc_0h15m_Msn2Dot6Mig1Sfp1_00
2026-07-28 20:40:29,719 INFO   Reading metadata annotations...
2026-07-28 20:40:29,942 WARNING   Truncated large annotation(s): ramp_1to0pglc_0h15m_msn2dot6mig1sfp1.log
2026-07-28 20:40:29,943 INFO   Classifying metadata...
2026-07-28 20:40:33,699 INFO   -> fluor: YES | tf_loc: YES | tps: 192 | tf: Msn2;Dot6;Mig1;Sfp1 | condition: 1% glucose to 0% glucose | channels: GFP_Z;GFP;cy5;mCherry_Z;mCherry
2026-07-28 20:40:33,900 INFO [551/1845] Dataset 2616: GAL2_MAN_GAL_00
2026-07-28 20:40:33,914 INFO   Reading metadata annotations...
2026-07-28 20:40:34,079 WARNING   Truncated large annotation(s): gal2_man_gal.log
2026-07-28 20:40:34,080 INFO   Classifying metadata...
2026-07-28 20:40:41,949 INFO   -> fluor: YES | tf_loc: NO | tps: 180 | tf: UNKNOWN | condition: mannose to galactose | channels: GFP_Z;GFP
2026-07-28 20:40:42,149 INFO [552/1845] Dataset 1047: pH6_76_03
2026-07-28 20:40:42,162 INFO   Reading metadata annotations...
2026-07-28 20:40:42,464 INFO   Classifying metadata...
2026-07-28 20:40:46,016 INFO   -> fluor: YES | tf_loc: NO | tps: 180 | tf: UNKNOWN | condition: Aim:   Strain:   Comments:   
Microscope setup for used channels:
GFPFast:
470nm LED
->Combiner cube:[480/40 exciter, 515LP dichroic->(455LP dichroic)]
->Filter block:[Dual GFP/mCherry exciter (5 | channels: GFPFast;pHluorin405
2026-07-28 20:40:46,217 INFO [553/1845] Dataset 1048: pH7_00_00
2026-07-28 20:40:46,230 INFO   Reading metadata annotations...
2026-07-28 20:40:46,513 INFO   Classifying metadata...
2026-07-28 20:40:50,157 INFO   -> fluor: YES | tf_loc: NO | tps: 180 | tf: UNKNOWN | condition: Aim:   Strain:   Comments:   
Microscope setup for used channels:
GFPFast:
470nm LED
->Combiner cube:[480/40 exciter, 515LP dichroic->(455LP dichroic)]
->Filter block:[Dual GFP/mCherry exciter (5 | channels: GFPFast;pHluorin405
2026-07-28 20:40:50,357 INFO [554/1845] Dataset 1049: pH7_00_01
2026-07-28 20:40:50,378 INFO   Reading metadata annotations...
2026-07-28 20:40:50,538 INFO   Classifying metadata...
2026-07-28 20:40:53,534 INFO   -> fluor: YES | tf_loc: NO | tps: 180 | tf: UNKNOWN | condition: Aim:   Strain:   Comments:   
Microscope setup for used channels:
GFPFast:
470nm LED
->Combiner cube:[480/40 exciter, 515LP dichroic->(455LP dichroic)]
->Filter block:[Dual GFP/mCherry exciter (5 | channels: GFPFast;pHluorin405
2026-07-28 20:40:53,735 INFO [555/1845] Dataset 1050: pH7_24_00
2026-07-28 20:40:53,748 INFO   Reading metadata annotations...
2026-07-28 20:40:54,048 INFO   Classifying metadata...
2026-07-28 20:40:57,395 INFO   -> fluor: YES | tf_loc: NO | tps: 180 | tf: UNKNOWN | condition: Aim:   Strain:   Comments:   
Microscope setup for used channels:
GFPFast:
470nm LED
->Combiner cube:[480/40 exciter, 515LP dichroic->(455LP dichroic)]
->Filter block:[Dual GFP/mCherry exciter (5 | channels: GFPFast;pHluorin405
2026-07-28 20:40:57,595 INFO [556/1845] Dataset 1051: pH7_24_01
2026-07-28 20:40:57,608 INFO   Reading metadata annotations...
2026-07-28 20:40:57,802 INFO   Classifying metadata...
2026-07-28 20:41:00,483 INFO   -> fluor: YES | tf_loc: NO | tps: 180 | tf: UNKNOWN | condition: Aim:   Strain:   Comments:   
Microscope setup for used channels:
GFPFast:
470nm LED
->Combiner cube:[480/40 exciter, 515LP dichroic->(455LP dichroic)]
->Filter block:[Dual GFP/mCherry exciter (5 | channels: GFPFast;pHluorin405
2026-07-28 20:41:00,683 INFO [557/1845] Dataset 1052: pH7_49_00
2026-07-28 20:41:00,692 INFO   Reading metadata annotations...
2026-07-28 20:41:00,830 INFO   Classifying metadata...
2026-07-28 20:41:03,744 INFO   -> fluor: YES | tf_loc: NO | tps: 180 | tf: UNKNOWN | condition: Aim:   Strain:   Comments:   
Microscope setup for used channels:
GFPFast:
470nm LED
->Combiner cube:[480/40 exciter, 515LP dichroic->(455LP dichroic)]
->Filter block:[Dual GFP/mCherry exciter (5 | channels: GFPFast;pHluorin405
2026-07-28 20:41:03,944 INFO [558/1845] Dataset 1053: pH7_49_01
2026-07-28 20:41:03,957 INFO   Reading metadata annotations...
2026-07-28 20:41:04,252 INFO   Classifying metadata...
2026-07-28 20:41:07,766 INFO   -> fluor: YES | tf_loc: NO | tps: 180 | tf: UNKNOWN | condition: Aim:   Strain:   Comments:   
Microscope setup for used channels:
GFPFast:
470nm LED
->Combiner cube:[480/40 exciter, 515LP dichroic->(455LP dichroic)]
->Filter block:[Dual GFP/mCherry exciter (5 | channels: GFPFast;pHluorin405
2026-07-28 20:41:07,966 INFO [559/1845] Dataset 1054: test_00
2026-07-28 20:41:07,978 INFO   Reading metadata annotations...
2026-07-28 20:41:08,127 INFO   Classifying metadata...
2026-07-28 20:41:11,274 INFO   -> fluor: YES | tf_loc: NO | tps: 180 | tf: UNKNOWN | condition: Aim:   Strain:   Comments:   
Microscope setup for used channels:
GFPFast:
470nm LED
->Combiner cube:[480/40 exciter, 515LP dichroic->(455LP dichroic)]
->Filter block:[Dual GFP/mCherry exciter (5 | channels: GFPFast;pHluorin405
2026-07-28 20:41:11,474 INFO [560/1845] Dataset 1055: test_01
2026-07-28 20:41:11,483 INFO   Reading metadata annotations...
2026-07-28 20:41:11,616 INFO   Classifying metadata...
2026-07-28 20:41:15,330 INFO   -> fluor: YES | tf_loc: NO | tps: 180 | tf: UNKNOWN | condition: Aim:   Strain:   Comments:   
Microscope setup for used channels:
GFPFast:
470nm LED
->Combiner cube:[480/40 exciter, 515LP dichroic->(455LP dichroic)]
->Filter block:[Dual GFP/mCherry exciter (5 | channels: GFPFast;pHluorin405
2026-07-28 20:41:15,530 INFO [561/1845] Dataset 1056: test_02
2026-07-28 20:41:15,543 INFO   Reading metadata annotations...
2026-07-28 20:41:15,663 INFO   Classifying metadata...
2026-07-28 20:41:18,953 INFO   -> fluor: YES | tf_loc: NO | tps: 180 | tf: UNKNOWN | condition: Aim:   Strain:   Comments:   
Microscope setup for used channels:
GFPFast:
470nm LED
->Combiner cube:[480/40 exciter, 515LP dichroic->(455LP dichroic)]
->Filter block:[Dual GFP/mCherry exciter (5 | channels: GFPFast;pHluorin405
2026-07-28 20:41:19,153 INFO [562/1845] Dataset 1057: test_03
2026-07-28 20:41:19,167 INFO   Reading metadata annotations...
2026-07-28 20:41:19,441 INFO   Classifying metadata...
2026-07-28 20:41:22,275 INFO   -> fluor: YES | tf_loc: NO | tps: 180 | tf: UNKNOWN | condition: Aim:   Strain:   Comments:   
Microscope setup for used channels:
GFPFast:
470nm LED
->Combiner cube:[480/40 exciter, 515LP dichroic->(455LP dichroic)]
->Filter block:[Dual GFP/mCherry exciter (5 | channels: GFPFast;pHluorin405
2026-07-28 20:41:22,476 INFO [563/1845] Dataset 2618: Ramp_1to0pGlc_0h10m_Msn2Dot6Mig1Sfp1_00
2026-07-28 20:41:22,488 INFO   Reading metadata annotations...
2026-07-28 20:41:22,685 WARNING   Truncated large annotation(s): ramp_1to0pglc_0h10m_msn2dot6mig1sfp1.log
2026-07-28 20:41:22,685 INFO   Classifying metadata...
2026-07-28 20:41:26,069 INFO   -> fluor: YES | tf_loc: YES | tps: 192 | tf: Msn2;Dot6;Mig1;Sfp1 | condition: 1% glucose to 0% glucose | channels: GFP_Z;GFP;cy5;mCherry_Z;mCherry
2026-07-28 20:41:26,269 INFO [564/1845] Dataset 1059: Pdr5_growthvariation_01
2026-07-28 20:41:26,283 INFO   Reading metadata annotations...
2026-07-28 20:41:26,654 INFO   Classifying metadata...
2026-07-28 20:41:30,313 INFO   -> fluor: YES | tf_loc: NO | tps: 180 | tf: UNKNOWN | condition: Aim: Observe effect of growth conditions on numbers of high and low-expressing Pdr5 cells  Strain: 1490 (pdr5-GFP)  Comments:   Imaged on black 96-well plate. | channels: GFPFast
2026-07-28 20:41:30,514 INFO [565/1845] Dataset 1060: Pdr5_growthvariation_02
2026-07-28 20:41:30,522 INFO   Reading metadata annotations...
2026-07-28 20:41:30,685 INFO   Classifying metadata...
2026-07-28 20:41:33,814 INFO   -> fluor: YES | tf_loc: NO | tps: 180 | tf: UNKNOWN | condition: Aim: Observe effect of growth conditions on numbers of high and low-expressing Pdr5 cells  Strain: 1490 (pdr5-GFP)  Comments:   Imaged on black 96-well plate. | channels: GFPFast
2026-07-28 20:41:34,014 INFO [566/1845] Dataset 1061: Pdr5_growthvariation_01
2026-07-28 20:41:34,027 INFO   Reading metadata annotations...
2026-07-28 20:41:34,380 INFO   Classifying metadata...
2026-07-28 20:41:37,618 INFO   -> fluor: YES | tf_loc: NO | tps: 180 | tf: UNKNOWN | condition: Aim: Observe effect of growth conditions on numbers of high and low-expressing Pdr5 cells  Strain: 1490 (pdr5-GFP)  Comments:   Imaged on black 96-well plate. | channels: GFPFast
2026-07-28 20:41:37,819 INFO [567/1845] Dataset 1062: Pdr5_growthvariation_02
2026-07-28 20:41:37,832 INFO   Reading metadata annotations...
2026-07-28 20:41:38,155 WARNING   Truncated large annotation(s): pdr5_growthvariationlog.txt
2026-07-28 20:41:38,156 INFO   Classifying metadata...
2026-07-28 20:41:44,868 INFO   -> fluor: YES | tf_loc: NO | tps: 180 | tf: UNKNOWN | condition: Aim: Observe effect of growth conditions on numbers of high and low-expressing Pdr5 cells  Strain: 1490 (pdr5-GFP)  Comments:   Imaged on black 96-well plate. | channels: GFPFast
2026-07-28 20:41:45,069 INFO [568/1845] Dataset 1064: KCl_shock0_3v_02
2026-07-28 20:41:45,082 INFO   Reading metadata annotations...
2026-07-28 20:41:45,442 INFO   Classifying metadata...
2026-07-28 20:41:48,107 INFO   -> fluor: YES | tf_loc: NO | tps: 240 | tf: UNKNOWN | condition: 2% glucose to 2% glucose + 0.2 M KCl | channels: GFPFast;cy5;pHluorin405
2026-07-28 20:41:48,307 INFO [569/1845] Dataset 1065: KCl_shock0_3v_03
2026-07-28 20:41:48,320 INFO   Reading metadata annotations...
2026-07-28 20:41:48,669 INFO   Classifying metadata...
2026-07-28 20:41:51,768 INFO   -> fluor: YES | tf_loc: NO | tps: 240 | tf: UNKNOWN | condition: 2% glucose to 2% glucose + 0.2M KCl | channels: GFPFast;cy5;pHluorin405
2026-07-28 20:41:51,968 INFO [570/1845] Dataset 1066: KCl_shock0_3v_04
2026-07-28 20:41:51,981 INFO   Reading metadata annotations...
2026-07-28 20:41:52,384 WARNING   Truncated large annotation(s): kcl_shock0_3vlog.txt
2026-07-28 20:41:52,384 INFO   Classifying metadata...
2026-07-28 20:41:58,524 INFO   -> fluor: YES | tf_loc: NO | tps: 240 | tf: UNKNOWN | condition: 2% glucose to 2% glucose + 0.2M KCl | channels: GFPFast;cy5;pHluorin405
2026-07-28 20:41:58,725 INFO [571/1845] Dataset 1067: pH5_86_00
2026-07-28 20:41:58,738 INFO   Reading metadata annotations...
2026-07-28 20:41:59,010 INFO   Classifying metadata...
2026-07-28 20:42:01,868 INFO   -> fluor: YES | tf_loc: NO | tps: 240 | tf: UNKNOWN | condition: Aim: pH calibration  Strain: 247  Comments:
Microscope setup for used channels:
Brightfield:
White LED
->(Polariser + Prism + condenser)]
->Filter block:[Dual GFP/mCherry exciter (59022x),Dual di | channels: GFPFast;pHluorin405
2026-07-28 20:42:02,069 INFO [572/1845] Dataset 1068: pH5_86_01
2026-07-28 20:42:02,081 INFO   Reading metadata annotations...
2026-07-28 20:42:02,352 INFO   Classifying metadata...
2026-07-28 20:42:05,628 INFO   -> fluor: YES | tf_loc: NO | tps: 240 | tf: UNKNOWN | condition: Aim: pH calibration  Strain: 247  Comments:
Microscope setup for used channels:
Brightfield:
White LED
->(Polariser + Prism + condenser)]
->Filter block:[Dual GFP/mCherry exciter (59022x),Dual di | channels: GFPFast;pHluorin405
2026-07-28 20:42:05,828 INFO [573/1845] Dataset 1069: pH5_86_02
2026-07-28 20:42:05,841 INFO   Reading metadata annotations...
2026-07-28 20:42:06,118 INFO   Classifying metadata...
2026-07-28 20:42:09,442 INFO   -> fluor: YES | tf_loc: NO | tps: 240 | tf: UNKNOWN | condition: Aim: pH calibration  Strain: 247  Comments:
Microscope setup for used channels:
Brightfield:
White LED
->(Polariser + Prism + condenser)]
->Filter block:[Dual GFP/mCherry exciter (59022x),Dual di | channels: GFPFast;pHluorin405
2026-07-28 20:42:09,642 INFO [574/1845] Dataset 1070: pH6_24_00
2026-07-28 20:42:09,655 INFO   Reading metadata annotations...
2026-07-28 20:42:09,930 INFO   Classifying metadata...
2026-07-28 20:42:13,400 INFO   -> fluor: YES | tf_loc: NO | tps: 240 | tf: UNKNOWN | condition: Aim: pH calibration  Strain: 247  Comments:
Microscope setup for used channels:
Brightfield:
White LED
->(Polariser + Prism + condenser)]
->Filter block:[Dual GFP/mCherry exciter (59022x),Dual di | channels: GFPFast;pHluorin405
2026-07-28 20:42:13,600 INFO [575/1845] Dataset 1071: pH6_24_01
2026-07-28 20:42:13,613 INFO   Reading metadata annotations...
2026-07-28 20:42:13,789 INFO   Classifying metadata...
2026-07-28 20:42:17,003 INFO   -> fluor: YES | tf_loc: NO | tps: 240 | tf: UNKNOWN | condition: Aim: pH calibration  Strain: 247  Comments:
Microscope setup for used channels:
Brightfield:
White LED
->(Polariser + Prism + condenser)]
->Filter block:[Dual GFP/mCherry exciter (59022x),Dual di | channels: GFPFast;pHluorin405
2026-07-28 20:42:17,204 INFO [576/1845] Dataset 1072: pH6_49_00
2026-07-28 20:42:17,217 INFO   Reading metadata annotations...
2026-07-28 20:42:17,399 INFO   Classifying metadata...
2026-07-28 20:42:20,006 INFO   -> fluor: YES | tf_loc: NO | tps: 240 | tf: UNKNOWN | condition: Aim: pH calibration  Strain: 247  Comments:
Microscope setup for used channels:
Brightfield:
White LED
->(Polariser + Prism + condenser)]
->Filter block:[Dual GFP/mCherry exciter (59022x),Dual di | channels: GFPFast;pHluorin405
2026-07-28 20:42:20,207 INFO [577/1845] Dataset 1073: pH6_49_01
2026-07-28 20:42:20,215 INFO   Reading metadata annotations...
2026-07-28 20:42:20,355 INFO   Classifying metadata...
2026-07-28 20:42:23,532 INFO   -> fluor: YES | tf_loc: NO | tps: 240 | tf: UNKNOWN | condition: Aim: pH calibration  Strain: 247  Comments:
Microscope setup for used channels:
Brightfield:
White LED
->(Polariser + Prism + condenser)]
->Filter block:[Dual GFP/mCherry exciter (59022x),Dual di | channels: GFPFast;pHluorin405
2026-07-28 20:42:23,733 INFO [578/1845] Dataset 1074: pH6_76_00
2026-07-28 20:42:23,746 INFO   Reading metadata annotations...
2026-07-28 20:42:24,001 INFO   Classifying metadata...
2026-07-28 20:42:26,893 INFO   -> fluor: YES | tf_loc: NO | tps: 240 | tf: UNKNOWN | condition: Aim: pH calibration  Strain: 247  Comments:
Microscope setup for used channels:
Brightfield:
White LED
->(Polariser + Prism + condenser)]
->Filter block:[Dual GFP/mCherry exciter (59022x),Dual di | channels: GFPFast;pHluorin405
2026-07-28 20:42:27,094 INFO [579/1845] Dataset 1075: pH6_76_01
2026-07-28 20:42:27,106 INFO   Reading metadata annotations...
2026-07-28 20:42:27,366 INFO   Classifying metadata...
2026-07-28 20:42:31,958 INFO   -> fluor: YES | tf_loc: NO | tps: 240 | tf: UNKNOWN | condition: Aim: pH calibration  Strain: 247  Comments:
Microscope setup for used channels:
Brightfield:
White LED
->(Polariser + Prism + condenser)]
->Filter block:[Dual GFP/mCherry exciter (59022x),Dual di | channels: GFPFast;pHluorin405
2026-07-28 20:42:32,158 INFO [580/1845] Dataset 1076: pH7_00_00
2026-07-28 20:42:32,171 INFO   Reading metadata annotations...
2026-07-28 20:42:32,430 INFO   Classifying metadata...
2026-07-28 20:42:35,748 INFO   -> fluor: YES | tf_loc: NO | tps: 240 | tf: UNKNOWN | condition: Aim: pH calibration  Strain: 247  Comments:
Microscope setup for used channels:
Brightfield:
White LED
->(Polariser + Prism + condenser)]
->Filter block:[Dual GFP/mCherry exciter (59022x),Dual di | channels: GFPFast;pHluorin405
2026-07-28 20:42:35,949 INFO [581/1845] Dataset 1077: pH7_00_01
2026-07-28 20:42:35,962 INFO   Reading metadata annotations...
2026-07-28 20:42:36,225 INFO   Classifying metadata...
2026-07-28 20:42:39,294 INFO   -> fluor: YES | tf_loc: NO | tps: 240 | tf: UNKNOWN | condition: Aim: pH calibration  Strain: 247  Comments:
Microscope setup for used channels:
Brightfield:
White LED
->(Polariser + Prism + condenser)]
->Filter block:[Dual GFP/mCherry exciter (59022x),Dual di | channels: GFPFast;pHluorin405
2026-07-28 20:42:39,494 INFO [582/1845] Dataset 1078: pH7_24_00
2026-07-28 20:42:39,508 INFO   Reading metadata annotations...
2026-07-28 20:42:39,770 INFO   Classifying metadata...
2026-07-28 20:42:43,078 INFO   -> fluor: YES | tf_loc: NO | tps: 240 | tf: UNKNOWN | condition: Aim: pH calibration  Strain: 247  Comments:
Microscope setup for used channels:
Brightfield:
White LED
->(Polariser + Prism + condenser)]
->Filter block:[Dual GFP/mCherry exciter (59022x),Dual di | channels: GFPFast;pHluorin405
2026-07-28 20:42:43,279 INFO [583/1845] Dataset 1079: pH7_24_01
2026-07-28 20:42:43,292 INFO   Reading metadata annotations...
2026-07-28 20:42:43,591 INFO   Classifying metadata...
2026-07-28 20:42:46,821 INFO   -> fluor: YES | tf_loc: NO | tps: 240 | tf: UNKNOWN | condition: Aim: pH calibration  Strain: 247  Comments:
Microscope setup for used channels:
Brightfield:
White LED
->(Polariser + Prism + condenser)]
->Filter block:[Dual GFP/mCherry exciter (59022x),Dual di | channels: GFPFast;pHluorin405
2026-07-28 20:42:47,021 INFO [584/1845] Dataset 1080: pH7_49_00
2026-07-28 20:42:47,034 INFO   Reading metadata annotations...
2026-07-28 20:42:47,326 INFO   Classifying metadata...
2026-07-28 20:42:50,459 INFO   -> fluor: YES | tf_loc: NO | tps: 240 | tf: UNKNOWN | condition: Aim: pH calibration  Strain: 247  Comments:
Microscope setup for used channels:
Brightfield:
White LED
->(Polariser + Prism + condenser)]
->Filter block:[Dual GFP/mCherry exciter (59022x),Dual di | channels: GFPFast;pHluorin405
2026-07-28 20:42:50,660 INFO [585/1845] Dataset 1081: pH7_49_01
2026-07-28 20:42:50,668 INFO   Reading metadata annotations...
2026-07-28 20:42:50,799 INFO   Classifying metadata...
2026-07-28 20:42:54,118 INFO   -> fluor: YES | tf_loc: NO | tps: 240 | tf: UNKNOWN | condition: Aim: pH calibration  Strain: 247  Comments:
Microscope setup for used channels:
Brightfield:
White LED
->(Polariser + Prism + condenser)]
->Filter block:[Dual GFP/mCherry exciter (59022x),Dual di | channels: GFPFast;pHluorin405
2026-07-28 20:42:54,319 INFO [586/1845] Dataset 1082: pH7_75_00
2026-07-28 20:42:54,332 INFO   Reading metadata annotations...
2026-07-28 20:42:54,654 INFO   Classifying metadata...
2026-07-28 20:42:57,757 INFO   -> fluor: YES | tf_loc: NO | tps: 240 | tf: UNKNOWN | condition: Aim: pH calibration  Strain: 247  Comments:
Microscope setup for used channels:
Brightfield:
White LED
->(Polariser + Prism + condenser)]
->Filter block:[Dual GFP/mCherry exciter (59022x),Dual di | channels: GFPFast;pHluorin405
2026-07-28 20:42:57,957 INFO [587/1845] Dataset 1083: pH7_75_01
2026-07-28 20:42:57,970 INFO   Reading metadata annotations...
2026-07-28 20:42:58,222 INFO   Classifying metadata...
2026-07-28 20:43:01,232 INFO   -> fluor: YES | tf_loc: NO | tps: 240 | tf: UNKNOWN | condition: Aim: pH calibration  Strain: 247  Comments:
Microscope setup for used channels:
Brightfield:
White LED
->(Polariser + Prism + condenser)]
->Filter block:[Dual GFP/mCherry exciter (59022x),Dual di | channels: GFPFast;pHluorin405
2026-07-28 20:43:01,432 INFO [588/1845] Dataset 1084: Pdr5_growthrate_01
2026-07-28 20:43:01,440 INFO   Reading metadata annotations...
2026-07-28 20:43:01,604 INFO   Classifying metadata...
2026-07-28 20:43:04,403 INFO   -> fluor: YES | tf_loc: NO | tps: 180 | tf: UNKNOWN | condition: Aim: Observe effect of growth conditions on numbers of high and low-expressing Pdr5 cells  Strain: 1490 (pdr5-GFP)  Comments:   Imaged on black 96-well plate. | channels: GFPFast
2026-07-28 20:43:04,604 INFO [589/1845] Dataset 1085: Pdr5_growthrate_04
2026-07-28 20:43:04,617 INFO   Reading metadata annotations...
2026-07-28 20:43:05,023 WARNING   Truncated large annotation(s): pdr5_growthratelog.txt
2026-07-28 20:43:05,024 INFO   Classifying metadata...
2026-07-28 20:43:12,086 INFO   -> fluor: YES | tf_loc: NO | tps: 180 | tf: UNKNOWN | condition: Aim: Observe effect of growth conditions on numbers of high and low-expressing Pdr5 cells  Strain: 1490 (pdr5-GFP)  Comments:   Imaged on black 96-well plate. | channels: GFPFast
2026-07-28 20:43:12,287 INFO [590/1845] Dataset 1086: A_1_01
2026-07-28 20:43:12,298 INFO   Reading metadata annotations...
2026-07-28 20:43:12,634 INFO   Classifying metadata...
2026-07-28 20:43:15,454 INFO   -> fluor: YES | tf_loc: NO | tps: 180 | tf: UNKNOWN | condition: Aim: Observe effect of growth conditions on numbers of high and low-expressing Pdr5 cells  Strain: 1490 (pdr5-GFP)  Comments:   Imaged on black 96-well plate. | channels: GFPFast
2026-07-28 20:43:15,655 INFO [591/1845] Dataset 1087: A_1_02
2026-07-28 20:43:15,668 INFO   Reading metadata annotations...
2026-07-28 20:43:15,991 INFO   Classifying metadata...
2026-07-28 20:43:19,888 INFO   -> fluor: YES | tf_loc: NO | tps: 180 | tf: UNKNOWN | condition: Aim: Observe effect of growth conditions on numbers of high and low-expressing Pdr5 cells  Strain: 1490 (pdr5-GFP)  Comments:   Imaged on black 96-well plate. | channels: GFPFast
2026-07-28 20:43:20,088 INFO [592/1845] Dataset 1088: BABY_Raff_00
2026-07-28 20:43:20,096 INFO   Reading metadata annotations...
2026-07-28 20:43:20,295 WARNING   Truncated large annotation(s): baby_raff.log
2026-07-28 20:43:20,295 INFO   Classifying metadata...
2026-07-28 20:43:26,298 INFO   -> fluor: YES | tf_loc: NO | tps: 180 | tf: UNKNOWN | condition: Aim: Meausre growth rates using BABY in raffinose media. | channels: GFP;GFPFast;mCherry
2026-07-28 20:43:26,498 INFO [593/1845] Dataset 1089: Nha1_04
2026-07-28 20:43:26,511 INFO   Reading metadata annotations...
2026-07-28 20:43:26,905 WARNING   Truncated large annotation(s): nha1.log;nha1_original.log
2026-07-28 20:43:26,905 INFO   Classifying metadata...
2026-07-28 20:43:32,953 INFO   -> fluor: YES | tf_loc: NO | tps: 180 | tf: UNKNOWN | condition: SC + glc to SC + glc + 0.4M KCl | channels: GFP;GFPFast;cy5
2026-07-28 20:43:33,153 INFO [594/1845] Dataset 1090: test_00
2026-07-28 20:43:33,166 INFO   Reading metadata annotations...
2026-07-28 20:43:33,460 INFO   Classifying metadata...
2026-07-28 20:43:38,952 INFO   -> fluor: NO | tf_loc: NO | tps: 180 | tf: UNKNOWN | condition: Aim: sample experiment to get metadata base for segmenting a single channel, single timepoint dataset
Microscope setup for used channels:
Brightfield:
White LED
->(Polariser + Prism + condenser)] | channels: Brightfield
2026-07-28 20:43:39,153 INFO [595/1845] Dataset 1091: test_01
2026-07-28 20:43:39,166 INFO   Reading metadata annotations...
2026-07-28 20:43:39,426 INFO   Classifying metadata...
2026-07-28 20:43:49,134 INFO   -> fluor: NO | tf_loc: NO | tps: 180 | tf: UNKNOWN | condition: Aim: sample experiment to get metadata base for segmenting a single channel, single timepoint dataset
Microscope setup for used channels:
Brightfield:
White LED
->(Polariser + Prism + condenser)] | channels: UNKNOWN
2026-07-28 20:43:49,335 INFO [596/1845] Dataset 1092: albicans_traptest_00
2026-07-28 20:43:49,348 INFO   Reading metadata annotations...
2026-07-28 20:43:49,704 INFO   Classifying metadata...
2026-07-28 20:43:51,702 INFO   -> fluor: NO | tf_loc: YES | tps: 180 | tf: Crz1 | condition: Aim: Test of trap designs with Candida albicans  Strain: Crz1-GFP  Comments: Points are named by the position of the chamber (eg, BL=top left, BML=top middle left etc.). | channels: Brightfield
2026-07-28 20:43:51,902 INFO [597/1845] Dataset 3501: B3_Glucose_03
2026-07-28 20:43:51,915 INFO   Reading metadata annotations...
2026-07-28 20:43:52,069 INFO   Classifying metadata...
2026-07-28 20:43:56,831 INFO   -> fluor: NO | tf_loc: NO | tps: 1 | tf: UNKNOWN | condition: TMRM imaging | channels: TMRM
2026-07-28 20:43:57,031 INFO [598/1845] Dataset 1093: albicans_traptest_01
2026-07-28 20:43:57,044 INFO   Reading metadata annotations...
2026-07-28 20:43:57,417 INFO   Classifying metadata...
2026-07-28 20:43:59,767 INFO   -> fluor: NO | tf_loc: YES | tps: 180 | tf: Crz1 | condition: Aim: Test of trap designs with Candida albicans  Strain: Crz1-GFP  Comments: Points are named by the position of the chamber (eg, BL=top left, BML=top middle left etc.). | channels: Brightfield
2026-07-28 20:43:59,967 INFO [599/1845] Dataset 1094: albicans_traptest_02
2026-07-28 20:43:59,980 INFO   Reading metadata annotations...
2026-07-28 20:44:00,255 WARNING   Truncated large annotation(s): albicans_traptestlog.txt
2026-07-28 20:44:00,255 INFO   Classifying metadata...
2026-07-28 20:44:06,074 INFO   -> fluor: NO | tf_loc: YES | tps: 180 | tf: Crz1 | condition: Aim: Test of trap designs with Candida albicans  Strain: Crz1-GFP  Comments: Points are named by the position of the chamber (eg, BL=top left, BML=top middle left etc.). | channels: Brightfield
2026-07-28 20:44:06,274 INFO [600/1845] Dataset 1095: albicans_traptest_00
2026-07-28 20:44:06,289 INFO   Reading metadata annotations...
2026-07-28 20:44:06,644 INFO   Classifying metadata...
2026-07-28 20:44:10,820 INFO   -> fluor: NO | tf_loc: NO | tps: 250 | tf: UNKNOWN | condition: Aim: Test of trap designs with Candida albicans  Strain: VM5 Comments: Points are named by the position of the chamber (eg, BL=top left, BML=top middle left etc.). | channels: UNKNOWN
2026-07-28 20:44:11,020 INFO [601/1845] Dataset 1096: albicans_traptest_01
2026-07-28 20:44:11,028 INFO   Reading metadata annotations...
2026-07-28 20:44:11,308 WARNING   Truncated large annotation(s): albicans_traptestlog.txt
2026-07-28 20:44:11,308 INFO   Classifying metadata...
2026-07-28 20:44:19,182 INFO   -> fluor: NO | tf_loc: NO | tps: 250 | tf: UNKNOWN | condition: Aim: Test of trap designs with Candida albicans  Strain: VM5 Comments: Points are named by the position of the chamber (eg, BL=top left, BML=top middle left etc.). | channels: Brightfield
2026-07-28 20:44:19,382 INFO [602/1845] Dataset 1097: albicans_traptest_00
2026-07-28 20:44:19,397 INFO   Reading metadata annotations...
2026-07-28 20:44:19,845 WARNING   Truncated large annotation(s): albicans_traptestlog.txt
2026-07-28 20:44:19,846 INFO   Classifying metadata...
2026-07-28 20:44:27,837 INFO   -> fluor: NO | tf_loc: NO | tps: 250 | tf: UNKNOWN | condition: Aim: Test of trap designs with Candida albicans  Strain: VM5 Comments: Points are named by the position of the chamber (eg, BL=top left, BML=top middle left etc.). | channels: Brightfield
2026-07-28 20:44:28,038 INFO [603/1845] Dataset 1098: crypto_traptest_00
2026-07-28 20:44:28,051 INFO   Reading metadata annotations...
2026-07-28 20:44:28,477 WARNING   Truncated large annotation(s): crypto_traptestlog.txt
2026-07-28 20:44:28,477 INFO   Classifying metadata...
2026-07-28 20:44:36,841 INFO   -> fluor: NO | tf_loc: NO | tps: 250 | tf: UNKNOWN | condition: Aim: Test of trap designs with Cryptococcus neorfomans Strain: IL1 Comments: Points are named by the position of the chamber (eg, BL=top left, BML=top middle left etc.). | channels: Brightfield
2026-07-28 20:44:37,042 INFO [604/1845] Dataset 1099: Pdr1Cg_Fluconazole07
2026-07-28 20:44:37,055 INFO   Reading metadata annotations...
2026-07-28 20:44:37,073 WARNING   No .log/.txt/Acq.txt annotation found for dataset 1099.
2026-07-28 20:44:37,073 INFO   Classifying metadata...
2026-07-28 20:44:37,074 INFO   -> fluor: NO | tf_loc: YES | tps:  | tf: Pdr1 | condition:  | channels: UNKNOWN
2026-07-28 20:44:37,274 INFO [605/1845] Dataset 1100: aggregates_downUpshift_glu_2_0_twice_gcd2_gcd6_gcn3_gcd7_sui2_00
2026-07-28 20:44:37,286 INFO   Reading metadata annotations...
2026-07-28 20:44:37,677 WARNING   Truncated large annotation(s): aggregates_downupshift_glu_2_0_twice_gcd2_gcd6_gcn3_gcd7_sui2log.txt
2026-07-28 20:44:37,678 INFO   Classifying metadata...
2026-07-28 20:44:45,578 INFO   -> fluor: YES | tf_loc: NO | tps: 240 | tf: Gcd2;Gcd6;Gcn3;Gcd7;Sui2 | condition: Aim:   Strain:   Comments:   
Microscope setup for used channels:
Brightfield:
No light path info in config file. | channels: GFP
2026-07-28 20:44:45,779 INFO [606/1845] Dataset 1101: flavin_by4742swain_by4742morgan_tsa1tsa2morgan_03_00
2026-07-28 20:44:45,790 INFO   Reading metadata annotations...
2026-07-28 20:44:46,176 WARNING   Truncated large annotation(s): flavin_by4742swain_by4742morgan_tsa1tsa2morgan_03log.txt
2026-07-28 20:44:46,177 INFO   Classifying metadata...
2026-07-28 20:44:53,311 INFO   -> fluor: YES | tf_loc: NO | tps: 240 | tf: UNKNOWN | condition: Aim: Repeat 2023-02-17, which failed with severe bacterial contamination  Strain: 78, 1579, 1580  Comments:
Microscope setup for used channels:
Brightfield:
No light path info in config file. | channels: Flavin
2026-07-28 20:44:53,511 INFO [607/1845] Dataset 1102: glabrata_Jtest_00
2026-07-28 20:44:53,525 INFO   Reading metadata annotations...
2026-07-28 20:44:54,011 WARNING   Truncated large annotation(s): glabrata_jtestlog.txt
2026-07-28 20:44:54,011 INFO   Classifying metadata...
2026-07-28 20:45:01,507 INFO   -> fluor: NO | tf_loc: NO | tps: 240 | tf: UNKNOWN | condition: Aim: Test glabrata imaging in J-shaped traps Strain: CBS138 Notes: Experiment run in 2% glucose YEP, 0.04% tween. | channels: Brightfield
2026-07-28 20:45:01,707 INFO [608/1845] Dataset 1103: Titans2_100xBub1_00
2026-07-28 20:45:01,715 INFO   Reading metadata annotations...
2026-07-28 20:45:02,004 INFO   Classifying metadata...
2026-07-28 20:45:05,725 INFO   -> fluor: YES | tf_loc: YES | tps: 180 | tf: Bub1 | condition: Aim: Image division of titan cells  Strain: IL102  Comments:   Cells prepared by Ioanna around 6 days ago (might be too old). | channels: GFP
2026-07-28 20:45:05,925 INFO [609/1845] Dataset 1104: Titans2_100xBub1_01
2026-07-28 20:45:05,939 INFO   Reading metadata annotations...
2026-07-28 20:45:06,356 WARNING   Truncated large annotation(s): titans2_100xbub1log.txt
2026-07-28 20:45:06,356 INFO   Classifying metadata...
2026-07-28 20:45:11,306 INFO   -> fluor: YES | tf_loc: YES | tps: 180 | tf: Bub1 | condition: Aim: Image division of titan cells  Strain: IL102  Comments:   Cells prepared by Ioanna around 6 days ago (might be too old). | channels: GFP
2026-07-28 20:45:11,506 INFO [610/1845] Dataset 1105: Titans2_100xBub1_00
2026-07-28 20:45:11,514 INFO   Reading metadata annotations...
2026-07-28 20:45:11,797 WARNING   Truncated large annotation(s): titans2_100xbub1log.txt
2026-07-28 20:45:11,798 INFO   Classifying metadata...
2026-07-28 20:45:16,494 INFO   -> fluor: YES | tf_loc: YES | tps: 180 | tf: Bub1 | condition: Aim: Image division of titan cells  Strain: IL102  Comments:   Cells prepared by Ioanna around 6 days ago (might be too old). | channels: GFP
2026-07-28 20:45:16,697 INFO [611/1845] Dataset 1106: Pdr5_fluc_00
2026-07-28 20:45:16,709 INFO   Reading metadata annotations...
2026-07-28 20:45:17,015 WARNING   Truncated large annotation(s): pdr5_fluclog.txt
2026-07-28 20:45:17,015 INFO   Classifying metadata...
2026-07-28 20:45:24,143 INFO   -> fluor: YES | tf_loc: NO | tps: 180 | tf: UNKNOWN | condition: SC + 2% glucose to SC + 2% glucose + 100ug/ml fluconazole | channels: GFP;cy5
2026-07-28 20:45:24,344 INFO [612/1845] Dataset 1107: sugar_mix_00
2026-07-28 20:45:24,357 INFO   Reading metadata annotations...
2026-07-28 20:45:24,739 WARNING   Truncated large annotation(s): sugar_mixlog.txt
2026-07-28 20:45:24,739 INFO   Classifying metadata...
2026-07-28 20:45:31,798 INFO   -> fluor: YES | tf_loc: NO | tps: 180 | tf: UNKNOWN | condition: 2% raffinose to 0.5% gal, 0.25% glc | channels: GFP
2026-07-28 20:45:31,998 INFO [613/1845] Dataset 1108: glc_gal_mix_00
2026-07-28 20:45:32,011 INFO   Reading metadata annotations...
2026-07-28 20:45:32,336 WARNING   Truncated large annotation(s): glc_gal_mixlog.txt
2026-07-28 20:45:32,336 INFO   Classifying metadata...
2026-07-28 20:45:39,427 INFO   -> fluor: YES | tf_loc: NO | tps: 180 | tf: UNKNOWN | condition: 2% raffinose to 0.5% gal, 0.25% glc | channels: GFP
2026-07-28 20:45:39,628 INFO [614/1845] Dataset 1109: exp_00
2026-07-28 20:45:39,641 INFO   Reading metadata annotations...
2026-07-28 20:45:39,933 WARNING   Truncated large annotation(s): explog.txt
2026-07-28 20:45:39,933 INFO   Classifying metadata...
2026-07-28 20:45:46,584 INFO   -> fluor: YES | tf_loc: NO | tps: 180 | tf: UNKNOWN | condition: Aim:   Strain:   Comments:
Microscope setup for used channels:
Brightfield:
No light path info in config file. | channels: GFP
2026-07-28 20:45:46,784 INFO [615/1845] Dataset 1110: glc_gal_mix_00
2026-07-28 20:45:46,797 INFO   Reading metadata annotations...
2026-07-28 20:45:47,058 INFO   Classifying metadata...
2026-07-28 20:45:51,109 INFO   -> fluor: YES | tf_loc: NO | tps: 180 | tf: UNKNOWN | condition: 2% raffinose to 0.5% gal, 0.25% glc | channels: GFP
2026-07-28 20:45:51,310 INFO [616/1845] Dataset 1111: glc_gal_mix_01
2026-07-28 20:45:51,317 INFO   Reading metadata annotations...
2026-07-28 20:45:51,434 INFO   Classifying metadata...
2026-07-28 20:45:54,737 INFO   -> fluor: YES | tf_loc: NO | tps: 180 | tf: UNKNOWN | condition: 2% raffinose to 0.5% gal, 0.25% glc | channels: GFP
2026-07-28 20:45:54,937 INFO [617/1845] Dataset 1112: A1_halo_00
2026-07-28 20:45:54,951 INFO   Reading metadata annotations...
2026-07-28 20:45:55,198 INFO   Classifying metadata...
2026-07-28 20:45:58,812 INFO   -> fluor: YES | tf_loc: NO | tps: 180 | tf: UNKNOWN | condition: Aim: Halo tag imaging  Strain:   Comments:
Microscope setup for used channels:
cy5:
No light path info in config file. | channels: cy5
2026-07-28 20:45:59,012 INFO [618/1845] Dataset 1113: A1_halo_01
2026-07-28 20:45:59,025 INFO   Reading metadata annotations...
2026-07-28 20:45:59,269 INFO   Classifying metadata...
2026-07-28 20:46:02,475 INFO   -> fluor: YES | tf_loc: NO | tps: 180 | tf: UNKNOWN | condition: Aim: Halo tag imaging  Strain:   Comments:
Microscope setup for used channels:
cy5:
No light path info in config file. | channels: cy5
2026-07-28 20:46:02,676 INFO [619/1845] Dataset 1114: A1_halo_02
2026-07-28 20:46:02,689 INFO   Reading metadata annotations...
2026-07-28 20:46:02,927 INFO   Classifying metadata...
2026-07-28 20:46:05,650 INFO   -> fluor: YES | tf_loc: NO | tps: 180 | tf: UNKNOWN | condition: Aim: Halo tag imaging  Strain:   Comments:
Microscope setup for used channels:
cy5:
No light path info in config file. | channels: cy5
2026-07-28 20:46:05,851 INFO [620/1845] Dataset 1115: A1_halo_03
2026-07-28 20:46:05,863 INFO   Reading metadata annotations...
2026-07-28 20:46:06,109 INFO   Classifying metadata...
2026-07-28 20:46:09,259 INFO   -> fluor: YES | tf_loc: NO | tps: 180 | tf: UNKNOWN | condition: Aim: Halo tag imaging  Strain:   Comments:
Microscope setup for used channels:
cy5:
No light path info in config file. | channels: cy5
2026-07-28 20:46:09,460 INFO [621/1845] Dataset 1116: B1_wt_halo_00
2026-07-28 20:46:09,471 INFO   Reading metadata annotations...
2026-07-28 20:46:09,592 INFO   Classifying metadata...
2026-07-28 20:46:12,423 INFO   -> fluor: YES | tf_loc: NO | tps: 180 | tf: UNKNOWN | condition: Aim: Halo tag imaging  Strain:   Comments:
Microscope setup for used channels:
cy5:
No light path info in config file. | channels: cy5;GFP
2026-07-28 20:46:12,623 INFO [622/1845] Dataset 1117: B1_wt_halo_01
2026-07-28 20:46:12,634 INFO   Reading metadata annotations...
2026-07-28 20:46:12,761 INFO   Classifying metadata...
2026-07-28 20:46:15,766 INFO   -> fluor: YES | tf_loc: NO | tps: 180 | tf: UNKNOWN | condition: Aim: Halo tag imaging  Strain:   Comments:
Microscope setup for used channels:
cy5:
No light path info in config file. | channels: cy5
2026-07-28 20:46:15,966 INFO [623/1845] Dataset 1118: B1_wt_halo_02
2026-07-28 20:46:15,979 INFO   Reading metadata annotations...
2026-07-28 20:46:16,196 INFO   Classifying metadata...
2026-07-28 20:46:19,040 INFO   -> fluor: YES | tf_loc: NO | tps: 180 | tf: UNKNOWN | condition: Aim: Halo tag imaging  Strain:   Comments:
Microscope setup for used channels:
cy5:
No light path info in config file. | channels: cy5
2026-07-28 20:46:19,241 INFO [624/1845] Dataset 1119: B1_wt_halo_03
2026-07-28 20:46:19,254 INFO   Reading metadata annotations...
2026-07-28 20:46:19,483 INFO   Classifying metadata...
2026-07-28 20:46:22,330 INFO   -> fluor: YES | tf_loc: NO | tps: 180 | tf: UNKNOWN | condition: Aim: Halo tag imaging  Strain:   Comments:
Microscope setup for used channels:
cy5:
No light path info in config file. | channels: cy5;GFP
2026-07-28 20:46:22,530 INFO [625/1845] Dataset 1120: B1_wt_halo_04
2026-07-28 20:46:22,543 INFO   Reading metadata annotations...
2026-07-28 20:46:22,775 INFO   Classifying metadata...
2026-07-28 20:46:25,664 INFO   -> fluor: YES | tf_loc: NO | tps: 180 | tf: UNKNOWN | condition: Aim: Halo tag imaging  Strain:   Comments:
Microscope setup for used channels:
GFP:
No light path info in config file. | channels: GFP
2026-07-28 20:46:25,864 INFO [626/1845] Dataset 1121: B1_wt_halo_05
2026-07-28 20:46:25,877 INFO   Reading metadata annotations...
2026-07-28 20:46:26,138 INFO   Classifying metadata...
2026-07-28 20:46:28,909 INFO   -> fluor: YES | tf_loc: NO | tps: 180 | tf: UNKNOWN | condition: Aim: Halo tag imaging  Strain:   Comments:
Microscope setup for used channels:
cy5:
No light path info in config file. | channels: cy5
2026-07-28 20:46:29,109 INFO [627/1845] Dataset 1122: B1_wt_halo_06
2026-07-28 20:46:29,122 INFO   Reading metadata annotations...
2026-07-28 20:46:29,350 INFO   Classifying metadata...
2026-07-28 20:46:32,517 INFO   -> fluor: YES | tf_loc: NO | tps: 180 | tf: UNKNOWN | condition: Aim: Halo tag imaging  Strain:   Comments:
Microscope setup for used channels:
cy5:
No light path info in config file. | channels: cy5
2026-07-28 20:46:32,717 INFO [628/1845] Dataset 2619: GAL26SA_MAN_GAL_00
2026-07-28 20:46:32,730 INFO   Reading metadata annotations...
2026-07-28 20:46:32,893 WARNING   Truncated large annotation(s): gal26sa_man_gal.log
2026-07-28 20:46:32,894 INFO   Classifying metadata...
2026-07-28 20:46:38,976 INFO   -> fluor: YES | tf_loc: NO | tps: 180 | tf: UNKNOWN | condition: Experiment details: localization of GAL26SA in different sugars (man, gal, man-gal at 1.5%) | channels: GFP_Z;GFP
2026-07-28 20:46:39,177 INFO [629/1845] Dataset 1343: 11341_00
2026-07-28 20:46:39,190 INFO   Reading metadata annotations...
2026-07-28 20:46:39,513 INFO   Classifying metadata...
2026-07-28 20:46:42,984 INFO   -> fluor: YES | tf_loc: NO | tps: 180 | tf: UNKNOWN | condition: Aim:   Strain:   Comments:   
Microscope setup for used channels:
BrightfieldGFP:
GFP:
Micromanager config file:C:\Users\Public\Microscope control\Micromanager config files\Batgirl_9_11_21_no_cube | channels: GFP
2026-07-28 20:46:43,184 INFO [630/1845] Dataset 2620: NADH_RPL3_02
2026-07-28 20:46:43,197 INFO   Reading metadata annotations...
2026-07-28 20:46:43,370 WARNING   Truncated large annotation(s): nadh_rpl3.log
2026-07-28 20:46:43,370 INFO   Classifying metadata...
2026-07-28 20:46:48,965 INFO   -> fluor: YES | tf_loc: NO | tps: 180 | tf: UNKNOWN | condition: Experiment details: Look for correlation in ribosome protein level with the metobolic oscillations. | channels: GFP_Z;GFP;NADH
2026-07-28 20:46:49,165 INFO [631/1845] Dataset 2727: albicansTween_test_00
2026-07-28 20:46:49,178 INFO   Reading metadata annotations...
2026-07-28 20:46:49,454 INFO   Classifying metadata...
2026-07-28 20:46:55,071 INFO   -> fluor: NO | tf_loc: NO | tps: 180 | tf: UNKNOWN | condition: Aim: Microfluidic imaging of albicans   Strain:  YM24 Comments:   0,04% tween in YPD. | channels: UNKNOWN
2026-07-28 20:46:55,271 INFO [632/1845] Dataset 2728: albicansTween_test_05
2026-07-28 20:46:55,284 INFO   Reading metadata annotations...
2026-07-28 20:46:55,566 INFO   Classifying metadata...
2026-07-28 20:46:59,992 INFO   -> fluor: NO | tf_loc: NO | tps: 180 | tf: UNKNOWN | condition: Aim: Microfluidic imaging of albicans   Strain:  YM24 Comments:   0,04% tween in YPD. | channels: UNKNOWN
2026-07-28 20:47:00,192 INFO [633/1845] Dataset 2731: albicansTween_20ulmin_00
2026-07-28 20:47:00,213 INFO   Reading metadata annotations...
2026-07-28 20:47:00,412 INFO   Classifying metadata...
2026-07-28 20:47:04,277 INFO   -> fluor: NO | tf_loc: NO | tps: 180 | tf: UNKNOWN | condition: Aim: Microfluidic imaging of albicans   Strain:  YM24 Comments:   0,04% tween in YPD. | channels: Brightfield
2026-07-28 20:47:04,477 INFO [634/1845] Dataset 2732: Cn3_2_01
2026-07-28 20:47:04,490 INFO   Reading metadata annotations...
2026-07-28 20:47:04,590 INFO   Classifying metadata...
2026-07-28 20:47:07,358 INFO   -> fluor: YES | tf_loc: NO | tps: 180 | tf: UNKNOWN | condition: Aim:   Strain:   Comments:   
Microscope setup for used channels:
GFP:
470nm LED
->Combiner cube:[,  495lp dichroic->(425LP dichroic)]
->Filter block:[GFP/mCherry (59022) exciter,GFP/mCherry (590 | channels: GFP
2026-07-28 20:47:07,558 INFO [635/1845] Dataset 2733: Cn4_1_01
2026-07-28 20:47:07,571 INFO   Reading metadata annotations...
2026-07-28 20:47:07,745 INFO   Classifying metadata...
2026-07-28 20:47:10,615 INFO   -> fluor: YES | tf_loc: NO | tps: 180 | tf: UNKNOWN | condition: Aim:   Strain:   Comments:   
Microscope setup for used channels:
GFP:
470nm LED
->Combiner cube:[,  495lp dichroic->(425LP dichroic)]
->Filter block:[GFP/mCherry (59022) exciter,GFP/mCherry (590 | channels: GFP
2026-07-28 20:47:10,815 INFO [636/1845] Dataset 2737: Cn4_3_01
2026-07-28 20:47:10,823 INFO   Reading metadata annotations...
2026-07-28 20:47:10,938 INFO   Classifying metadata...
2026-07-28 20:47:14,258 INFO   -> fluor: YES | tf_loc: NO | tps: 180 | tf: UNKNOWN | condition: Aim:   Strain:   Comments:   
Microscope setup for used channels:
GFP:
470nm LED
->Combiner cube:[,  495lp dichroic->(425LP dichroic)]
->Filter block:[GFP/mCherry (59022) exciter,GFP/mCherry (590 | channels: GFP
2026-07-28 20:47:14,458 INFO [637/1845] Dataset 2738: Cn9_9alpha_00
2026-07-28 20:47:14,470 INFO   Reading metadata annotations...
2026-07-28 20:47:14,609 INFO   Classifying metadata...
2026-07-28 20:47:17,520 INFO   -> fluor: YES | tf_loc: NO | tps: 180 | tf: UNKNOWN | condition: Aim:   Strain:   Comments:   
Microscope setup for used channels:
GFP:
470nm LED
->Combiner cube:[,  495lp dichroic->(425LP dichroic)]
->Filter block:[GFP/mCherry (59022) exciter,GFP/mCherry (590 | channels: GFP
2026-07-28 20:47:17,720 INFO [638/1845] Dataset 2739: Cn3_1mCh_03
2026-07-28 20:47:17,733 INFO   Reading metadata annotations...
2026-07-28 20:47:17,826 INFO   Classifying metadata...
2026-07-28 20:47:20,764 INFO   -> fluor: YES | tf_loc: NO | tps: 180 | tf: UNKNOWN | condition: Aim:   Strain:   Comments:   
Microscope setup for used channels:
Brightfield:
White LED
->(Polariser + Prism + condenser)]
->Filter block:[GFP/mCherry (59022) exciter,GFP/mCherry (59022) dichroi | channels: mCherry
2026-07-28 20:47:20,964 INFO [639/1845] Dataset 2740: Cn3_3mCh_00
2026-07-28 20:47:20,972 INFO   Reading metadata annotations...
2026-07-28 20:47:21,105 INFO   Classifying metadata...
2026-07-28 20:47:25,397 INFO   -> fluor: YES | tf_loc: NO | tps: 180 | tf: UNKNOWN | condition: Aim:   Strain:   Comments:   
Microscope setup for used channels:
Brightfield:
White LED
->(Polariser + Prism + condenser)]
->Filter block:[GFP/mCherry (59022) exciter,GFP/mCherry (59022) dichroi | channels: mCherry
2026-07-28 20:47:25,597 INFO [640/1845] Dataset 2741: Cn3_1mCh_00
2026-07-28 20:47:25,610 INFO   Reading metadata annotations...
2026-07-28 20:47:25,815 INFO   Classifying metadata...
2026-07-28 20:47:29,109 INFO   -> fluor: YES | tf_loc: NO | tps: 180 | tf: UNKNOWN | condition: Aim:   Strain:   Comments:   
Microscope setup for used channels:
Brightfield:
White LED
->(Polariser + Prism + condenser)]
->Filter block:[GFP/mCherry (59022) exciter,GFP/mCherry (59022) dichroi | channels: mCherry
2026-07-28 20:47:29,309 INFO [641/1845] Dataset 2742: ctrl_KH1_00
2026-07-28 20:47:29,322 INFO   Reading metadata annotations...
2026-07-28 20:47:29,471 INFO   Classifying metadata...
2026-07-28 20:47:32,332 INFO   -> fluor: YES | tf_loc: NO | tps: 180 | tf: UNKNOWN | condition: Aim:   Strain:   Comments:   
Microscope setup for used channels:
GFP:
470nm LED
->Combiner cube:[,  495lp dichroic->(425LP dichroic)]
->Filter block:[GFP/mCherry (59022) exciter,GFP/mCherry (590 | channels: GFP
2026-07-28 20:47:32,533 INFO [642/1845] Dataset 2743: Cn4_2mCh_01
2026-07-28 20:47:32,541 INFO   Reading metadata annotations...
2026-07-28 20:47:32,638 INFO   Classifying metadata...
2026-07-28 20:47:35,762 INFO   -> fluor: YES | tf_loc: NO | tps: 180 | tf: UNKNOWN | condition: Aim:   Strain:   Comments:   
Microscope setup for used channels:
Brightfield:
White LED
->(Polariser + Prism + condenser)]
->Filter block:[GFP/mCherry (59022) exciter,GFP/mCherry (59022) dichroi | channels: mCherry
2026-07-28 20:47:35,963 INFO [643/1845] Dataset 2744: Cn9_9alpha_01
2026-07-28 20:47:35,976 INFO   Reading metadata annotations...
2026-07-28 20:47:36,173 INFO   Classifying metadata...
2026-07-28 20:47:38,743 INFO   -> fluor: YES | tf_loc: NO | tps: 180 | tf: UNKNOWN | condition: Aim:   Strain:   Comments:   
Microscope setup for used channels:
GFP:
470nm LED
->Combiner cube:[,  495lp dichroic->(425LP dichroic)]
->Filter block:[GFP/mCherry (59022) exciter,GFP/mCherry (590 | channels: GFP
2026-07-28 20:47:38,943 INFO [644/1845] Dataset 2745: Cn4_1mCh_00
2026-07-28 20:47:38,955 INFO   Reading metadata annotations...
2026-07-28 20:47:39,156 INFO   Classifying metadata...
2026-07-28 20:47:42,740 INFO   -> fluor: YES | tf_loc: NO | tps: 180 | tf: UNKNOWN | condition: Aim:   Strain:   Comments:   
Microscope setup for used channels:
Brightfield:
White LED
->(Polariser + Prism + condenser)]
->Filter block:[GFP/mCherry (59022) exciter,GFP/mCherry (59022) dichroi | channels: mCherry
2026-07-28 20:47:42,941 INFO [645/1845] Dataset 2746: Cn4_3mCh_01
2026-07-28 20:47:42,953 INFO   Reading metadata annotations...
2026-07-28 20:47:43,143 INFO   Classifying metadata...
2026-07-28 20:47:45,803 INFO   -> fluor: YES | tf_loc: NO | tps: 180 | tf: UNKNOWN | condition: Aim:   Strain:   Comments:   
Microscope setup for used channels:
Brightfield:
White LED
->(Polariser + Prism + condenser)]
->Filter block:[GFP/mCherry (59022) exciter,GFP/mCherry (59022) dichroi | channels: mCherry
2026-07-28 20:47:46,004 INFO [646/1845] Dataset 2747: Cn4_3_00
2026-07-28 20:47:46,017 INFO   Reading metadata annotations...
2026-07-28 20:47:46,213 INFO   Classifying metadata...
2026-07-28 20:47:49,086 INFO   -> fluor: YES | tf_loc: NO | tps: 180 | tf: UNKNOWN | condition: Aim:   Strain:   Comments:   
Microscope setup for used channels:
GFP:
470nm LED
->Combiner cube:[,  495lp dichroic->(425LP dichroic)]
->Filter block:[GFP/mCherry (59022) exciter,GFP/mCherry (590 | channels: GFP
2026-07-28 20:47:49,286 INFO [647/1845] Dataset 2748: Cn4_2_01
2026-07-28 20:47:49,299 INFO   Reading metadata annotations...
2026-07-28 20:47:49,497 INFO   Classifying metadata...
2026-07-28 20:47:52,494 INFO   -> fluor: YES | tf_loc: NO | tps: 180 | tf: UNKNOWN | condition: Aim:   Strain:   Comments:   
Microscope setup for used channels:
GFP:
470nm LED
->Combiner cube:[,  495lp dichroic->(425LP dichroic)]
->Filter block:[GFP/mCherry (59022) exciter,GFP/mCherry (590 | channels: GFP
2026-07-28 20:47:52,695 INFO [648/1845] Dataset 2749: Cn3_2_00
2026-07-28 20:47:52,702 INFO   Reading metadata annotations...
2026-07-28 20:47:52,803 INFO   Classifying metadata...
2026-07-28 20:47:55,620 INFO   -> fluor: YES | tf_loc: NO | tps: 180 | tf: UNKNOWN | condition: Aim:   Strain:   Comments:   
Microscope setup for used channels:
GFP:
470nm LED
->Combiner cube:[,  495lp dichroic->(425LP dichroic)]
->Filter block:[GFP/mCherry (59022) exciter,GFP/mCherry (590 | channels: GFP
2026-07-28 20:47:55,821 INFO [649/1845] Dataset 2750: crystals_00
2026-07-28 20:47:55,834 INFO   Reading metadata annotations...
2026-07-28 20:47:56,097 INFO   Classifying metadata...
2026-07-28 20:48:00,534 INFO   -> fluor: NO | tf_loc: NO | tps: 180 | tf: UNKNOWN | condition: Aim:   Strain:   Comments:   
Microscope setup for used channels:
DIC:
White LED
->(Polariser + Prism + condenser)]
->Filter block:[No exciter,No dichroic,Analyser]
->Emission filter wheel:[]
M | channels: DIC
2026-07-28 20:48:00,735 INFO [650/1845] Dataset 2751: Cn3_3_01
2026-07-28 20:48:00,743 INFO   Reading metadata annotations...
2026-07-28 20:48:00,835 INFO   Classifying metadata...
2026-07-28 20:48:03,208 INFO   -> fluor: YES | tf_loc: NO | tps: 180 | tf: UNKNOWN | condition: Aim:   Strain:   Comments:   
Microscope setup for used channels:
GFP:
470nm LED
->Combiner cube:[,  495lp dichroic->(425LP dichroic)]
->Filter block:[GFP/mCherry (59022) exciter,GFP/mCherry (590 | channels: GFP
2026-07-28 20:48:03,408 INFO [651/1845] Dataset 2752: Cn4_1mCh_01
2026-07-28 20:48:03,421 INFO   Reading metadata annotations...
2026-07-28 20:48:03,576 INFO   Classifying metadata...
2026-07-28 20:48:07,205 INFO   -> fluor: YES | tf_loc: NO | tps: 180 | tf: UNKNOWN | condition: Aim:   Strain:   Comments:   
Microscope setup for used channels:
Brightfield:
White LED
->(Polariser + Prism + condenser)]
->Filter block:[GFP/mCherry (59022) exciter,GFP/mCherry (59022) dichroi | channels: mCherry
2026-07-28 20:48:07,405 INFO [652/1845] Dataset 2753: Cn3_1_01
2026-07-28 20:48:07,418 INFO   Reading metadata annotations...
2026-07-28 20:48:07,634 INFO   Classifying metadata...
2026-07-28 20:48:10,517 INFO   -> fluor: YES | tf_loc: NO | tps: 180 | tf: UNKNOWN | condition: Aim:   Strain:   Comments:   
Microscope setup for used channels:
GFP:
470nm LED
->Combiner cube:[,  495lp dichroic->(425LP dichroic)]
->Filter block:[GFP/mCherry (59022) exciter,GFP/mCherry (590 | channels: GFP
2026-07-28 20:48:10,717 INFO [653/1845] Dataset 2815: Ramp_1to0pGlc_10h_cAMP_00
2026-07-28 20:48:10,725 INFO   Reading metadata annotations...
2026-07-28 20:48:10,868 WARNING   Truncated large annotation(s): ramp_1to0pglc_10h_camp.log
2026-07-28 20:48:10,869 INFO   Classifying metadata...
2026-07-28 20:48:16,722 INFO   -> fluor: YES | tf_loc: NO | tps: 192 | tf: UNKNOWN | condition: 1% glucose to 0% glucose | channels: mTurquoise2;tdTomatoFRET;cy5
2026-07-28 20:48:16,922 INFO [654/1845] Dataset 2817: Constant_1pGlc_cAMP_00
2026-07-28 20:48:16,933 INFO   Reading metadata annotations...
2026-07-28 20:48:17,097 WARNING   Truncated large annotation(s): constant_1pglc_camp.log
2026-07-28 20:48:17,097 INFO   Classifying metadata...
2026-07-28 20:48:22,867 INFO   -> fluor: YES | tf_loc: NO | tps: 192 | tf: UNKNOWN | condition: Aim: Response in constant glucose concentration of 1% glucose. | channels: mTurquoise2;tdTomatoFRET;cy5
2026-07-28 20:48:23,067 INFO [655/1845] Dataset 2853: TFScreen_plate2_BCD_lowN2_00
2026-07-28 20:48:23,081 INFO   Reading metadata annotations...
2026-07-28 20:48:23,328 WARNING   Truncated large annotation(s): tfscreen_plate2_bcd_lown2.log
2026-07-28 20:48:23,328 INFO   Classifying metadata...
2026-07-28 20:48:30,320 INFO   -> fluor: YES | tf_loc: YES | tps: 24 | tf: UNKNOWN | condition: high nitrogen media to low nitrogen mediaSorbitol replaces ammonium sulphate in the low N2 media | channels: GFP_Z;GFP;cy5
2026-07-28 20:48:30,521 INFO [656/1845] Dataset 2831: Ramp_1to0pGlc_5h_cAMP_LowExpTim_00
2026-07-28 20:48:30,529 INFO   Reading metadata annotations...
2026-07-28 20:48:30,671 WARNING   Truncated large annotation(s): ramp_1to0pglc_5h_camp_lowexptim.log
2026-07-28 20:48:30,671 INFO   Classifying metadata...
2026-07-28 20:48:36,477 INFO   -> fluor: YES | tf_loc: NO | tps: 192 | tf: UNKNOWN | condition: 1% glucose to 0% glucose | channels: mTurquoise2;tdTomatoFRET;cy5
2026-07-28 20:48:36,678 INFO [657/1845] Dataset 2859: NADH_Switch_02
2026-07-28 20:48:36,691 INFO   Reading metadata annotations...
2026-07-28 20:48:36,890 WARNING   Truncated large annotation(s): nadh_switch.log
2026-07-28 20:48:36,890 INFO   Classifying metadata...
2026-07-28 20:48:42,909 INFO   -> fluor: YES | tf_loc: NO | tps: 300 | tf: UNKNOWN | condition: 2% glucose to 0% | channels: GFP_Z;GFP;NADH
2026-07-28 20:48:43,109 INFO [658/1845] Dataset 1123: B1_wt_halo_07
2026-07-28 20:48:43,122 INFO   Reading metadata annotations...
2026-07-28 20:48:43,357 INFO   Classifying metadata...
2026-07-28 20:48:46,116 INFO   -> fluor: YES | tf_loc: NO | tps: 180 | tf: UNKNOWN | condition: Aim: Halo tag imaging  Strain:   Comments:
Microscope setup for used channels:
cy5:
No light path info in config file. | channels: cy5
2026-07-28 20:48:46,317 INFO [659/1845] Dataset 1124: B1_wt_halo_08
2026-07-28 20:48:46,330 INFO   Reading metadata annotations...
2026-07-28 20:48:46,563 INFO   Classifying metadata...
2026-07-28 20:48:49,491 INFO   -> fluor: YES | tf_loc: NO | tps: 180 | tf: UNKNOWN | condition: Aim: Halo tag imaging  Strain:   Comments:
Microscope setup for used channels:
cy5:
No light path info in config file. | channels: cy5
2026-07-28 20:48:49,691 INFO [660/1845] Dataset 1125: B1_wt_halo_09
2026-07-28 20:48:49,704 INFO   Reading metadata annotations...
2026-07-28 20:48:49,904 INFO   Classifying metadata...
2026-07-28 20:48:52,808 INFO   -> fluor: YES | tf_loc: NO | tps: 180 | tf: UNKNOWN | condition: Aim: Halo tag imaging  Strain:   Comments:
Microscope setup for used channels:
cy5:
No light path info in config file. | channels: cy5
2026-07-28 20:48:53,009 INFO [661/1845] Dataset 1126: B2_halo_00
2026-07-28 20:48:53,022 INFO   Reading metadata annotations...
2026-07-28 20:48:53,269 INFO   Classifying metadata...
2026-07-28 20:48:57,436 INFO   -> fluor: YES | tf_loc: NO | tps: 180 | tf: UNKNOWN | condition: Aim: Halo tag imaging  Strain:   Comments: "mCherry2" channel is taken with the mKo2 cube in (for 549i)
Microscope setup for used channels:
Brightfield:
No light path info in config file. | channels: mCherry2
2026-07-28 20:48:57,636 INFO [662/1845] Dataset 1127: B2_halo_01
2026-07-28 20:48:57,649 INFO   Reading metadata annotations...
2026-07-28 20:48:57,900 INFO   Classifying metadata...
2026-07-28 20:49:01,049 INFO   -> fluor: YES | tf_loc: NO | tps: 180 | tf: UNKNOWN | condition: Aim: Halo tag imaging  Strain:   Comments: "mCherry2" channel is taken with the mKo2 cube in (for 549i)
Microscope setup for used channels:
Brightfield:
No light path info in config file. | channels: mCherry2
2026-07-28 20:49:01,249 INFO [663/1845] Dataset 1128: B2_halo_02
2026-07-28 20:49:01,257 INFO   Reading metadata annotations...
2026-07-28 20:49:01,371 INFO   Classifying metadata...
2026-07-28 20:49:04,498 INFO   -> fluor: YES | tf_loc: NO | tps: 180 | tf: UNKNOWN | condition: Aim: Halo tag imaging  Strain:   Comments: "mCherry2" channel is taken with the mKo2 cube in (for 549i)
Microscope setup for used channels:
Brightfield:
No light path info in config file. | channels: mCherry2
2026-07-28 20:49:04,699 INFO [664/1845] Dataset 1129: B2_halo_03
2026-07-28 20:49:04,710 INFO   Reading metadata annotations...
2026-07-28 20:49:04,892 INFO   Classifying metadata...
2026-07-28 20:49:08,253 INFO   -> fluor: YES | tf_loc: NO | tps: 180 | tf: UNKNOWN | condition: Aim: Halo tag imaging  Strain:   Comments: "mCherry2" channel is taken with the mKo2 cube in (for 549i)
Microscope setup for used channels:
Brightfield:
No light path info in config file. | channels: mCherry2
2026-07-28 20:49:08,454 INFO [665/1845] Dataset 1130: B2_halo_04
2026-07-28 20:49:08,467 INFO   Reading metadata annotations...
2026-07-28 20:49:08,707 INFO   Classifying metadata...
2026-07-28 20:49:11,884 INFO   -> fluor: YES | tf_loc: NO | tps: 180 | tf: UNKNOWN | condition: Aim: Halo tag imaging  Strain:   Comments: "mCherry2" channel is taken with the mKo2 cube in (for 549i)
Microscope setup for used channels:
Brightfield:
No light path info in config file. | channels: mCherry2
2026-07-28 20:49:12,084 INFO [666/1845] Dataset 1131: B2_halo_05
2026-07-28 20:49:12,096 INFO   Reading metadata annotations...
2026-07-28 20:49:12,241 INFO   Classifying metadata...
2026-07-28 20:49:16,028 INFO   -> fluor: YES | tf_loc: NO | tps: 180 | tf: UNKNOWN | condition: Aim: Halo tag imaging  Strain:   Comments: "mCherry2" channel is taken with the mKo2 cube in (for 549i)
Microscope setup for used channels:
Brightfield:
No light path info in config file. | channels: mCherry2
2026-07-28 20:49:16,228 INFO [667/1845] Dataset 1132: B4_halo_00
2026-07-28 20:49:16,241 INFO   Reading metadata annotations...
2026-07-28 20:49:16,381 INFO   Classifying metadata...
2026-07-28 20:49:19,559 INFO   -> fluor: YES | tf_loc: NO | tps: 180 | tf: UNKNOWN | condition: Aim: Halo tag imaging  Strain:   Comments:
Microscope setup for used channels:
cy5:
No light path info in config file. | channels: cy5;GFP;mCherry2
2026-07-28 20:49:19,759 INFO [668/1845] Dataset 1133: B5_halo_00
2026-07-28 20:49:19,772 INFO   Reading metadata annotations...
2026-07-28 20:49:20,008 INFO   Classifying metadata...
2026-07-28 20:49:23,826 INFO   -> fluor: YES | tf_loc: NO | tps: 180 | tf: UNKNOWN | condition: Aim: Halo tag imaging  Strain:   Comments: "mCherry2" channel is taken with the mKo2 cube in (for 549i)
Microscope setup for used channels:
Brightfield:
No light path info in config file. | channels: mCherry2;cy5
2026-07-28 20:49:24,026 INFO [669/1845] Dataset 1134: B5_halo_01
2026-07-28 20:49:24,040 INFO   Reading metadata annotations...
2026-07-28 20:49:24,274 INFO   Classifying metadata...
2026-07-28 20:49:30,016 INFO   -> fluor: YES | tf_loc: NO | tps: 180 | tf: UNKNOWN | condition: Aim: Halo tag imaging  Strain:   Comments: "mCherry2" channel is taken with the mKo2 cube in (for 549i)
Microscope setup for used channels:
Brightfield:
No light path info in config file. | channels: mCherry2;cy5
2026-07-28 20:49:30,216 INFO [670/1845] Dataset 1135: B5_halo_02
2026-07-28 20:49:30,224 INFO   Reading metadata annotations...
2026-07-28 20:49:30,324 INFO   Classifying metadata...
2026-07-28 20:49:33,255 INFO   -> fluor: YES | tf_loc: NO | tps: 180 | tf: UNKNOWN | condition: Aim: Halo tag imaging  Strain:   Comments: "mCherry2" channel is taken with the mKo2 cube in (for 549i)
Microscope setup for used channels:
Brightfield:
No light path info in config file. | channels: mCherry2;cy5
2026-07-28 20:49:33,455 INFO [671/1845] Dataset 1136: B5_halo_03
2026-07-28 20:49:33,470 INFO   Reading metadata annotations...
2026-07-28 20:49:33,687 INFO   Classifying metadata...
2026-07-28 20:49:36,302 INFO   -> fluor: YES | tf_loc: NO | tps: 180 | tf: UNKNOWN | condition: Aim: Halo tag imaging  Strain:   Comments: "mCherry2" channel is taken with the mKo2 cube in (for 549i)
Microscope setup for used channels:
Brightfield:
No light path info in config file. | channels: mCherry2;cy5
2026-07-28 20:49:36,502 INFO [672/1845] Dataset 1137: B5_halo_04
2026-07-28 20:49:36,515 INFO   Reading metadata annotations...
2026-07-28 20:49:36,756 INFO   Classifying metadata...
2026-07-28 20:49:40,012 INFO   -> fluor: YES | tf_loc: NO | tps: 180 | tf: UNKNOWN | condition: Aim: Halo tag imaging  Strain:   Comments: "mCherry2" channel is taken with the mKo2 cube in (for 549i)
Microscope setup for used channels:
Brightfield:
No light path info in config file. | channels: mCherry2;cy5
2026-07-28 20:49:40,213 INFO [673/1845] Dataset 1138: C1_halo_00
2026-07-28 20:49:40,220 INFO   Reading metadata annotations...
2026-07-28 20:49:40,345 INFO   Classifying metadata...
2026-07-28 20:49:43,464 INFO   -> fluor: YES | tf_loc: NO | tps: 180 | tf: UNKNOWN | condition: Aim: Halo tag imaging  Strain:   Comments:
Microscope setup for used channels:
cy5:
No light path info in config file. | channels: cy5
2026-07-28 20:49:43,665 INFO [674/1845] Dataset 3701: 2026
2026-07-28 20:49:43,678 INFO   Reading metadata annotations...
2026-07-28 20:49:43,697 WARNING   No .log/.txt/Acq.txt annotation found for dataset 3701.
2026-07-28 20:49:43,697 INFO   Classifying metadata...
2026-07-28 20:49:45,992 INFO   -> fluor: NO | tf_loc: NO | tps:  | tf: UNKNOWN | condition:  | channels: UNKNOWN
2026-07-28 20:49:46,192 INFO [675/1845] Dataset 1139: C1_halo_01
2026-07-28 20:49:46,205 INFO   Reading metadata annotations...
2026-07-28 20:49:46,462 INFO   Classifying metadata...
2026-07-28 20:49:49,649 INFO   -> fluor: YES | tf_loc: NO | tps: 180 | tf: UNKNOWN | condition: Aim: Halo tag imaging  Strain:   Comments:
Microscope setup for used channels:
cy5:
No light path info in config file. | channels: cy5
2026-07-28 20:49:49,849 INFO [676/1845] Dataset 1140: C1_halo_02
2026-07-28 20:49:49,862 INFO   Reading metadata annotations...
2026-07-28 20:49:50,055 INFO   Classifying metadata...
2026-07-28 20:49:53,318 INFO   -> fluor: YES | tf_loc: NO | tps: 180 | tf: UNKNOWN | condition: Aim: Halo tag imaging  Strain:   Comments:
Microscope setup for used channels:
cy5:
No light path info in config file. | channels: cy5
2026-07-28 20:49:53,518 INFO [677/1845] Dataset 1141: C1_halo_03
2026-07-28 20:49:53,531 INFO   Reading metadata annotations...
2026-07-28 20:49:53,786 INFO   Classifying metadata...
2026-07-28 20:49:56,935 INFO   -> fluor: YES | tf_loc: NO | tps: 180 | tf: UNKNOWN | condition: Aim: Halo tag imaging  Strain:   Comments:
Microscope setup for used channels:
cy5:
No light path info in config file. | channels: cy5
2026-07-28 20:49:57,135 INFO [678/1845] Dataset 1142: C1_halo_04
2026-07-28 20:49:57,148 INFO   Reading metadata annotations...
2026-07-28 20:49:57,406 INFO   Classifying metadata...
2026-07-28 20:50:00,489 INFO   -> fluor: YES | tf_loc: NO | tps: 180 | tf: UNKNOWN | condition: Aim: Halo tag imaging  Strain:   Comments:
Microscope setup for used channels:
cy5:
No light path info in config file. | channels: cy5
2026-07-28 20:50:00,689 INFO [679/1845] Dataset 1143: D1_halo_00
2026-07-28 20:50:00,697 INFO   Reading metadata annotations...
2026-07-28 20:50:00,842 INFO   Classifying metadata...
2026-07-28 20:50:03,455 INFO   -> fluor: YES | tf_loc: NO | tps: 180 | tf: UNKNOWN | condition: Aim: Halo tag imaging  Strain:   Comments:
Microscope setup for used channels:
cy5:
No light path info in config file. | channels: cy5
2026-07-28 20:50:03,655 INFO [680/1845] Dataset 1144: D1_halo_01
2026-07-28 20:50:03,668 INFO   Reading metadata annotations...
2026-07-28 20:50:03,927 INFO   Classifying metadata...
2026-07-28 20:50:08,225 INFO   -> fluor: YES | tf_loc: NO | tps: 180 | tf: UNKNOWN | condition: Aim: Halo tag imaging  Strain:   Comments:
Microscope setup for used channels:
cy5:
No light path info in config file. | channels: cy5
2026-07-28 20:50:08,426 INFO [681/1845] Dataset 1145: D1_halo_02
2026-07-28 20:50:08,439 INFO   Reading metadata annotations...
2026-07-28 20:50:08,690 INFO   Classifying metadata...
2026-07-28 20:50:13,788 INFO   -> fluor: YES | tf_loc: NO | tps: 180 | tf: UNKNOWN | condition: Aim: Halo tag imaging  Strain:   Comments:
Microscope setup for used channels:
cy5:
No light path info in config file. | channels: cy5
2026-07-28 20:50:13,988 INFO [682/1845] Dataset 1146: D1_halo_03
2026-07-28 20:50:14,001 INFO   Reading metadata annotations...
2026-07-28 20:50:14,220 INFO   Classifying metadata...
2026-07-28 20:50:17,630 INFO   -> fluor: YES | tf_loc: NO | tps: 180 | tf: UNKNOWN | condition: Aim: Halo tag imaging  Strain:   Comments:
Microscope setup for used channels:
cy5:
No light path info in config file. | channels: cy5
2026-07-28 20:50:17,831 INFO [683/1845] Dataset 1147: E1_halo_00
2026-07-28 20:50:17,843 INFO   Reading metadata annotations...
2026-07-28 20:50:17,975 INFO   Classifying metadata...
2026-07-28 20:50:23,302 INFO   -> fluor: YES | tf_loc: NO | tps: 180 | tf: UNKNOWN | condition: Aim: Halo tag imaging  Strain:   Comments:
Microscope setup for used channels:
cy5:
No light path info in config file. | channels: cy5
2026-07-28 20:50:23,502 INFO [684/1845] Dataset 1148: E1_halo_01
2026-07-28 20:50:23,515 INFO   Reading metadata annotations...
2026-07-28 20:50:23,783 INFO   Classifying metadata...
2026-07-28 20:50:27,028 INFO   -> fluor: YES | tf_loc: NO | tps: 180 | tf: UNKNOWN | condition: Aim: Halo tag imaging  Strain:   Comments:
Microscope setup for used channels:
cy5:
No light path info in config file. | channels: cy5
2026-07-28 20:50:27,229 INFO [685/1845] Dataset 1149: E1_halo_02
2026-07-28 20:50:27,242 INFO   Reading metadata annotations...
2026-07-28 20:50:27,465 INFO   Classifying metadata...
2026-07-28 20:50:30,112 INFO   -> fluor: YES | tf_loc: NO | tps: 180 | tf: UNKNOWN | condition: Aim: Halo tag imaging  Strain:   Comments:
Microscope setup for used channels:
cy5:
No light path info in config file. | channels: cy5
2026-07-28 20:50:30,312 INFO [686/1845] Dataset 1150: E1_halo_03
2026-07-28 20:50:30,320 INFO   Reading metadata annotations...
2026-07-28 20:50:30,461 INFO   Classifying metadata...
2026-07-28 20:50:33,351 INFO   -> fluor: YES | tf_loc: NO | tps: 180 | tf: UNKNOWN | condition: Aim: Halo tag imaging  Strain:   Comments:
Microscope setup for used channels:
cy5:
No light path info in config file. | channels: cy5
2026-07-28 20:50:33,552 INFO [687/1845] Dataset 1151: E1_halo_04
2026-07-28 20:50:33,565 INFO   Reading metadata annotations...
2026-07-28 20:50:33,789 INFO   Classifying metadata...
2026-07-28 20:50:37,832 INFO   -> fluor: YES | tf_loc: NO | tps: 180 | tf: UNKNOWN | condition: Aim: Halo tag imaging  Strain:   Comments:
Microscope setup for used channels:
cy5:
No light path info in config file. | channels: cy5
2026-07-28 20:50:38,032 INFO [688/1845] Dataset 1152: F1_halo_00
2026-07-28 20:50:38,045 INFO   Reading metadata annotations...
2026-07-28 20:50:38,284 INFO   Classifying metadata...
2026-07-28 20:50:41,549 INFO   -> fluor: YES | tf_loc: NO | tps: 180 | tf: UNKNOWN | condition: Aim: Halo tag imaging  Strain:   Comments:
Microscope setup for used channels:
cy5:
No light path info in config file. | channels: cy5
2026-07-28 20:50:41,750 INFO [689/1845] Dataset 1153: F1_halo_01
2026-07-28 20:50:41,757 INFO   Reading metadata annotations...
2026-07-28 20:50:41,956 INFO   Classifying metadata...
2026-07-28 20:50:44,731 INFO   -> fluor: YES | tf_loc: NO | tps: 180 | tf: UNKNOWN | condition: Aim: Halo tag imaging  Strain:   Comments:
Microscope setup for used channels:
cy5:
No light path info in config file. | channels: cy5
2026-07-28 20:50:44,931 INFO [690/1845] Dataset 1154: F1_halo_02
2026-07-28 20:50:44,944 INFO   Reading metadata annotations...
2026-07-28 20:50:45,173 INFO   Classifying metadata...
2026-07-28 20:50:49,632 INFO   -> fluor: YES | tf_loc: NO | tps: 180 | tf: UNKNOWN | condition: Aim: Halo tag imaging  Strain:   Comments:
Microscope setup for used channels:
cy5:
No light path info in config file. | channels: cy5
2026-07-28 20:50:49,833 INFO [691/1845] Dataset 1155: F1_halo_03
2026-07-28 20:50:49,846 INFO   Reading metadata annotations...
2026-07-28 20:50:50,056 INFO   Classifying metadata...
2026-07-28 20:50:52,743 INFO   -> fluor: YES | tf_loc: NO | tps: 180 | tf: UNKNOWN | condition: Aim: Halo tag imaging  Strain:   Comments:
Microscope setup for used channels:
cy5:
No light path info in config file. | channels: cy5
2026-07-28 20:50:52,943 INFO [692/1845] Dataset 1156: F1_halo_04
2026-07-28 20:50:52,956 INFO   Reading metadata annotations...
2026-07-28 20:50:53,201 INFO   Classifying metadata...
2026-07-28 20:50:56,859 INFO   -> fluor: YES | tf_loc: NO | tps: 180 | tf: UNKNOWN | condition: Aim: Halo tag imaging  Strain:   Comments:
Microscope setup for used channels:
cy5:
No light path info in config file. | channels: cy5
2026-07-28 20:50:57,060 INFO [693/1845] Dataset 1157: F1_halo_05
2026-07-28 20:50:57,073 INFO   Reading metadata annotations...
2026-07-28 20:50:57,269 INFO   Classifying metadata...
2026-07-28 20:51:00,432 INFO   -> fluor: YES | tf_loc: NO | tps: 180 | tf: UNKNOWN | condition: Aim: Halo tag imaging  Strain:   Comments:
Microscope setup for used channels:
cy5:
No light path info in config file. | channels: cy5
2026-07-28 20:51:00,632 INFO [694/1845] Dataset 1158: B3_halo_00
2026-07-28 20:51:00,640 INFO   Reading metadata annotations...
2026-07-28 20:51:00,805 INFO   Classifying metadata...
2026-07-28 20:51:04,053 INFO   -> fluor: YES | tf_loc: NO | tps: 180 | tf: UNKNOWN | condition: Aim: Halo tag imaging  Strain:   Comments: "mCherry2" channel is taken with the mKo2 cube in (for 549i)
Microscope setup for used channels:
Brightfield:
No light path info in config file. | channels: mCherry2
2026-07-28 20:51:04,253 INFO [695/1845] Dataset 1159: A3_00
2026-07-28 20:51:04,266 INFO   Reading metadata annotations...
2026-07-28 20:51:04,531 INFO   Classifying metadata...
2026-07-28 20:51:09,284 INFO   -> fluor: YES | tf_loc: NO | tps: 180 | tf: UNKNOWN | condition: Aim:   Strain:   Comments:   
Microscope setup for used channels:
GFP:
No light path info in config file. | channels: GFP;mCherry
2026-07-28 20:51:09,484 INFO [696/1845] Dataset 1160: A3_01
2026-07-28 20:51:09,495 INFO   Reading metadata annotations...
2026-07-28 20:51:09,747 INFO   Classifying metadata...
2026-07-28 20:51:12,800 INFO   -> fluor: YES | tf_loc: NO | tps: 180 | tf: UNKNOWN | condition: Aim:   Strain:   Comments:   
Microscope setup for used channels:
GFP:
No light path info in config file. | channels: GFP;mCherry
2026-07-28 20:51:13,000 INFO [697/1845] Dataset 1161: A3_02
2026-07-28 20:51:13,012 INFO   Reading metadata annotations...
2026-07-28 20:51:13,182 INFO   Classifying metadata...
2026-07-28 20:51:16,540 INFO   -> fluor: YES | tf_loc: NO | tps: 180 | tf: UNKNOWN | condition: Aim:   Strain:   Comments:   
Microscope setup for used channels:
GFP:
No light path info in config file. | channels: GFP;mCherry
2026-07-28 20:51:16,741 INFO [698/1845] Dataset 1162: A3_03
2026-07-28 20:51:16,754 INFO   Reading metadata annotations...
2026-07-28 20:51:17,014 INFO   Classifying metadata...
2026-07-28 20:51:19,965 INFO   -> fluor: YES | tf_loc: NO | tps: 180 | tf: UNKNOWN | condition: Aim:   Strain:   Comments:   
Microscope setup for used channels:
GFP:
No light path info in config file. | channels: GFP;mCherry
2026-07-28 20:51:20,166 INFO [699/1845] Dataset 1163: A4_00
2026-07-28 20:51:20,173 INFO   Reading metadata annotations...
2026-07-28 20:51:20,285 INFO   Classifying metadata...
2026-07-28 20:51:23,415 INFO   -> fluor: YES | tf_loc: NO | tps: 180 | tf: UNKNOWN | condition: Aim:   Strain:   Comments:   
Microscope setup for used channels:
GFP:
No light path info in config file. | channels: GFP;mCherry
2026-07-28 20:51:23,616 INFO [700/1845] Dataset 1164: A4_01
2026-07-28 20:51:23,628 INFO   Reading metadata annotations...
2026-07-28 20:51:23,882 INFO   Classifying metadata...
2026-07-28 20:51:27,902 INFO   -> fluor: YES | tf_loc: NO | tps: 180 | tf: UNKNOWN | condition: Aim:   Strain:   Comments:   
Microscope setup for used channels:
GFP:
No light path info in config file. | channels: GFP;mCherry
2026-07-28 20:51:28,102 INFO [701/1845] Dataset 1165: A4_02
2026-07-28 20:51:28,115 INFO   Reading metadata annotations...
2026-07-28 20:51:28,385 INFO   Classifying metadata...
2026-07-28 20:51:31,647 INFO   -> fluor: YES | tf_loc: NO | tps: 180 | tf: UNKNOWN | condition: Aim:   Strain:   Comments:   
Microscope setup for used channels:
mCherry:
No light path info in config file. | channels: mCherry;GFP
2026-07-28 20:51:31,847 INFO [702/1845] Dataset 1166: B4_00
2026-07-28 20:51:31,859 INFO   Reading metadata annotations...
2026-07-28 20:51:32,072 INFO   Classifying metadata...
2026-07-28 20:51:35,383 INFO   -> fluor: YES | tf_loc: NO | tps: 180 | tf: UNKNOWN | condition: Aim:   Strain:   Comments:   
Microscope setup for used channels:
mCherry:
No light path info in config file. | channels: mCherry;GFP
2026-07-28 20:51:35,584 INFO [703/1845] Dataset 1167: B4_01
2026-07-28 20:51:35,597 INFO   Reading metadata annotations...
2026-07-28 20:51:35,837 INFO   Classifying metadata...
2026-07-28 20:51:39,072 INFO   -> fluor: YES | tf_loc: NO | tps: 180 | tf: UNKNOWN | condition: Aim:   Strain:   Comments:   
Microscope setup for used channels:
mCherry:
No light path info in config file. | channels: mCherry;GFP
2026-07-28 20:51:39,272 INFO [704/1845] Dataset 1168: B4_02
2026-07-28 20:51:39,283 INFO   Reading metadata annotations...
2026-07-28 20:51:39,512 INFO   Classifying metadata...
2026-07-28 20:51:42,791 INFO   -> fluor: YES | tf_loc: NO | tps: 180 | tf: UNKNOWN | condition: Aim:   Strain:   Comments:   
Microscope setup for used channels:
mCherry:
No light path info in config file. | channels: mCherry;GFP
2026-07-28 20:51:42,991 INFO [705/1845] Dataset 1169: B4_03
2026-07-28 20:51:43,005 INFO   Reading metadata annotations...
2026-07-28 20:51:43,242 INFO   Classifying metadata...
2026-07-28 20:51:45,868 INFO   -> fluor: YES | tf_loc: NO | tps: 180 | tf: UNKNOWN | condition: Aim:   Strain:   Comments:   
Microscope setup for used channels:
mCherry:
No light path info in config file. | channels: mCherry;GFP
2026-07-28 20:51:46,069 INFO [706/1845] Dataset 1170: B4_04
2026-07-28 20:51:46,082 INFO   Reading metadata annotations...
2026-07-28 20:51:46,321 INFO   Classifying metadata...
2026-07-28 20:51:49,443 INFO   -> fluor: YES | tf_loc: NO | tps: 180 | tf: UNKNOWN | condition: Aim:   Strain:   Comments:   
Microscope setup for used channels:
mCherry:
No light path info in config file. | channels: mCherry;GFP
2026-07-28 20:51:49,643 INFO [707/1845] Dataset 1171: B4_05
2026-07-28 20:51:49,656 INFO   Reading metadata annotations...
2026-07-28 20:51:49,882 INFO   Classifying metadata...
2026-07-28 20:51:53,151 INFO   -> fluor: YES | tf_loc: NO | tps: 180 | tf: UNKNOWN | condition: Aim:   Strain:   Comments:   
Microscope setup for used channels:
mCherry:
No light path info in config file. | channels: mCherry;GFP
2026-07-28 20:51:53,352 INFO [708/1845] Dataset 1172: B4_06
2026-07-28 20:51:53,365 INFO   Reading metadata annotations...
2026-07-28 20:51:53,594 INFO   Classifying metadata...
2026-07-28 20:51:56,855 INFO   -> fluor: YES | tf_loc: NO | tps: 180 | tf: UNKNOWN | condition: Aim:   Strain:   Comments:   
Microscope setup for used channels:
mCherry:
No light path info in config file. | channels: mCherry;GFP
2026-07-28 20:51:57,055 INFO [709/1845] Dataset 1173: c2_00
2026-07-28 20:51:57,068 INFO   Reading metadata annotations...
2026-07-28 20:51:57,351 INFO   Classifying metadata...
2026-07-28 20:52:00,484 INFO   -> fluor: YES | tf_loc: NO | tps: 180 | tf: UNKNOWN | condition: Aim:   Strain:   Comments:   
Microscope setup for used channels:
cy5:
No light path info in config file. | channels: cy5
2026-07-28 20:52:00,685 INFO [710/1845] Dataset 1174: c2_01
2026-07-28 20:52:00,692 INFO   Reading metadata annotations...
2026-07-28 20:52:00,861 INFO   Classifying metadata...
2026-07-28 20:52:04,181 INFO   -> fluor: YES | tf_loc: NO | tps: 180 | tf: UNKNOWN | condition: Aim:  Initial imaging of halo tag cells Strain:   Comments:
Microscope setup for used channels:
cy5:
No light path info in config file. | channels: cy5
2026-07-28 20:52:04,382 INFO [711/1845] Dataset 1175: c2_02
2026-07-28 20:52:04,395 INFO   Reading metadata annotations...
2026-07-28 20:52:04,676 INFO   Classifying metadata...
2026-07-28 20:52:10,322 INFO   -> fluor: YES | tf_loc: NO | tps: 180 | tf: UNKNOWN | condition: Aim:  Initial imaging of halo tag cells Strain:   Comments:
Microscope setup for used channels:
Brightfield:
No light path info in config file. | channels: cy5
2026-07-28 20:52:10,522 INFO [712/1845] Dataset 1176: A1_00
2026-07-28 20:52:10,530 INFO   Reading metadata annotations...
2026-07-28 20:52:10,653 INFO   Classifying metadata...
2026-07-28 20:52:14,278 INFO   -> fluor: YES | tf_loc: NO | tps: 180 | tf: UNKNOWN | condition: Aim: Halo staining test   Strain: by4741  Comments:  Stained 5ul JFX650 (100uM) in 200ul PBS
Microscope setup for used channels:
cy5:
No light path info in config file. | channels: cy5
2026-07-28 20:52:14,478 INFO [713/1845] Dataset 1177: A1_01
2026-07-28 20:52:14,490 INFO   Reading metadata annotations...
2026-07-28 20:52:14,645 INFO   Classifying metadata...
2026-07-28 20:52:17,941 INFO   -> fluor: YES | tf_loc: NO | tps: 180 | tf: UNKNOWN | condition: Aim: Halo staining test   Strain: by4741  Comments:  Stained 5ul JFX650 (100uM) in 200ul PBS
Microscope setup for used channels:
cy5:
No light path info in config file. | channels: cy5
2026-07-28 20:52:18,142 INFO [714/1845] Dataset 1178: A1_02
2026-07-28 20:52:18,155 INFO   Reading metadata annotations...
2026-07-28 20:52:18,370 INFO   Classifying metadata...
2026-07-28 20:52:22,053 INFO   -> fluor: YES | tf_loc: NO | tps: 180 | tf: UNKNOWN | condition: Aim: Halo staining test   Strain: by4741  Comments:  Stained 5ul JFX650 (100uM) in 200ul PBS
Microscope setup for used channels:
cy5:
No light path info in config file. | channels: cy5
2026-07-28 20:52:22,253 INFO [715/1845] Dataset 1179: A1_03
2026-07-28 20:52:22,265 INFO   Reading metadata annotations...
2026-07-28 20:52:22,483 INFO   Classifying metadata...
2026-07-28 20:52:25,935 INFO   -> fluor: YES | tf_loc: NO | tps: 180 | tf: UNKNOWN | condition: Aim: Halo staining test   Strain: by4741  Comments:  Stained 5ul JFX650 (100uM) in 200ul PBS
Microscope setup for used channels:
cy5:
No light path info in config file. | channels: cy5
2026-07-28 20:52:26,136 INFO [716/1845] Dataset 1180: B1_00
2026-07-28 20:52:26,148 INFO   Reading metadata annotations...
2026-07-28 20:52:26,383 INFO   Classifying metadata...
2026-07-28 20:52:29,008 INFO   -> fluor: YES | tf_loc: NO | tps: 180 | tf: UNKNOWN | condition: Aim: Halo staining test   Strain: yMJ30.1  Comments:  Stained 5ul JFX650 (100uM) in 200ul PBS
Microscope setup for used channels:
cy5:
No light path info in config file. | channels: cy5
2026-07-28 20:52:29,209 INFO [717/1845] Dataset 1181: B1_01
2026-07-28 20:52:29,222 INFO   Reading metadata annotations...
2026-07-28 20:52:29,465 INFO   Classifying metadata...
2026-07-28 20:52:32,417 INFO   -> fluor: YES | tf_loc: NO | tps: 180 | tf: UNKNOWN | condition: Aim: Halo staining test   Strain: yMJ30.1  Comments:  Stained 5ul JFX650 (100uM) in 200ul PBS
Microscope setup for used channels:
cy5:
No light path info in config file. | channels: cy5
2026-07-28 20:52:32,617 INFO [718/1845] Dataset 2621: GAL7_MAN_GAL_00
2026-07-28 20:52:32,630 INFO   Reading metadata annotations...
2026-07-28 20:52:32,809 WARNING   Truncated large annotation(s): gal7_man_gal.log
2026-07-28 20:52:32,809 INFO   Classifying metadata...
2026-07-28 20:52:36,337 INFO   -> fluor: YES | tf_loc: YES | tps: 180 | tf: Gal7 | condition: mannose to galactose | channels: GFP_Z;GFP
2026-07-28 20:52:36,537 INFO [719/1845] Dataset 2758: Cn9_9alphamCh_00
2026-07-28 20:52:36,550 INFO   Reading metadata annotations...
2026-07-28 20:52:36,770 INFO   Classifying metadata...
2026-07-28 20:52:39,945 INFO   -> fluor: YES | tf_loc: NO | tps: 180 | tf: UNKNOWN | condition: Aim:   Strain:   Comments:   
Microscope setup for used channels:
Brightfield:
White LED
->(Polariser + Prism + condenser)]
->Filter block:[GFP/mCherry (59022) exciter,GFP/mCherry (59022) dichroi | channels: mCherry
2026-07-28 20:52:40,145 INFO [720/1845] Dataset 2759: Cn4_2mCh_00
2026-07-28 20:52:40,152 INFO   Reading metadata annotations...
2026-07-28 20:52:40,277 INFO   Classifying metadata...
2026-07-28 20:52:44,137 INFO   -> fluor: YES | tf_loc: NO | tps: 180 | tf: UNKNOWN | condition: Aim:   Strain:   Comments:   
Microscope setup for used channels:
Brightfield:
White LED
->(Polariser + Prism + condenser)]
->Filter block:[GFP/mCherry (59022) exciter,GFP/mCherry (59022) dichroi | channels: mCherry
2026-07-28 20:52:44,337 INFO [721/1845] Dataset 2760: Cn4_2_00
2026-07-28 20:52:44,350 INFO   Reading metadata annotations...
2026-07-28 20:52:44,462 INFO   Classifying metadata...
2026-07-28 20:52:47,739 INFO   -> fluor: YES | tf_loc: NO | tps: 180 | tf: UNKNOWN | condition: Aim:   Strain:   Comments:   
Microscope setup for used channels:
GFP:
470nm LED
->Combiner cube:[,  495lp dichroic->(425LP dichroic)]
->Filter block:[GFP/mCherry (59022) exciter,GFP/mCherry (590 | channels: GFP
2026-07-28 20:52:47,939 INFO [722/1845] Dataset 2761: Cn3_3_00
2026-07-28 20:52:47,952 INFO   Reading metadata annotations...
2026-07-28 20:52:48,151 INFO   Classifying metadata...
2026-07-28 20:52:51,012 INFO   -> fluor: YES | tf_loc: NO | tps: 180 | tf: UNKNOWN | condition: Aim:   Strain:   Comments:   
Microscope setup for used channels:
GFP:
470nm LED
->Combiner cube:[,  495lp dichroic->(425LP dichroic)]
->Filter block:[GFP/mCherry (59022) exciter,GFP/mCherry (590 | channels: GFP
2026-07-28 20:52:51,213 INFO [723/1845] Dataset 2762: Cn3_1_00
2026-07-28 20:52:51,220 INFO   Reading metadata annotations...
2026-07-28 20:52:51,309 INFO   Classifying metadata...
2026-07-28 20:52:54,830 INFO   -> fluor: YES | tf_loc: NO | tps: 180 | tf: UNKNOWN | condition: Aim:   Strain:   Comments:   
Microscope setup for used channels:
GFP:
470nm LED
->Combiner cube:[,  495lp dichroic->(425LP dichroic)]
->Filter block:[GFP/mCherry (59022) exciter,GFP/mCherry (590 | channels: GFP
2026-07-28 20:52:55,030 INFO [724/1845] Dataset 2763: ctrl_KH1_01
2026-07-28 20:52:55,043 INFO   Reading metadata annotations...
2026-07-28 20:52:55,248 INFO   Classifying metadata...
2026-07-28 20:52:58,334 INFO   -> fluor: YES | tf_loc: NO | tps: 180 | tf: UNKNOWN | condition: Aim:   Strain:   Comments:   
Microscope setup for used channels:
GFP:
470nm LED
->Combiner cube:[,  495lp dichroic->(425LP dichroic)]
->Filter block:[GFP/mCherry (59022) exciter,GFP/mCherry (590 | channels: GFP
2026-07-28 20:52:58,535 INFO [725/1845] Dataset 2764: Cn4_1_00
2026-07-28 20:52:58,548 INFO   Reading metadata annotations...
2026-07-28 20:52:58,757 INFO   Classifying metadata...
2026-07-28 20:53:01,204 INFO   -> fluor: YES | tf_loc: NO | tps: 180 | tf: UNKNOWN | condition: Aim:   Strain:   Comments:   
Microscope setup for used channels:
GFP:
470nm LED
->Combiner cube:[,  495lp dichroic->(425LP dichroic)]
->Filter block:[GFP/mCherry (59022) exciter,GFP/mCherry (590 | channels: GFP
2026-07-28 20:53:01,404 INFO [726/1845] Dataset 2765: Pdr5_growthvariation_00
2026-07-28 20:53:01,410 INFO   Reading metadata annotations...
2026-07-28 20:53:01,528 INFO   Classifying metadata...
2026-07-28 20:53:04,683 INFO   -> fluor: YES | tf_loc: NO | tps: 180 | tf: UNKNOWN | condition: Aim: Observe effect of growth conditions on numbers of high and low-expressing Pdr5 cells  Strain: 1490 (pdr5-GFP)  Comments:   Imaged on black 96-well plate. | channels: GFPFast
2026-07-28 20:53:04,883 INFO [727/1845] Dataset 2766: Pdr5_growthvariation_02
2026-07-28 20:53:04,896 INFO   Reading metadata annotations...
2026-07-28 20:53:05,142 INFO   Classifying metadata...
2026-07-28 20:53:13,546 INFO   -> fluor: YES | tf_loc: NO | tps: 180 | tf: UNKNOWN | condition: Aim: Observe effect of growth conditions on numbers of high and low-expressing Pdr5 cells  Strain: 1490 (pdr5-GFP)  Comments:   Imaged on black 96-well plate. | channels: GFPFast
2026-07-28 20:53:13,746 INFO [728/1845] Dataset 1344: 11341_01
2026-07-28 20:53:13,758 INFO   Reading metadata annotations...
2026-07-28 20:53:14,016 INFO   Classifying metadata...
2026-07-28 20:53:17,375 INFO   -> fluor: YES | tf_loc: NO | tps: 180 | tf: UNKNOWN | condition: Aim:   Strain:   Comments:   
Microscope setup for used channels:
BrightfieldGFP:
GFP:
Micromanager config file:C:\Users\Public\Microscope control\Micromanager config files\Batgirl_9_11_21_no_cube | channels: GFP
2026-07-28 20:53:17,575 INFO [729/1845] Dataset 2767: Pdr5_growthvariation_01
2026-07-28 20:53:17,588 INFO   Reading metadata annotations...
2026-07-28 20:53:17,750 INFO   Classifying metadata...
2026-07-28 20:53:21,162 INFO   -> fluor: YES | tf_loc: NO | tps: 180 | tf: UNKNOWN | condition: Aim: Observe effect of growth conditions on numbers of high and low-expressing Pdr5 cells  Strain: 1490 (pdr5-GFP)  Comments:   Imaged on black 96-well plate. | channels: GFPFast
2026-07-28 20:53:21,362 INFO [730/1845] Dataset 2768: candida_7um_test_01
2026-07-28 20:53:21,370 INFO   Reading metadata annotations...
2026-07-28 20:53:21,499 INFO   Classifying metadata...
2026-07-28 20:53:26,119 INFO   -> fluor: NO | tf_loc: NO | tps: 180 | tf: UNKNOWN | condition: Aim:  C albicans imaging Strain: YM24  Comments:   Testing C albicans in 5FK device from wafer 3 of IC14 (7um height). | channels: UNKNOWN
2026-07-28 20:53:26,320 INFO [731/1845] Dataset 2769: candida_7um_test_02
2026-07-28 20:53:26,333 INFO   Reading metadata annotations...
2026-07-28 20:53:26,590 WARNING   Truncated large annotation(s): candida_7um_testlog.txt
2026-07-28 20:53:26,591 INFO   Classifying metadata...
2026-07-28 20:53:35,628 INFO   -> fluor: NO | tf_loc: NO | tps: 180 | tf: UNKNOWN | condition: Aim:  C albicans imaging Strain: YM24  Comments:   Testing C albicans in 5FK device from wafer 3 of IC14 (7um height). | channels: UNKNOWN
2026-07-28 20:53:35,828 INFO [732/1845] Dataset 2770: candida_7um_test_00
2026-07-28 20:53:35,841 INFO   Reading metadata annotations...
2026-07-28 20:53:36,109 INFO   Classifying metadata...
2026-07-28 20:53:41,460 INFO   -> fluor: NO | tf_loc: NO | tps: 180 | tf: UNKNOWN | condition: Aim:  C albicans imaging Strain: YM24  Comments:   Testing C albicans in 5FK device from wafer 3 of IC14 (7um height). | channels: UNKNOWN
2026-07-28 20:53:41,660 INFO [733/1845] Dataset 2771: filamenting_01
2026-07-28 20:53:41,665 INFO   Reading metadata annotations...
2026-07-28 20:53:41,749 INFO   Classifying metadata...
2026-07-28 20:53:46,421 INFO   -> fluor: NO | tf_loc: NO | tps: 180 | tf: UNKNOWN | condition: Aim:  Demonstrate microfluidic imaging of C albicans Strain:  VM24 Comments:    C albaicans in Matt Seattle traps (single chamber). | channels: Brightfield
2026-07-28 20:53:46,621 INFO [734/1845] Dataset 2772: filamenting_02
2026-07-28 20:53:46,634 INFO   Reading metadata annotations...
2026-07-28 20:53:46,866 INFO   Classifying metadata...
2026-07-28 20:53:53,609 INFO   -> fluor: NO | tf_loc: NO | tps: 180 | tf: UNKNOWN | condition: Aim:  Demonstrate microfluidic imaging of C albicans Strain:  VM24 Comments:    C albaicans in Matt Seattle traps (single chamber). | channels: UNKNOWN
2026-07-28 20:53:53,810 INFO [735/1845] Dataset 2773: filamenting_00
2026-07-28 20:53:53,823 INFO   Reading metadata annotations...
2026-07-28 20:53:54,047 INFO   Classifying metadata...
2026-07-28 20:53:56,786 INFO   -> fluor: YES | tf_loc: NO | tps: 180 | tf: UNKNOWN | condition: Aim:  Demonstrate microfluidic imaging of C albicans Strain:  VM24 Comments:    C albaicans in Matt Seattle traps (single chamber). | channels: GFP
2026-07-28 20:53:56,987 INFO [736/1845] Dataset 2774: KCl_shock0_3v_03
2026-07-28 20:53:56,999 INFO   Reading metadata annotations...
2026-07-28 20:53:57,218 INFO   Classifying metadata...
2026-07-28 20:54:00,569 INFO   -> fluor: YES | tf_loc: NO | tps: 240 | tf: UNKNOWN | condition: 2% glucose to 2% glucose + 0.2 M KCl | channels: GFPFast;cy5;pHluorin405
2026-07-28 20:54:00,769 INFO [737/1845] Dataset 1182: B1_02
2026-07-28 20:54:00,777 INFO   Reading metadata annotations...
2026-07-28 20:54:00,949 INFO   Classifying metadata...
2026-07-28 20:54:04,034 INFO   -> fluor: YES | tf_loc: NO | tps: 180 | tf: UNKNOWN | condition: Aim: Halo staining test   Strain: yMJ30.1  Comments:  Stained 5ul JFX650 (100uM) in 200ul PBS
Microscope setup for used channels:
cy5:
No light path info in config file. | channels: cy5
2026-07-28 20:54:04,234 INFO [738/1845] Dataset 1183: B1_03
2026-07-28 20:54:04,247 INFO   Reading metadata annotations...
2026-07-28 20:54:04,372 INFO   Classifying metadata...
2026-07-28 20:54:07,148 INFO   -> fluor: YES | tf_loc: NO | tps: 180 | tf: UNKNOWN | condition: Aim: Halo staining test   Strain: yMJ30.1  Comments:  Stained 5ul JFX650 (100uM) in 200ul PBS
Microscope setup for used channels:
cy5:
No light path info in config file. | channels: cy5
2026-07-28 20:54:07,349 INFO [739/1845] Dataset 1184: B1_04
2026-07-28 20:54:07,361 INFO   Reading metadata annotations...
2026-07-28 20:54:07,608 INFO   Classifying metadata...
2026-07-28 20:54:10,068 INFO   -> fluor: YES | tf_loc: NO | tps: 180 | tf: UNKNOWN | condition: Aim: Halo staining test   Strain: yMJ30.1  Comments:  Stained 5ul JFX650 (100uM) in 200ul PBS
Microscope setup for used channels:
cy5:
No light path info in config file. | channels: cy5
2026-07-28 20:54:10,268 INFO [740/1845] Dataset 1186: Bub1_fluor_00
2026-07-28 20:54:10,276 INFO   Reading metadata annotations...
2026-07-28 20:54:10,292 WARNING   No .log/.txt/Acq.txt annotation found for dataset 1186.
2026-07-28 20:54:10,293 INFO   Classifying metadata...
2026-07-28 20:54:10,293 INFO   -> fluor: NO | tf_loc: YES | tps:  | tf: Bub1 | condition:  | channels: UNKNOWN
2026-07-28 20:54:10,493 INFO [741/1845] Dataset 1187: SGO1_00
2026-07-28 20:54:10,503 INFO   Reading metadata annotations...
2026-07-28 20:54:10,760 WARNING   Truncated large annotation(s): sgo1log.txt
2026-07-28 20:54:10,761 INFO   Classifying metadata...
2026-07-28 20:54:15,442 INFO   -> fluor: YES | tf_loc: YES | tps: 350 | tf: Bub1 | condition: Aim: Dwell time of bub1-GFP in sgo1 mutant  Strain:   Comments:
Microscope setup for used channels:
Brightfield:
No light path info in config file. | channels: GFP;cy5
2026-07-28 20:54:15,642 INFO [742/1845] Dataset 1188: 7_75_01
2026-07-28 20:54:15,654 INFO   Reading metadata annotations...
2026-07-28 20:54:15,730 INFO   Classifying metadata...
2026-07-28 20:54:18,854 INFO   -> fluor: NO | tf_loc: NO | tps:  | tf: UNKNOWN | condition:  | channels: UNKNOWN
2026-07-28 20:54:19,055 INFO [743/1845] Dataset 1189: 7_25_01
2026-07-28 20:54:19,068 INFO   Reading metadata annotations...
2026-07-28 20:54:19,293 INFO   Classifying metadata...
2026-07-28 20:54:22,741 INFO   -> fluor: YES | tf_loc: NO | tps: 180 | tf: UNKNOWN | condition: Aim:   pH calibration Strain: 247  Comments:
PFS is locked
Experiment started at:24-Aug-2017 16:07:39 | channels: pHluorin405;pHluorin488
2026-07-28 20:54:22,941 INFO [744/1845] Dataset 1190: 8_00_01
2026-07-28 20:54:22,954 INFO   Reading metadata annotations...
2026-07-28 20:54:23,029 INFO   Classifying metadata...
2026-07-28 20:54:26,418 INFO   -> fluor: NO | tf_loc: NO | tps:  | tf: UNKNOWN | condition:  | channels: UNKNOWN
2026-07-28 20:54:26,619 INFO [745/1845] Dataset 1191: 6_00_02
2026-07-28 20:54:26,632 INFO   Reading metadata annotations...
2026-07-28 20:54:26,891 INFO   Classifying metadata...
2026-07-28 20:54:31,333 INFO   -> fluor: YES | tf_loc: NO | tps: 180 | tf: UNKNOWN | condition: Aim:   pH calibration Strain: 247  Comments:
PFS is locked
Experiment started at:24-Aug-2017 16:03:19
Moved to X:18047, Y:-2686.9
TI ZDrive position set to: 4145.0501. | channels: pHluorin405;pHluorin488
2026-07-28 20:54:31,533 INFO [746/1845] Dataset 1192: 6_00_03
2026-07-28 20:54:31,541 INFO   Reading metadata annotations...
2026-07-28 20:54:31,582 INFO   Classifying metadata...
2026-07-28 20:54:35,362 INFO   -> fluor: NO | tf_loc: NO | tps:  | tf: UNKNOWN | condition:  | channels: UNKNOWN
2026-07-28 20:54:35,562 INFO [747/1845] Dataset 1193: 8_00_00
2026-07-28 20:54:35,575 INFO   Reading metadata annotations...
2026-07-28 20:54:35,749 INFO   Classifying metadata...
2026-07-28 20:54:38,976 INFO   -> fluor: YES | tf_loc: NO | tps: 180 | tf: UNKNOWN | condition: Aim:   pH calibration Strain: 247  Comments:
PFS is locked
Experiment started at:24-Aug-2017 16:10:49 | channels: pHluorin405;pHluorin488
2026-07-28 20:54:39,176 INFO [748/1845] Dataset 1194: 7_75_02
2026-07-28 20:54:39,189 INFO   Reading metadata annotations...
2026-07-28 20:54:39,466 INFO   Classifying metadata...
2026-07-28 20:54:42,361 INFO   -> fluor: YES | tf_loc: NO | tps: 180 | tf: UNKNOWN | condition: Aim:   pH calibration Strain: 247  Comments:
PFS is locked
Experiment started at:24-Aug-2017 16:13:53
Moved to X:22378.8, Y:2230.2
TI ZDrive position set to: 4139.7001. | channels: pHluorin405;pHluorin488
2026-07-28 20:54:42,562 INFO [749/1845] Dataset 1195: 6_00_01
2026-07-28 20:54:42,574 INFO   Reading metadata annotations...
2026-07-28 20:54:42,664 INFO   Classifying metadata...
2026-07-28 20:54:45,479 INFO   -> fluor: NO | tf_loc: NO | tps:  | tf: UNKNOWN | condition:  | channels: UNKNOWN
2026-07-28 20:54:45,680 INFO [750/1845] Dataset 1196: 7_25_00
2026-07-28 20:54:45,692 INFO   Reading metadata annotations...
2026-07-28 20:54:45,739 INFO   Classifying metadata...
2026-07-28 20:54:49,033 INFO   -> fluor: NO | tf_loc: NO | tps:  | tf: UNKNOWN | condition:  | channels: UNKNOWN
2026-07-28 20:54:49,233 INFO [751/1845] Dataset 1197: 7_75_00
2026-07-28 20:54:49,246 INFO   Reading metadata annotations...
2026-07-28 20:54:49,412 INFO   Classifying metadata...
2026-07-28 20:54:52,376 INFO   -> fluor: YES | tf_loc: NO | tps: 180 | tf: UNKNOWN | condition: Aim:   pH calibration Strain: 247  Comments:
PFS is locked
Experiment started at:24-Aug-2017 16:12:50 | channels: pHluorin405;pHluorin488
2026-07-28 20:54:52,576 INFO [752/1845] Dataset 1198: 7_25_wt_02
2026-07-28 20:54:52,589 INFO   Reading metadata annotations...
2026-07-28 20:54:52,643 INFO   Classifying metadata...
2026-07-28 20:54:55,478 INFO   -> fluor: NO | tf_loc: NO | tps:  | tf: UNKNOWN | condition:  | channels: UNKNOWN
2026-07-28 20:54:55,678 INFO [753/1845] Dataset 1199: 6_00_00
2026-07-28 20:54:55,691 INFO   Reading metadata annotations...
2026-07-28 20:54:55,950 INFO   Classifying metadata...
2026-07-28 20:54:59,427 INFO   -> fluor: YES | tf_loc: NO | tps: 180 | tf: UNKNOWN | condition: Aim:   pH calibration Strain: 247  Comments:
PFS is locked
Experiment started at:24-Aug-2017 16:01:55
Moved to X:7320.3, Y:-1520.8
TI ZDrive position set to: 4154.2751. | channels: pHluorin405;pHluorin488
2026-07-28 20:54:59,628 INFO [754/1845] Dataset 1200: 6_75_02
2026-07-28 20:54:59,641 INFO   Reading metadata annotations...
2026-07-28 20:54:59,691 INFO   Classifying metadata...
2026-07-28 20:55:02,837 INFO   -> fluor: NO | tf_loc: NO | tps:  | tf: UNKNOWN | condition:  | channels: UNKNOWN
2026-07-28 20:55:03,037 INFO [755/1845] Dataset 1201: 5_75_00
2026-07-28 20:55:03,050 INFO   Reading metadata annotations...
2026-07-28 20:55:03,125 INFO   Classifying metadata...
2026-07-28 20:55:06,355 INFO   -> fluor: NO | tf_loc: NO | tps:  | tf: UNKNOWN | condition:  | channels: UNKNOWN
2026-07-28 20:55:06,555 INFO [756/1845] Dataset 1202: 7_25_wt_00
2026-07-28 20:55:06,568 INFO   Reading metadata annotations...
2026-07-28 20:55:06,796 INFO   Classifying metadata...
2026-07-28 20:55:09,866 INFO   -> fluor: YES | tf_loc: NO | tps: 180 | tf: UNKNOWN | condition: Aim:   pH calibration Strain: 247  Comments:
PFS is locked
Experiment started at:24-Aug-2017 16:09:02 | channels: pHluorin405;pHluorin488
2026-07-28 20:55:10,067 INFO [757/1845] Dataset 1203: 5_75_03
2026-07-28 20:55:10,074 INFO   Reading metadata annotations...
2026-07-28 20:55:10,202 INFO   Classifying metadata...
2026-07-28 20:55:13,309 INFO   -> fluor: YES | tf_loc: NO | tps: 180 | tf: UNKNOWN | condition: Aim:   pH calibration Strain: 5_75  Comments:
PFS is locked
Experiment started at:24-Aug-2017 16:00:05
Moved to X:7320.3, Y:-1520.8
TI ZDrive position set to: 4154.2751. | channels: pHluorin405;pHluorin488
2026-07-28 20:55:13,509 INFO [758/1845] Dataset 1204: 6_75_00
2026-07-28 20:55:13,521 INFO   Reading metadata annotations...
2026-07-28 20:55:13,587 INFO   Classifying metadata...
2026-07-28 20:55:17,323 INFO   -> fluor: NO | tf_loc: NO | tps:  | tf: UNKNOWN | condition:  | channels: UNKNOWN
2026-07-28 20:55:17,524 INFO [759/1845] Dataset 1205: 7_25_wt_01
2026-07-28 20:55:17,536 INFO   Reading metadata annotations...
2026-07-28 20:55:17,587 INFO   Classifying metadata...
2026-07-28 20:55:20,765 INFO   -> fluor: NO | tf_loc: NO | tps:  | tf: UNKNOWN | condition:  | channels: UNKNOWN
2026-07-28 20:55:20,965 INFO [760/1845] Dataset 1206: 7_25_02
2026-07-28 20:55:20,972 INFO   Reading metadata annotations...
2026-07-28 20:55:21,077 INFO   Classifying metadata...
2026-07-28 20:55:23,622 INFO   -> fluor: YES | tf_loc: NO | tps: 180 | tf: UNKNOWN | condition: Aim:   pH calibration Strain: 247  Comments:
PFS is locked
Experiment started at:24-Aug-2017 16:08:08 | channels: pHluorin405;pHluorin488
2026-07-28 20:55:23,822 INFO [761/1845] Dataset 1207: 7_50_02
2026-07-28 20:55:23,835 INFO   Reading metadata annotations...
2026-07-28 20:55:23,904 INFO   Classifying metadata...
2026-07-28 20:55:26,911 INFO   -> fluor: NO | tf_loc: NO | tps:  | tf: UNKNOWN | condition:  | channels: UNKNOWN
2026-07-28 20:55:27,111 INFO [762/1845] Dataset 1208: 5_75_02
2026-07-28 20:55:27,124 INFO   Reading metadata annotations...
2026-07-28 20:55:27,218 INFO   Classifying metadata...
2026-07-28 20:55:29,843 INFO   -> fluor: YES | tf_loc: NO | tps: 180 | tf: UNKNOWN | condition: Aim:   pH calibration Strain: 5_75  Comments:
PFS status:Within range of focus search- will not be used
Experiment started at:24-Aug-2017 15:59:04
Sectioning method has been set to PFS off becaus | channels: pHluorin405;pHluorin488
2026-07-28 20:55:30,043 INFO [763/1845] Dataset 1209: 7_50_00
2026-07-28 20:55:30,050 INFO   Reading metadata annotations...
2026-07-28 20:55:30,089 INFO   Classifying metadata...
2026-07-28 20:55:37,961 INFO   -> fluor: NO | tf_loc: NO | tps:  | tf: UNKNOWN | condition:  | channels: UNKNOWN
2026-07-28 20:55:38,162 INFO [764/1845] Dataset 1210: 6_75_01
2026-07-28 20:55:38,174 INFO   Reading metadata annotations...
2026-07-28 20:55:38,240 INFO   Classifying metadata...
2026-07-28 20:55:41,414 INFO   -> fluor: NO | tf_loc: NO | tps:  | tf: UNKNOWN | condition:  | channels: UNKNOWN
2026-07-28 20:55:41,615 INFO [765/1845] Dataset 1211: 7_75_03
2026-07-28 20:55:41,622 INFO   Reading metadata annotations...
2026-07-28 20:55:41,668 INFO   Classifying metadata...
2026-07-28 20:55:45,275 INFO   -> fluor: NO | tf_loc: NO | tps:  | tf: UNKNOWN | condition:  | channels: UNKNOWN
2026-07-28 20:55:45,476 INFO [766/1845] Dataset 1212: 7_50_01
2026-07-28 20:55:45,489 INFO   Reading metadata annotations...
2026-07-28 20:55:45,626 INFO   Classifying metadata...
2026-07-28 20:55:48,308 INFO   -> fluor: YES | tf_loc: NO | tps: 180 | tf: UNKNOWN | condition: Aim:   pH calibration Strain: 247  Comments:
PFS is locked
Experiment started at:24-Aug-2017 16:16:09 | channels: pHluorin405;pHluorin488
2026-07-28 20:55:48,508 INFO [767/1845] Dataset 1213: granules_2tozero_02
2026-07-28 20:55:48,521 INFO   Reading metadata annotations...
2026-07-28 20:55:48,942 WARNING   Truncated large annotation(s): granules_2tozerolog.txt
2026-07-28 20:55:48,942 INFO   Classifying metadata...
2026-07-28 20:55:53,443 INFO   -> fluor: YES | tf_loc: YES | tps: 360 | tf: Msn2 | condition: Aim:   See stress granules after repeated hypoosmotic shocks Strain: By4742 Pab1-GFP and By4741 Msn2-GFP  Comments:
Omero project:
Default project
Omero tags:
31-Aug-2017,Batgirl,Mariya,Stress gra | channels: GFP;cy5
2026-07-28 20:55:53,643 INFO [768/1845] Dataset 1214: 25_02
2026-07-28 20:55:53,657 INFO   Reading metadata annotations...
2026-07-28 20:55:53,736 INFO   Classifying metadata...
2026-07-28 20:55:56,653 INFO   -> fluor: NO | tf_loc: NO | tps:  | tf: UNKNOWN | condition:  | channels: UNKNOWN
2026-07-28 20:55:56,854 INFO [769/1845] Dataset 1215: 25_wt_01
2026-07-28 20:55:56,867 INFO   Reading metadata annotations...
2026-07-28 20:55:57,078 INFO   Classifying metadata...
2026-07-28 20:55:59,782 INFO   -> fluor: YES | tf_loc: NO | tps: 180 | tf: UNKNOWN | condition: Aim: Phluorin calibration  Strain:  247 Comments:
Omero project:
Default project
Omero tags:
07-Jun-2017,Batman,pHluorin,
PFS is locked
Experiment started at:07-Jun-2017 13:23:27 | channels: GFP;pHluorin405
2026-07-28 20:55:59,982 INFO [770/1845] Dataset 1216: 75_wt_02
2026-07-28 20:55:59,994 INFO   Reading metadata annotations...
2026-07-28 20:56:00,036 INFO   Classifying metadata...
2026-07-28 20:56:03,510 INFO   -> fluor: NO | tf_loc: NO | tps:  | tf: UNKNOWN | condition:  | channels: UNKNOWN
2026-07-28 20:56:03,711 INFO [771/1845] Dataset 1217: 25_wt_02
2026-07-28 20:56:03,723 INFO   Reading metadata annotations...
2026-07-28 20:56:03,776 INFO   Classifying metadata...
2026-07-28 20:56:06,871 INFO   -> fluor: NO | tf_loc: NO | tps:  | tf: UNKNOWN | condition:  | channels: UNKNOWN
2026-07-28 20:56:07,071 INFO [772/1845] Dataset 1218: 6_00_01
2026-07-28 20:56:07,084 INFO   Reading metadata annotations...
2026-07-28 20:56:07,165 INFO   Classifying metadata...
2026-07-28 20:56:10,784 INFO   -> fluor: NO | tf_loc: NO | tps:  | tf: UNKNOWN | condition:  | channels: UNKNOWN
2026-07-28 20:56:10,984 INFO [773/1845] Dataset 1219: 50_wt_02
2026-07-28 20:56:10,991 INFO   Reading metadata annotations...
2026-07-28 20:56:11,050 INFO   Classifying metadata...
2026-07-28 20:56:14,406 INFO   -> fluor: NO | tf_loc: NO | tps:  | tf: UNKNOWN | condition:  | channels: UNKNOWN
2026-07-28 20:56:14,607 INFO [774/1845] Dataset 1220: 6_75_00
2026-07-28 20:56:14,618 INFO   Reading metadata annotations...
2026-07-28 20:56:14,663 INFO   Classifying metadata...
2026-07-28 20:56:17,723 INFO   -> fluor: NO | tf_loc: NO | tps:  | tf: UNKNOWN | condition:  | channels: UNKNOWN
2026-07-28 20:56:17,924 INFO [775/1845] Dataset 1222: 00_wt_00
2026-07-28 20:56:17,936 INFO   Reading metadata annotations...
2026-07-28 20:56:18,077 INFO   Classifying metadata...
2026-07-28 20:56:23,070 INFO   -> fluor: YES | tf_loc: NO | tps: 180 | tf: UNKNOWN | condition: Aim: Phluorin calibration  Strain:  247 Comments:
Omero project:
Default project
Omero tags:
07-Jun-2017,Batman,pHluorin,
PFS is locked
Experiment started at:07-Jun-2017 13:26:11 | channels: GFP;pHluorin405
2026-07-28 20:56:23,271 INFO [776/1845] Dataset 1223: 6_00_02
2026-07-28 20:56:23,283 INFO   Reading metadata annotations...
2026-07-28 20:56:23,507 INFO   Classifying metadata...
2026-07-28 20:56:25,978 INFO   -> fluor: YES | tf_loc: NO | tps: 180 | tf: UNKNOWN | condition: Aim: Phluorin calibration  Strain:  247 Comments:
Omero project:
Default project
Omero tags:
07-Jun-2017,Batman,pHluorin,
PFS is locked
Experiment started at:07-Jun-2017 13:16:13 | channels: GFP;pHluorin405
2026-07-28 20:56:26,178 INFO [777/1845] Dataset 1224: 50_wt_01
2026-07-28 20:56:26,191 INFO   Reading metadata annotations...
2026-07-28 20:56:26,265 INFO   Classifying metadata...
2026-07-28 20:56:29,876 INFO   -> fluor: NO | tf_loc: NO | tps:  | tf: UNKNOWN | condition:  | channels: UNKNOWN
2026-07-28 20:56:30,076 INFO [778/1845] Dataset 1225: 6_75_01
2026-07-28 20:56:30,083 INFO   Reading metadata annotations...
2026-07-28 20:56:30,123 INFO   Classifying metadata...
2026-07-28 20:56:33,398 INFO   -> fluor: NO | tf_loc: NO | tps:  | tf: UNKNOWN | condition:  | channels: UNKNOWN
2026-07-28 20:56:33,598 INFO [779/1845] Dataset 1226: 25_00
2026-07-28 20:56:33,611 INFO   Reading metadata annotations...
2026-07-28 20:56:33,685 INFO   Classifying metadata...
2026-07-28 20:56:36,686 INFO   -> fluor: NO | tf_loc: NO | tps:  | tf: UNKNOWN | condition:  | channels: UNKNOWN
2026-07-28 20:56:36,886 INFO [780/1845] Dataset 1227: 6_75_02
2026-07-28 20:56:36,899 INFO   Reading metadata annotations...
2026-07-28 20:56:36,946 INFO   Classifying metadata...
2026-07-28 20:56:40,075 INFO   -> fluor: NO | tf_loc: NO | tps:  | tf: UNKNOWN | condition:  | channels: UNKNOWN
2026-07-28 20:56:40,276 INFO [781/1845] Dataset 1228: 5_75_02
2026-07-28 20:56:40,283 INFO   Reading metadata annotations...
2026-07-28 20:56:40,383 INFO   Classifying metadata...
2026-07-28 20:56:43,195 INFO   -> fluor: YES | tf_loc: NO | tps: 180 | tf: UNKNOWN | condition: Aim: Phluorin calibration  Strain:  247 Comments:
Omero project:
Default project
Omero tags:
07-Jun-2017,Batman,pHluorin,
PFS status:Within range of focus search- will not be used
Experiment st | channels: GFP;pHluorin405
2026-07-28 20:56:43,395 INFO [782/1845] Dataset 1229: 25_wt_00
2026-07-28 20:56:43,408 INFO   Reading metadata annotations...
2026-07-28 20:56:43,535 INFO   Classifying metadata...
2026-07-28 20:56:46,508 INFO   -> fluor: YES | tf_loc: NO | tps: 180 | tf: UNKNOWN | condition: Aim: Phluorin calibration  Strain:  247 Comments:
Omero project:
Default project
Omero tags:
07-Jun-2017,Batman,pHluorin,
PFS is locked
Experiment started at:07-Jun-2017 13:23:03 | channels: GFP;pHluorin405
2026-07-28 20:56:46,709 INFO [783/1845] Dataset 1230: 5_75_04
2026-07-28 20:56:46,722 INFO   Reading metadata annotations...
2026-07-28 20:56:46,936 INFO   Classifying metadata...
2026-07-28 20:56:49,681 INFO   -> fluor: YES | tf_loc: NO | tps: 180 | tf: UNKNOWN | condition: Aim: Phluorin calibration  Strain:  247 Comments:
Omero project:
Default project
Omero tags:
07-Jun-2017,Batman,pHluorin,
PFS status:Within range of focus search- will not be used
Experiment st | channels: GFP;pHluorin405
2026-07-28 20:56:49,881 INFO [784/1845] Dataset 1231: 00_wt_01
2026-07-28 20:56:49,894 INFO   Reading metadata annotations...
2026-07-28 20:56:49,968 INFO   Classifying metadata...
2026-07-28 20:56:53,005 INFO   -> fluor: NO | tf_loc: NO | tps:  | tf: UNKNOWN | condition:  | channels: UNKNOWN
2026-07-28 20:56:53,205 INFO [785/1845] Dataset 1232: 50_wt_03
2026-07-28 20:56:53,217 INFO   Reading metadata annotations...
2026-07-28 20:56:53,293 INFO   Classifying metadata...
2026-07-28 20:56:56,725 INFO   -> fluor: NO | tf_loc: NO | tps:  | tf: UNKNOWN | condition:  | channels: UNKNOWN
2026-07-28 20:56:56,926 INFO [786/1845] Dataset 1233: 75_wt_03
2026-07-28 20:56:56,939 INFO   Reading metadata annotations...
2026-07-28 20:56:57,164 INFO   Classifying metadata...
2026-07-28 20:56:59,923 INFO   -> fluor: YES | tf_loc: NO | tps: 180 | tf: UNKNOWN | condition: Aim: Phluorin calibration  Strain:  247 Comments:
Omero project:
Default project
Omero tags:
07-Jun-2017,Batman,pHluorin,
PFS is locked
Experiment started at:07-Jun-2017 13:32:33 | channels: GFP;pHluorin405
2026-07-28 20:57:00,124 INFO [787/1845] Dataset 1234: 00_wt_02
2026-07-28 20:57:00,131 INFO   Reading metadata annotations...
2026-07-28 20:57:00,171 INFO   Classifying metadata...
2026-07-28 20:57:03,561 INFO   -> fluor: NO | tf_loc: NO | tps:  | tf: UNKNOWN | condition:  | channels: UNKNOWN
2026-07-28 20:57:03,762 INFO [788/1845] Dataset 1235: 75_wt_00
2026-07-28 20:57:03,774 INFO   Reading metadata annotations...
2026-07-28 20:57:03,846 INFO   Classifying metadata...
2026-07-28 20:57:07,692 INFO   -> fluor: NO | tf_loc: NO | tps:  | tf: UNKNOWN | condition:  | channels: UNKNOWN
2026-07-28 20:57:07,893 INFO [789/1845] Dataset 1236: 2tozeroGlucose_01
2026-07-28 20:57:07,905 INFO   Reading metadata annotations...
2026-07-28 20:57:07,922 WARNING   No .log/.txt/Acq.txt annotation found for dataset 1236.
2026-07-28 20:57:07,922 INFO   Classifying metadata...
2026-07-28 20:57:09,865 INFO   -> fluor: NO | tf_loc: NO | tps:  | tf: UNKNOWN | condition:  | channels: UNKNOWN
2026-07-28 20:57:10,065 INFO [790/1845] Dataset 1237: NADHcellcycle_02
2026-07-28 20:57:10,072 INFO   Reading metadata annotations...
2026-07-28 20:57:10,086 WARNING   No .log/.txt/Acq.txt annotation found for dataset 1237.
2026-07-28 20:57:10,086 INFO   Classifying metadata...
2026-07-28 20:57:12,575 INFO   -> fluor: NO | tf_loc: NO | tps:  | tf: UNKNOWN | condition:  | channels: UNKNOWN
2026-07-28 20:57:12,775 INFO [791/1845] Dataset 1238: starve_twice_glu_2_0_2_0_ura7ha_ura7hr_ura8_ura8ha_ura8hr_00
2026-07-28 20:57:12,782 INFO   Reading metadata annotations...
2026-07-28 20:57:13,073 WARNING   Truncated large annotation(s): starve_twice_glu_2_0_2_0_ura7ha_ura7hr_ura8_ura8ha_ura8hrlog.txt
2026-07-28 20:57:13,073 INFO   Classifying metadata...
2026-07-28 20:57:20,212 INFO   -> fluor: YES | tf_loc: NO | tps: 240 | tf: UNKNOWN | condition: Aim: Replicate standard starvation experiment for protein aggregates. | channels: GFP
2026-07-28 20:57:20,412 INFO [792/1845] Dataset 1239: nadh2_01
2026-07-28 20:57:20,419 INFO   Reading metadata annotations...
2026-07-28 20:57:20,761 WARNING   Truncated large annotation(s): nadh2log.txt
2026-07-28 20:57:20,762 INFO   Classifying metadata...
2026-07-28 20:57:30,708 INFO   -> fluor: NO | tf_loc: NO | tps: 240 | tf: UNKNOWN | condition: 2% glucose to 0.1% glucose | channels: UNKNOWN
2026-07-28 20:57:30,908 INFO [793/1845] Dataset 1240: BcyDegrade_00
2026-07-28 20:57:30,917 INFO   Reading metadata annotations...
2026-07-28 20:57:31,184 WARNING   Truncated large annotation(s): bcydegradelog.txt
2026-07-28 20:57:31,184 INFO   Classifying metadata...
2026-07-28 20:57:36,206 INFO   -> fluor: YES | tf_loc: YES | tps: 180 | tf: Msn2;Bcy1 | condition: sugar medium to NAA medium (no sugar) | channels: GFP;mCherry
2026-07-28 20:57:36,406 INFO [794/1845] Dataset 1265: oscillating_ramp_msn2_00
2026-07-28 20:57:36,420 INFO   Reading metadata annotations...
2026-07-28 20:57:36,819 WARNING   Truncated large annotation(s): oscillating_ramp_msn2log.txt
2026-07-28 20:57:36,819 INFO   Classifying metadata...
2026-07-28 20:57:41,879 INFO   -> fluor: YES | tf_loc: YES | tps: 1560 | tf: Msn2 | condition: 2% glucose to 0.1% glucose | channels: GFP;cy5
2026-07-28 20:57:42,082 INFO [795/1845] Dataset 1266: steadystate_glucose_1min_00
2026-07-28 20:57:42,095 INFO   Reading metadata annotations...
2026-07-28 20:57:42,506 WARNING   Truncated large annotation(s): steadystate_glucose_1minlog.txt
2026-07-28 20:57:42,507 INFO   Classifying metadata...
2026-07-28 20:57:49,084 INFO   -> fluor: YES | tf_loc: YES | tps: 1080 | tf: UNKNOWN | condition: Aim:   Strain:   Comments:   
Microscope setup for used channels:
Brightfield:
White LED
->(Polariser + Prism + condenser)]
->Filter block:[GFP/mCherry (59022) exciter,GFP/mCherry (59022) dichroi | channels: GFP;mCherry
2026-07-28 20:57:49,284 INFO [796/1845] Dataset 1267: aid_test_heinemann_strains_00
2026-07-28 20:57:49,297 INFO   Reading metadata annotations...
2026-07-28 20:57:49,697 WARNING   Truncated large annotation(s): aid_test_heinemann_strainslog.txt
2026-07-28 20:57:49,697 INFO   Classifying metadata...
2026-07-28 20:57:54,274 INFO   -> fluor: YES | tf_loc: YES | tps: 144 | tf: Whi5 | condition: Aim: Test the Heineman AID strains
Strain:
WT6 OsTIR mGFP-AID
WT16 OsTIR Cdc14-AID Whi5-GFP Hta2-mCherry
WT6 OsTIR Cdc14-AID-mRFP
WT6
WT6 OsTIR
Comments:
Previous experiment used 1000x too gre | channels: GFP;mCherry
2026-07-28 20:57:54,476 INFO [797/1845] Dataset 1241: Bcy_Sch_YakDegrade_00
2026-07-28 20:57:54,489 INFO   Reading metadata annotations...
2026-07-28 20:57:54,886 WARNING   Truncated large annotation(s): bcy_sch_yakdegradelog.txt
2026-07-28 20:57:54,887 INFO   Classifying metadata...
2026-07-28 20:57:59,480 INFO   -> fluor: YES | tf_loc: YES | tps: 180 | tf: Bcy1;Yak1 | condition: 2% glucose to 0.1% glucose | channels: GFP;mCherry
2026-07-28 20:57:59,682 INFO [798/1845] Dataset 1242: Bcy_02
2026-07-28 20:57:59,695 INFO   Reading metadata annotations...
2026-07-28 20:58:00,048 WARNING   Truncated large annotation(s): bcylog.txt
2026-07-28 20:58:00,048 INFO   Classifying metadata...
2026-07-28 20:58:07,219 INFO   -> fluor: YES | tf_loc: NO | tps: 180 | tf: UNKNOWN | condition: no glucose to 2.5uM estradiol and 0.05mM NAA | channels: GFPFast;mCherry
2026-07-28 20:58:07,420 INFO [799/1845] Dataset 1243: BcyDegrade_00
2026-07-28 20:58:07,433 INFO   Reading metadata annotations...
2026-07-28 20:58:07,799 WARNING   Truncated large annotation(s): bcydegradelog.txt
2026-07-28 20:58:07,800 INFO   Classifying metadata...
2026-07-28 20:58:12,002 INFO   -> fluor: YES | tf_loc: YES | tps: 180 | tf: Bcy1 | condition: 2% glucose to 0.1% glucose | channels: GFPFast;mCherry
2026-07-28 20:58:12,202 INFO [800/1845] Dataset 1244: MigDegrade_00
2026-07-28 20:58:12,215 INFO   Reading metadata annotations...
2026-07-28 20:58:12,564 WARNING   Truncated large annotation(s): migdegradelog.txt
2026-07-28 20:58:12,564 INFO   Classifying metadata...
2026-07-28 20:58:17,360 INFO   -> fluor: YES | tf_loc: YES | tps: 180 | tf: Mig1;Snf1 | condition: galactose to NAA | channels: GFP;mCherry
2026-07-28 20:58:17,560 INFO [801/1845] Dataset 1245: BcyDegrade_repeat_00
2026-07-28 20:58:17,573 INFO   Reading metadata annotations...
2026-07-28 20:58:17,911 WARNING   Truncated large annotation(s): bcydegrade_repeatlog.txt
2026-07-28 20:58:17,911 INFO   Classifying metadata...
2026-07-28 20:58:23,012 INFO   -> fluor: YES | tf_loc: YES | tps: 180 | tf: Msn2 | condition: 2% glucose to s | channels: mCherry
2026-07-28 20:58:23,213 INFO [802/1845] Dataset 1246: Bcy_Sch_Yak_degrade_04
2026-07-28 20:58:23,226 INFO   Reading metadata annotations...
2026-07-28 20:58:23,244 WARNING   No .log/.txt/Acq.txt annotation found for dataset 1246.
2026-07-28 20:58:23,244 INFO   Classifying metadata...
2026-07-28 20:58:25,514 INFO   -> fluor: NO | tf_loc: NO | tps:  | tf: UNKNOWN | condition:  | channels: UNKNOWN
2026-07-28 20:58:25,715 INFO [803/1845] Dataset 1247: SnfDegrade_01
2026-07-28 20:58:25,727 INFO   Reading metadata annotations...
2026-07-28 20:58:26,099 WARNING   Truncated large annotation(s): snfdegradelog.txt
2026-07-28 20:58:26,099 INFO   Classifying metadata...
2026-07-28 20:58:30,540 INFO   -> fluor: YES | tf_loc: YES | tps: 300 | tf: Mig1 | condition: no auxin to .05mM NAA after 2hours | channels: GFPFast;mCherry
2026-07-28 20:58:30,740 INFO [804/1845] Dataset 1248: SnfDegrade_00
2026-07-28 20:58:30,748 INFO   Reading metadata annotations...
2026-07-28 20:58:30,994 WARNING   Truncated large annotation(s): snfdegradelog.txt
2026-07-28 20:58:30,994 INFO   Classifying metadata...
2026-07-28 20:58:35,590 INFO   -> fluor: YES | tf_loc: YES | tps: 360 | tf: Snf1;Mig1 | condition: estradiol to NAA with no estradiol | channels: mCherry;GFPFast
2026-07-28 20:58:35,790 INFO [805/1845] Dataset 1249: Bcy_Sch_Yak_degrade_00
2026-07-28 20:58:35,804 INFO   Reading metadata annotations...
2026-07-28 20:58:36,171 WARNING   Truncated large annotation(s): bcy_sch_yak_degradelog.txt
2026-07-28 20:58:36,171 INFO   Classifying metadata...
2026-07-28 20:58:41,041 INFO   -> fluor: YES | tf_loc: YES | tps: 180 | tf: Bcy1;Yak1 | condition: 2% glucose to 0.1% glucose | channels: GFP;mCherry
2026-07-28 20:58:41,241 INFO [806/1845] Dataset 1250: KCl_pH_02
2026-07-28 20:58:41,248 INFO   Reading metadata annotations...
2026-07-28 20:58:41,501 WARNING   Truncated large annotation(s): kcl_phlog.txt
2026-07-28 20:58:41,502 INFO   Classifying metadata...
2026-07-28 20:58:48,195 INFO   -> fluor: YES | tf_loc: NO | tps: 240 | tf: UNKNOWN | condition: SC (-Leu) to SC (-Leu) + 0.2M KCl | channels: GFPFast;cy5;pHluorin405
2026-07-28 20:58:48,395 INFO [807/1845] Dataset 1251: aggregates_updownshift_2_0_2_URA8_URA7H360A_URA7H360R_00
2026-07-28 20:58:48,408 INFO   Reading metadata annotations...
2026-07-28 20:58:48,799 WARNING   Truncated large annotation(s): aggregates_updownshift_2_0_2_ura8_ura7h360a_ura7h360rlog.txt
2026-07-28 20:58:48,799 INFO   Classifying metadata...
2026-07-28 20:58:55,660 INFO   -> fluor: YES | tf_loc: NO | tps: 300 | tf: UNKNOWN | condition: Aim: Repeat previous experiment due to memory full. | channels: GFP
2026-07-28 20:58:55,860 INFO [808/1845] Dataset 1252: exp_00
2026-07-28 20:58:55,873 INFO   Reading metadata annotations...
2026-07-28 20:58:55,895 WARNING   No .log/.txt/Acq.txt annotation found for dataset 1252.
2026-07-28 20:58:55,895 INFO   Classifying metadata...
2026-07-28 20:58:58,017 INFO   -> fluor: NO | tf_loc: NO | tps:  | tf: UNKNOWN | condition:  | channels: UNKNOWN
2026-07-28 20:58:58,217 INFO [809/1845] Dataset 1300: A8_02
2026-07-28 20:58:58,230 INFO   Reading metadata annotations...
2026-07-28 20:58:58,482 INFO   Classifying metadata...
2026-07-28 20:59:01,320 INFO   -> fluor: YES | tf_loc: NO | tps: 180 | tf: UNKNOWN | condition: https://www.wiki.ed.ac.uk/pages/viewpage.action?pageId=545092176
Microscope setup for used channels:
Brightfield:
No light path info in config file. | channels: GFP;cy5
2026-07-28 20:59:01,521 INFO [810/1845] Dataset 3704: B5_WT1_MG_05_00
2026-07-28 20:59:01,528 INFO   Reading metadata annotations...
2026-07-28 20:59:01,606 INFO   Classifying metadata...
2026-07-28 20:59:05,909 INFO   -> fluor: NO | tf_loc: NO | tps: 1 | tf: UNKNOWN | condition: TMRM imaging | channels: UNKNOWN
2026-07-28 20:59:06,110 INFO [811/1845] Dataset 1253: flavin_by4742swain_by4742morgan_tsa1tsa2morgan_lysmedia_01_00
2026-07-28 20:59:06,123 INFO   Reading metadata annotations...
2026-07-28 20:59:06,488 WARNING   Truncated large annotation(s): flavin_by4742swain_by4742morgan_tsa1tsa2morgan_lysmedia_01log.txt
2026-07-28 20:59:06,488 INFO   Classifying metadata...
2026-07-28 20:59:16,079 INFO   -> fluor: YES | tf_loc: NO | tps: 240 | tf: UNKNOWN | condition: Aim: Repeat 2022-03-10, because cells did not grow well + did not exhibit metabolic oscillations. | channels: Flavin
2026-07-28 20:59:16,279 INFO [812/1845] Dataset 1254: ss_test_voltages_exposure_dot6GFP_msn2mCherry_00
2026-07-28 20:59:16,289 INFO   Reading metadata annotations...
2026-07-28 20:59:16,365 INFO   Classifying metadata...
2026-07-28 20:59:20,094 INFO   -> fluor: NO | tf_loc: YES | tps:  | tf: UNKNOWN | condition:  | channels: GFP, mCherry
2026-07-28 20:59:20,295 INFO [813/1845] Dataset 1255: ss_test_voltages_exposure_mig1GFP_msn2mCherry_02
2026-07-28 20:59:20,302 INFO   Reading metadata annotations...
2026-07-28 20:59:20,529 WARNING   Truncated large annotation(s): ss_test_voltages_exposure_mig1gfp_msn2mcherrylog.txt
2026-07-28 20:59:20,529 INFO   Classifying metadata...
2026-07-28 20:59:25,056 INFO   -> fluor: YES | tf_loc: YES | tps: 1080 | tf: Dot6;Msn2 | condition: Aim: Test the toxicity and quality of new parameters for imaging
Strain:
Dot6-GFP Msn2-mCherry Comments:
Low OD O/N; dilution to OD0.1; load early log (delay because first device was not bonded pro | channels: GFP;mCherry
2026-07-28 20:59:25,256 INFO [814/1845] Dataset 1256: FluorophoresAndConditionsTest_05
2026-07-28 20:59:25,268 INFO   Reading metadata annotations...
2026-07-28 20:59:25,683 WARNING   Truncated large annotation(s): fluorophoresandconditionstestlog.txt
2026-07-28 20:59:25,683 INFO   Classifying metadata...
2026-07-28 20:59:32,946 INFO   -> fluor: YES | tf_loc: NO | tps: 700 | tf: UNKNOWN | condition: Aim:   Strain:   Comments:  Experiment to test the different values of sampling time and exposure. | channels: GFP;mCherry
2026-07-28 20:59:33,147 INFO [815/1845] Dataset 1257: ss_gluc0_1_dot6msn2_mig1msn2_sfp1maf1_msn2mig1_msn2dot6_02
2026-07-28 20:59:33,160 INFO   Reading metadata annotations...
2026-07-28 20:59:33,700 WARNING   Truncated large annotation(s): ss_gluc0_1_dot6msn2_mig1msn2_sfp1maf1_msn2mig1_msn2dot6log.txt
2026-07-28 20:59:33,700 INFO   Classifying metadata...
2026-07-28 20:59:38,548 INFO   -> fluor: YES | tf_loc: YES | tps: 360 | tf: Dot6;Msn2;Mig1;Sfp1;Maf1 | condition: Aim: Picking mCherry reporters
Strain:
Dot6-GFP, Msn2-mCherry
Mig1-GFP, Msn2-mCherry
Sfp1-GFP, Maf1-mCherry
Msn2-GFP, Mig1-mCherry
Msn2-GFP, Dot6-mCherry
Comments:
Low O/N, low OD loading atte | channels: mCherry;GFP
2026-07-28 20:59:38,751 INFO [816/1845] Dataset 1258: protAgg_downUpShift_2_0_2_pHluorin_Ura7HA_Ura7HR_00
2026-07-28 20:59:38,764 INFO   Reading metadata annotations...
2026-07-28 20:59:39,138 WARNING   Truncated large annotation(s): protagg_downupshift_2_0_2_phluorin_ura7ha_ura7hrlog.txt
2026-07-28 20:59:39,138 INFO   Classifying metadata...
2026-07-28 20:59:47,680 INFO   -> fluor: YES | tf_loc: NO | tps: 300 | tf: UNKNOWN | condition: glucose to glucose starvation | channels: GFP
2026-07-28 20:59:47,880 INFO [817/1845] Dataset 1259: protAgg_downUpShift_2_0_2_Ura8_Ura8HA_Ura8HR_01
2026-07-28 20:59:47,893 INFO   Reading metadata annotations...
2026-07-28 20:59:48,170 WARNING   Truncated large annotation(s): protagg_downupshift_2_0_2_ura8_ura8ha_ura8hrlog.txt
2026-07-28 20:59:48,170 INFO   Classifying metadata...
2026-07-28 20:59:55,065 INFO   -> fluor: YES | tf_loc: NO | tps: 300 | tf: UNKNOWN | condition: Aim:  Quantify aggregates upon glucose starvation Strain:  Ura8-GFP, Ura8H360R-GFP, Ura8H360A-GFP Comments:   Experiment repeat, due to problems with previous ones. | channels: GFP
2026-07-28 20:59:55,265 INFO [818/1845] Dataset 1260: kinsens_nocarbon_msn2_msn4dIpdEp_msn4dIpEp_msn4dIpEc_00
2026-07-28 20:59:55,278 INFO   Reading metadata annotations...
2026-07-28 20:59:55,663 INFO   Classifying metadata...
2026-07-28 20:59:57,366 INFO   -> fluor: YES | tf_loc: YES | tps: 2 | tf: Msn2 | condition: 2% glucose to no glucose/no carbon | channels: GFP
2026-07-28 20:59:57,567 INFO [819/1845] Dataset 1261: kinsens_nocarbon_msn2wti_dot6dIpdEp_00
2026-07-28 20:59:57,580 INFO   Reading metadata annotations...
2026-07-28 20:59:57,963 INFO   Classifying metadata...
2026-07-28 20:59:59,819 INFO   -> fluor: YES | tf_loc: YES | tps: 2 | tf: Msn2;Dot6 | condition: 2% glucose to no glucose / no carbon / no nitrogen | channels: GFP
2026-07-28 21:00:00,019 INFO [820/1845] Dataset 1262: nutreg_P40_P0_gln3_dot6_msn2_pho4_rtg1_08
2026-07-28 21:00:00,024 INFO   Reading metadata annotations...
2026-07-28 21:00:00,324 WARNING   Truncated large annotation(s): nutreg_p40_p0_gln3_dot6_msn2_pho4_rtg1log.txt
2026-07-28 21:00:00,325 INFO   Classifying metadata...
2026-07-28 21:00:04,894 INFO   -> fluor: YES | tf_loc: YES | tps: 480 | tf: Dot6;Msn2;Rtg1 | condition: Aim: Check for response to phosphate limitation after growth in low phosphate
Strain:
Gln3-GFP
Dot6-GFP/Msn2-mCherry
Msn2-GFP/Mig1-mCherry
Pho4-GFP
Rtg1-GFP
Comments:
Low OD O/N growth protoco | channels: GFPFast;cy5
2026-07-28 21:00:05,094 INFO [821/1845] Dataset 1263: nutreg_P160_Pho4_Msn2_Rtg1_Gln3_Dot6_01
2026-07-28 21:00:05,108 INFO   Reading metadata annotations...
2026-07-28 21:00:05,658 WARNING   Truncated large annotation(s): nutreg_p160_pho4_msn2_rtg1_gln3_dot6log.txt
2026-07-28 21:00:05,659 INFO   Classifying metadata...
2026-07-28 21:00:10,318 INFO   -> fluor: YES | tf_loc: YES | tps: 480 | tf: Msn2;Rtg1;Dot6 | condition: Aim: Test phosphate limitation for extended durations
Strains:
Msn2-GFP/Mig1-mCherry
Dot6-GFP/Msn2-mCherry
Pho4-GFP
Gln3-GFP
Rtg1-GFP
Comments:
Low O/N cultures, log growth from OD0.05 for ~6  | channels: GFP;cy5
2026-07-28 21:00:10,520 INFO [822/1845] Dataset 1264: kinsens_M2WT_M2WTI_M4DIPEC_M4DIPEP_M4DIPDEP_02
2026-07-28 21:00:10,529 INFO   Reading metadata annotations...
2026-07-28 21:00:11,051 WARNING   Truncated large annotation(s): kinsens_m2wt_m2wti_m4dipec_m4dipep_m4dipdeplog.txt
2026-07-28 21:00:11,051 INFO   Classifying metadata...
2026-07-28 21:00:16,052 INFO   -> fluor: YES | tf_loc: YES | tps: 240 | tf: Msn2 | condition: Aim: Test PKA sensor strains
Strains:
Msn2-GFP
Msn2(306-342)-WTI-GFP
Msn4(316)-D-IP-EC
Msn4(316)-D-IP-EP
Msn4(316)-D-IP-D-EP
Comments:
Low OD O/N & dilute to OD0.1 for log growth. | channels: GFP;cy5
2026-07-28 21:00:16,253 INFO [823/1845] Dataset 1359: pic2__01
2026-07-28 21:00:16,267 INFO   Reading metadata annotations...
2026-07-28 21:00:16,581 INFO   Classifying metadata...
2026-07-28 21:00:19,792 INFO   -> fluor: YES | tf_loc: NO | tps: 180 | tf: UNKNOWN | condition: Aim:   Strain:   Comments:   
Microscope setup for used channels:
BrightfieldGFP:
GFP:
Micromanager config file:C:\Users\Public\Microscope control\Micromanager config files\Batgirl_9_11_21_no_cube | channels: GFP
2026-07-28 21:00:19,992 INFO [824/1845] Dataset 1268: auxin_gal83_msn2_00
2026-07-28 21:00:20,003 INFO   Reading metadata annotations...
2026-07-28 21:00:20,015 WARNING   No .log/.txt/Acq.txt annotation found for dataset 1268.
2026-07-28 21:00:20,015 INFO   Classifying metadata...
2026-07-28 21:00:20,015 INFO   -> fluor: NO | tf_loc: YES | tps:  | tf: Msn2 | condition:  | channels: UNKNOWN
2026-07-28 21:00:20,215 INFO [825/1845] Dataset 1269: Hxt_vacuole_00
2026-07-28 21:00:20,223 INFO   Reading metadata annotations...
2026-07-28 21:00:20,236 WARNING   No .log/.txt/Acq.txt annotation found for dataset 1269.
2026-07-28 21:00:20,237 INFO   Classifying metadata...
2026-07-28 21:00:22,696 INFO   -> fluor: NO | tf_loc: NO | tps:  | tf: UNKNOWN | condition:  | channels: UNKNOWN
2026-07-28 21:00:22,896 INFO [826/1845] Dataset 1270: Hxt_vacuole_00
2026-07-28 21:00:22,908 INFO   Reading metadata annotations...
2026-07-28 21:00:23,279 WARNING   Truncated large annotation(s): hxt_vacuolelog.txt
2026-07-28 21:00:23,279 INFO   Classifying metadata...
2026-07-28 21:00:30,699 INFO   -> fluor: YES | tf_loc: NO | tps: 217 | tf: UNKNOWN | condition: 2% glucose to SC no sugar | channels: GFP;mCherry2
2026-07-28 21:00:30,900 INFO [827/1845] Dataset 1271: halo_14_10_c2_00
2026-07-28 21:00:30,908 INFO   Reading metadata annotations...
2026-07-28 21:00:31,030 INFO   Classifying metadata...
2026-07-28 21:00:34,287 INFO   -> fluor: YES | tf_loc: NO | tps: 180 | tf: UNKNOWN | condition: Aim:   Strain:   Comments:   
Microscope setup for used channels:
cy5:
No light path info in config file. | channels: cy5
2026-07-28 21:00:34,488 INFO [828/1845] Dataset 1272: halo_14_10_c2_01
2026-07-28 21:00:34,501 INFO   Reading metadata annotations...
2026-07-28 21:00:34,671 INFO   Classifying metadata...
2026-07-28 21:00:38,414 INFO   -> fluor: YES | tf_loc: NO | tps: 180 | tf: UNKNOWN | condition: Aim:   Strain:   Comments:   
Microscope setup for used channels:
cy5:
No light path info in config file. | channels: cy5
2026-07-28 21:00:38,615 INFO [829/1845] Dataset 1273: halo_14_10_c2_02
2026-07-28 21:00:38,628 INFO   Reading metadata annotations...
2026-07-28 21:00:38,854 INFO   Classifying metadata...
2026-07-28 21:00:41,644 INFO   -> fluor: YES | tf_loc: NO | tps: 180 | tf: UNKNOWN | condition: Aim:   Strain:   Comments:   
Microscope setup for used channels:
cy5:
No light path info in config file. | channels: cy5
2026-07-28 21:00:41,844 INFO [830/1845] Dataset 1274: halo_14_10_c2_03
2026-07-28 21:00:41,852 INFO   Reading metadata annotations...
2026-07-28 21:00:41,951 INFO   Classifying metadata...
2026-07-28 21:00:45,226 INFO   -> fluor: YES | tf_loc: NO | tps: 180 | tf: UNKNOWN | condition: Aim:   Strain:   Comments:   
Microscope setup for used channels:
cy5:
No light path info in config file. | channels: cy5
2026-07-28 21:00:45,427 INFO [831/1845] Dataset 1275: halo_14_10_d2_00
2026-07-28 21:00:45,440 INFO   Reading metadata annotations...
2026-07-28 21:00:45,653 INFO   Classifying metadata...
2026-07-28 21:00:49,685 INFO   -> fluor: YES | tf_loc: NO | tps: 180 | tf: UNKNOWN | condition: Aim:   Strain:   Comments:   
Microscope setup for used channels:
Brightfield:
No light path info in config file. | channels: GFP;cy5
2026-07-28 21:00:49,886 INFO [832/1845] Dataset 1276: halo_14_10_d2_01
2026-07-28 21:00:49,899 INFO   Reading metadata annotations...
2026-07-28 21:00:50,087 INFO   Classifying metadata...
2026-07-28 21:00:53,165 INFO   -> fluor: YES | tf_loc: NO | tps: 180 | tf: UNKNOWN | condition: Aim:   Strain:   Comments:   
Microscope setup for used channels:
Brightfield:
No light path info in config file. | channels: cy5
2026-07-28 21:00:53,365 INFO [833/1845] Dataset 1277: halo_14_10_d2_02
2026-07-28 21:00:53,377 INFO   Reading metadata annotations...
2026-07-28 21:00:53,587 INFO   Classifying metadata...
2026-07-28 21:00:56,268 INFO   -> fluor: YES | tf_loc: NO | tps: 180 | tf: UNKNOWN | condition: Aim:   Strain:   Comments:   
Microscope setup for used channels:
Brightfield:
No light path info in config file. | channels: cy5;GFP
2026-07-28 21:00:56,469 INFO [834/1845] Dataset 1278: halo_14_10_d2_03
2026-07-28 21:00:56,481 INFO   Reading metadata annotations...
2026-07-28 21:00:56,693 INFO   Classifying metadata...
2026-07-28 21:01:00,020 INFO   -> fluor: YES | tf_loc: NO | tps: 180 | tf: UNKNOWN | condition: Aim:   Strain:   Comments:   
Microscope setup for used channels:
Brightfield:
No light path info in config file. | channels: cy5
2026-07-28 21:01:00,220 INFO [835/1845] Dataset 1279: halo_14_10_d2_04
2026-07-28 21:01:00,227 INFO   Reading metadata annotations...
2026-07-28 21:01:00,355 INFO   Classifying metadata...
2026-07-28 21:01:03,406 INFO   -> fluor: YES | tf_loc: NO | tps: 180 | tf: UNKNOWN | condition: Aim:   Strain:   Comments:   
Microscope setup for used channels:
Brightfield:
No light path info in config file. | channels: cy5
2026-07-28 21:01:03,606 INFO [836/1845] Dataset 1280: halo_14_10_e1_00
2026-07-28 21:01:03,619 INFO   Reading metadata annotations...
2026-07-28 21:01:03,864 INFO   Classifying metadata...
2026-07-28 21:01:06,777 INFO   -> fluor: YES | tf_loc: NO | tps: 180 | tf: UNKNOWN | condition: Aim:   Strain:   Comments:   
Microscope setup for used channels:
Brightfield:
No light path info in config file. | channels: cy5
2026-07-28 21:01:06,977 INFO [837/1845] Dataset 1281: halo_14_10_e1_01
2026-07-28 21:01:06,990 INFO   Reading metadata annotations...
2026-07-28 21:01:07,218 INFO   Classifying metadata...
2026-07-28 21:01:09,751 INFO   -> fluor: YES | tf_loc: NO | tps: 180 | tf: UNKNOWN | condition: Aim:   Strain:   Comments:   
Microscope setup for used channels:
Brightfield:
No light path info in config file. | channels: cy5
2026-07-28 21:01:09,951 INFO [838/1845] Dataset 1282: halo_14_10_e1_02
2026-07-28 21:01:09,964 INFO   Reading metadata annotations...
2026-07-28 21:01:10,101 INFO   Classifying metadata...
2026-07-28 21:01:13,650 INFO   -> fluor: YES | tf_loc: NO | tps: 180 | tf: UNKNOWN | condition: Aim:   Strain:   Comments:   
Microscope setup for used channels:
Brightfield:
No light path info in config file. | channels: cy5
2026-07-28 21:01:13,851 INFO [839/1845] Dataset 1283: halo_14_10_e1_03
2026-07-28 21:01:13,863 INFO   Reading metadata annotations...
2026-07-28 21:01:14,017 INFO   Classifying metadata...
2026-07-28 21:01:16,980 INFO   -> fluor: YES | tf_loc: NO | tps: 180 | tf: UNKNOWN | condition: Aim:   Strain:   Comments:   
Microscope setup for used channels:
Brightfield:
No light path info in config file. | channels: cy5
2026-07-28 21:01:17,181 INFO [840/1845] Dataset 1284: halo_14_10_e2_00
2026-07-28 21:01:17,194 INFO   Reading metadata annotations...
2026-07-28 21:01:17,372 INFO   Classifying metadata...
2026-07-28 21:01:20,496 INFO   -> fluor: YES | tf_loc: NO | tps: 180 | tf: UNKNOWN | condition: Aim:   Strain:   Comments:   
Microscope setup for used channels:
Brightfield:
No light path info in config file. | channels: cy5
2026-07-28 21:01:20,697 INFO [841/1845] Dataset 1285: halo_14_10_e2_01
2026-07-28 21:01:20,704 INFO   Reading metadata annotations...
2026-07-28 21:01:20,810 INFO   Classifying metadata...
2026-07-28 21:01:24,006 INFO   -> fluor: YES | tf_loc: NO | tps: 180 | tf: UNKNOWN | condition: Aim:   Strain:   Comments:   
Microscope setup for used channels:
Brightfield:
No light path info in config file. | channels: cy5
2026-07-28 21:01:24,207 INFO [842/1845] Dataset 1286: halo_14_10_e2_02
2026-07-28 21:01:24,219 INFO   Reading metadata annotations...
2026-07-28 21:01:24,427 INFO   Classifying metadata...
2026-07-28 21:01:27,082 INFO   -> fluor: YES | tf_loc: NO | tps: 180 | tf: UNKNOWN | condition: Aim:   Strain:   Comments:   
Microscope setup for used channels:
Brightfield:
No light path info in config file. | channels: cy5
2026-07-28 21:01:27,283 INFO [843/1845] Dataset 1287: halo_14_10_e2_03
2026-07-28 21:01:27,296 INFO   Reading metadata annotations...
2026-07-28 21:01:27,510 INFO   Classifying metadata...
2026-07-28 21:01:35,121 INFO   -> fluor: YES | tf_loc: NO | tps: 180 | tf: UNKNOWN | condition: Aim:   Strain:   Comments:   
Microscope setup for used channels:
Brightfield:
No light path info in config file. | channels: cy5
2026-07-28 21:01:35,321 INFO [844/1845] Dataset 1288: halo_14_10_e2_04
2026-07-28 21:01:35,334 INFO   Reading metadata annotations...
2026-07-28 21:01:35,484 INFO   Classifying metadata...
2026-07-28 21:01:38,324 INFO   -> fluor: YES | tf_loc: NO | tps: 180 | tf: UNKNOWN | condition: Aim:   Strain:   Comments:   
Microscope setup for used channels:
Brightfield:
No light path info in config file. | channels: cy5
2026-07-28 21:01:38,525 INFO [845/1845] Dataset 1289: halo_14_10_e2_05
2026-07-28 21:01:38,537 INFO   Reading metadata annotations...
2026-07-28 21:01:38,737 INFO   Classifying metadata...
2026-07-28 21:01:41,709 INFO   -> fluor: YES | tf_loc: NO | tps: 180 | tf: UNKNOWN | condition: Aim:   Strain:   Comments:   
Microscope setup for used channels:
Brightfield:
No light path info in config file. | channels: cy5
2026-07-28 21:01:41,909 INFO [846/1845] Dataset 1290: halo_14_10_f1_00
2026-07-28 21:01:41,916 INFO   Reading metadata annotations...
2026-07-28 21:01:42,029 INFO   Classifying metadata...
2026-07-28 21:01:44,800 INFO   -> fluor: YES | tf_loc: NO | tps: 180 | tf: UNKNOWN | condition: Aim:   Strain:   Comments:   
Microscope setup for used channels:
Brightfield:
No light path info in config file. | channels: cy5
2026-07-28 21:01:45,000 INFO [847/1845] Dataset 1291: halo_14_10_f1_01
2026-07-28 21:01:45,013 INFO   Reading metadata annotations...
2026-07-28 21:01:45,115 INFO   Classifying metadata...
2026-07-28 21:01:48,447 INFO   -> fluor: YES | tf_loc: NO | tps: 180 | tf: UNKNOWN | condition: Aim:   Strain:   Comments:   
Microscope setup for used channels:
Brightfield:
No light path info in config file. | channels: cy5
2026-07-28 21:01:48,648 INFO [848/1845] Dataset 1292: halo_14_10_f1_02
2026-07-28 21:01:48,660 INFO   Reading metadata annotations...
2026-07-28 21:01:48,854 INFO   Classifying metadata...
2026-07-28 21:01:52,007 INFO   -> fluor: YES | tf_loc: NO | tps: 180 | tf: UNKNOWN | condition: Aim:   Strain:   Comments:   
Microscope setup for used channels:
Brightfield:
No light path info in config file. | channels: cy5
2026-07-28 21:01:52,208 INFO [849/1845] Dataset 1293: halo_14_10_f2_00
2026-07-28 21:01:52,215 INFO   Reading metadata annotations...
2026-07-28 21:01:52,327 INFO   Classifying metadata...
2026-07-28 21:01:54,869 INFO   -> fluor: YES | tf_loc: NO | tps: 180 | tf: UNKNOWN | condition: Aim:   Strain:   Comments:   
Microscope setup for used channels:
Brightfield:
No light path info in config file. | channels: cy5
2026-07-28 21:01:55,069 INFO [850/1845] Dataset 1294: halo_14_10_f2_01
2026-07-28 21:01:55,081 INFO   Reading metadata annotations...
2026-07-28 21:01:55,291 INFO   Classifying metadata...
2026-07-28 21:02:03,404 INFO   -> fluor: YES | tf_loc: NO | tps: 180 | tf: UNKNOWN | condition: Aim:   Strain:   Comments:   
Microscope setup for used channels:
Brightfield:
No light path info in config file. | channels: cy5
2026-07-28 21:02:03,604 INFO [851/1845] Dataset 1295: halo_14_10_f2_02
2026-07-28 21:02:03,617 INFO   Reading metadata annotations...
2026-07-28 21:02:03,729 INFO   Classifying metadata...
2026-07-28 21:02:07,032 INFO   -> fluor: YES | tf_loc: NO | tps: 180 | tf: UNKNOWN | condition: Aim:   Strain:   Comments:   
Microscope setup for used channels:
Brightfield:
No light path info in config file. | channels: cy5
2026-07-28 21:02:07,232 INFO [852/1845] Dataset 1296: sgo_bub1GFP_00
2026-07-28 21:02:07,246 INFO   Reading metadata annotations...
2026-07-28 21:02:07,447 INFO   Classifying metadata...
2026-07-28 21:02:12,637 INFO   -> fluor: YES | tf_loc: NO | tps: 180 | tf: UNKNOWN | condition: SC+2% glucose to SC+2% glucose + 2.5ug/ml nocodazole | channels: GFP;cy5
2026-07-28 21:02:12,840 INFO [853/1845] Dataset 1297: sgo_bub1GFP_01
2026-07-28 21:02:12,852 INFO   Reading metadata annotations...
2026-07-28 21:02:13,156 WARNING   Truncated large annotation(s): sgo_bub1gfplog.txt
2026-07-28 21:02:13,156 INFO   Classifying metadata...
2026-07-28 21:02:21,153 INFO   -> fluor: YES | tf_loc: NO | tps: 500 | tf: UNKNOWN | condition: SC+2% glucose to SC+2% glucose + 2.5ug/ml nocodazole | channels: GFP;cy5
2026-07-28 21:02:21,354 INFO [854/1845] Dataset 1298: A8_00
2026-07-28 21:02:21,361 INFO   Reading metadata annotations...
2026-07-28 21:02:21,452 INFO   Classifying metadata...
2026-07-28 21:02:24,505 INFO   -> fluor: YES | tf_loc: NO | tps: 180 | tf: UNKNOWN | condition: https://www.wiki.ed.ac.uk/pages/viewpage.action?pageId=545092176
Microscope setup for used channels:
Brightfield:
No light path info in config file. | channels: GFP;cy5
2026-07-28 21:02:24,706 INFO [855/1845] Dataset 1299: A8_01
2026-07-28 21:02:24,717 INFO   Reading metadata annotations...
2026-07-28 21:02:24,890 INFO   Classifying metadata...
2026-07-28 21:02:27,524 INFO   -> fluor: YES | tf_loc: NO | tps: 180 | tf: UNKNOWN | condition: https://www.wiki.ed.ac.uk/pages/viewpage.action?pageId=545092176
Microscope setup for used channels:
Brightfield:
No light path info in config file. | channels: GFP;cy5
2026-07-28 21:02:27,724 INFO [856/1845] Dataset 1301: A8_03
2026-07-28 21:02:27,737 INFO   Reading metadata annotations...
2026-07-28 21:02:27,868 INFO   Classifying metadata...
2026-07-28 21:02:31,320 INFO   -> fluor: YES | tf_loc: NO | tps: 180 | tf: UNKNOWN | condition: https://www.wiki.ed.ac.uk/pages/viewpage.action?pageId=545092176
Microscope setup for used channels:
Brightfield:
No light path info in config file. | channels: GFP;cy5
2026-07-28 21:02:31,520 INFO [857/1845] Dataset 1302: A8_04
2026-07-28 21:02:31,527 INFO   Reading metadata annotations...
2026-07-28 21:02:31,613 INFO   Classifying metadata...
2026-07-28 21:02:34,572 INFO   -> fluor: YES | tf_loc: NO | tps: 180 | tf: UNKNOWN | condition: https://www.wiki.ed.ac.uk/pages/viewpage.action?pageId=545092176
Microscope setup for used channels:
Brightfield:
No light path info in config file. | channels: GFP;cy5
2026-07-28 21:02:34,772 INFO [858/1845] Dataset 1303: A8_05
2026-07-28 21:02:34,785 INFO   Reading metadata annotations...
2026-07-28 21:02:34,971 INFO   Classifying metadata...
2026-07-28 21:02:39,902 INFO   -> fluor: YES | tf_loc: NO | tps: 180 | tf: UNKNOWN | condition: https://www.wiki.ed.ac.uk/pages/viewpage.action?pageId=545092176
Microscope setup for used channels:
Brightfield:
No light path info in config file. | channels: GFP;cy5
2026-07-28 21:02:40,104 INFO [859/1845] Dataset 1304: A8_06
2026-07-28 21:02:40,111 INFO   Reading metadata annotations...
2026-07-28 21:02:40,198 INFO   Classifying metadata...
2026-07-28 21:02:42,976 INFO   -> fluor: YES | tf_loc: NO | tps: 180 | tf: UNKNOWN | condition: https://www.wiki.ed.ac.uk/pages/viewpage.action?pageId=545092176
Microscope setup for used channels:
Brightfield:
No light path info in config file. | channels: GFP;cy5
2026-07-28 21:02:43,176 INFO [860/1845] Dataset 1305: A8_07
2026-07-28 21:02:43,188 INFO   Reading metadata annotations...
2026-07-28 21:02:43,304 INFO   Classifying metadata...
2026-07-28 21:02:45,915 INFO   -> fluor: YES | tf_loc: NO | tps: 180 | tf: UNKNOWN | condition: https://www.wiki.ed.ac.uk/pages/viewpage.action?pageId=545092176
Microscope setup for used channels:
Brightfield:
No light path info in config file. | channels: GFP;cy5
2026-07-28 21:02:46,115 INFO [861/1845] Dataset 1306: B8_00
2026-07-28 21:02:46,128 INFO   Reading metadata annotations...
2026-07-28 21:02:46,319 INFO   Classifying metadata...
2026-07-28 21:02:51,236 INFO   -> fluor: YES | tf_loc: NO | tps: 180 | tf: UNKNOWN | condition: https://www.wiki.ed.ac.uk/pages/viewpage.action?pageId=545092176
Microscope setup for used channels:
Brightfield:
No light path info in config file. | channels: GFP;cy5
2026-07-28 21:02:51,437 INFO [862/1845] Dataset 1307: B8_01
2026-07-28 21:02:51,444 INFO   Reading metadata annotations...
2026-07-28 21:02:51,532 INFO   Classifying metadata...
2026-07-28 21:02:55,177 INFO   -> fluor: YES | tf_loc: NO | tps: 180 | tf: UNKNOWN | condition: https://www.wiki.ed.ac.uk/pages/viewpage.action?pageId=545092176
Microscope setup for used channels:
Brightfield:
No light path info in config file. | channels: GFP;cy5
2026-07-28 21:02:55,377 INFO [863/1845] Dataset 1308: B8_02
2026-07-28 21:02:55,390 INFO   Reading metadata annotations...
2026-07-28 21:02:55,583 INFO   Classifying metadata...
2026-07-28 21:02:58,332 INFO   -> fluor: YES | tf_loc: NO | tps: 180 | tf: UNKNOWN | condition: https://www.wiki.ed.ac.uk/pages/viewpage.action?pageId=545092176
Microscope setup for used channels:
Brightfield:
No light path info in config file. | channels: GFP;cy5
2026-07-28 21:02:58,533 INFO [864/1845] Dataset 1309: B8_03
2026-07-28 21:02:58,546 INFO   Reading metadata annotations...
2026-07-28 21:02:58,747 INFO   Classifying metadata...
2026-07-28 21:03:02,304 INFO   -> fluor: YES | tf_loc: NO | tps: 180 | tf: UNKNOWN | condition: https://www.wiki.ed.ac.uk/pages/viewpage.action?pageId=545092176
Microscope setup for used channels:
Brightfield:
No light path info in config file. | channels: GFP;cy5
2026-07-28 21:03:02,505 INFO [865/1845] Dataset 1310: B8_04
2026-07-28 21:03:02,512 INFO   Reading metadata annotations...
2026-07-28 21:03:02,604 INFO   Classifying metadata...
2026-07-28 21:03:05,724 INFO   -> fluor: YES | tf_loc: NO | tps: 180 | tf: UNKNOWN | condition: https://www.wiki.ed.ac.uk/pages/viewpage.action?pageId=545092176
Microscope setup for used channels:
Brightfield:
No light path info in config file. | channels: GFP;cy5
2026-07-28 21:03:05,924 INFO [866/1845] Dataset 1311: B8_05
2026-07-28 21:03:05,937 INFO   Reading metadata annotations...
2026-07-28 21:03:06,128 INFO   Classifying metadata...
2026-07-28 21:03:10,573 INFO   -> fluor: YES | tf_loc: NO | tps: 180 | tf: UNKNOWN | condition: https://www.wiki.ed.ac.uk/pages/viewpage.action?pageId=545092176
Microscope setup for used channels:
Brightfield:
No light path info in config file. | channels: GFP;cy5
2026-07-28 21:03:10,773 INFO [867/1845] Dataset 1312: B8_06
2026-07-28 21:03:10,779 INFO   Reading metadata annotations...
2026-07-28 21:03:10,867 INFO   Classifying metadata...
2026-07-28 21:03:13,843 INFO   -> fluor: YES | tf_loc: NO | tps: 180 | tf: UNKNOWN | condition: https://www.wiki.ed.ac.uk/pages/viewpage.action?pageId=545092176
Microscope setup for used channels:
Brightfield:
No light path info in config file. | channels: GFP;cy5
2026-07-28 21:03:14,043 INFO [868/1845] Dataset 1313: B8_07
2026-07-28 21:03:14,055 INFO   Reading metadata annotations...
2026-07-28 21:03:14,154 INFO   Classifying metadata...
2026-07-28 21:03:18,515 INFO   -> fluor: YES | tf_loc: NO | tps: 180 | tf: UNKNOWN | condition: https://www.wiki.ed.ac.uk/pages/viewpage.action?pageId=545092176
Microscope setup for used channels:
Brightfield:
No light path info in config file. | channels: GFP;cy5
2026-07-28 21:03:18,716 INFO [869/1845] Dataset 1314: B8_08
2026-07-28 21:03:18,728 INFO   Reading metadata annotations...
2026-07-28 21:03:18,851 INFO   Classifying metadata...
2026-07-28 21:03:22,204 INFO   -> fluor: YES | tf_loc: NO | tps: 180 | tf: UNKNOWN | condition: https://www.wiki.ed.ac.uk/pages/viewpage.action?pageId=545092176
Microscope setup for used channels:
Brightfield:
No light path info in config file. | channels: GFP;cy5
2026-07-28 21:03:22,404 INFO [870/1845] Dataset 1360: wt_00
2026-07-28 21:03:22,412 INFO   Reading metadata annotations...
2026-07-28 21:03:22,525 INFO   Classifying metadata...
2026-07-28 21:03:25,181 INFO   -> fluor: YES | tf_loc: NO | tps: 180 | tf: UNKNOWN | condition: Aim:   Strain:   Comments:   
Microscope setup for used channels:
BrightfieldGFP:
GFP:
Micromanager config file:C:\Users\Public\Microscope control\Micromanager config files\Batgirl_9_11_21_no_cube | channels: GFP
2026-07-28 21:03:25,381 INFO [871/1845] Dataset 1315: C8_00
2026-07-28 21:03:25,394 INFO   Reading metadata annotations...
2026-07-28 21:03:25,589 INFO   Classifying metadata...
2026-07-28 21:03:29,123 INFO   -> fluor: YES | tf_loc: NO | tps: 180 | tf: UNKNOWN | condition: https://www.wiki.ed.ac.uk/pages/viewpage.action?pageId=545092176
Microscope setup for used channels:
Brightfield:
No light path info in config file. | channels: GFP;cy5
2026-07-28 21:03:29,324 INFO [872/1845] Dataset 1316: C8_01
2026-07-28 21:03:29,337 INFO   Reading metadata annotations...
2026-07-28 21:03:29,463 INFO   Classifying metadata...
2026-07-28 21:03:33,181 INFO   -> fluor: YES | tf_loc: NO | tps: 180 | tf: UNKNOWN | condition: https://www.wiki.ed.ac.uk/pages/viewpage.action?pageId=545092176
Microscope setup for used channels:
Brightfield:
No light path info in config file. | channels: GFP;cy5
2026-07-28 21:03:33,381 INFO [873/1845] Dataset 1317: C8_02
2026-07-28 21:03:33,393 INFO   Reading metadata annotations...
2026-07-28 21:03:33,576 INFO   Classifying metadata...
2026-07-28 21:03:36,844 INFO   -> fluor: YES | tf_loc: NO | tps: 180 | tf: UNKNOWN | condition: https://www.wiki.ed.ac.uk/pages/viewpage.action?pageId=545092176
Microscope setup for used channels:
Brightfield:
No light path info in config file. | channels: GFP;cy5
2026-07-28 21:03:37,044 INFO [874/1845] Dataset 1318: C8_03
2026-07-28 21:03:37,057 INFO   Reading metadata annotations...
2026-07-28 21:03:37,159 INFO   Classifying metadata...
2026-07-28 21:03:40,385 INFO   -> fluor: YES | tf_loc: NO | tps: 180 | tf: UNKNOWN | condition: https://www.wiki.ed.ac.uk/pages/viewpage.action?pageId=545092176
Microscope setup for used channels:
Brightfield:
No light path info in config file. | channels: GFP;cy5
2026-07-28 21:03:40,585 INFO [875/1845] Dataset 1319: C8_04
2026-07-28 21:03:40,593 INFO   Reading metadata annotations...
2026-07-28 21:03:40,681 INFO   Classifying metadata...
2026-07-28 21:03:43,502 INFO   -> fluor: YES | tf_loc: NO | tps: 180 | tf: UNKNOWN | condition: https://www.wiki.ed.ac.uk/pages/viewpage.action?pageId=545092176
Microscope setup for used channels:
Brightfield:
No light path info in config file. | channels: GFP;cy5
2026-07-28 21:03:43,702 INFO [876/1845] Dataset 1320: D8_00
2026-07-28 21:03:43,714 INFO   Reading metadata annotations...
2026-07-28 21:03:43,895 INFO   Classifying metadata...
2026-07-28 21:03:46,874 INFO   -> fluor: YES | tf_loc: NO | tps: 180 | tf: UNKNOWN | condition: https://www.wiki.ed.ac.uk/pages/viewpage.action?pageId=545092176
Microscope setup for used channels:
Brightfield:
No light path info in config file. | channels: GFP;cy5
2026-07-28 21:03:47,075 INFO [877/1845] Dataset 1321: D8_01
2026-07-28 21:03:47,087 INFO   Reading metadata annotations...
2026-07-28 21:03:47,282 INFO   Classifying metadata...
2026-07-28 21:03:49,954 INFO   -> fluor: YES | tf_loc: NO | tps: 180 | tf: UNKNOWN | condition: https://www.wiki.ed.ac.uk/pages/viewpage.action?pageId=545092176
Microscope setup for used channels:
Brightfield:
No light path info in config file. | channels: GFP;cy5
2026-07-28 21:03:50,155 INFO [878/1845] Dataset 1322: D8_02
2026-07-28 21:03:50,162 INFO   Reading metadata annotations...
2026-07-28 21:03:50,252 INFO   Classifying metadata...
2026-07-28 21:03:53,452 INFO   -> fluor: YES | tf_loc: NO | tps: 180 | tf: UNKNOWN | condition: https://www.wiki.ed.ac.uk/pages/viewpage.action?pageId=545092176
Microscope setup for used channels:
Brightfield:
No light path info in config file. | channels: GFP;cy5
2026-07-28 21:03:53,653 INFO [879/1845] Dataset 1323: D8_03
2026-07-28 21:03:53,666 INFO   Reading metadata annotations...
2026-07-28 21:03:53,853 INFO   Classifying metadata...
2026-07-28 21:03:57,406 INFO   -> fluor: YES | tf_loc: NO | tps: 180 | tf: UNKNOWN | condition: https://www.wiki.ed.ac.uk/pages/viewpage.action?pageId=545092176
Microscope setup for used channels:
Brightfield:
No light path info in config file. | channels: GFP;cy5
2026-07-28 21:03:57,606 INFO [880/1845] Dataset 1324: D8_04
2026-07-28 21:03:57,619 INFO   Reading metadata annotations...
2026-07-28 21:03:57,813 INFO   Classifying metadata...
2026-07-28 21:04:00,818 INFO   -> fluor: YES | tf_loc: NO | tps: 180 | tf: UNKNOWN | condition: https://www.wiki.ed.ac.uk/pages/viewpage.action?pageId=545092176
Microscope setup for used channels:
Brightfield:
No light path info in config file. | channels: GFP;cy5
2026-07-28 21:04:01,019 INFO [881/1845] Dataset 1325: D8_05
2026-07-28 21:04:01,026 INFO   Reading metadata annotations...
2026-07-28 21:04:01,116 INFO   Classifying metadata...
2026-07-28 21:04:03,898 INFO   -> fluor: YES | tf_loc: NO | tps: 180 | tf: UNKNOWN | condition: https://www.wiki.ed.ac.uk/pages/viewpage.action?pageId=545092176
Microscope setup for used channels:
Brightfield:
No light path info in config file. | channels: GFP;cy5
2026-07-28 21:04:04,098 INFO [882/1845] Dataset 1326: D8_06
2026-07-28 21:04:04,111 INFO   Reading metadata annotations...
2026-07-28 21:04:04,294 INFO   Classifying metadata...
2026-07-28 21:04:07,387 INFO   -> fluor: YES | tf_loc: NO | tps: 180 | tf: UNKNOWN | condition: https://www.wiki.ed.ac.uk/pages/viewpage.action?pageId=545092176
Microscope setup for used channels:
Brightfield:
No light path info in config file. | channels: GFP;cy5
2026-07-28 21:04:07,588 INFO [883/1845] Dataset 1327: E8_00
2026-07-28 21:04:07,601 INFO   Reading metadata annotations...
2026-07-28 21:04:07,787 INFO   Classifying metadata...
2026-07-28 21:04:10,895 INFO   -> fluor: YES | tf_loc: NO | tps: 180 | tf: UNKNOWN | condition: https://www.wiki.ed.ac.uk/pages/viewpage.action?pageId=545092176
Microscope setup for used channels:
Brightfield:
No light path info in config file. | channels: GFP;cy5
2026-07-28 21:04:11,096 INFO [884/1845] Dataset 1328: E8_01
2026-07-28 21:04:11,101 INFO   Reading metadata annotations...
2026-07-28 21:04:11,183 INFO   Classifying metadata...
2026-07-28 21:04:13,762 INFO   -> fluor: YES | tf_loc: NO | tps: 180 | tf: UNKNOWN | condition: https://www.wiki.ed.ac.uk/pages/viewpage.action?pageId=545092176
Microscope setup for used channels:
Brightfield:
No light path info in config file. | channels: GFP;cy5
2026-07-28 21:04:13,962 INFO [885/1845] Dataset 1329: E8_02
2026-07-28 21:04:13,972 INFO   Reading metadata annotations...
2026-07-28 21:04:14,110 INFO   Classifying metadata...
2026-07-28 21:04:22,175 INFO   -> fluor: YES | tf_loc: NO | tps: 180 | tf: UNKNOWN | condition: https://www.wiki.ed.ac.uk/pages/viewpage.action?pageId=545092176
Microscope setup for used channels:
Brightfield:
No light path info in config file. | channels: GFP;cy5
2026-07-28 21:04:22,376 INFO [886/1845] Dataset 1330: F8_00
2026-07-28 21:04:22,383 INFO   Reading metadata annotations...
2026-07-28 21:04:22,472 INFO   Classifying metadata...
2026-07-28 21:04:25,124 INFO   -> fluor: YES | tf_loc: NO | tps: 180 | tf: UNKNOWN | condition: https://www.wiki.ed.ac.uk/pages/viewpage.action?pageId=545092176
Microscope setup for used channels:
Brightfield:
No light path info in config file. | channels: GFP;cy5
2026-07-28 21:04:25,325 INFO [887/1845] Dataset 1331: F8_01
2026-07-28 21:04:25,338 INFO   Reading metadata annotations...
2026-07-28 21:04:25,540 INFO   Classifying metadata...
2026-07-28 21:04:31,908 INFO   -> fluor: YES | tf_loc: NO | tps: 180 | tf: UNKNOWN | condition: https://www.wiki.ed.ac.uk/pages/viewpage.action?pageId=545092176
Microscope setup for used channels:
Brightfield:
No light path info in config file. | channels: GFP;cy5
2026-07-28 21:04:32,108 INFO [888/1845] Dataset 1332: F8_02
2026-07-28 21:04:32,113 INFO   Reading metadata annotations...
2026-07-28 21:04:32,199 INFO   Classifying metadata...
2026-07-28 21:04:35,266 INFO   -> fluor: YES | tf_loc: NO | tps: 180 | tf: UNKNOWN | condition: https://www.wiki.ed.ac.uk/pages/viewpage.action?pageId=545092176
Microscope setup for used channels:
Brightfield:
No light path info in config file. | channels: GFP;cy5
2026-07-28 21:04:35,466 INFO [889/1845] Dataset 1333: Mad1_noco_00
2026-07-28 21:04:35,479 INFO   Reading metadata annotations...
2026-07-28 21:04:35,503 WARNING   No .log/.txt/Acq.txt annotation found for dataset 1333.
2026-07-28 21:04:35,503 INFO   Classifying metadata...
2026-07-28 21:04:35,503 INFO   -> fluor: NO | tf_loc: YES | tps:  | tf: Mad1 | condition:  | channels: UNKNOWN
2026-07-28 21:04:35,703 INFO [890/1845] Dataset 1334: pyrTo2Gal_01glc_00
2026-07-28 21:04:35,715 INFO   Reading metadata annotations...
2026-07-28 21:04:36,005 WARNING   Truncated large annotation(s): pyrto2gal_01glclog.txt
2026-07-28 21:04:36,005 INFO   Classifying metadata...
2026-07-28 21:04:43,345 INFO   -> fluor: YES | tf_loc: NO | tps: 180 | tf: UNKNOWN | condition: pyruvate to 2% galactose/0.1% glucose | channels: GFP;cy5
2026-07-28 21:04:43,546 INFO [891/1845] Dataset 1335: Mad1_noco_00
2026-07-28 21:04:43,559 INFO   Reading metadata annotations...
2026-07-28 21:04:43,831 WARNING   Truncated large annotation(s): mad1_nocolog.txt
2026-07-28 21:04:43,832 INFO   Classifying metadata...
2026-07-28 21:04:48,934 INFO   -> fluor: YES | tf_loc: YES | tps: 180 | tf: Mad1 | condition: 2% glucose to 2% glucose + 2.5ug/ml nocodazole | channels: cy5
2026-07-28 21:04:49,136 INFO [892/1845] Dataset 1336: B2_wildtype_00
2026-07-28 21:04:49,149 INFO   Reading metadata annotations...
2026-07-28 21:04:49,254 INFO   Classifying metadata...
2026-07-28 21:04:52,218 INFO   -> fluor: YES | tf_loc: NO | tps: 180 | tf: UNKNOWN | condition: Aim: Colocalization of halo tag imaging with WGA  Strain:   Comments:
Microscope setup for used channels:
GFP:
No light path info in config file. | channels: GFP;cy5
2026-07-28 21:04:52,419 INFO [893/1845] Dataset 1337: B2_wildtype_01
2026-07-28 21:04:52,424 INFO   Reading metadata annotations...
2026-07-28 21:04:52,504 INFO   Classifying metadata...
2026-07-28 21:04:57,073 INFO   -> fluor: YES | tf_loc: NO | tps: 180 | tf: UNKNOWN | condition: Aim: Colocalization of halo tag imaging with WGA  Strain:   Comments:
Microscope setup for used channels:
GFP:
No light path info in config file. | channels: GFP;cy5
2026-07-28 21:04:57,274 INFO [894/1845] Dataset 1338: B2_wildtype_02
2026-07-28 21:04:57,286 INFO   Reading metadata annotations...
2026-07-28 21:04:57,385 INFO   Classifying metadata...
2026-07-28 21:05:00,689 INFO   -> fluor: YES | tf_loc: NO | tps: 180 | tf: UNKNOWN | condition: Aim: Colocalization of halo tag imaging with WGA  Strain:   Comments:
Microscope setup for used channels:
GFP:
No light path info in config file. | channels: GFP;cy5
2026-07-28 21:05:00,889 INFO [895/1845] Dataset 1339: B2_wildtype_03
2026-07-28 21:05:00,897 INFO   Reading metadata annotations...
2026-07-28 21:05:00,984 INFO   Classifying metadata...
2026-07-28 21:05:04,488 INFO   -> fluor: YES | tf_loc: NO | tps: 180 | tf: UNKNOWN | condition: Aim: Colocalization of halo tag imaging with WGA  Strain:   Comments:
Microscope setup for used channels:
GFP:
No light path info in config file. | channels: GFP;cy5
2026-07-28 21:05:04,688 INFO [896/1845] Dataset 1340: gal10_induce_00
2026-07-28 21:05:04,701 INFO   Reading metadata annotations...
2026-07-28 21:05:05,006 WARNING   Truncated large annotation(s): gal10_inducelog.txt
2026-07-28 21:05:05,007 INFO   Classifying metadata...
2026-07-28 21:05:12,098 INFO   -> fluor: YES | tf_loc: NO | tps: 180 | tf: UNKNOWN | condition: 2% pyruvate +SC to 2% gal | channels: GFP;cy5
2026-07-28 21:05:12,299 INFO [897/1845] Dataset 1341: pyrToGlcGal_00
2026-07-28 21:05:12,306 INFO   Reading metadata annotations...
2026-07-28 21:05:12,516 WARNING   Truncated large annotation(s): pyrtoglcgallog.txt
2026-07-28 21:05:12,516 INFO   Classifying metadata...
2026-07-28 21:05:19,983 INFO   -> fluor: YES | tf_loc: NO | tps: 180 | tf: UNKNOWN | condition: 2% pyruvate to 2% galactose + 0.1% glucose | channels: GFP;cy5
2026-07-28 21:05:20,184 INFO [898/1845] Dataset 1342: Msn2_glc_ramp_00
2026-07-28 21:05:20,191 INFO   Reading metadata annotations...
2026-07-28 21:05:20,362 INFO   Classifying metadata...
2026-07-28 21:05:22,003 INFO   -> fluor: YES | tf_loc: YES | tps: 192 | tf: Msn2 | condition: 2% glucose to 0% glucose | channels: GFP;cy5
2026-07-28 21:05:22,203 INFO [899/1845] Dataset 1345: 11342_00
2026-07-28 21:05:22,211 INFO   Reading metadata annotations...
2026-07-28 21:05:22,389 INFO   Classifying metadata...
2026-07-28 21:05:25,262 INFO   -> fluor: YES | tf_loc: NO | tps: 180 | tf: UNKNOWN | condition: Aim:   Strain:   Comments:   
Microscope setup for used channels:
BrightfieldGFP:
GFP:
Micromanager config file:C:\Users\Public\Microscope control\Micromanager config files\Batgirl_9_11_21_no_cube | channels: GFP
2026-07-28 21:05:25,462 INFO [900/1845] Dataset 1346: 11343_00
2026-07-28 21:05:25,475 INFO   Reading metadata annotations...
2026-07-28 21:05:25,761 INFO   Classifying metadata...
2026-07-28 21:05:28,273 INFO   -> fluor: YES | tf_loc: NO | tps: 180 | tf: UNKNOWN | condition: Aim:   Strain:   Comments:   
Microscope setup for used channels:
BrightfieldGFP:
GFP:
Micromanager config file:C:\Users\Public\Microscope control\Micromanager config files\Batgirl_9_11_21_no_cube | channels: GFP
2026-07-28 21:05:28,474 INFO [901/1845] Dataset 1347: 11343_01
2026-07-28 21:05:28,487 INFO   Reading metadata annotations...
2026-07-28 21:05:28,748 INFO   Classifying metadata...
2026-07-28 21:05:32,319 INFO   -> fluor: YES | tf_loc: NO | tps: 180 | tf: UNKNOWN | condition: Aim:   Strain:   Comments:   
Microscope setup for used channels:
BrightfieldGFP:
GFP:
Micromanager config file:C:\Users\Public\Microscope control\Micromanager config files\Batgirl_9_11_21_no_cube | channels: GFP
2026-07-28 21:05:32,520 INFO [902/1845] Dataset 1348: 11344_00
2026-07-28 21:05:32,527 INFO   Reading metadata annotations...
2026-07-28 21:05:32,674 INFO   Classifying metadata...
2026-07-28 21:05:35,605 INFO   -> fluor: YES | tf_loc: NO | tps: 180 | tf: UNKNOWN | condition: Aim:   Strain:   Comments:   
Microscope setup for used channels:
BrightfieldGFP:
GFP:
Micromanager config file:C:\Users\Public\Microscope control\Micromanager config files\Batgirl_9_11_21_no_cube | channels: GFP
2026-07-28 21:05:35,805 INFO [903/1845] Dataset 1349: 11371_00
2026-07-28 21:05:35,818 INFO   Reading metadata annotations...
2026-07-28 21:05:35,958 INFO   Classifying metadata...
2026-07-28 21:05:38,975 INFO   -> fluor: YES | tf_loc: NO | tps: 180 | tf: UNKNOWN | condition: Aim:   Strain:   Comments:   
Microscope setup for used channels:
BrightfieldGFP:
GFP:
Micromanager config file:C:\Users\Public\Microscope control\Micromanager config files\Batgirl_9_11_21_no_cube | channels: GFP
2026-07-28 21:05:39,175 INFO [904/1845] Dataset 1350: 11372_00
2026-07-28 21:05:39,188 INFO   Reading metadata annotations...
2026-07-28 21:05:39,483 INFO   Classifying metadata...
2026-07-28 21:05:42,247 INFO   -> fluor: YES | tf_loc: NO | tps: 180 | tf: UNKNOWN | condition: Aim:   Strain:   Comments:   
Microscope setup for used channels:
BrightfieldGFP:
GFP:
Micromanager config file:C:\Users\Public\Microscope control\Micromanager config files\Batgirl_9_11_21_no_cube | channels: GFP
2026-07-28 21:05:42,448 INFO [905/1845] Dataset 1351: 11372_01
2026-07-28 21:05:42,455 INFO   Reading metadata annotations...
2026-07-28 21:05:42,610 INFO   Classifying metadata...
2026-07-28 21:05:45,734 INFO   -> fluor: YES | tf_loc: NO | tps: 180 | tf: UNKNOWN | condition: Aim:   Strain:   Comments:   
Microscope setup for used channels:
BrightfieldGFP:
GFP:
Micromanager config file:C:\Users\Public\Microscope control\Micromanager config files\Batgirl_9_11_21_no_cube | channels: GFP
2026-07-28 21:05:45,935 INFO [906/1845] Dataset 1352: 11373_00
2026-07-28 21:05:45,948 INFO   Reading metadata annotations...
2026-07-28 21:05:46,242 INFO   Classifying metadata...
2026-07-28 21:05:49,368 INFO   -> fluor: YES | tf_loc: NO | tps: 180 | tf: UNKNOWN | condition: Aim:   Strain:   Comments:   
Microscope setup for used channels:
BrightfieldGFP:
GFP:
Micromanager config file:C:\Users\Public\Microscope control\Micromanager config files\Batgirl_9_11_21_no_cube | channels: GFP
2026-07-28 21:05:49,569 INFO [907/1845] Dataset 1353: 11374_00
2026-07-28 21:05:49,581 INFO   Reading metadata annotations...
2026-07-28 21:05:49,851 INFO   Classifying metadata...
2026-07-28 21:05:57,529 INFO   -> fluor: YES | tf_loc: NO | tps: 180 | tf: UNKNOWN | condition: Aim:   Strain:   Comments:   
Microscope setup for used channels:
BrightfieldGFP:
GFP:
Micromanager config file:C:\Users\Public\Microscope control\Micromanager config files\Batgirl_9_11_21_no_cube | channels: GFP
2026-07-28 21:05:57,729 INFO [908/1845] Dataset 1354: pic21_00
2026-07-28 21:05:57,742 INFO   Reading metadata annotations...
2026-07-28 21:05:57,899 INFO   Classifying metadata...
2026-07-28 21:06:00,763 INFO   -> fluor: YES | tf_loc: NO | tps: 180 | tf: UNKNOWN | condition: Aim:   Strain:   Comments:   
Microscope setup for used channels:
BrightfieldGFP:
GFP:
Micromanager config file:C:\Users\Public\Microscope control\Micromanager config files\Batgirl_9_11_21_no_cube | channels: GFP
2026-07-28 21:06:00,963 INFO [909/1845] Dataset 1355: pic22_00
2026-07-28 21:06:00,971 INFO   Reading metadata annotations...
2026-07-28 21:06:01,152 INFO   Classifying metadata...
2026-07-28 21:06:05,167 INFO   -> fluor: YES | tf_loc: NO | tps: 180 | tf: UNKNOWN | condition: Aim:   Strain:   Comments:   
Microscope setup for used channels:
BrightfieldGFP:
GFP:
Micromanager config file:C:\Users\Public\Microscope control\Micromanager config files\Batgirl_9_11_21_no_cube | channels: GFP
2026-07-28 21:06:05,368 INFO [910/1845] Dataset 1356: pic23_00
2026-07-28 21:06:05,381 INFO   Reading metadata annotations...
2026-07-28 21:06:05,676 INFO   Classifying metadata...
2026-07-28 21:06:08,761 INFO   -> fluor: YES | tf_loc: NO | tps: 180 | tf: UNKNOWN | condition: Aim:   Strain:   Comments:   
Microscope setup for used channels:
BrightfieldGFP:
GFP:
Micromanager config file:C:\Users\Public\Microscope control\Micromanager config files\Batgirl_9_11_21_no_cube | channels: GFP
2026-07-28 21:06:08,962 INFO [911/1845] Dataset 1357: pic24_00
2026-07-28 21:06:08,975 INFO   Reading metadata annotations...
2026-07-28 21:06:09,233 INFO   Classifying metadata...
2026-07-28 21:06:12,374 INFO   -> fluor: YES | tf_loc: NO | tps: 180 | tf: UNKNOWN | condition: Aim:   Strain:   Comments:   
Microscope setup for used channels:
BrightfieldGFP:
GFP:
Micromanager config file:C:\Users\Public\Microscope control\Micromanager config files\Batgirl_9_11_21_no_cube | channels: GFP
2026-07-28 21:06:12,574 INFO [912/1845] Dataset 1358: pic2__00
2026-07-28 21:06:12,582 INFO   Reading metadata annotations...
2026-07-28 21:06:12,728 INFO   Classifying metadata...
2026-07-28 21:06:15,634 INFO   -> fluor: YES | tf_loc: NO | tps: 180 | tf: UNKNOWN | condition: Aim:   Strain:   Comments:   
Microscope setup for used channels:
BrightfieldGFP:
GFP:
Micromanager config file:C:\Users\Public\Microscope control\Micromanager config files\Batgirl_9_11_21_no_cube | channels: GFP
2026-07-28 21:06:15,835 INFO [913/1845] Dataset 1361: 1_Raf_06
2026-07-28 21:06:15,846 INFO   Reading metadata annotations...
2026-07-28 21:06:16,284 WARNING   Truncated large annotation(s): 1_raflog.txt
2026-07-28 21:06:16,284 INFO   Classifying metadata...
2026-07-28 21:06:23,039 INFO   -> fluor: YES | tf_loc: NO | tps: 288 | tf: UNKNOWN | condition: Aim:   Strain:   Comments:   
Microscope setup for used channels:
Brightfield:
White LED
->(Polariser + Prism + condenser)]
->Filter block:[GFP/mCherry (59022) exciter,GFP/mCherry (59022) dichroi | channels: GFP
2026-07-28 21:06:23,239 INFO [914/1845] Dataset 1362: 0_1_Raf_00
2026-07-28 21:06:23,251 INFO   Reading metadata annotations...
2026-07-28 21:06:23,270 WARNING   No .log/.txt/Acq.txt annotation found for dataset 1362.
2026-07-28 21:06:23,270 INFO   Classifying metadata...
2026-07-28 21:06:25,409 INFO   -> fluor: NO | tf_loc: NO | tps:  | tf: UNKNOWN | condition:  | channels: UNKNOWN
2026-07-28 21:06:25,609 INFO [915/1845] Dataset 1363: 2_Glcto0_Glc_00
2026-07-28 21:06:25,622 INFO   Reading metadata annotations...
2026-07-28 21:06:26,029 WARNING   Truncated large annotation(s): 2_glcto0_glclog.txt
2026-07-28 21:06:26,029 INFO   Classifying metadata...
2026-07-28 21:06:33,076 INFO   -> fluor: YES | tf_loc: NO | tps: 216 | tf: UNKNOWN | condition: Aim:   Strain:   Comments:   
Microscope setup for used channels:
Brightfield:
No light path info in config file. | channels: GFP
2026-07-28 21:06:33,277 INFO [916/1845] Dataset 1364: bs1_bs3_wt_1gal_1suc_00
2026-07-28 21:06:33,289 INFO   Reading metadata annotations...
2026-07-28 21:06:33,719 WARNING   Truncated large annotation(s): bs1_bs3_wt_1gal_1suclog.txt
2026-07-28 21:06:33,719 INFO   Classifying metadata...
2026-07-28 21:06:40,382 INFO   -> fluor: YES | tf_loc: NO | tps: 288 | tf: UNKNOWN | condition: Aim:   Strain:   Comments:   
Microscope setup for used channels:
Brightfield:
No light path info in config file. | channels: GFP
2026-07-28 21:06:40,582 INFO [917/1845] Dataset 1365: 20191201_galpal_induction_fixed_A1_00
2026-07-28 21:06:40,590 INFO   Reading metadata annotations...
2026-07-28 21:06:40,736 INFO   Classifying metadata...
2026-07-28 21:06:50,515 INFO   -> fluor: YES | tf_loc: NO | tps: 360 | tf: UNKNOWN | condition: Aim:   See induction of IMA1 in GFP and mCherry strains Strain:  229 (by4741), 1121, 1127 Comments:   Cells in 2% palatinose from shortly before the start of the acquisition
Microscope setup for used | channels: GFP;mCherry
2026-07-28 21:06:50,715 INFO [918/1845] Dataset 1366: 20191201_galpal_induction_fixed_A1_01
2026-07-28 21:06:50,723 INFO   Reading metadata annotations...
2026-07-28 21:06:50,856 INFO   Classifying metadata...
2026-07-28 21:06:57,671 INFO   -> fluor: YES | tf_loc: NO | tps: 360 | tf: UNKNOWN | condition: Aim:   See induction of IMA1 in GFP and mCherry strains Strain:  229 (by4741), 1121, 1127 Comments:   Cells in 2% palatinose from shortly before the start of the acquisition
Microscope setup for used | channels: GFP;mCherry
2026-07-28 21:06:57,871 INFO [919/1845] Dataset 1367: 20191201_galpal_induction_fixed_A1_02
2026-07-28 21:06:57,884 INFO   Reading metadata annotations...
2026-07-28 21:06:58,104 INFO   Classifying metadata...
2026-07-28 21:07:01,038 INFO   -> fluor: YES | tf_loc: NO | tps: 360 | tf: UNKNOWN | condition: Aim:   See induction of IMA1 in GFP and mCherry strains Strain:  229 (by4741), 1121, 1127 Comments:   Cells in 2% palatinose from shortly before the start of the acquisition
Microscope setup for used | channels: GFP;mCherry
2026-07-28 21:07:01,238 INFO [920/1845] Dataset 1368: 20191201_galpal_induction_fixed_A1_03
2026-07-28 21:07:01,246 INFO   Reading metadata annotations...
2026-07-28 21:07:01,355 INFO   Classifying metadata...
2026-07-28 21:07:04,925 INFO   -> fluor: YES | tf_loc: NO | tps: 360 | tf: UNKNOWN | condition: Aim:   See induction of IMA1 in GFP and mCherry strains Strain:  229 (by4741), 1121, 1127 Comments:   Cells in 2% palatinose from shortly before the start of the acquisition
Microscope setup for used | channels: GFP;mCherry
2026-07-28 21:07:05,126 INFO [921/1845] Dataset 1369: 20191201_galpal_induction_fixed_A1_04
2026-07-28 21:07:05,137 INFO   Reading metadata annotations...
2026-07-28 21:07:05,416 INFO   Classifying metadata...
2026-07-28 21:07:08,352 INFO   -> fluor: YES | tf_loc: NO | tps: 360 | tf: UNKNOWN | condition: Aim:   See induction of IMA1 in GFP and mCherry strains Strain:  229 (by4741), 1121, 1127 Comments:   Cells in 2% palatinose from shortly before the start of the acquisition
Microscope setup for used | channels: GFP;mCherry
2026-07-28 21:07:08,553 INFO [922/1845] Dataset 1370: 20191201_galpal_induction_fixed_A1_05
2026-07-28 21:07:08,566 INFO   Reading metadata annotations...
2026-07-28 21:07:08,811 INFO   Classifying metadata...
2026-07-28 21:07:12,446 INFO   -> fluor: YES | tf_loc: NO | tps: 360 | tf: UNKNOWN | condition: Aim:   See induction of IMA1 in GFP and mCherry strains Strain:  229 (by4741), 1121, 1127 Comments:   Cells in 2% palatinose from shortly before the start of the acquisition
Microscope setup for used | channels: GFP;mCherry
2026-07-28 21:07:12,647 INFO [923/1845] Dataset 1371: 20191201_galpal_induction_fixed_A1_06
2026-07-28 21:07:12,654 INFO   Reading metadata annotations...
2026-07-28 21:07:12,798 INFO   Classifying metadata...
2026-07-28 21:07:17,904 INFO   -> fluor: YES | tf_loc: NO | tps: 360 | tf: UNKNOWN | condition: Aim:   See induction of IMA1 in GFP and mCherry strains Strain:  229 (by4741), 1121, 1127 Comments:   Cells in 2% palatinose from shortly before the start of the acquisition
Microscope setup for used | channels: GFP;mCherry
2026-07-28 21:07:18,104 INFO [924/1845] Dataset 1372: 20191201_galpal_induction_fixed_A1_07
2026-07-28 21:07:18,117 INFO   Reading metadata annotations...
2026-07-28 21:07:18,363 INFO   Classifying metadata...
2026-07-28 21:07:21,362 INFO   -> fluor: YES | tf_loc: NO | tps: 360 | tf: UNKNOWN | condition: Aim:   See induction of IMA1 in GFP and mCherry strains Strain:  229 (by4741), 1121, 1127 Comments:   Cells in 2% palatinose from shortly before the start of the acquisition
Microscope setup for used | channels: GFP;mCherry
2026-07-28 21:07:21,562 INFO [925/1845] Dataset 1373: 20191201_galpal_induction_fixed_A1_08
2026-07-28 21:07:21,568 INFO   Reading metadata annotations...
2026-07-28 21:07:21,694 INFO   Classifying metadata...
2026-07-28 21:07:24,693 INFO   -> fluor: YES | tf_loc: NO | tps: 360 | tf: UNKNOWN | condition: Aim:   See induction of IMA1 in GFP and mCherry strains Strain:  229 (by4741), 1121, 1127 Comments:   Cells in 2% palatinose from shortly before the start of the acquisition
Microscope setup for used | channels: GFP;mCherry
2026-07-28 21:07:24,894 INFO [926/1845] Dataset 1374: 20191201_galpal_induction_fixed_A1_09
2026-07-28 21:07:24,907 INFO   Reading metadata annotations...
2026-07-28 21:07:25,128 INFO   Classifying metadata...
2026-07-28 21:07:28,579 INFO   -> fluor: YES | tf_loc: NO | tps: 360 | tf: UNKNOWN | condition: Aim:   See induction of IMA1 in GFP and mCherry strains Strain:  229 (by4741), 1121, 1127 Comments:   Cells in 2% palatinose from shortly before the start of the acquisition
Microscope setup for used | channels: GFP;mCherry
2026-07-28 21:07:28,779 INFO [927/1845] Dataset 1375: 20191201_galpal_induction_fixed_A1_10
2026-07-28 21:07:28,792 INFO   Reading metadata annotations...
2026-07-28 21:07:29,075 INFO   Classifying metadata...
2026-07-28 21:07:31,964 INFO   -> fluor: YES | tf_loc: NO | tps: 360 | tf: UNKNOWN | condition: Aim:   See induction of IMA1 in GFP and mCherry strains Strain:  229 (by4741), 1121, 1127 Comments:   Cells in 2% palatinose from shortly before the start of the acquisition
Microscope setup for used | channels: GFP;mCherry
2026-07-28 21:07:32,165 INFO [928/1845] Dataset 1376: 20191201_galpal_induction_fixed_A1_11
2026-07-28 21:07:32,172 INFO   Reading metadata annotations...
2026-07-28 21:07:32,326 INFO   Classifying metadata...
2026-07-28 21:07:35,566 INFO   -> fluor: YES | tf_loc: NO | tps: 360 | tf: UNKNOWN | condition: Aim:   See induction of IMA1 in GFP and mCherry strains Strain:  229 (by4741), 1121, 1127 Comments:   Cells in 2% palatinose from shortly before the start of the acquisition
Microscope setup for used | channels: GFP;mCherry
2026-07-28 21:07:35,767 INFO [929/1845] Dataset 1377: 20191201_galpal_induction_fixed_A1_12
2026-07-28 21:07:35,780 INFO   Reading metadata annotations...
2026-07-28 21:07:36,131 INFO   Classifying metadata...
2026-07-28 21:07:39,761 INFO   -> fluor: YES | tf_loc: NO | tps: 360 | tf: UNKNOWN | condition: Aim:   See induction of IMA1 in GFP and mCherry strains Strain:  229 (by4741), 1121, 1127 Comments:   Cells in 2% palatinose from shortly before the start of the acquisition
Microscope setup for used | channels: GFP;mCherry
2026-07-28 21:07:39,961 INFO [930/1845] Dataset 1378: 20191201_galpal_induction_fixed_A1_13
2026-07-28 21:07:39,974 INFO   Reading metadata annotations...
2026-07-28 21:07:40,120 INFO   Classifying metadata...
2026-07-28 21:07:43,741 INFO   -> fluor: YES | tf_loc: NO | tps: 360 | tf: UNKNOWN | condition: Aim:   See induction of IMA1 in GFP and mCherry strains Strain:  229 (by4741), 1121, 1127 Comments:   Cells in 2% palatinose from shortly before the start of the acquisition
Microscope setup for used | channels: GFP;mCherry
2026-07-28 21:07:43,942 INFO [931/1845] Dataset 1379: 20191201_galpal_induction_fixed_A1_14
2026-07-28 21:07:43,955 INFO   Reading metadata annotations...
2026-07-28 21:07:44,228 INFO   Classifying metadata...
2026-07-28 21:07:46,914 INFO   -> fluor: YES | tf_loc: NO | tps: 360 | tf: UNKNOWN | condition: Aim:   See induction of IMA1 in GFP and mCherry strains Strain:  229 (by4741), 1121, 1127 Comments:   Cells in 2% palatinose from shortly before the start of the acquisition
Microscope setup for used | channels: GFP;mCherry
2026-07-28 21:07:47,114 INFO [932/1845] Dataset 1380: 20191201_galpal_induction_fixed_A1_15
2026-07-28 21:07:47,127 INFO   Reading metadata annotations...
2026-07-28 21:07:47,409 INFO   Classifying metadata...
2026-07-28 21:07:50,504 INFO   -> fluor: YES | tf_loc: NO | tps: 360 | tf: UNKNOWN | condition: Aim:   See induction of IMA1 in GFP and mCherry strains Strain:  229 (by4741), 1121, 1127 Comments:   Cells in 2% palatinose from shortly before the start of the acquisition
Microscope setup for used | channels: GFP;mCherry
2026-07-28 21:07:50,704 INFO [933/1845] Dataset 1381: 20191201_galpal_induction_fixed_B7_00
2026-07-28 21:07:50,712 INFO   Reading metadata annotations...
2026-07-28 21:07:50,856 INFO   Classifying metadata...
2026-07-28 21:07:53,808 INFO   -> fluor: YES | tf_loc: NO | tps: 360 | tf: UNKNOWN | condition: Aim:   See induction of IMA1 in GFP and mCherry strains Strain:  229 (by4741), 1121, 1127 Comments:   Cells in 2% palatinose from shortly before the start of the acquisition
Microscope setup for used | channels: GFP;mCherry
2026-07-28 21:07:54,009 INFO [934/1845] Dataset 1382: 20191201_galpal_induction_fixed_B7_01
2026-07-28 21:07:54,022 INFO   Reading metadata annotations...
2026-07-28 21:07:54,313 INFO   Classifying metadata...
2026-07-28 21:07:57,328 INFO   -> fluor: YES | tf_loc: NO | tps: 360 | tf: UNKNOWN | condition: Aim:   See induction of IMA1 in GFP and mCherry strains Strain:  229 (by4741), 1121, 1127 Comments:   Cells in 2% palatinose from shortly before the start of the acquisition
Microscope setup for used | channels: GFP;mCherry
2026-07-28 21:07:57,529 INFO [935/1845] Dataset 2849: TFScreen_plate1_CDFG_00
2026-07-28 21:07:57,542 INFO   Reading metadata annotations...
2026-07-28 21:07:57,797 WARNING   Truncated large annotation(s): tfscreen_plate1_cdfg.log
2026-07-28 21:07:57,797 INFO   Classifying metadata...
2026-07-28 21:08:00,904 INFO   -> fluor: YES | tf_loc: YES | tps: 24 | tf: Tbf1;Gzf3;Rpn4;Stp2;Uga3;Ume1;Dig1;Rds2;Met31;Met28;Phd1;Rox1;Cbf1;Stp3;Yhp1;Spt2;Sut1;Gcn4;Opi1;Mig3 | condition: 2% to 0% glucose in SC | channels: GFP_Z;GFP;cy5
2026-07-28 21:08:01,104 INFO [936/1845] Dataset 1971: Sun5mNG_Spc72mCherry_plate6_c4_00
2026-07-28 21:08:01,136 INFO   Reading metadata annotations...
2026-07-28 21:08:01,249 INFO   Classifying metadata...
2026-07-28 21:08:04,304 INFO   -> fluor: NO | tf_loc: NO | tps: 1 | tf: UNKNOWN | condition: Aim: Expression test. | channels: GFP;mCherry_Z;mCherry
2026-07-28 21:08:04,504 INFO [937/1845] Dataset 1383: 20191201_galpal_induction_fixed_B7_02
2026-07-28 21:08:04,517 INFO   Reading metadata annotations...
2026-07-28 21:08:04,752 INFO   Classifying metadata...
2026-07-28 21:08:08,255 INFO   -> fluor: YES | tf_loc: NO | tps: 360 | tf: UNKNOWN | condition: Aim:   See induction of IMA1 in GFP and mCherry strains Strain:  229 (by4741), 1121, 1127 Comments:   Cells in 2% palatinose from shortly before the start of the acquisition
Microscope setup for used | channels: GFP;mCherry
2026-07-28 21:08:08,456 INFO [938/1845] Dataset 1384: 20191201_galpal_induction_fixed_B7_03
2026-07-28 21:08:08,470 INFO   Reading metadata annotations...
2026-07-28 21:08:08,752 INFO   Classifying metadata...
2026-07-28 21:08:12,067 INFO   -> fluor: YES | tf_loc: NO | tps: 360 | tf: UNKNOWN | condition: Aim:   See induction of IMA1 in GFP and mCherry strains Strain:  229 (by4741), 1121, 1127 Comments:   Cells in 2% palatinose from shortly before the start of the acquisition
Microscope setup for used | channels: GFP;mCherry
2026-07-28 21:08:12,268 INFO [939/1845] Dataset 1385: 20191201_galpal_induction_fixed_B7_04
2026-07-28 21:08:12,275 INFO   Reading metadata annotations...
2026-07-28 21:08:12,389 INFO   Classifying metadata...
2026-07-28 21:08:15,890 INFO   -> fluor: YES | tf_loc: NO | tps: 360 | tf: UNKNOWN | condition: Aim:   See induction of IMA1 in GFP and mCherry strains Strain:  229 (by4741), 1121, 1127 Comments:   Cells in 2% palatinose from shortly before the start of the acquisition
Microscope setup for used | channels: GFP;mCherry
2026-07-28 21:08:16,090 INFO [940/1845] Dataset 1386: 20191201_galpal_induction_fixed_B7_05
2026-07-28 21:08:16,103 INFO   Reading metadata annotations...
2026-07-28 21:08:16,276 INFO   Classifying metadata...
2026-07-28 21:08:19,420 INFO   -> fluor: YES | tf_loc: NO | tps: 360 | tf: UNKNOWN | condition: Aim:   See induction of IMA1 in GFP and mCherry strains Strain:  229 (by4741), 1121, 1127 Comments:   Cells in 2% palatinose from shortly before the start of the acquisition
Microscope setup for used | channels: GFP;mCherry
2026-07-28 21:08:19,621 INFO [941/1845] Dataset 1387: 20191201_galpal_induction_fixed_B7_06
2026-07-28 21:08:19,634 INFO   Reading metadata annotations...
2026-07-28 21:08:19,887 INFO   Classifying metadata...
2026-07-28 21:08:22,963 INFO   -> fluor: YES | tf_loc: NO | tps: 360 | tf: UNKNOWN | condition: Aim:   See induction of IMA1 in GFP and mCherry strains Strain:  229 (by4741), 1121, 1127 Comments:   Cells in 2% palatinose from shortly before the start of the acquisition
Microscope setup for used | channels: GFP;mCherry
2026-07-28 21:08:23,163 INFO [942/1845] Dataset 1388: 20191201_galpal_induction_fixed_B7_07
2026-07-28 21:08:23,175 INFO   Reading metadata annotations...
2026-07-28 21:08:23,452 INFO   Classifying metadata...
2026-07-28 21:08:26,574 INFO   -> fluor: YES | tf_loc: NO | tps: 360 | tf: UNKNOWN | condition: Aim:   See induction of IMA1 in GFP and mCherry strains Strain:  229 (by4741), 1121, 1127 Comments:   Cells in 2% palatinose from shortly before the start of the acquisition
Microscope setup for used | channels: GFP;mCherry
2026-07-28 21:08:26,774 INFO [943/1845] Dataset 1601: B5_Srl1_00
2026-07-28 21:08:26,787 INFO   Reading metadata annotations...
2026-07-28 21:08:27,045 INFO   Classifying metadata...
2026-07-28 21:08:27,815 INFO   -> fluor: YES | tf_loc: YES | tps: 250 | tf: Srl1 | condition: Microscope setup for used channels:
Brightfield:
No light path info in config file. | channels: GFP
2026-07-28 21:08:28,015 INFO [944/1845] Dataset 1389: 20191201_galpal_induction_fixed_B7_08
2026-07-28 21:08:28,028 INFO   Reading metadata annotations...
2026-07-28 21:08:28,312 INFO   Classifying metadata...
2026-07-28 21:08:31,564 INFO   -> fluor: YES | tf_loc: NO | tps: 360 | tf: UNKNOWN | condition: Aim:   See induction of IMA1 in GFP and mCherry strains Strain:  229 (by4741), 1121, 1127 Comments:   Cells in 2% palatinose from shortly before the start of the acquisition
Microscope setup for used | channels: GFP;mCherry
2026-07-28 21:08:31,764 INFO [945/1845] Dataset 1390: 20191201_galpal_induction_fixed_B7_09
2026-07-28 21:08:31,772 INFO   Reading metadata annotations...
2026-07-28 21:08:31,899 INFO   Classifying metadata...
2026-07-28 21:08:36,588 INFO   -> fluor: YES | tf_loc: NO | tps: 360 | tf: UNKNOWN | condition: Aim:   See induction of IMA1 in GFP and mCherry strains Strain:  229 (by4741), 1121, 1127 Comments:   Cells in 2% palatinose from shortly before the start of the acquisition
Microscope setup for used | channels: GFP;mCherry
2026-07-28 21:08:36,788 INFO [946/1845] Dataset 1391: 20191201_galpal_induction_fixed_B9_00
2026-07-28 21:08:36,801 INFO   Reading metadata annotations...
2026-07-28 21:08:37,128 INFO   Classifying metadata...
2026-07-28 21:08:41,004 INFO   -> fluor: YES | tf_loc: NO | tps: 360 | tf: UNKNOWN | condition: Aim:   See induction of IMA1 in GFP and mCherry strains Strain:  229 (by4741), 1121, 1127 Comments:   Cells in 2% palatinose from shortly before the start of the acquisition
Microscope setup for used | channels: GFP;mCherry
2026-07-28 21:08:41,205 INFO [947/1845] Dataset 1392: 20191201_galpal_induction_fixed_B9_01
2026-07-28 21:08:41,212 INFO   Reading metadata annotations...
2026-07-28 21:08:41,385 INFO   Classifying metadata...
2026-07-28 21:08:44,224 INFO   -> fluor: YES | tf_loc: NO | tps: 360 | tf: UNKNOWN | condition: Aim:   See induction of IMA1 in GFP and mCherry strains Strain:  229 (by4741), 1121, 1127 Comments:   Cells in 2% palatinose from shortly before the start of the acquisition
Microscope setup for used | channels: GFP;mCherry
2026-07-28 21:08:44,424 INFO [948/1845] Dataset 1393: 20191201_galpal_induction_fixed_B9_02
2026-07-28 21:08:44,437 INFO   Reading metadata annotations...
2026-07-28 21:08:44,687 INFO   Classifying metadata...
2026-07-28 21:08:48,779 INFO   -> fluor: YES | tf_loc: NO | tps: 360 | tf: UNKNOWN | condition: Aim:   See induction of IMA1 in GFP and mCherry strains Strain:  229 (by4741), 1121, 1127 Comments:   Cells in 2% palatinose from shortly before the start of the acquisition
Microscope setup for used | channels: GFP;mCherry
2026-07-28 21:08:48,980 INFO [949/1845] Dataset 2622: 3MSorb_smoothRamp_tet0ug_wt_ste11_ssk1_03
2026-07-28 21:08:48,993 INFO   Reading metadata annotations...
2026-07-28 21:08:49,389 WARNING   Truncated large annotation(s): 1.3msorb_smoothramp_tet0ug_wt_ste11_ssk1log.txt
2026-07-28 21:08:49,390 INFO   Classifying metadata...
2026-07-28 21:08:53,973 INFO   -> fluor: YES | tf_loc: YES | tps: 250 | tf: Ssk1 | condition: Aim:   Strain:  Comments:
Omero project:
Default project
Omero tags:
14-Dec-2016,Batgirl,
PFS is locked
Experiment started at:14-Dec-2016 15:13:21 | channels: GFP;cy5
2026-07-28 21:08:54,175 INFO [950/1845] Dataset 2623: _msn2_dot6_whi5_sfp1_mig1_02
2026-07-28 21:08:54,188 INFO   Reading metadata annotations...
2026-07-28 21:08:54,746 WARNING   Truncated large annotation(s): 0.1%_msn2_dot6_whi5_sfp1_mig1log.txt
2026-07-28 21:08:54,746 INFO   Classifying metadata...
2026-07-28 21:08:59,954 INFO   -> fluor: YES | tf_loc: YES | tps: 240 | tf: Msn2;Dot6;Whi5;Sfp1;Mig1 | condition: Aim:   Strain:  Comments:
Omero project:
Default project
Omero tags:
24-Aug-2016,Batgirl,
PFS is locked
Experiment started at:24-Aug-2016 16:23:08 | channels: GFP
2026-07-28 21:09:00,155 INFO [951/1845] Dataset 2775: KCl_shock0_3v_01
2026-07-28 21:09:00,161 INFO   Reading metadata annotations...
2026-07-28 21:09:00,281 INFO   Classifying metadata...
2026-07-28 21:09:03,178 INFO   -> fluor: YES | tf_loc: NO | tps: 240 | tf: UNKNOWN | condition: 2% glucose to 2% glucose + 0.2M KCl | channels: GFPFast;cy5
2026-07-28 21:09:03,378 INFO [952/1845] Dataset 2776: KCl_shock0_3v_04
2026-07-28 21:09:03,390 INFO   Reading metadata annotations...
2026-07-28 21:09:03,755 WARNING   Truncated large annotation(s): kcl_shock0_3vlog.txt
2026-07-28 21:09:03,755 INFO   Classifying metadata...
2026-07-28 21:09:10,652 INFO   -> fluor: YES | tf_loc: NO | tps: 240 | tf: UNKNOWN | condition: 2% glucose to 2% glucose + 0.2 M KCl | channels: GFPFast;cy5;pHluorin405
2026-07-28 21:09:10,852 INFO [953/1845] Dataset 2819: Ramp_2to0pGlc_5h_cAMP_00
2026-07-28 21:09:10,859 INFO   Reading metadata annotations...
2026-07-28 21:09:10,999 WARNING   Truncated large annotation(s): ramp_2to0pglc_5h_camp.log
2026-07-28 21:09:10,999 INFO   Classifying metadata...
2026-07-28 21:09:17,598 INFO   -> fluor: YES | tf_loc: NO | tps: 192 | tf: UNKNOWN | condition: 2% glucose to 0% glucose | channels: mTurquoise2;tdTomatoFRET;cy5
2026-07-28 21:09:17,798 INFO [954/1845] Dataset 2820: Gal2_localization_IC21_10hSigmoid_00
2026-07-28 21:09:17,810 INFO   Reading metadata annotations...
2026-07-28 21:09:18,015 WARNING   Truncated large annotation(s): gal2_localization_ic21_10hsigmoid.log
2026-07-28 21:09:18,015 INFO   Classifying metadata...
2026-07-28 21:09:23,717 INFO   -> fluor: YES | tf_loc: NO | tps: 204 | tf: UNKNOWN | condition: constant galactose + mannose sigmoid decay to low mannose | channels: GFP_Z;GFP;cy5
2026-07-28 21:09:23,917 INFO [955/1845] Dataset 2835: Gal2_localization_IC21_10hSigmoid_2_01
2026-07-28 21:09:23,930 INFO   Reading metadata annotations...
2026-07-28 21:09:24,126 WARNING   Truncated large annotation(s): gal2_localization_ic21_10hsigmoid_2.log
2026-07-28 21:09:24,126 INFO   Classifying metadata...
2026-07-28 21:09:30,457 INFO   -> fluor: YES | tf_loc: NO | tps: 204 | tf: UNKNOWN | condition: Aim: Investigate Gal2 and tom70 preCox4 response to constant Galactose + 10h sigmoid decay in mannose concentration in IC21 (5 chambers + serpentine). | channels: GFP_Z;GFP;cy5;mCherry_Z;mCherry
2026-07-28 21:09:30,657 INFO [956/1845] Dataset 2837: RM11_WT_media_switch_Cy5_YNB_00
2026-07-28 21:09:30,664 INFO   Reading metadata annotations...
2026-07-28 21:09:30,816 WARNING   Truncated large annotation(s): rm11_wt_media_switch_cy5_ynb.log
2026-07-28 21:09:30,816 INFO   Classifying metadata...
2026-07-28 21:09:36,023 INFO   -> fluor: YES | tf_loc: NO | tps: 180 | tf: UNKNOWN | condition: YNB +2% glucose without Cy5 to YNB +2% glucose with Cy5 | channels: cy5
2026-07-28 21:09:36,223 INFO [957/1845] Dataset 2838: pyruvate_NADH_RPL3_SC_10ms_00
2026-07-28 21:09:36,236 INFO   Reading metadata annotations...
2026-07-28 21:09:36,442 WARNING   Truncated large annotation(s): pyruvate_nadh_rpl3_sc_10ms.log
2026-07-28 21:09:36,443 INFO   Classifying metadata...
2026-07-28 21:09:41,478 INFO   -> fluor: YES | tf_loc: NO | tps: 180 | tf: UNKNOWN | condition: Experiment details: Look for correlation in ribosome protein level with the metabolic oscillations. | channels: GFP_Z;GFP;NADH
2026-07-28 21:09:41,679 INFO [958/1845] Dataset 2839: Ardra_mutants_20h_00
2026-07-28 21:09:41,686 INFO   Reading metadata annotations...
2026-07-28 21:09:41,848 WARNING   Truncated large annotation(s): ardra_mutants_20h.log
2026-07-28 21:09:41,848 INFO   Classifying metadata...
2026-07-28 21:09:48,163 INFO   -> fluor: YES | tf_loc: NO | tps: 600 | tf: UNKNOWN | condition: 2.5ug/ml nocodazole to no drug | channels: GFP_Z;GFP;cy5
2026-07-28 21:09:48,363 INFO [959/1845] Dataset 2840: Ardra_mutants_20h_00
2026-07-28 21:09:48,376 INFO   Reading metadata annotations...
2026-07-28 21:09:48,567 WARNING   Truncated large annotation(s): ardra_mutants_20h.log
2026-07-28 21:09:48,567 INFO   Classifying metadata...
2026-07-28 21:09:54,411 INFO   -> fluor: YES | tf_loc: NO | tps: 600 | tf: UNKNOWN | condition: 2.5ug/ml nocodazole to no drug | channels: GFP_Z;GFP;cy5
2026-07-28 21:09:54,612 INFO [960/1845] Dataset 2841: TFScreen_plate1_BC_plate2E_00
2026-07-28 21:09:54,625 INFO   Reading metadata annotations...
2026-07-28 21:09:54,856 WARNING   Truncated large annotation(s): tfscreen_plate1_bc_plate2e.log
2026-07-28 21:09:54,856 INFO   Classifying metadata...
2026-07-28 21:10:00,711 INFO   -> fluor: YES | tf_loc: YES | tps: 24 | tf: UNKNOWN | condition: 2% to 0% glucose in SC | channels: GFP_Z;GFP;cy5
2026-07-28 21:10:00,912 INFO [961/1845] Dataset 2842: TFScreen_plate1_BC_plate2E_00
2026-07-28 21:10:00,919 INFO   Reading metadata annotations...
2026-07-28 21:10:01,087 WARNING   Truncated large annotation(s): tfscreen_plate1_bc_plate2e.log
2026-07-28 21:10:01,087 INFO   Classifying metadata...
2026-07-28 21:10:06,314 INFO   -> fluor: YES | tf_loc: YES | tps: 24 | tf: UNKNOWN | condition: 2% to 0% glucose in SC | channels: GFP_Z;GFP;cy5
2026-07-28 21:10:06,514 INFO [962/1845] Dataset 2843: TFScreen_plate1_AB_00
2026-07-28 21:10:06,527 INFO   Reading metadata annotations...
2026-07-28 21:10:06,778 WARNING   Truncated large annotation(s): tfscreen_plate1_ab.log
2026-07-28 21:10:06,778 INFO   Classifying metadata...
2026-07-28 21:10:09,873 INFO   -> fluor: YES | tf_loc: YES | tps: 24 | tf: Rfx1;Reb1;Rph1;Lys14;Ecm22;Bas1;Mbp1;Pip2;Pdr3;Fhl1;Dal81;Asg1;Aro80;Azf1;Fkh2;Gis1;Leu3;Rsc3;Upc2;Zap1 | condition: 2% to 0% glucose in SC | channels: GFP_Z;GFP;cy5
2026-07-28 21:10:10,073 INFO [963/1845] Dataset 2844: TFScreen_plate2_00
2026-07-28 21:10:10,080 INFO   Reading metadata annotations...
2026-07-28 21:10:10,267 WARNING   Truncated large annotation(s): tfscreen_plate2.log
2026-07-28 21:10:10,268 INFO   Classifying metadata...
2026-07-28 21:10:13,394 INFO   -> fluor: YES | tf_loc: YES | tps: 24 | tf: Ixr1;Mot2;Hcm1;Ndd1;Pho2;Stp1;Stb3;Fkh1;Mot3;Stp4;Tec1;Stb1;Ino4;Nhp6b;Hap3;Met32;Hac1;Tye7;Hap2;Hap5 | condition: 2% to 0% glucose in SC | channels: GFP_Z;GFP;cy5
2026-07-28 21:10:13,594 INFO [964/1845] Dataset 2845: Tom70_preCox4_MAN_GAL_00
2026-07-28 21:10:13,603 INFO   Reading metadata annotations...
2026-07-28 21:10:13,805 WARNING   Truncated large annotation(s): tom70_precox4_man_gal.log
2026-07-28 21:10:13,805 INFO   Classifying metadata...
2026-07-28 21:10:19,571 INFO   -> fluor: YES | tf_loc: NO | tps: 180 | tf: UNKNOWN | condition: Experiment details: localization Tom70 and PreCox4 in different sugars (man, gal, eth, glu at 1.5%) to see if cells are respiring in galactose and mannose is affecting respiration in the mixture | channels: GFP_Z;GFP;mCherry_Z;mCherry
2026-07-28 21:10:19,772 INFO [965/1845] Dataset 2846: IIv3_MAN_Glu_Pyr_GAL_01
2026-07-28 21:10:19,784 INFO   Reading metadata annotations...
2026-07-28 21:10:19,962 WARNING   Truncated large annotation(s): iiv3_man_glu_pyr_gal.log
2026-07-28 21:10:19,962 INFO   Classifying metadata...
2026-07-28 21:10:25,899 INFO   -> fluor: YES | tf_loc: NO | tps: 180 | tf: UNKNOWN | condition: Experiment details: mitochondrial morphology using IIV3 reporter in different sugars (man, glu, pyr, gal at 1.5%) to see if cells have different morphology for different sugars | channels: mCherry_Z;mCherry
2026-07-28 21:10:26,099 INFO [966/1845] Dataset 1394: 20191201_galpal_induction_fixed_B9_03
2026-07-28 21:10:26,112 INFO   Reading metadata annotations...
2026-07-28 21:10:26,407 INFO   Classifying metadata...
2026-07-28 21:10:29,296 INFO   -> fluor: YES | tf_loc: NO | tps: 360 | tf: UNKNOWN | condition: Aim:   See induction of IMA1 in GFP and mCherry strains Strain:  229 (by4741), 1121, 1127 Comments:   Cells in 2% palatinose from shortly before the start of the acquisition
Microscope setup for used | channels: GFP;mCherry
2026-07-28 21:10:29,497 INFO [967/1845] Dataset 1395: 20191201_galpal_induction_fixed_B9_04
2026-07-28 21:10:29,509 INFO   Reading metadata annotations...
2026-07-28 21:10:29,747 INFO   Classifying metadata...
2026-07-28 21:10:32,895 INFO   -> fluor: YES | tf_loc: NO | tps: 360 | tf: UNKNOWN | condition: Aim:   See induction of IMA1 in GFP and mCherry strains Strain:  229 (by4741), 1121, 1127 Comments:   Cells in 2% palatinose from shortly before the start of the acquisition
Microscope setup for used | channels: GFP;mCherry
2026-07-28 21:10:33,096 INFO [968/1845] Dataset 1396: 20191201_galpal_induction_fixed_B9_05
2026-07-28 21:10:33,108 INFO   Reading metadata annotations...
2026-07-28 21:10:33,350 INFO   Classifying metadata...
2026-07-28 21:10:36,149 INFO   -> fluor: YES | tf_loc: NO | tps: 360 | tf: UNKNOWN | condition: Aim:   See induction of IMA1 in GFP and mCherry strains Strain:  229 (by4741), 1121, 1127 Comments:   Cells in 2% palatinose from shortly before the start of the acquisition
Microscope setup for used | channels: GFP;mCherry
2026-07-28 21:10:36,349 INFO [969/1845] Dataset 1397: 20191201_galpal_induction_fixed_B9_06
2026-07-28 21:10:36,362 INFO   Reading metadata annotations...
2026-07-28 21:10:36,636 INFO   Classifying metadata...
2026-07-28 21:10:39,805 INFO   -> fluor: YES | tf_loc: NO | tps: 360 | tf: UNKNOWN | condition: Aim:   See induction of IMA1 in GFP and mCherry strains Strain:  229 (by4741), 1121, 1127 Comments:   Cells in 2% palatinose from shortly before the start of the acquisition
Microscope setup for used | channels: GFP;mCherry
2026-07-28 21:10:40,005 INFO [970/1845] Dataset 1398: 20191201_galpal_induction_fixed_B9_07
2026-07-28 21:10:40,012 INFO   Reading metadata annotations...
2026-07-28 21:10:40,133 INFO   Classifying metadata...
2026-07-28 21:10:42,861 INFO   -> fluor: YES | tf_loc: NO | tps: 360 | tf: UNKNOWN | condition: Aim:   See induction of IMA1 in GFP and mCherry strains Strain:  229 (by4741), 1121, 1127 Comments:   Cells in 2% palatinose from shortly before the start of the acquisition
Microscope setup for used | channels: GFP;mCherry
2026-07-28 21:10:43,062 INFO [971/1845] Dataset 1399: 20191201_galpal_induction_fixed_B9_08
2026-07-28 21:10:43,074 INFO   Reading metadata annotations...
2026-07-28 21:10:43,356 INFO   Classifying metadata...
2026-07-28 21:10:46,248 INFO   -> fluor: YES | tf_loc: NO | tps: 360 | tf: UNKNOWN | condition: Aim:   See induction of IMA1 in GFP and mCherry strains Strain:  229 (by4741), 1121, 1127 Comments:   Cells in 2% palatinose from shortly before the start of the acquisition
Microscope setup for used | channels: GFP;mCherry
2026-07-28 21:10:46,448 INFO [972/1845] Dataset 1400: 20191201_galpal_induction_fixed_B9_09
2026-07-28 21:10:46,461 INFO   Reading metadata annotations...
2026-07-28 21:10:46,705 INFO   Classifying metadata...
2026-07-28 21:10:49,658 INFO   -> fluor: YES | tf_loc: NO | tps: 360 | tf: UNKNOWN | condition: Aim:   See induction of IMA1 in GFP and mCherry strains Strain:  229 (by4741), 1121, 1127 Comments:   Cells in 2% palatinose from shortly before the start of the acquisition
Microscope setup for used | channels: GFP;mCherry
2026-07-28 21:10:49,858 INFO [973/1845] Dataset 1401: 20191201_galpal_induction_fixed_B9_10
2026-07-28 21:10:49,871 INFO   Reading metadata annotations...
2026-07-28 21:10:50,064 INFO   Classifying metadata...
2026-07-28 21:10:53,287 INFO   -> fluor: YES | tf_loc: NO | tps: 360 | tf: UNKNOWN | condition: Aim:   See induction of IMA1 in GFP and mCherry strains Strain:  229 (by4741), 1121, 1127 Comments:   Cells in 2% palatinose from shortly before the start of the acquisition
Microscope setup for used | channels: GFP;mCherry
2026-07-28 21:10:53,487 INFO [974/1845] Dataset 1402: 20191201_galpal_induction_fixed_B9_11
2026-07-28 21:10:53,500 INFO   Reading metadata annotations...
2026-07-28 21:10:53,783 INFO   Classifying metadata...
2026-07-28 21:10:57,323 INFO   -> fluor: YES | tf_loc: NO | tps: 360 | tf: UNKNOWN | condition: Aim:   See induction of IMA1 in GFP and mCherry strains Strain:  229 (by4741), 1121, 1127 Comments:   Cells in 2% palatinose from shortly before the start of the acquisition
Microscope setup for used | channels: GFP;mCherry
2026-07-28 21:10:57,524 INFO [975/1845] Dataset 1403: 20191201_galpal_induction_fixed_C1_00
2026-07-28 21:10:57,536 INFO   Reading metadata annotations...
2026-07-28 21:10:57,837 INFO   Classifying metadata...
2026-07-28 21:11:00,679 INFO   -> fluor: YES | tf_loc: NO | tps: 360 | tf: UNKNOWN | condition: Aim:   See induction of IMA1 in GFP and mCherry strains Strain:  229 (by4741), 1121, 1127 Comments:   Cells in 2% palatinose from shortly before the start of the acquisition
Microscope setup for used | channels: GFP;mCherry
2026-07-28 21:11:00,879 INFO [976/1845] Dataset 1404: 20191201_galpal_induction_fixed_C1_01
2026-07-28 21:11:00,887 INFO   Reading metadata annotations...
2026-07-28 21:11:01,028 INFO   Classifying metadata...
2026-07-28 21:11:03,950 INFO   -> fluor: YES | tf_loc: NO | tps: 360 | tf: UNKNOWN | condition: Aim:   See induction of IMA1 in GFP and mCherry strains Strain:  229 (by4741), 1121, 1127 Comments:   Cells in 2% palatinose from shortly before the start of the acquisition
Microscope setup for used | channels: GFP;mCherry
2026-07-28 21:11:04,150 INFO [977/1845] Dataset 1405: 20191201_galpal_induction_fixed_C1_02
2026-07-28 21:11:04,163 INFO   Reading metadata annotations...
2026-07-28 21:11:04,447 INFO   Classifying metadata...
2026-07-28 21:11:07,523 INFO   -> fluor: YES | tf_loc: NO | tps: 360 | tf: UNKNOWN | condition: Aim:   See induction of IMA1 in GFP and mCherry strains Strain:  229 (by4741), 1121, 1127 Comments:   Cells in 2% palatinose from shortly before the start of the acquisition
Microscope setup for used | channels: GFP;mCherry
2026-07-28 21:11:07,723 INFO [978/1845] Dataset 1406: 20191201_galpal_induction_fixed_C1_03
2026-07-28 21:11:07,736 INFO   Reading metadata annotations...
2026-07-28 21:11:08,015 INFO   Classifying metadata...
2026-07-28 21:11:10,998 INFO   -> fluor: YES | tf_loc: NO | tps: 360 | tf: UNKNOWN | condition: Aim:   See induction of IMA1 in GFP and mCherry strains Strain:  229 (by4741), 1121, 1127 Comments:   Cells in 2% palatinose from shortly before the start of the acquisition
Microscope setup for used | channels: GFP;mCherry
2026-07-28 21:11:11,198 INFO [979/1845] Dataset 1407: 20191201_galpal_induction_fixed_C1_04
2026-07-28 21:11:11,206 INFO   Reading metadata annotations...
2026-07-28 21:11:11,362 INFO   Classifying metadata...
2026-07-28 21:11:14,354 INFO   -> fluor: YES | tf_loc: NO | tps: 360 | tf: UNKNOWN | condition: Aim:   See induction of IMA1 in GFP and mCherry strains Strain:  229 (by4741), 1121, 1127 Comments:   Cells in 2% palatinose from shortly before the start of the acquisition
Microscope setup for used | channels: GFP;mCherry
2026-07-28 21:11:14,554 INFO [980/1845] Dataset 1408: 20191201_galpal_induction_fixed_C1_05
2026-07-28 21:11:14,566 INFO   Reading metadata annotations...
2026-07-28 21:11:14,831 INFO   Classifying metadata...
2026-07-28 21:11:17,912 INFO   -> fluor: YES | tf_loc: NO | tps: 360 | tf: UNKNOWN | condition: Aim:   See induction of IMA1 in GFP and mCherry strains Strain:  229 (by4741), 1121, 1127 Comments:   Cells in 2% palatinose from shortly before the start of the acquisition
Microscope setup for used | channels: GFP;mCherry
2026-07-28 21:11:18,112 INFO [981/1845] Dataset 1409: 20191201_galpal_induction_fixed_C1_06
2026-07-28 21:11:18,124 INFO   Reading metadata annotations...
2026-07-28 21:11:18,353 INFO   Classifying metadata...
2026-07-28 21:11:22,176 INFO   -> fluor: YES | tf_loc: NO | tps: 360 | tf: UNKNOWN | condition: Aim:   See induction of IMA1 in GFP and mCherry strains Strain:  229 (by4741), 1121, 1127 Comments:   Cells in 2% palatinose from shortly before the start of the acquisition
Microscope setup for used | channels: GFP;mCherry
2026-07-28 21:11:22,377 INFO [982/1845] Dataset 1410: 20191201_galpal_induction_fixed_C1_07
2026-07-28 21:11:22,384 INFO   Reading metadata annotations...
2026-07-28 21:11:22,540 INFO   Classifying metadata...
2026-07-28 21:11:27,450 INFO   -> fluor: YES | tf_loc: NO | tps: 360 | tf: UNKNOWN | condition: Aim:   See induction of IMA1 in GFP and mCherry strains Strain:  229 (by4741), 1121, 1127 Comments:   Cells in 2% palatinose from shortly before the start of the acquisition
Microscope setup for used | channels: GFP;mCherry
2026-07-28 21:11:27,651 INFO [983/1845] Dataset 1411: 20191201_galpal_induction_fixed_C1_08
2026-07-28 21:11:27,664 INFO   Reading metadata annotations...
2026-07-28 21:11:27,923 INFO   Classifying metadata...
2026-07-28 21:11:30,622 INFO   -> fluor: YES | tf_loc: NO | tps: 360 | tf: UNKNOWN | condition: Aim:   See induction of IMA1 in GFP and mCherry strains Strain:  229 (by4741), 1121, 1127 Comments:   Cells in 2% palatinose from shortly before the start of the acquisition
Microscope setup for used | channels: GFP;mCherry
2026-07-28 21:11:30,823 INFO [984/1845] Dataset 1412: 20191201_galpal_induction_fixed_C1_09
2026-07-28 21:11:30,830 INFO   Reading metadata annotations...
2026-07-28 21:11:30,972 INFO   Classifying metadata...
2026-07-28 21:11:34,124 INFO   -> fluor: YES | tf_loc: NO | tps: 360 | tf: UNKNOWN | condition: Aim:   See induction of IMA1 in GFP and mCherry strains Strain:  229 (by4741), 1121, 1127 Comments:   Cells in 2% palatinose from shortly before the start of the acquisition
Microscope setup for used | channels: GFP;mCherry
2026-07-28 21:11:34,324 INFO [985/1845] Dataset 1413: 20191201_galpal_induction_fixed_D11_00
2026-07-28 21:11:34,337 INFO   Reading metadata annotations...
2026-07-28 21:11:34,629 INFO   Classifying metadata...
2026-07-28 21:11:37,697 INFO   -> fluor: YES | tf_loc: NO | tps: 360 | tf: UNKNOWN | condition: Aim:   See induction of IMA1 in GFP and mCherry strains Strain:  229 (by4741), 1121, 1127 Comments:   Cells in 2% palatinose from shortly before the start of the acquisition
Microscope setup for used | channels: GFP;mCherry
2026-07-28 21:11:37,897 INFO [986/1845] Dataset 1414: 20191201_galpal_induction_fixed_D11_01
2026-07-28 21:11:37,910 INFO   Reading metadata annotations...
2026-07-28 21:11:38,219 INFO   Classifying metadata...
2026-07-28 21:11:41,289 INFO   -> fluor: YES | tf_loc: NO | tps: 360 | tf: UNKNOWN | condition: Aim:   See induction of IMA1 in GFP and mCherry strains Strain:  229 (by4741), 1121, 1127 Comments:   Cells in 2% palatinose from shortly before the start of the acquisition
Microscope setup for used | channels: GFP;mCherry
2026-07-28 21:11:41,490 INFO [987/1845] Dataset 1415: 20191201_galpal_induction_fixed_D11_02
2026-07-28 21:11:41,495 INFO   Reading metadata annotations...
2026-07-28 21:11:41,634 INFO   Classifying metadata...
2026-07-28 21:11:44,525 INFO   -> fluor: YES | tf_loc: NO | tps: 360 | tf: UNKNOWN | condition: Aim:   See induction of IMA1 in GFP and mCherry strains Strain:  229 (by4741), 1121, 1127 Comments:   Cells in 2% palatinose from shortly before the start of the acquisition
Microscope setup for used | channels: GFP;mCherry
2026-07-28 21:11:44,726 INFO [988/1845] Dataset 1416: 20191201_galpal_induction_fixed_D11_03
2026-07-28 21:11:44,739 INFO   Reading metadata annotations...
2026-07-28 21:11:45,028 INFO   Classifying metadata...
2026-07-28 21:11:47,753 INFO   -> fluor: YES | tf_loc: NO | tps: 360 | tf: UNKNOWN | condition: Aim:   See induction of IMA1 in GFP and mCherry strains Strain:  229 (by4741), 1121, 1127 Comments:   Cells in 2% palatinose from shortly before the start of the acquisition
Microscope setup for used | channels: GFP;mCherry
2026-07-28 21:11:47,953 INFO [989/1845] Dataset 1417: 20191201_galpal_induction_fixed_D11_04
2026-07-28 21:11:47,966 INFO   Reading metadata annotations...
2026-07-28 21:11:48,249 INFO   Classifying metadata...
2026-07-28 21:11:51,087 INFO   -> fluor: YES | tf_loc: NO | tps: 360 | tf: UNKNOWN | condition: Aim:   See induction of IMA1 in GFP and mCherry strains Strain:  229 (by4741), 1121, 1127 Comments:   Cells in 2% palatinose from shortly before the start of the acquisition
Microscope setup for used | channels: GFP;mCherry
2026-07-28 21:11:51,287 INFO [990/1845] Dataset 1418: 20191201_galpal_induction_fixed_D11_05
2026-07-28 21:11:51,293 INFO   Reading metadata annotations...
2026-07-28 21:11:51,437 INFO   Classifying metadata...
2026-07-28 21:11:55,358 INFO   -> fluor: YES | tf_loc: NO | tps: 360 | tf: UNKNOWN | condition: Aim:   See induction of IMA1 in GFP and mCherry strains Strain:  229 (by4741), 1121, 1127 Comments:   Cells in 2% palatinose from shortly before the start of the acquisition
Microscope setup for used | channels: GFP;mCherry
2026-07-28 21:11:55,558 INFO [991/1845] Dataset 1501: BY4741_snapshot_00
2026-07-28 21:11:55,569 INFO   Reading metadata annotations...
2026-07-28 21:11:55,863 INFO   Classifying metadata...
2026-07-28 21:11:58,721 INFO   -> fluor: YES | tf_loc: NO | tps: 480 | tf: UNKNOWN | condition: palatinose to glucose | channels: GFP;mCherry
2026-07-28 21:11:58,922 INFO [992/1845] Dataset 2644: 7_76_00
2026-07-28 21:11:58,935 INFO   Reading metadata annotations...
2026-07-28 21:11:59,171 INFO   Classifying metadata...
2026-07-28 21:12:02,764 INFO   -> fluor: YES | tf_loc: NO | tps: 180 | tf: UNKNOWN | condition: Aim:   pHluorin calibration Strain:  247 Comments:
Microscope setup for used channels:
GFPFast:
470nm LED
->Combiner cube:[480/40 exciter, 515LP dichroic->(455LP dichroic)]
->Filter block:[Dual G | channels: GFPFast;pHluorin405
2026-07-28 21:12:02,964 INFO [993/1845] Dataset 1419: 20191201_galpal_induction_fixed_D11_06
2026-07-28 21:12:02,976 INFO   Reading metadata annotations...
2026-07-28 21:12:03,128 INFO   Classifying metadata...
2026-07-28 21:12:06,560 INFO   -> fluor: YES | tf_loc: NO | tps: 360 | tf: UNKNOWN | condition: Aim:   See induction of IMA1 in GFP and mCherry strains Strain:  229 (by4741), 1121, 1127 Comments:   Cells in 2% palatinose from shortly before the start of the acquisition
Microscope setup for used | channels: GFP;mCherry
2026-07-28 21:12:06,760 INFO [994/1845] Dataset 1420: 20191201_galpal_induction_fixed_D11_07
2026-07-28 21:12:06,773 INFO   Reading metadata annotations...
2026-07-28 21:12:06,996 INFO   Classifying metadata...
2026-07-28 21:12:09,935 INFO   -> fluor: YES | tf_loc: NO | tps: 360 | tf: UNKNOWN | condition: Aim:   See induction of IMA1 in GFP and mCherry strains Strain:  229 (by4741), 1121, 1127 Comments:   Cells in 2% palatinose from shortly before the start of the acquisition
Microscope setup for used | channels: GFP;mCherry
2026-07-28 21:12:10,136 INFO [995/1845] Dataset 1421: 20191201_galpal_induction_fixed_D11_08
2026-07-28 21:12:10,143 INFO   Reading metadata annotations...
2026-07-28 21:12:10,283 INFO   Classifying metadata...
2026-07-28 21:12:13,157 INFO   -> fluor: YES | tf_loc: NO | tps: 360 | tf: UNKNOWN | condition: Aim:   See induction of IMA1 in GFP and mCherry strains Strain:  229 (by4741), 1121, 1127 Comments:   Cells in 2% palatinose from shortly before the start of the acquisition
Microscope setup for used | channels: GFP;mCherry
2026-07-28 21:12:13,357 INFO [996/1845] Dataset 1422: 20191201_galpal_induction_fixed_D11_09
2026-07-28 21:12:13,369 INFO   Reading metadata annotations...
2026-07-28 21:12:13,623 INFO   Classifying metadata...
2026-07-28 21:12:16,353 INFO   -> fluor: YES | tf_loc: NO | tps: 360 | tf: UNKNOWN | condition: Aim:   See induction of IMA1 in GFP and mCherry strains Strain:  229 (by4741), 1121, 1127 Comments:   Cells in 2% palatinose from shortly before the start of the acquisition
Microscope setup for used | channels: GFP;mCherry
2026-07-28 21:12:16,554 INFO [997/1845] Dataset 1423: 20191201_galpal_induction_fixed_D12_00
2026-07-28 21:12:16,566 INFO   Reading metadata annotations...
2026-07-28 21:12:16,721 INFO   Classifying metadata...
2026-07-28 21:12:19,791 INFO   -> fluor: YES | tf_loc: NO | tps: 360 | tf: UNKNOWN | condition: Aim:   See induction of IMA1 in GFP and mCherry strains Strain:  229 (by4741), 1121, 1127 Comments:   Cells in 2% palatinose from shortly before the start of the acquisition
Microscope setup for used | channels: GFP;mCherry
2026-07-28 21:12:19,991 INFO [998/1845] Dataset 2624: _dot6_sfp1_msn2_whi5_mig2_01
2026-07-28 21:12:20,005 INFO   Reading metadata annotations...
2026-07-28 21:12:20,285 WARNING   Truncated large annotation(s): 2%_dot6_sfp1_msn2_whi5_mig2log.txt
2026-07-28 21:12:20,285 INFO   Classifying metadata...
2026-07-28 21:12:25,473 INFO   -> fluor: YES | tf_loc: YES | tps: 240 | tf: Dot6;Sfp1;Msn2;Whi5;Mig2 | condition: Aim:   Strain:  Comments:
Omero project:
Default project
Omero tags:
11-Aug-2016,Batgirl,
PFS is locked
Experiment started at:15-Aug-2016 16:17:33 | channels: GFP
2026-07-28 21:12:25,673 INFO [999/1845] Dataset 2777: KCl_shock0_3v_02
2026-07-28 21:12:25,687 INFO   Reading metadata annotations...
2026-07-28 21:12:25,974 INFO   Classifying metadata...
2026-07-28 21:12:29,504 INFO   -> fluor: YES | tf_loc: NO | tps: 240 | tf: UNKNOWN | condition: 2% glucose to 2% glucose + 0.2M KCl | channels: GFPFast;cy5;pHluorin405
2026-07-28 21:12:29,704 INFO [1000/1845] Dataset 2778: albicans_SC_00
2026-07-28 21:12:29,717 INFO   Reading metadata annotations...
2026-07-28 21:12:30,048 WARNING   Truncated large annotation(s): albicans_sclog.txt
2026-07-28 21:12:30,048 INFO   Classifying metadata...
2026-07-28 21:12:36,593 INFO   -> fluor: YES | tf_loc: NO | tps: 180 | tf: UNKNOWN | condition: Aim:   Candida albicans imaging in synthetic media Strain: YM24   Comments: Media is SC+ glucose with BSA and 0.04% TWEEN
Microscope setup for used channels:
Brightfield:
White LED
->(Polariser +  | channels: GFP
2026-07-28 21:12:36,793 INFO [1001/1845] Dataset 2779: fy4_control_00
2026-07-28 21:12:36,806 INFO   Reading metadata annotations...
2026-07-28 21:12:36,983 INFO   Classifying metadata...
2026-07-28 21:12:40,679 INFO   -> fluor: YES | tf_loc: NO | tps: 180 | tf: UNKNOWN | condition: Aim:  expression test Strain: 1553  Comments:
Microscope setup for used channels:
Citrine:
470nm LED
->Combiner cube:[,  495lp dichroic->(425LP dichroic)]
->Filter block:[No exciter, Triple dichr | channels: Citrine
2026-07-28 21:12:40,880 INFO [1002/1845] Dataset 2780: fy4_control_01
2026-07-28 21:12:40,887 INFO   Reading metadata annotations...
2026-07-28 21:12:40,974 INFO   Classifying metadata...
2026-07-28 21:12:43,749 INFO   -> fluor: YES | tf_loc: NO | tps: 180 | tf: UNKNOWN | condition: Aim:  expression test Strain: 1553  Comments:
Microscope setup for used channels:
Citrine:
470nm LED
->Combiner cube:[,  495lp dichroic->(425LP dichroic)]
->Filter block:[No exciter, Triple dichr | channels: Citrine
2026-07-28 21:12:43,949 INFO [1003/1845] Dataset 2781: Mal11mCitrine_2_test_01
2026-07-28 21:12:43,962 INFO   Reading metadata annotations...
2026-07-28 21:12:44,151 INFO   Classifying metadata...
2026-07-28 21:12:47,118 INFO   -> fluor: YES | tf_loc: NO | tps: 180 | tf: UNKNOWN | condition: Aim:  expression test Strain: 1553  Comments:
Microscope setup for used channels:
Citrine:
470nm LED
->Combiner cube:[,  495lp dichroic->(425LP dichroic)]
->Filter block:[No exciter, Triple dichr | channels: Citrine
2026-07-28 21:12:47,318 INFO [1004/1845] Dataset 2782: Mal11mCitrine_fy4_test_01
2026-07-28 21:12:47,331 INFO   Reading metadata annotations...
2026-07-28 21:12:47,526 INFO   Classifying metadata...
2026-07-28 21:12:50,667 INFO   -> fluor: YES | tf_loc: NO | tps: 180 | tf: UNKNOWN | condition: Aim:  expression test Strain: 1553  Comments:
Microscope setup for used channels:
Citrine:
470nm LED
->Combiner cube:[,  495lp dichroic->(425LP dichroic)]
->Filter block:[No exciter, Triple dichr | channels: Citrine
2026-07-28 21:12:50,867 INFO [1005/1845] Dataset 2783: Mal11mCitrine_fy4_test_00
2026-07-28 21:12:50,874 INFO   Reading metadata annotations...
2026-07-28 21:12:50,988 INFO   Classifying metadata...
2026-07-28 21:12:54,082 INFO   -> fluor: YES | tf_loc: NO | tps: 180 | tf: UNKNOWN | condition: Aim:  expression test Strain: 1553  Comments:
Microscope setup for used channels:
Citrine:
470nm LED
->Combiner cube:[,  495lp dichroic->(425LP dichroic)]
->Filter block:[No exciter, Triple dichr | channels: Citrine
2026-07-28 21:12:54,282 INFO [1006/1845] Dataset 2784: Mal11mCitrine_2_test_00
2026-07-28 21:12:54,295 INFO   Reading metadata annotations...
2026-07-28 21:12:54,483 INFO   Classifying metadata...
2026-07-28 21:12:57,755 INFO   -> fluor: YES | tf_loc: NO | tps: 180 | tf: UNKNOWN | condition: Aim:  expression test Strain: 1553  Comments:
Microscope setup for used channels:
Citrine:
470nm LED
->Combiner cube:[,  495lp dichroic->(425LP dichroic)]
->Filter block:[No exciter, Triple dichr | channels: Citrine
2026-07-28 21:12:57,956 INFO [1007/1845] Dataset 2785: albicans_test_01
2026-07-28 21:12:57,969 INFO   Reading metadata annotations...
2026-07-28 21:12:58,228 INFO   Classifying metadata...
2026-07-28 21:13:01,589 INFO   -> fluor: YES | tf_loc: NO | tps: 180 | tf: UNKNOWN | condition: Aim:  Demonstrate microfluidic imaging of C albicans Strain:  VM24 Comments:    C albaicans in Matt Seattle traps (single chamber). | channels: GFP
2026-07-28 21:13:01,789 INFO [1008/1845] Dataset 2786: albicans_test_00
2026-07-28 21:13:01,796 INFO   Reading metadata annotations...
2026-07-28 21:13:01,911 INFO   Classifying metadata...
2026-07-28 21:13:05,022 INFO   -> fluor: YES | tf_loc: NO | tps: 180 | tf: UNKNOWN | condition: Aim:  Demonstrate microfluidic imaging of C albicans Strain:  VM24 Comments:    C albaicans in Matt Seattle traps (single chamber). | channels: GFP
2026-07-28 21:13:05,222 INFO [1009/1845] Dataset 2787: albicans_test_02
2026-07-28 21:13:05,235 INFO   Reading metadata annotations...
2026-07-28 21:13:05,572 WARNING   Truncated large annotation(s): albicans_testlog.txt
2026-07-28 21:13:05,572 INFO   Classifying metadata...
2026-07-28 21:13:12,277 INFO   -> fluor: YES | tf_loc: NO | tps: 180 | tf: UNKNOWN | condition: Aim:  Demonstrate microfluidic imaging of C albicans Strain:  VM24 Comments:    C albaicans in Matt Seattle traps (single chamber). | channels: GFP
2026-07-28 21:13:12,478 INFO [1010/1845] Dataset 2788: MixingTee_rampTest_00
2026-07-28 21:13:12,485 INFO   Reading metadata annotations...
2026-07-28 21:13:12,614 INFO   Classifying metadata...
2026-07-28 21:13:16,997 INFO   -> fluor: YES | tf_loc: NO | tps: 100 | tf: UNKNOWN | condition: Aim:  Test ramping of media using a setup with the upchurch mixing tee. | channels: GFP
2026-07-28 21:13:17,198 INFO [1011/1845] Dataset 2789: switchtest_06417_21_01
2026-07-28 21:13:17,211 INFO   Reading metadata annotations...
2026-07-28 21:13:17,367 INFO   Classifying metadata...
2026-07-28 21:13:22,736 INFO   -> fluor: YES | tf_loc: NO | tps: 180 | tf: UNKNOWN | condition: Aim:   Strain:   Comments:   Standard switching parameters in 3 chamber device set up with Cole Parmer tubing (06417-21)
Microscope setup for used channels:
GFP:
470nm LED
->Combiner cube:[,  495l | channels: GFP
2026-07-28 21:13:22,937 INFO [1012/1845] Dataset 2790: switchtest_06417_21_00
2026-07-28 21:13:22,949 INFO   Reading metadata annotations...
2026-07-28 21:13:23,167 INFO   Classifying metadata...
2026-07-28 21:13:27,732 INFO   -> fluor: YES | tf_loc: NO | tps: 180 | tf: UNKNOWN | condition: Aim:   Strain:   Comments:   Standard switching parameters in 3 chamber device set up with Cole Parmer tubing (06417-21)
Microscope setup for used channels:
GFP:
470nm LED
->Combiner cube:[,  495l | channels: GFP
2026-07-28 21:13:27,932 INFO [1013/1845] Dataset 2791: gal_feedback_01
2026-07-28 21:13:27,945 INFO   Reading metadata annotations...
2026-07-28 21:13:28,442 WARNING   Truncated large annotation(s): gal_feedbacklog.txt
2026-07-28 21:13:28,442 INFO   Classifying metadata...
2026-07-28 21:13:35,390 INFO   -> fluor: YES | tf_loc: NO | tps: 300 | tf: UNKNOWN | condition: 0.5% glucose to 0.5% galactose | channels: cy5;GFP;mCherry
2026-07-28 21:13:35,591 INFO [1014/1845] Dataset 2792: growthfeedback_gal_00
2026-07-28 21:13:35,604 INFO   Reading metadata annotations...
2026-07-28 21:13:35,889 INFO   Classifying metadata...
2026-07-28 21:13:38,784 INFO   -> fluor: YES | tf_loc: NO | tps: 300 | tf: UNKNOWN | condition: 0.5% glucose to 0.5% galactose | channels: cy5;GFP;mCherry
2026-07-28 21:13:38,984 INFO [1015/1845] Dataset 2793: test_00
2026-07-28 21:13:38,997 INFO   Reading metadata annotations...
2026-07-28 21:13:39,230 INFO   Classifying metadata...
2026-07-28 21:13:43,950 INFO   -> fluor: YES | tf_loc: NO | tps: 180 | tf: UNKNOWN | condition: Aim:   Strain:   Comments:   
Microscope setup for used channels:
Cy5:
White LED
->Combiner cube:[ 500lp exciter, ->(495lp and 425lp dichroics)]
->Filter block:[620/60 exciter,660lp dichroic,665l | channels: cy5
2026-07-28 21:13:44,151 INFO [1016/1845] Dataset 1424: 20191201_galpal_induction_fixed_D12_01
2026-07-28 21:13:44,164 INFO   Reading metadata annotations...
2026-07-28 21:13:44,464 INFO   Classifying metadata...
2026-07-28 21:13:47,170 INFO   -> fluor: YES | tf_loc: NO | tps: 360 | tf: UNKNOWN | condition: Aim:   See induction of IMA1 in GFP and mCherry strains Strain:  229 (by4741), 1121, 1127 Comments:   Cells in 2% palatinose from shortly before the start of the acquisition
Microscope setup for used | channels: GFP;mCherry
2026-07-28 21:13:47,370 INFO [1017/1845] Dataset 1425: 20191201_galpal_induction_fixed_D12_02
2026-07-28 21:13:47,383 INFO   Reading metadata annotations...
2026-07-28 21:13:47,675 INFO   Classifying metadata...
2026-07-28 21:13:50,708 INFO   -> fluor: YES | tf_loc: NO | tps: 360 | tf: UNKNOWN | condition: Aim:   See induction of IMA1 in GFP and mCherry strains Strain:  229 (by4741), 1121, 1127 Comments:   Cells in 2% palatinose from shortly before the start of the acquisition
Microscope setup for used | channels: GFP;mCherry
2026-07-28 21:13:50,909 INFO [1018/1845] Dataset 1426: 20191201_galpal_induction_fixed_D12_03
2026-07-28 21:13:50,916 INFO   Reading metadata annotations...
2026-07-28 21:13:51,057 INFO   Classifying metadata...
2026-07-28 21:13:53,801 INFO   -> fluor: YES | tf_loc: NO | tps: 360 | tf: UNKNOWN | condition: Aim:   See induction of IMA1 in GFP and mCherry strains Strain:  229 (by4741), 1121, 1127 Comments:   Cells in 2% palatinose from shortly before the start of the acquisition
Microscope setup for used | channels: GFP;mCherry
2026-07-28 21:13:54,001 INFO [1019/1845] Dataset 1427: 20191201_galpal_induction_fixed_D12_04
2026-07-28 21:13:54,014 INFO   Reading metadata annotations...
2026-07-28 21:13:54,267 INFO   Classifying metadata...
2026-07-28 21:13:57,323 INFO   -> fluor: YES | tf_loc: NO | tps: 360 | tf: UNKNOWN | condition: Aim:   See induction of IMA1 in GFP and mCherry strains Strain:  229 (by4741), 1121, 1127 Comments:   Cells in 2% palatinose from shortly before the start of the acquisition
Microscope setup for used | channels: GFP;mCherry
2026-07-28 21:13:57,523 INFO [1020/1845] Dataset 1428: 20191201_galpal_induction_fixed_D12_05
2026-07-28 21:13:57,536 INFO   Reading metadata annotations...
2026-07-28 21:13:57,811 INFO   Classifying metadata...
2026-07-28 21:14:00,552 INFO   -> fluor: YES | tf_loc: NO | tps: 360 | tf: UNKNOWN | condition: Aim:   See induction of IMA1 in GFP and mCherry strains Strain:  229 (by4741), 1121, 1127 Comments:   Cells in 2% palatinose from shortly before the start of the acquisition
Microscope setup for used | channels: GFP;mCherry
2026-07-28 21:14:00,752 INFO [1021/1845] Dataset 1513: MAL11_GFP_1pc_pal_snapshot_00
2026-07-28 21:14:00,760 INFO   Reading metadata annotations...
2026-07-28 21:14:00,951 INFO   Classifying metadata...
2026-07-28 21:14:03,850 INFO   -> fluor: YES | tf_loc: NO | tps: 288 | tf: UNKNOWN | condition: Aim: Check MAL11:GFP induction and growth in palatinose. | channels: GFP;cy5
2026-07-28 21:14:04,050 INFO [1022/1845] Dataset 1429: 20191201_galpal_induction_fixed_D12_06
2026-07-28 21:14:04,063 INFO   Reading metadata annotations...
2026-07-28 21:14:04,333 INFO   Classifying metadata...
2026-07-28 21:14:07,096 INFO   -> fluor: YES | tf_loc: NO | tps: 360 | tf: UNKNOWN | condition: Aim:   See induction of IMA1 in GFP and mCherry strains Strain:  229 (by4741), 1121, 1127 Comments:   Cells in 2% palatinose from shortly before the start of the acquisition
Microscope setup for used | channels: GFP;mCherry
2026-07-28 21:14:07,296 INFO [1023/1845] Dataset 1430: 20191201_galpal_induction_fixed_D12_07
2026-07-28 21:14:07,308 INFO   Reading metadata annotations...
2026-07-28 21:14:07,602 INFO   Classifying metadata...
2026-07-28 21:14:10,172 INFO   -> fluor: YES | tf_loc: NO | tps: 360 | tf: UNKNOWN | condition: Aim:   See induction of IMA1 in GFP and mCherry strains Strain:  229 (by4741), 1121, 1127 Comments:   Cells in 2% palatinose from shortly before the start of the acquisition
Microscope setup for used | channels: GFP;mCherry
2026-07-28 21:14:10,373 INFO [1024/1845] Dataset 1431: 20191201_galpal_induction_fixed_D12_08
2026-07-28 21:14:10,380 INFO   Reading metadata annotations...
2026-07-28 21:14:10,508 INFO   Classifying metadata...
2026-07-28 21:14:13,210 INFO   -> fluor: YES | tf_loc: NO | tps: 360 | tf: UNKNOWN | condition: Aim:   See induction of IMA1 in GFP and mCherry strains Strain:  229 (by4741), 1121, 1127 Comments:   Cells in 2% palatinose from shortly before the start of the acquisition
Microscope setup for used | channels: GFP;mCherry
2026-07-28 21:14:13,410 INFO [1025/1845] Dataset 1432: 20191201_galpal_induction_fixed_D12_09
2026-07-28 21:14:13,422 INFO   Reading metadata annotations...
2026-07-28 21:14:13,678 INFO   Classifying metadata...
2026-07-28 21:14:16,845 INFO   -> fluor: YES | tf_loc: NO | tps: 360 | tf: UNKNOWN | condition: Aim:   See induction of IMA1 in GFP and mCherry strains Strain:  229 (by4741), 1121, 1127 Comments:   Cells in 2% palatinose from shortly before the start of the acquisition
Microscope setup for used | channels: GFP;mCherry
2026-07-28 21:14:17,045 INFO [1026/1845] Dataset 1433: 20191201_galpal_induction_fixed_D7_00
2026-07-28 21:14:17,057 INFO   Reading metadata annotations...
2026-07-28 21:14:17,248 INFO   Classifying metadata...
2026-07-28 21:14:20,545 INFO   -> fluor: YES | tf_loc: NO | tps: 360 | tf: UNKNOWN | condition: Aim:   See induction of IMA1 in GFP and mCherry strains Strain:  229 (by4741), 1121, 1127 Comments:   Cells in 2% palatinose from shortly before the start of the acquisition
Microscope setup for used | channels: GFP;mCherry
2026-07-28 21:14:20,746 INFO [1027/1845] Dataset 1434: 20191201_galpal_induction_fixed_D7_01
2026-07-28 21:14:20,753 INFO   Reading metadata annotations...
2026-07-28 21:14:20,891 INFO   Classifying metadata...
2026-07-28 21:14:29,201 INFO   -> fluor: YES | tf_loc: NO | tps: 360 | tf: UNKNOWN | condition: Aim:   See induction of IMA1 in GFP and mCherry strains Strain:  229 (by4741), 1121, 1127 Comments:   Cells in 2% palatinose from shortly before the start of the acquisition
Microscope setup for used | channels: GFP;mCherry
2026-07-28 21:14:29,402 INFO [1028/1845] Dataset 1435: 20191201_galpal_induction_fixed_D7_02
2026-07-28 21:14:29,415 INFO   Reading metadata annotations...
2026-07-28 21:14:29,696 INFO   Classifying metadata...
2026-07-28 21:14:34,866 INFO   -> fluor: YES | tf_loc: NO | tps: 360 | tf: UNKNOWN | condition: Aim:   See induction of IMA1 in GFP and mCherry strains Strain:  229 (by4741), 1121, 1127 Comments:   Cells in 2% palatinose from shortly before the start of the acquisition
Microscope setup for used | channels: GFP;mCherry
2026-07-28 21:14:35,067 INFO [1029/1845] Dataset 1436: 20191201_galpal_induction_fixed_D7_03
2026-07-28 21:14:35,080 INFO   Reading metadata annotations...
2026-07-28 21:14:35,254 INFO   Classifying metadata...
2026-07-28 21:14:40,765 INFO   -> fluor: YES | tf_loc: NO | tps: 360 | tf: UNKNOWN | condition: Aim:   See induction of IMA1 in GFP and mCherry strains Strain:  229 (by4741), 1121, 1127 Comments:   Cells in 2% palatinose from shortly before the start of the acquisition
Microscope setup for used | channels: GFP;mCherry
2026-07-28 21:14:40,966 INFO [1030/1845] Dataset 1437: 20191201_galpal_induction_fixed_D7_04
2026-07-28 21:14:40,973 INFO   Reading metadata annotations...
2026-07-28 21:14:41,152 INFO   Classifying metadata...
2026-07-28 21:14:44,714 INFO   -> fluor: YES | tf_loc: NO | tps: 360 | tf: UNKNOWN | condition: Aim:   See induction of IMA1 in GFP and mCherry strains Strain:  229 (by4741), 1121, 1127 Comments:   Cells in 2% palatinose from shortly before the start of the acquisition
Microscope setup for used | channels: GFP;mCherry
2026-07-28 21:14:44,915 INFO [1031/1845] Dataset 1438: 20191201_galpal_induction_fixed_D7_05
2026-07-28 21:14:44,927 INFO   Reading metadata annotations...
2026-07-28 21:14:45,209 INFO   Classifying metadata...
2026-07-28 21:14:51,020 INFO   -> fluor: YES | tf_loc: NO | tps: 360 | tf: UNKNOWN | condition: Aim:   See induction of IMA1 in GFP and mCherry strains Strain:  229 (by4741), 1121, 1127 Comments:   Cells in 2% palatinose from shortly before the start of the acquisition
Microscope setup for used | channels: GFP;mCherry
2026-07-28 21:14:51,221 INFO [1032/1845] Dataset 1439: 20191201_galpal_induction_fixed_D7_06
2026-07-28 21:14:51,229 INFO   Reading metadata annotations...
2026-07-28 21:14:51,372 INFO   Classifying metadata...
2026-07-28 21:14:54,991 INFO   -> fluor: YES | tf_loc: NO | tps: 360 | tf: UNKNOWN | condition: Aim:   See induction of IMA1 in GFP and mCherry strains Strain:  229 (by4741), 1121, 1127 Comments:   Cells in 2% palatinose from shortly before the start of the acquisition
Microscope setup for used | channels: GFP;mCherry
2026-07-28 21:14:55,191 INFO [1033/1845] Dataset 1440: 20191201_galpal_induction_fixed_D7_07
2026-07-28 21:14:55,202 INFO   Reading metadata annotations...
2026-07-28 21:14:55,488 INFO   Classifying metadata...
2026-07-28 21:14:59,221 INFO   -> fluor: YES | tf_loc: NO | tps: 360 | tf: UNKNOWN | condition: Aim:   See induction of IMA1 in GFP and mCherry strains Strain:  229 (by4741), 1121, 1127 Comments:   Cells in 2% palatinose from shortly before the start of the acquisition
Microscope setup for used | channels: GFP;mCherry
2026-07-28 21:14:59,422 INFO [1034/1845] Dataset 1441: 20191201_galpal_induction_fixed_D7_08
2026-07-28 21:14:59,434 INFO   Reading metadata annotations...
2026-07-28 21:14:59,733 INFO   Classifying metadata...
2026-07-28 21:15:02,513 INFO   -> fluor: YES | tf_loc: NO | tps: 360 | tf: UNKNOWN | condition: Aim:   See induction of IMA1 in GFP and mCherry strains Strain:  229 (by4741), 1121, 1127 Comments:   Cells in 2% palatinose from shortly before the start of the acquisition
Microscope setup for used | channels: GFP;mCherry
2026-07-28 21:15:02,714 INFO [1035/1845] Dataset 1442: 20191201_galpal_induction_fixed_D7_09
2026-07-28 21:15:02,721 INFO   Reading metadata annotations...
2026-07-28 21:15:02,936 INFO   Classifying metadata...
2026-07-28 21:15:07,495 INFO   -> fluor: YES | tf_loc: NO | tps: 360 | tf: UNKNOWN | condition: Aim:   See induction of IMA1 in GFP and mCherry strains Strain:  229 (by4741), 1121, 1127 Comments:   Cells in 2% palatinose from shortly before the start of the acquisition
Microscope setup for used | channels: GFP;mCherry
2026-07-28 21:15:07,696 INFO [1036/1845] Dataset 1443: 20191201_galpal_induction_fixed_D9_00
2026-07-28 21:15:07,708 INFO   Reading metadata annotations...
2026-07-28 21:15:07,968 INFO   Classifying metadata...
2026-07-28 21:15:11,020 INFO   -> fluor: YES | tf_loc: NO | tps: 360 | tf: UNKNOWN | condition: Aim:   See induction of IMA1 in GFP and mCherry strains Strain:  229 (by4741), 1121, 1127 Comments:   Cells in 2% palatinose from shortly before the start of the acquisition
Microscope setup for used | channels: GFP;mCherry
2026-07-28 21:15:11,221 INFO [1037/1845] Dataset 1444: 20191201_galpal_induction_fixed_D9_01
2026-07-28 21:15:11,228 INFO   Reading metadata annotations...
2026-07-28 21:15:11,366 INFO   Classifying metadata...
2026-07-28 21:15:13,979 INFO   -> fluor: YES | tf_loc: NO | tps: 360 | tf: UNKNOWN | condition: Aim:   See induction of IMA1 in GFP and mCherry strains Strain:  229 (by4741), 1121, 1127 Comments:   Cells in 2% palatinose from shortly before the start of the acquisition
Microscope setup for used | channels: GFP;mCherry
2026-07-28 21:15:14,180 INFO [1038/1845] Dataset 1445: 20191201_galpal_induction_fixed_D9_02
2026-07-28 21:15:14,191 INFO   Reading metadata annotations...
2026-07-28 21:15:14,448 INFO   Classifying metadata...
2026-07-28 21:15:18,462 INFO   -> fluor: YES | tf_loc: NO | tps: 360 | tf: UNKNOWN | condition: Aim:   See induction of IMA1 in GFP and mCherry strains Strain:  229 (by4741), 1121, 1127 Comments:   Cells in 2% palatinose from shortly before the start of the acquisition
Microscope setup for used | channels: GFP;mCherry
2026-07-28 21:15:18,663 INFO [1039/1845] Dataset 1446: 20191201_galpal_induction_fixed_D9_03
2026-07-28 21:15:18,676 INFO   Reading metadata annotations...
2026-07-28 21:15:18,883 INFO   Classifying metadata...
2026-07-28 21:15:23,130 INFO   -> fluor: YES | tf_loc: NO | tps: 360 | tf: UNKNOWN | condition: Aim:   See induction of IMA1 in GFP and mCherry strains Strain:  229 (by4741), 1121, 1127 Comments:   Cells in 2% palatinose from shortly before the start of the acquisition
Microscope setup for used | channels: GFP;mCherry
2026-07-28 21:15:23,331 INFO [1040/1845] Dataset 1447: 20191201_galpal_induction_fixed_D9_04
2026-07-28 21:15:23,343 INFO   Reading metadata annotations...
2026-07-28 21:15:23,616 INFO   Classifying metadata...
2026-07-28 21:15:28,181 INFO   -> fluor: YES | tf_loc: NO | tps: 360 | tf: UNKNOWN | condition: Aim:   See induction of IMA1 in GFP and mCherry strains Strain:  229 (by4741), 1121, 1127 Comments:   Cells in 2% palatinose from shortly before the start of the acquisition
Microscope setup for used | channels: GFP;mCherry
2026-07-28 21:15:28,382 INFO [1041/1845] Dataset 1448: 20191201_galpal_induction_fixed_D9_05
2026-07-28 21:15:28,394 INFO   Reading metadata annotations...
2026-07-28 21:15:28,649 INFO   Classifying metadata...
2026-07-28 21:15:33,344 INFO   -> fluor: YES | tf_loc: NO | tps: 360 | tf: UNKNOWN | condition: Aim:   See induction of IMA1 in GFP and mCherry strains Strain:  229 (by4741), 1121, 1127 Comments:   Cells in 2% palatinose from shortly before the start of the acquisition
Microscope setup for used | channels: GFP;mCherry
2026-07-28 21:15:33,544 INFO [1042/1845] Dataset 1502: BY4741_snapshot_01
2026-07-28 21:15:33,556 INFO   Reading metadata annotations...
2026-07-28 21:15:33,848 INFO   Classifying metadata...
2026-07-28 21:15:39,330 INFO   -> fluor: YES | tf_loc: NO | tps: 480 | tf: UNKNOWN | condition: palatinose to glucose | channels: GFP;mCherry
2026-07-28 21:15:39,531 INFO [1043/1845] Dataset 1602: B5_Srl1_01
2026-07-28 21:15:39,543 INFO   Reading metadata annotations...
2026-07-28 21:15:39,797 INFO   Classifying metadata...
2026-07-28 21:15:40,654 INFO   -> fluor: YES | tf_loc: YES | tps: 250 | tf: Srl1 | condition: Microscope setup for used channels:
Brightfield:
No light path info in config file. | channels: GFP
2026-07-28 21:15:40,854 INFO [1044/1845] Dataset 1449: 20191201_galpal_induction_fixed_D9_06
2026-07-28 21:15:40,861 INFO   Reading metadata annotations...
2026-07-28 21:15:41,009 INFO   Classifying metadata...
2026-07-28 21:15:46,991 INFO   -> fluor: YES | tf_loc: NO | tps: 360 | tf: UNKNOWN | condition: Aim:   See induction of IMA1 in GFP and mCherry strains Strain:  229 (by4741), 1121, 1127 Comments:   Cells in 2% palatinose from shortly before the start of the acquisition
Microscope setup for used | channels: GFP;mCherry
2026-07-28 21:15:47,191 INFO [1045/1845] Dataset 1450: 20191201_galpal_induction_fixed_D9_07
2026-07-28 21:15:47,204 INFO   Reading metadata annotations...
2026-07-28 21:15:47,487 INFO   Classifying metadata...
2026-07-28 21:15:50,779 INFO   -> fluor: YES | tf_loc: NO | tps: 360 | tf: UNKNOWN | condition: Aim:   See induction of IMA1 in GFP and mCherry strains Strain:  229 (by4741), 1121, 1127 Comments:   Cells in 2% palatinose from shortly before the start of the acquisition
Microscope setup for used | channels: GFP;mCherry
2026-07-28 21:15:50,980 INFO [1046/1845] Dataset 1451: 20191201_galpal_induction_fixed_D9_08
2026-07-28 21:15:50,987 INFO   Reading metadata annotations...
2026-07-28 21:15:51,107 INFO   Classifying metadata...
2026-07-28 21:15:55,461 INFO   -> fluor: YES | tf_loc: NO | tps: 360 | tf: UNKNOWN | condition: Aim:   See induction of IMA1 in GFP and mCherry strains Strain:  229 (by4741), 1121, 1127 Comments:   Cells in 2% palatinose from shortly before the start of the acquisition
Microscope setup for used | channels: GFP;mCherry
2026-07-28 21:15:55,662 INFO [1047/1845] Dataset 1452: 20191201_galpal_induction_fixed_D9_09
2026-07-28 21:15:55,675 INFO   Reading metadata annotations...
2026-07-28 21:15:55,967 INFO   Classifying metadata...
2026-07-28 21:16:00,042 INFO   -> fluor: YES | tf_loc: NO | tps: 360 | tf: UNKNOWN | condition: Aim:   See induction of IMA1 in GFP and mCherry strains Strain:  229 (by4741), 1121, 1127 Comments:   Cells in 2% palatinose from shortly before the start of the acquisition
Microscope setup for used | channels: GFP;mCherry
2026-07-28 21:16:00,242 INFO [1048/1845] Dataset 1453: 20191201_galpal_induction_fixed_E1_00
2026-07-28 21:16:00,249 INFO   Reading metadata annotations...
2026-07-28 21:16:00,389 INFO   Classifying metadata...
2026-07-28 21:16:06,201 INFO   -> fluor: YES | tf_loc: NO | tps: 360 | tf: UNKNOWN | condition: Aim:   See induction of IMA1 in GFP and mCherry strains Strain:  229 (by4741), 1121, 1127 Comments:   Cells in 2% palatinose from shortly before the start of the acquisition
Microscope setup for used | channels: GFP;mCherry
2026-07-28 21:16:06,402 INFO [1049/1845] Dataset 1454: 20191201_galpal_induction_fixed_E1_01
2026-07-28 21:16:06,415 INFO   Reading metadata annotations...
2026-07-28 21:16:06,744 INFO   Classifying metadata...
2026-07-28 21:16:10,376 INFO   -> fluor: YES | tf_loc: NO | tps: 360 | tf: UNKNOWN | condition: Aim:   See induction of IMA1 in GFP and mCherry strains Strain:  229 (by4741), 1121, 1127 Comments:   Cells in 2% palatinose from shortly before the start of the acquisition
Microscope setup for used | channels: GFP;mCherry
2026-07-28 21:16:10,576 INFO [1050/1845] Dataset 1455: 20191201_galpal_induction_fixed_E1_02
2026-07-28 21:16:10,585 INFO   Reading metadata annotations...
2026-07-28 21:16:10,727 INFO   Classifying metadata...
2026-07-28 21:16:16,931 INFO   -> fluor: YES | tf_loc: NO | tps: 360 | tf: UNKNOWN | condition: Aim:   See induction of IMA1 in GFP and mCherry strains Strain:  229 (by4741), 1121, 1127 Comments:   Cells in 2% palatinose from shortly before the start of the acquisition
Microscope setup for used | channels: GFP;mCherry
2026-07-28 21:16:17,131 INFO [1051/1845] Dataset 1456: 20191201_galpal_induction_fixed_E1_03
2026-07-28 21:16:17,144 INFO   Reading metadata annotations...
2026-07-28 21:16:17,295 INFO   Classifying metadata...
2026-07-28 21:16:20,834 INFO   -> fluor: YES | tf_loc: NO | tps: 360 | tf: UNKNOWN | condition: Aim:   See induction of IMA1 in GFP and mCherry strains Strain:  229 (by4741), 1121, 1127 Comments:   Cells in 2% palatinose from shortly before the start of the acquisition
Microscope setup for used | channels: GFP;mCherry
2026-07-28 21:16:21,034 INFO [1052/1845] Dataset 1457: 20191201_galpal_induction_fixed_E1_04
2026-07-28 21:16:21,041 INFO   Reading metadata annotations...
2026-07-28 21:16:21,218 INFO   Classifying metadata...
2026-07-28 21:16:26,551 INFO   -> fluor: YES | tf_loc: NO | tps: 360 | tf: UNKNOWN | condition: Aim:   See induction of IMA1 in GFP and mCherry strains Strain:  229 (by4741), 1121, 1127 Comments:   Cells in 2% palatinose from shortly before the start of the acquisition
Microscope setup for used | channels: GFP;mCherry
2026-07-28 21:16:26,752 INFO [1053/1845] Dataset 1458: 20191201_galpal_induction_fixed_E1_05
2026-07-28 21:16:26,765 INFO   Reading metadata annotations...
2026-07-28 21:16:27,057 INFO   Classifying metadata...
2026-07-28 21:16:30,661 INFO   -> fluor: YES | tf_loc: NO | tps: 360 | tf: UNKNOWN | condition: Aim:   See induction of IMA1 in GFP and mCherry strains Strain:  229 (by4741), 1121, 1127 Comments:   Cells in 2% palatinose from shortly before the start of the acquisition
Microscope setup for used | channels: GFP;mCherry
2026-07-28 21:16:30,861 INFO [1054/1845] Dataset 1459: 20191201_galpal_induction_fixed_E1_06
2026-07-28 21:16:30,869 INFO   Reading metadata annotations...
2026-07-28 21:16:31,000 INFO   Classifying metadata...
2026-07-28 21:16:35,278 INFO   -> fluor: YES | tf_loc: NO | tps: 360 | tf: UNKNOWN | condition: Aim:   See induction of IMA1 in GFP and mCherry strains Strain:  229 (by4741), 1121, 1127 Comments:   Cells in 2% palatinose from shortly before the start of the acquisition
Microscope setup for used | channels: GFP;mCherry
2026-07-28 21:16:35,479 INFO [1055/1845] Dataset 1460: 20191201_galpal_induction_fixed_E1_07
2026-07-28 21:16:35,491 INFO   Reading metadata annotations...
2026-07-28 21:16:35,799 INFO   Classifying metadata...
2026-07-28 21:16:39,804 INFO   -> fluor: YES | tf_loc: NO | tps: 360 | tf: UNKNOWN | condition: Aim:   See induction of IMA1 in GFP and mCherry strains Strain:  229 (by4741), 1121, 1127 Comments:   Cells in 2% palatinose from shortly before the start of the acquisition
Microscope setup for used | channels: GFP;mCherry
2026-07-28 21:16:40,004 INFO [1056/1845] Dataset 1461: 20191201_galpal_induction_fixed_E1_08
2026-07-28 21:16:40,011 INFO   Reading metadata annotations...
2026-07-28 21:16:40,139 INFO   Classifying metadata...
2026-07-28 21:16:43,394 INFO   -> fluor: YES | tf_loc: NO | tps: 360 | tf: UNKNOWN | condition: Aim:   See induction of IMA1 in GFP and mCherry strains Strain:  229 (by4741), 1121, 1127 Comments:   Cells in 2% palatinose from shortly before the start of the acquisition
Microscope setup for used | channels: GFP;mCherry
2026-07-28 21:16:43,594 INFO [1057/1845] Dataset 1462: 20191201_galpal_induction_fixed_E1_09
2026-07-28 21:16:43,606 INFO   Reading metadata annotations...
2026-07-28 21:16:43,883 INFO   Classifying metadata...
2026-07-28 21:16:47,093 INFO   -> fluor: YES | tf_loc: NO | tps: 360 | tf: UNKNOWN | condition: Aim:   See induction of IMA1 in GFP and mCherry strains Strain:  229 (by4741), 1121, 1127 Comments:   Cells in 2% palatinose from shortly before the start of the acquisition
Microscope setup for used | channels: GFP;mCherry
2026-07-28 21:16:47,294 INFO [1058/1845] Dataset 1463: 20191201_galpal_induction_fixed_G3_00
2026-07-28 21:16:47,307 INFO   Reading metadata annotations...
2026-07-28 21:16:47,538 INFO   Classifying metadata...
2026-07-28 21:16:51,833 INFO   -> fluor: YES | tf_loc: NO | tps: 360 | tf: UNKNOWN | condition: Aim:   See induction of IMA1 in GFP and mCherry strains Strain:  229 (by4741), 1121, 1127 Comments:   Cells in 2% palatinose from shortly before the start of the acquisition
Microscope setup for used | channels: GFP;mCherry
2026-07-28 21:16:52,034 INFO [1059/1845] Dataset 1464: 20191201_galpal_induction_fixed_G3_01
2026-07-28 21:16:52,041 INFO   Reading metadata annotations...
2026-07-28 21:16:52,200 INFO   Classifying metadata...
2026-07-28 21:16:56,370 INFO   -> fluor: YES | tf_loc: NO | tps: 360 | tf: UNKNOWN | condition: Aim:   See induction of IMA1 in GFP and mCherry strains Strain:  229 (by4741), 1121, 1127 Comments:   Cells in 2% palatinose from shortly before the start of the acquisition
Microscope setup for used | channels: GFP;mCherry
2026-07-28 21:16:56,571 INFO [1060/1845] Dataset 1465: 20191201_galpal_induction_fixed_G3_02
2026-07-28 21:16:56,583 INFO   Reading metadata annotations...
2026-07-28 21:16:56,858 INFO   Classifying metadata...
2026-07-28 21:16:59,754 INFO   -> fluor: YES | tf_loc: NO | tps: 360 | tf: UNKNOWN | condition: Aim:   See induction of IMA1 in GFP and mCherry strains Strain:  229 (by4741), 1121, 1127 Comments:   Cells in 2% palatinose from shortly before the start of the acquisition
Microscope setup for used | channels: GFP;mCherry
2026-07-28 21:16:59,954 INFO [1061/1845] Dataset 1466: 20191201_galpal_induction_fixed_G3_03
2026-07-28 21:16:59,967 INFO   Reading metadata annotations...
2026-07-28 21:17:00,112 INFO   Classifying metadata...
2026-07-28 21:17:03,245 INFO   -> fluor: YES | tf_loc: NO | tps: 360 | tf: UNKNOWN | condition: Aim:   See induction of IMA1 in GFP and mCherry strains Strain:  229 (by4741), 1121, 1127 Comments:   Cells in 2% palatinose from shortly before the start of the acquisition
Microscope setup for used | channels: GFP;mCherry
2026-07-28 21:17:03,445 INFO [1062/1845] Dataset 1467: 20191201_galpal_induction_fixed_G3_04
2026-07-28 21:17:03,457 INFO   Reading metadata annotations...
2026-07-28 21:17:03,718 INFO   Classifying metadata...
2026-07-28 21:17:06,727 INFO   -> fluor: YES | tf_loc: NO | tps: 360 | tf: UNKNOWN | condition: Aim:   See induction of IMA1 in GFP and mCherry strains Strain:  229 (by4741), 1121, 1127 Comments:   Cells in 2% palatinose from shortly before the start of the acquisition
Microscope setup for used | channels: GFP;mCherry
2026-07-28 21:17:06,927 INFO [1063/1845] Dataset 1468: 20191201_galpal_induction_fixed_G3_05
2026-07-28 21:17:06,940 INFO   Reading metadata annotations...
2026-07-28 21:17:07,227 INFO   Classifying metadata...
2026-07-28 21:17:10,200 INFO   -> fluor: YES | tf_loc: NO | tps: 360 | tf: UNKNOWN | condition: Aim:   See induction of IMA1 in GFP and mCherry strains Strain:  229 (by4741), 1121, 1127 Comments:   Cells in 2% palatinose from shortly before the start of the acquisition
Microscope setup for used | channels: GFP;mCherry
2026-07-28 21:17:10,400 INFO [1064/1845] Dataset 1469: 20191201_galpal_induction_fixed_G3_06
2026-07-28 21:17:10,405 INFO   Reading metadata annotations...
2026-07-28 21:17:10,537 INFO   Classifying metadata...
2026-07-28 21:17:13,279 INFO   -> fluor: YES | tf_loc: NO | tps: 360 | tf: UNKNOWN | condition: Aim:   See induction of IMA1 in GFP and mCherry strains Strain:  229 (by4741), 1121, 1127 Comments:   Cells in 2% palatinose from shortly before the start of the acquisition
Microscope setup for used | channels: GFP;mCherry
2026-07-28 21:17:13,479 INFO [1065/1845] Dataset 1470: 20191201_galpal_induction_fixed_G3_07
2026-07-28 21:17:13,489 INFO   Reading metadata annotations...
2026-07-28 21:17:13,755 INFO   Classifying metadata...
2026-07-28 21:17:17,059 INFO   -> fluor: YES | tf_loc: NO | tps: 360 | tf: UNKNOWN | condition: Aim:   See induction of IMA1 in GFP and mCherry strains Strain:  229 (by4741), 1121, 1127 Comments:   Cells in 2% palatinose from shortly before the start of the acquisition
Microscope setup for used | channels: GFP;mCherry
2026-07-28 21:17:17,259 INFO [1066/1845] Dataset 1471: 20191201_galpal_induction_fixed_G3_08
2026-07-28 21:17:17,270 INFO   Reading metadata annotations...
2026-07-28 21:17:17,476 INFO   Classifying metadata...
2026-07-28 21:17:20,237 INFO   -> fluor: YES | tf_loc: NO | tps: 360 | tf: UNKNOWN | condition: Aim:   See induction of IMA1 in GFP and mCherry strains Strain:  229 (by4741), 1121, 1127 Comments:   Cells in 2% palatinose from shortly before the start of the acquisition
Microscope setup for used | channels: GFP;mCherry
2026-07-28 21:17:20,437 INFO [1067/1845] Dataset 1472: 20191201_galpal_induction_fixed_G3_09
2026-07-28 21:17:20,444 INFO   Reading metadata annotations...
2026-07-28 21:17:20,575 INFO   Classifying metadata...
2026-07-28 21:17:23,873 INFO   -> fluor: YES | tf_loc: NO | tps: 360 | tf: UNKNOWN | condition: Aim:   See induction of IMA1 in GFP and mCherry strains Strain:  229 (by4741), 1121, 1127 Comments:   Cells in 2% palatinose from shortly before the start of the acquisition
Microscope setup for used | channels: GFP;mCherry
2026-07-28 21:17:24,073 INFO [1068/1845] Dataset 1473: 20191201_galpal_induction_fixed_G3_10
2026-07-28 21:17:24,086 INFO   Reading metadata annotations...
2026-07-28 21:17:24,363 INFO   Classifying metadata...
2026-07-28 21:17:32,747 INFO   -> fluor: YES | tf_loc: NO | tps: 360 | tf: UNKNOWN | condition: Aim:   See induction of IMA1 in GFP and mCherry strains Strain:  229 (by4741), 1121, 1127 Comments:   Cells in 2% palatinose from shortly before the start of the acquisition
Microscope setup for used | channels: GFP;mCherry
2026-07-28 21:17:32,948 INFO [1069/1845] Dataset 1503: BY4741_snapshot_02
2026-07-28 21:17:32,960 INFO   Reading metadata annotations...
2026-07-28 21:17:33,257 INFO   Classifying metadata...
2026-07-28 21:17:35,983 INFO   -> fluor: YES | tf_loc: NO | tps: 480 | tf: UNKNOWN | condition: palatinose to glucose | channels: GFP;mCherry
2026-07-28 21:17:36,184 INFO [1070/1845] Dataset 1474: 20191201_galpal_induction_fixed_G3_11
2026-07-28 21:17:36,196 INFO   Reading metadata annotations...
2026-07-28 21:17:36,451 INFO   Classifying metadata...
2026-07-28 21:17:39,786 INFO   -> fluor: YES | tf_loc: NO | tps: 360 | tf: UNKNOWN | condition: Aim:   See induction of IMA1 in GFP and mCherry strains Strain:  229 (by4741), 1121, 1127 Comments:   Cells in 2% palatinose from shortly before the start of the acquisition
Microscope setup for used | channels: GFP;mCherry
2026-07-28 21:17:39,986 INFO [1071/1845] Dataset 1475: 20191201_galpal_induction_fixed_G5_00
2026-07-28 21:17:39,999 INFO   Reading metadata annotations...
2026-07-28 21:17:40,200 INFO   Classifying metadata...
2026-07-28 21:17:43,390 INFO   -> fluor: YES | tf_loc: NO | tps: 360 | tf: UNKNOWN | condition: Aim:   See induction of IMA1 in GFP and mCherry strains Strain:  229 (by4741), 1121, 1127 Comments:   Cells in 2% palatinose from shortly before the start of the acquisition
Microscope setup for used | channels: GFP;mCherry
2026-07-28 21:17:43,591 INFO [1072/1845] Dataset 1476: 20191201_galpal_induction_fixed_G5_01
2026-07-28 21:17:43,603 INFO   Reading metadata annotations...
2026-07-28 21:17:43,887 INFO   Classifying metadata...
2026-07-28 21:17:47,194 INFO   -> fluor: YES | tf_loc: NO | tps: 360 | tf: UNKNOWN | condition: Aim:   See induction of IMA1 in GFP and mCherry strains Strain:  229 (by4741), 1121, 1127 Comments:   Cells in 2% palatinose from shortly before the start of the acquisition
Microscope setup for used | channels: GFP;mCherry
2026-07-28 21:17:47,394 INFO [1073/1845] Dataset 1477: 20191201_galpal_induction_fixed_G5_02
2026-07-28 21:17:47,408 INFO   Reading metadata annotations...
2026-07-28 21:17:47,636 INFO   Classifying metadata...
2026-07-28 21:17:50,284 INFO   -> fluor: YES | tf_loc: NO | tps: 360 | tf: UNKNOWN | condition: Aim:   See induction of IMA1 in GFP and mCherry strains Strain:  229 (by4741), 1121, 1127 Comments:   Cells in 2% palatinose from shortly before the start of the acquisition
Microscope setup for used | channels: GFP;mCherry
2026-07-28 21:17:50,484 INFO [1074/1845] Dataset 1478: 20191201_galpal_induction_fixed_G5_03
2026-07-28 21:17:50,492 INFO   Reading metadata annotations...
2026-07-28 21:17:50,670 INFO   Classifying metadata...
2026-07-28 21:17:53,697 INFO   -> fluor: YES | tf_loc: NO | tps: 360 | tf: UNKNOWN | condition: Aim:   See induction of IMA1 in GFP and mCherry strains Strain:  229 (by4741), 1121, 1127 Comments:   Cells in 2% palatinose from shortly before the start of the acquisition
Microscope setup for used | channels: GFP;mCherry
2026-07-28 21:17:53,897 INFO [1075/1845] Dataset 1972: Sun5mNG_Spc72mCherry_plate7_a3_00
2026-07-28 21:17:53,910 INFO   Reading metadata annotations...
2026-07-28 21:17:54,077 INFO   Classifying metadata...
2026-07-28 21:17:59,048 INFO   -> fluor: NO | tf_loc: NO | tps: 1 | tf: UNKNOWN | condition: Aim: Expression test. | channels: GFP;mCherry_Z;mCherry
2026-07-28 21:17:59,250 INFO [1076/1845] Dataset 1479: 20191201_galpal_induction_fixed_G5_04
2026-07-28 21:17:59,263 INFO   Reading metadata annotations...
2026-07-28 21:17:59,498 INFO   Classifying metadata...
2026-07-28 21:18:03,651 INFO   -> fluor: YES | tf_loc: NO | tps: 360 | tf: UNKNOWN | condition: Aim:   See induction of IMA1 in GFP and mCherry strains Strain:  229 (by4741), 1121, 1127 Comments:   Cells in 2% palatinose from shortly before the start of the acquisition
Microscope setup for used | channels: GFP;mCherry
2026-07-28 21:18:03,851 INFO [1077/1845] Dataset 1480: 20191201_galpal_induction_fixed_G5_05
2026-07-28 21:18:03,864 INFO   Reading metadata annotations...
2026-07-28 21:18:04,152 INFO   Classifying metadata...
2026-07-28 21:18:07,353 INFO   -> fluor: YES | tf_loc: NO | tps: 360 | tf: UNKNOWN | condition: Aim:   See induction of IMA1 in GFP and mCherry strains Strain:  229 (by4741), 1121, 1127 Comments:   Cells in 2% palatinose from shortly before the start of the acquisition
Microscope setup for used | channels: GFP;mCherry
2026-07-28 21:18:07,553 INFO [1078/1845] Dataset 1481: 20191201_galpal_induction_fixed_G5_06
2026-07-28 21:18:07,566 INFO   Reading metadata annotations...
2026-07-28 21:18:07,862 INFO   Classifying metadata...
2026-07-28 21:18:10,990 INFO   -> fluor: YES | tf_loc: NO | tps: 360 | tf: UNKNOWN | condition: Aim:   See induction of IMA1 in GFP and mCherry strains Strain:  229 (by4741), 1121, 1127 Comments:   Cells in 2% palatinose from shortly before the start of the acquisition
Microscope setup for used | channels: GFP;mCherry
2026-07-28 21:18:11,190 INFO [1079/1845] Dataset 1482: 20191201_galpal_induction_fixed_G5_07
2026-07-28 21:18:11,198 INFO   Reading metadata annotations...
2026-07-28 21:18:11,345 INFO   Classifying metadata...
2026-07-28 21:18:14,812 INFO   -> fluor: YES | tf_loc: NO | tps: 360 | tf: UNKNOWN | condition: Aim:   See induction of IMA1 in GFP and mCherry strains Strain:  229 (by4741), 1121, 1127 Comments:   Cells in 2% palatinose from shortly before the start of the acquisition
Microscope setup for used | channels: GFP;mCherry
2026-07-28 21:18:15,012 INFO [1080/1845] Dataset 1483: 20191201_galpal_induction_fixed_G5_08
2026-07-28 21:18:15,023 INFO   Reading metadata annotations...
2026-07-28 21:18:15,218 INFO   Classifying metadata...
2026-07-28 21:18:18,314 INFO   -> fluor: YES | tf_loc: NO | tps: 360 | tf: UNKNOWN | condition: Aim:   See induction of IMA1 in GFP and mCherry strains Strain:  229 (by4741), 1121, 1127 Comments:   Cells in 2% palatinose from shortly before the start of the acquisition
Microscope setup for used | channels: GFP;mCherry
2026-07-28 21:18:18,514 INFO [1081/1845] Dataset 1484: 20191201_galpal_induction_fixed_G5_09
2026-07-28 21:18:18,527 INFO   Reading metadata annotations...
2026-07-28 21:18:18,812 INFO   Classifying metadata...
2026-07-28 21:18:21,697 INFO   -> fluor: YES | tf_loc: NO | tps: 360 | tf: UNKNOWN | condition: Aim:   See induction of IMA1 in GFP and mCherry strains Strain:  229 (by4741), 1121, 1127 Comments:   Cells in 2% palatinose from shortly before the start of the acquisition
Microscope setup for used | channels: GFP;mCherry
2026-07-28 21:18:21,897 INFO [1082/1845] Dataset 1485: 20191201_galpal_induction_fixed_G6_00
2026-07-28 21:18:21,904 INFO   Reading metadata annotations...
2026-07-28 21:18:22,030 INFO   Classifying metadata...
2026-07-28 21:18:25,140 INFO   -> fluor: YES | tf_loc: NO | tps: 360 | tf: UNKNOWN | condition: Aim:   See induction of IMA1 in GFP and mCherry strains Strain:  229 (by4741), 1121, 1127 Comments:   Cells in 2% palatinose from shortly before the start of the acquisition
Microscope setup for used | channels: GFP;mCherry
2026-07-28 21:18:25,340 INFO [1083/1845] Dataset 1486: 20191201_galpal_induction_fixed_G6_01
2026-07-28 21:18:25,353 INFO   Reading metadata annotations...
2026-07-28 21:18:25,620 INFO   Classifying metadata...
2026-07-28 21:18:28,803 INFO   -> fluor: YES | tf_loc: NO | tps: 360 | tf: UNKNOWN | condition: Aim:   See induction of IMA1 in GFP and mCherry strains Strain:  229 (by4741), 1121, 1127 Comments:   Cells in 2% palatinose from shortly before the start of the acquisition
Microscope setup for used | channels: GFP;mCherry
2026-07-28 21:18:29,003 INFO [1084/1845] Dataset 1487: 20191201_galpal_induction_fixed_G6_02
2026-07-28 21:18:29,016 INFO   Reading metadata annotations...
2026-07-28 21:18:29,300 INFO   Classifying metadata...
2026-07-28 21:18:31,948 INFO   -> fluor: YES | tf_loc: NO | tps: 360 | tf: UNKNOWN | condition: Aim:   See induction of IMA1 in GFP and mCherry strains Strain:  229 (by4741), 1121, 1127 Comments:   Cells in 2% palatinose from shortly before the start of the acquisition
Microscope setup for used | channels: GFP;mCherry
2026-07-28 21:18:32,148 INFO [1085/1845] Dataset 1488: 20191201_galpal_induction_fixed_G6_03
2026-07-28 21:18:32,156 INFO   Reading metadata annotations...
2026-07-28 21:18:32,320 INFO   Classifying metadata...
2026-07-28 21:18:35,669 INFO   -> fluor: YES | tf_loc: NO | tps: 360 | tf: UNKNOWN | condition: Aim:   See induction of IMA1 in GFP and mCherry strains Strain:  229 (by4741), 1121, 1127 Comments:   Cells in 2% palatinose from shortly before the start of the acquisition
Microscope setup for used | channels: GFP;mCherry
2026-07-28 21:18:35,869 INFO [1086/1845] Dataset 1489: 20191201_galpal_induction_fixed_G6_04
2026-07-28 21:18:35,882 INFO   Reading metadata annotations...
2026-07-28 21:18:36,141 INFO   Classifying metadata...
2026-07-28 21:18:38,640 INFO   -> fluor: YES | tf_loc: NO | tps: 360 | tf: UNKNOWN | condition: Aim:   See induction of IMA1 in GFP and mCherry strains Strain:  229 (by4741), 1121, 1127 Comments:   Cells in 2% palatinose from shortly before the start of the acquisition
Microscope setup for used | channels: GFP;mCherry
2026-07-28 21:18:38,840 INFO [1087/1845] Dataset 1490: 20191201_galpal_induction_fixed_G6_05
2026-07-28 21:18:38,853 INFO   Reading metadata annotations...
2026-07-28 21:18:39,149 INFO   Classifying metadata...
2026-07-28 21:18:41,607 INFO   -> fluor: YES | tf_loc: NO | tps: 360 | tf: UNKNOWN | condition: Aim:   See induction of IMA1 in GFP and mCherry strains Strain:  229 (by4741), 1121, 1127 Comments:   Cells in 2% palatinose from shortly before the start of the acquisition
Microscope setup for used | channels: GFP;mCherry
2026-07-28 21:18:41,807 INFO [1088/1845] Dataset 1491: 20191201_galpal_induction_fixed_G6_06
2026-07-28 21:18:41,814 INFO   Reading metadata annotations...
2026-07-28 21:18:41,948 INFO   Classifying metadata...
2026-07-28 21:18:45,344 INFO   -> fluor: YES | tf_loc: NO | tps: 360 | tf: UNKNOWN | condition: Aim:   See induction of IMA1 in GFP and mCherry strains Strain:  229 (by4741), 1121, 1127 Comments:   Cells in 2% palatinose from shortly before the start of the acquisition
Microscope setup for used | channels: GFP;mCherry
2026-07-28 21:18:45,544 INFO [1089/1845] Dataset 1492: 20191201_galpal_induction_fixed_G6_07
2026-07-28 21:18:45,557 INFO   Reading metadata annotations...
2026-07-28 21:18:45,819 INFO   Classifying metadata...
2026-07-28 21:18:48,805 INFO   -> fluor: YES | tf_loc: NO | tps: 360 | tf: UNKNOWN | condition: Aim:   See induction of IMA1 in GFP and mCherry strains Strain:  229 (by4741), 1121, 1127 Comments:   Cells in 2% palatinose from shortly before the start of the acquisition
Microscope setup for used | channels: GFP;mCherry
2026-07-28 21:18:49,006 INFO [1090/1845] Dataset 1493: 20191201_galpal_induction_fixed_G6_08
2026-07-28 21:18:49,018 INFO   Reading metadata annotations...
2026-07-28 21:18:49,311 INFO   Classifying metadata...
2026-07-28 21:18:53,460 INFO   -> fluor: YES | tf_loc: NO | tps: 360 | tf: UNKNOWN | condition: Aim:   See induction of IMA1 in GFP and mCherry strains Strain:  229 (by4741), 1121, 1127 Comments:   Cells in 2% palatinose from shortly before the start of the acquisition
Microscope setup for used | channels: GFP;mCherry
2026-07-28 21:18:53,661 INFO [1091/1845] Dataset 1494: 20191201_galpal_induction_fixed_G6_09
2026-07-28 21:18:53,673 INFO   Reading metadata annotations...
2026-07-28 21:18:53,926 INFO   Classifying metadata...
2026-07-28 21:18:56,981 INFO   -> fluor: YES | tf_loc: NO | tps: 360 | tf: UNKNOWN | condition: Aim:   See induction of IMA1 in GFP and mCherry strains Strain:  229 (by4741), 1121, 1127 Comments:   Cells in 2% palatinose from shortly before the start of the acquisition
Microscope setup for used | channels: GFP;mCherry
2026-07-28 21:18:57,181 INFO [1092/1845] Dataset 1495: FPCheck1_in_pal_00
2026-07-28 21:18:57,194 INFO   Reading metadata annotations...
2026-07-28 21:18:57,562 INFO   Classifying metadata...
2026-07-28 21:19:00,606 INFO   -> fluor: YES | tf_loc: NO | tps: 180 | tf: UNKNOWN | condition: 2% pyruvate to 1% palatinose after 5 hours | channels: GFP;mCherry
2026-07-28 21:19:00,806 INFO [1093/1845] Dataset 1496: FPCheck1_in_pal_02
2026-07-28 21:19:00,814 INFO   Reading metadata annotations...
2026-07-28 21:19:01,071 WARNING   Truncated large annotation(s): fpcheck1_in_pallog.txt
2026-07-28 21:19:01,072 INFO   Classifying metadata...
2026-07-28 21:19:06,919 INFO   -> fluor: YES | tf_loc: NO | tps: 300 | tf: UNKNOWN | condition: 2% pyruvate to 1% palatinose after 5 hours | channels: GFP;mCherry
2026-07-28 21:19:07,119 INFO [1094/1845] Dataset 1497: 2019_10_13_KC__00
2026-07-28 21:19:07,132 INFO   Reading metadata annotations...
2026-07-28 21:19:07,450 INFO   Classifying metadata...
2026-07-28 21:19:11,023 INFO   -> fluor: YES | tf_loc: NO | tps: 1080 | tf: UNKNOWN | condition: Aim:   Strain:   Comments:   
Microscope setup for used channels:
Brightfield:
White LED
->(Polariser + Prism + condenser)]
->Filter block:[GFP/mCherry (59022) exciter,GFP/mCherry (59022) dichroi | channels: GFP;mCherry
2026-07-28 21:19:11,223 INFO [1095/1845] Dataset 1498: ss_switch_2pc_pyr_to_1pc_pal_0p2pc_suc_cy5_gfp_00
2026-07-28 21:19:11,230 INFO   Reading metadata annotations...
2026-07-28 21:19:11,500 WARNING   Truncated large annotation(s): ss_switch_2pc_pyr_to_1pc_pal_0p2pc_suc_cy5_gfplog.txt
2026-07-28 21:19:11,501 INFO   Classifying metadata...
2026-07-28 21:19:17,889 INFO   -> fluor: YES | tf_loc: NO | tps: 384 | tf: UNKNOWN | condition: Aim: Investigate IMA1:GFP induction in sucrose-palatinsoe mixture  Strain: 229, 883, 1121   Comments:
Microscope setup for used channels:
Brightfield:
White LED
->(Polariser + Prism + condenser)] | channels: cy5;GFP
2026-07-28 21:19:18,089 INFO [1096/1845] Dataset 1499: Mal11_GFP_switch_2pc_pal_to_1pc_glu_00
2026-07-28 21:19:18,101 INFO   Reading metadata annotations...
2026-07-28 21:19:18,481 INFO   Classifying metadata...
2026-07-28 21:19:21,387 INFO   -> fluor: YES | tf_loc: NO | tps: 480 | tf: UNKNOWN | condition: palatinose to glucose | channels: GFP;mCherry
2026-07-28 21:19:21,587 INFO [1097/1845] Dataset 1500: Mal11_GFP_switch_2pc_pal_to_1pc_glu_01
2026-07-28 21:19:21,595 INFO   Reading metadata annotations...
2026-07-28 21:19:21,758 INFO   Classifying metadata...
2026-07-28 21:19:24,814 INFO   -> fluor: YES | tf_loc: NO | tps: 480 | tf: UNKNOWN | condition: palatinose to glucose | channels: GFP;mCherry
2026-07-28 21:19:25,014 INFO [1098/1845] Dataset 1504: Mal11_GFP_snapshot_00
2026-07-28 21:19:25,026 INFO   Reading metadata annotations...
2026-07-28 21:19:25,298 INFO   Classifying metadata...
2026-07-28 21:19:28,004 INFO   -> fluor: YES | tf_loc: NO | tps: 480 | tf: UNKNOWN | condition: palatinose to glucose | channels: GFP;mCherry
2026-07-28 21:19:28,204 INFO [1099/1845] Dataset 1505: Mal11_GFP_snapshot_01
2026-07-28 21:19:28,217 INFO   Reading metadata annotations...
2026-07-28 21:19:28,489 INFO   Classifying metadata...
2026-07-28 21:19:31,793 INFO   -> fluor: YES | tf_loc: NO | tps: 480 | tf: UNKNOWN | condition: palatinose to glucose | channels: GFP;mCherry
2026-07-28 21:19:31,994 INFO [1100/1845] Dataset 1506: Mal11_GFP_snapshot_02
2026-07-28 21:19:32,001 INFO   Reading metadata annotations...
2026-07-28 21:19:32,151 INFO   Classifying metadata...
2026-07-28 21:19:35,090 INFO   -> fluor: YES | tf_loc: NO | tps: 480 | tf: UNKNOWN | condition: palatinose to glucose | channels: GFP;mCherry
2026-07-28 21:19:35,290 INFO [1101/1845] Dataset 1507: ss_switch_2pc_pyr_to_1pc_pal_cy5_00
2026-07-28 21:19:35,303 INFO   Reading metadata annotations...
2026-07-28 21:19:35,328 WARNING   No .log/.txt/Acq.txt annotation found for dataset 1507.
2026-07-28 21:19:35,328 INFO   Classifying metadata...
2026-07-28 21:19:37,581 INFO   -> fluor: NO | tf_loc: NO | tps:  | tf: UNKNOWN | condition:  | channels: UNKNOWN
2026-07-28 21:19:37,782 INFO [1102/1845] Dataset 1509: MABY_training_01
2026-07-28 21:19:37,794 INFO   Reading metadata annotations...
2026-07-28 21:19:37,811 WARNING   No .log/.txt/Acq.txt annotation found for dataset 1509.
2026-07-28 21:19:37,812 INFO   Classifying metadata...
2026-07-28 21:19:42,215 INFO   -> fluor: NO | tf_loc: NO | tps:  | tf: UNKNOWN | condition:  | channels: UNKNOWN
2026-07-28 21:19:42,416 INFO [1103/1845] Dataset 1524: 2pc_pal_MAL11_mCherry_vs_WT_snapshot_1540__07
2026-07-28 21:19:42,423 INFO   Reading metadata annotations...
2026-07-28 21:19:42,577 INFO   Classifying metadata...
2026-07-28 21:19:45,745 INFO   -> fluor: YES | tf_loc: NO | tps: 180 | tf: UNKNOWN | condition: Aim: See if MAL11-mCherry is bright enough for microscope experiment. | channels: mCherry
2026-07-28 21:19:45,946 INFO [1104/1845] Dataset 1512: MABY_training_00
2026-07-28 21:19:45,958 INFO   Reading metadata annotations...
2026-07-28 21:19:46,255 INFO   Classifying metadata...
2026-07-28 21:19:47,947 INFO   -> fluor: YES | tf_loc: YES | tps: 300 | tf: Hog1 | condition: Aim: Dataset for MAYBE training - for organelle detection. | channels: GFP
2026-07-28 21:19:48,148 INFO [1105/1845] Dataset 1514: ss_switch_2pc_pyr_to_1pc_pal_cy5_gfp_00
2026-07-28 21:19:48,160 INFO   Reading metadata annotations...
2026-07-28 21:19:48,181 WARNING   No .log/.txt/Acq.txt annotation found for dataset 1514.
2026-07-28 21:19:48,181 INFO   Classifying metadata...
2026-07-28 21:19:50,545 INFO   -> fluor: NO | tf_loc: NO | tps:  | tf: UNKNOWN | condition:  | channels: UNKNOWN
2026-07-28 21:19:50,745 INFO [1106/1845] Dataset 1515: ss_switch_2pc_pyr_to_1pc_pal_0_2_pc_gal_cy5_gfp_00
2026-07-28 21:19:50,753 INFO   Reading metadata annotations...
2026-07-28 21:19:51,042 WARNING   Truncated large annotation(s): ss_switch_2pc_pyr_to_1pc_pal_0_2_pc_gal_cy5_gfplog.txt
2026-07-28 21:19:51,043 INFO   Classifying metadata...
2026-07-28 21:19:57,962 INFO   -> fluor: YES | tf_loc: NO | tps: 384 | tf: UNKNOWN | condition: Aim: Observe MAL, GAL induction dynamics in gal-pal mixture. | channels: cy5;GFP
2026-07-28 21:19:58,163 INFO [1107/1845] Dataset 1516: ss_switch_2pc_pyr_to_1pc_pal_cy5_gfp_final_snapshot_00
2026-07-28 21:19:58,176 INFO   Reading metadata annotations...
2026-07-28 21:19:58,492 INFO   Classifying metadata...
2026-07-28 21:20:01,511 INFO   -> fluor: YES | tf_loc: NO | tps: 288 | tf: UNKNOWN | condition: Aim: Investigate palatinose induction lag from pyruvate using MAL11:GFP, IMA1:GFP. | channels: cy5;GFP
2026-07-28 21:20:01,712 INFO [1108/1845] Dataset 1517: 2pc_pal_MAL11_mCherry_vs_WT_snapshot_1540__00
2026-07-28 21:20:01,719 INFO   Reading metadata annotations...
2026-07-28 21:20:01,860 INFO   Classifying metadata...
2026-07-28 21:20:04,952 INFO   -> fluor: YES | tf_loc: NO | tps: 180 | tf: UNKNOWN | condition: Aim: See if MAL11-mCherry is bright enough for microscope experiment. | channels: mCherry
2026-07-28 21:20:05,153 INFO [1109/1845] Dataset 1518: 2pc_pal_MAL11_mCherry_vs_WT_snapshot_1540__01
2026-07-28 21:20:05,165 INFO   Reading metadata annotations...
2026-07-28 21:20:05,376 INFO   Classifying metadata...
2026-07-28 21:20:09,218 INFO   -> fluor: YES | tf_loc: NO | tps: 180 | tf: UNKNOWN | condition: Aim: See if MAL11-mCherry is bright enough for microscope experiment. | channels: mCherry
2026-07-28 21:20:09,419 INFO [1110/1845] Dataset 1519: 2pc_pal_MAL11_mCherry_vs_WT_snapshot_1540__02
2026-07-28 21:20:09,432 INFO   Reading metadata annotations...
2026-07-28 21:20:09,718 INFO   Classifying metadata...
2026-07-28 21:20:13,739 INFO   -> fluor: YES | tf_loc: NO | tps: 180 | tf: UNKNOWN | condition: Aim: See if MAL11-mCherry is bright enough for microscope experiment. | channels: mCherry
2026-07-28 21:20:13,939 INFO [1111/1845] Dataset 1520: 2pc_pal_MAL11_mCherry_vs_WT_snapshot_1540__03
2026-07-28 21:20:13,950 INFO   Reading metadata annotations...
2026-07-28 21:20:14,204 INFO   Classifying metadata...
2026-07-28 21:20:17,486 INFO   -> fluor: YES | tf_loc: NO | tps: 180 | tf: UNKNOWN | condition: Aim: See if MAL11-mCherry is bright enough for microscope experiment. | channels: mCherry
2026-07-28 21:20:17,686 INFO [1112/1845] Dataset 1521: 2pc_pal_MAL11_mCherry_vs_WT_snapshot_1540__04
2026-07-28 21:20:17,699 INFO   Reading metadata annotations...
2026-07-28 21:20:18,006 INFO   Classifying metadata...
2026-07-28 21:20:21,315 INFO   -> fluor: YES | tf_loc: NO | tps: 180 | tf: UNKNOWN | condition: Aim: See if MAL11-mCherry is bright enough for microscope experiment. | channels: mCherry
2026-07-28 21:20:21,516 INFO [1113/1845] Dataset 1522: 2pc_pal_MAL11_mCherry_vs_WT_snapshot_1540__05
2026-07-28 21:20:21,523 INFO   Reading metadata annotations...
2026-07-28 21:20:21,673 INFO   Classifying metadata...
2026-07-28 21:20:25,632 INFO   -> fluor: YES | tf_loc: NO | tps: 180 | tf: UNKNOWN | condition: Aim: See if MAL11-mCherry is bright enough for microscope experiment. | channels: mCherry
2026-07-28 21:20:25,833 INFO [1114/1845] Dataset 1523: 2pc_pal_MAL11_mCherry_vs_WT_snapshot_1540__06
2026-07-28 21:20:25,846 INFO   Reading metadata annotations...
2026-07-28 21:20:26,147 INFO   Classifying metadata...
2026-07-28 21:20:29,162 INFO   -> fluor: YES | tf_loc: NO | tps: 180 | tf: UNKNOWN | condition: Aim: See if MAL11-mCherry is bright enough for microscope experiment. | channels: mCherry
2026-07-28 21:20:29,362 INFO [1115/1845] Dataset 1525: 2pc_pal_MAL11_mCherry_vs_WT_snapshot_1540__08
2026-07-28 21:20:29,375 INFO   Reading metadata annotations...
2026-07-28 21:20:29,664 INFO   Classifying metadata...
2026-07-28 21:20:33,871 INFO   -> fluor: YES | tf_loc: NO | tps: 180 | tf: UNKNOWN | condition: Aim: See if MAL11-mCherry is bright enough for microscope experiment. | channels: mCherry
2026-07-28 21:20:34,072 INFO [1116/1845] Dataset 1526: 2pc_pal_MAL11_mCherry_vs_WT_snapshot_1540__09
2026-07-28 21:20:34,084 INFO   Reading metadata annotations...
2026-07-28 21:20:34,262 INFO   Classifying metadata...
2026-07-28 21:20:37,555 INFO   -> fluor: YES | tf_loc: NO | tps: 180 | tf: UNKNOWN | condition: Aim: See if MAL11-mCherry is bright enough for microscope experiment. | channels: mCherry
2026-07-28 21:20:37,755 INFO [1117/1845] Dataset 1527: 2pc_pal_MAL11_mCherry_vs_WT_snapshot_1540__10
2026-07-28 21:20:37,768 INFO   Reading metadata annotations...
2026-07-28 21:20:38,057 INFO   Classifying metadata...
2026-07-28 21:20:40,933 INFO   -> fluor: YES | tf_loc: NO | tps: 180 | tf: UNKNOWN | condition: Aim: See if MAL11-mCherry is bright enough for microscope experiment. | channels: mCherry
2026-07-28 21:20:41,133 INFO [1118/1845] Dataset 1528: 2pc_pal_MAL11_mCherry_vs_WT_snapshot_WT__00
2026-07-28 21:20:41,141 INFO   Reading metadata annotations...
2026-07-28 21:20:41,287 INFO   Classifying metadata...
2026-07-28 21:20:43,919 INFO   -> fluor: YES | tf_loc: NO | tps: 180 | tf: UNKNOWN | condition: Aim: See if MAL11-mCherry is bright enough for microscope experiment. | channels: mCherry
2026-07-28 21:20:44,120 INFO [1119/1845] Dataset 1529: 2pc_pal_MAL11_mCherry_vs_WT_snapshot_WT__01
2026-07-28 21:20:44,132 INFO   Reading metadata annotations...
2026-07-28 21:20:44,421 INFO   Classifying metadata...
2026-07-28 21:20:47,707 INFO   -> fluor: YES | tf_loc: NO | tps: 180 | tf: UNKNOWN | condition: Aim: See if MAL11-mCherry is bright enough for microscope experiment. | channels: mCherry
2026-07-28 21:20:47,907 INFO [1120/1845] Dataset 1530: 2pc_pal_MAL11_mCherry_vs_WT_snapshot_WT__02
2026-07-28 21:20:47,920 INFO   Reading metadata annotations...
2026-07-28 21:20:48,168 INFO   Classifying metadata...
2026-07-28 21:20:51,385 INFO   -> fluor: YES | tf_loc: NO | tps: 180 | tf: UNKNOWN | condition: Aim: See if MAL11-mCherry is bright enough for microscope experiment. | channels: mCherry
2026-07-28 21:20:51,585 INFO [1121/1845] Dataset 1531: 2pc_pal_MAL11_mCherry_vs_WT_snapshot_WT__03
2026-07-28 21:20:51,593 INFO   Reading metadata annotations...
2026-07-28 21:20:51,739 INFO   Classifying metadata...
2026-07-28 21:20:54,678 INFO   -> fluor: YES | tf_loc: NO | tps: 180 | tf: UNKNOWN | condition: Aim: See if MAL11-mCherry is bright enough for microscope experiment. | channels: mCherry
2026-07-28 21:20:54,878 INFO [1122/1845] Dataset 1532: 2pc_pal_MAL11_mCherry_vs_WT_snapshot_WT__04
2026-07-28 21:20:54,891 INFO   Reading metadata annotations...
2026-07-28 21:20:55,176 INFO   Classifying metadata...
2026-07-28 21:20:57,839 INFO   -> fluor: YES | tf_loc: NO | tps: 180 | tf: UNKNOWN | condition: Aim: See if MAL11-mCherry is bright enough for microscope experiment. | channels: mCherry
2026-07-28 21:20:58,040 INFO [1123/1845] Dataset 1533: 2pc_pal_MAL11_mCherry_vs_WT_snapshot_WT__05
2026-07-28 21:20:58,052 INFO   Reading metadata annotations...
2026-07-28 21:20:58,380 INFO   Classifying metadata...
2026-07-28 21:21:01,551 INFO   -> fluor: YES | tf_loc: NO | tps: 180 | tf: UNKNOWN | condition: Aim: See if MAL11-mCherry is bright enough for microscope experiment. | channels: mCherry
2026-07-28 21:21:01,751 INFO [1124/1845] Dataset 1534: 2pc_pyr_to_1pc_pal_switch_00
2026-07-28 21:21:01,759 INFO   Reading metadata annotations...
2026-07-28 21:21:01,998 INFO   Classifying metadata...
2026-07-28 21:21:05,184 INFO   -> fluor: YES | tf_loc: NO | tps: 132 | tf: UNKNOWN | condition: pyruvate to palatinose | channels: Citrine
2026-07-28 21:21:05,384 INFO [1125/1845] Dataset 1535: 2pc_pyr_to_1pc_pal_switch_01
2026-07-28 21:21:05,395 INFO   Reading metadata annotations...
2026-07-28 21:21:05,728 INFO   Classifying metadata...
2026-07-28 21:21:09,368 INFO   -> fluor: YES | tf_loc: NO | tps: 132 | tf: UNKNOWN | condition: pyruvate to palatinose | channels: Citrine
2026-07-28 21:21:09,569 INFO [1126/1845] Dataset 1536: 2pc_pyr_to_1pc_pal_switch_02
2026-07-28 21:21:09,582 INFO   Reading metadata annotations...
2026-07-28 21:21:09,935 INFO   Classifying metadata...
2026-07-28 21:21:12,909 INFO   -> fluor: YES | tf_loc: NO | tps: 132 | tf: UNKNOWN | condition: pyruvate to palatinose | channels: Citrine
2026-07-28 21:21:13,109 INFO [1127/1845] Dataset 1537: sensoplate_0pc_test_00
2026-07-28 21:21:13,121 INFO   Reading metadata annotations...
2026-07-28 21:21:13,301 INFO   Classifying metadata...
2026-07-28 21:21:17,407 INFO   -> fluor: NO | tf_loc: NO | tps: 180 | tf: UNKNOWN | condition: Aim: See what organism is growing in 0% glu in Delft   Strain: 365  Comments:
Microscope setup for used channels:
Brightfield:
White LED
->(Polariser + Prism + condenser)]
->Filter block:[GFP/mCh | channels: UNKNOWN
2026-07-28 21:21:17,607 INFO [1128/1845] Dataset 1600: B4_Srl1_02
2026-07-28 21:21:17,620 INFO   Reading metadata annotations...
2026-07-28 21:21:17,783 INFO   Classifying metadata...
2026-07-28 21:21:19,252 INFO   -> fluor: YES | tf_loc: YES | tps: 250 | tf: Srl1 | condition: Microscope setup for used channels:
Brightfield:
No light path info in config file. | channels: GFP
2026-07-28 21:21:19,452 INFO [1129/1845] Dataset 1538: sensoplate_0pc_test_E2_00
2026-07-28 21:21:19,465 INFO   Reading metadata annotations...
2026-07-28 21:21:19,724 INFO   Classifying metadata...
2026-07-28 21:21:24,368 INFO   -> fluor: NO | tf_loc: NO | tps: 180 | tf: UNKNOWN | condition: Aim: See what organism is growing in 0% glu in Delft   Strain: 365  Comments:
Microscope setup for used channels:
Brightfield:
White LED
->(Polariser + Prism + condenser)]
->Filter block:[GFP/mCh | channels: UNKNOWN
2026-07-28 21:21:24,568 INFO [1130/1845] Dataset 1539: sensoplate_0pc_test_E3_00
2026-07-28 21:21:24,581 INFO   Reading metadata annotations...
2026-07-28 21:21:24,759 INFO   Classifying metadata...
2026-07-28 21:21:29,657 INFO   -> fluor: NO | tf_loc: NO | tps: 180 | tf: UNKNOWN | condition: Aim: See what organism is growing in 0% glu in Delft   Strain: 365  Comments:
Microscope setup for used channels:
Brightfield:
White LED
->(Polariser + Prism + condenser)]
->Filter block:[GFP/mCh | channels: Brightfield
2026-07-28 21:21:29,857 INFO [1131/1845] Dataset 1540: sensoplate_0pc_test_F4_00
2026-07-28 21:21:29,870 INFO   Reading metadata annotations...
2026-07-28 21:21:30,098 INFO   Classifying metadata...
2026-07-28 21:21:34,454 INFO   -> fluor: NO | tf_loc: NO | tps: 180 | tf: UNKNOWN | condition: Aim: See what organism is growing in 0% glu in Delft   Strain: 365  Comments:
Microscope setup for used channels:
Brightfield:
White LED
->(Polariser + Prism + condenser)]
->Filter block:[GFP/mCh | channels: Brightfield
2026-07-28 21:21:34,655 INFO [1132/1845] Dataset 1541: 1553_Mal11_mCitrine_Delft_test_00
2026-07-28 21:21:34,667 INFO   Reading metadata annotations...
2026-07-28 21:21:34,914 INFO   Classifying metadata...
2026-07-28 21:21:38,184 INFO   -> fluor: YES | tf_loc: NO | tps: 180 | tf: UNKNOWN | condition: Aim: testing fluorescent strain   Strain: 1553   Comments:
Microscope setup for used channels:
Citrine:
470nm LED
->Combiner cube:[,  495lp dichroic->(425LP dichroic)]
->Filter block:[No exciter, | channels: Citrine
2026-07-28 21:21:38,384 INFO [1133/1845] Dataset 1542: 1553_Mal11_mCitrine_Delft_test_01
2026-07-28 21:21:38,397 INFO   Reading metadata annotations...
2026-07-28 21:21:38,710 INFO   Classifying metadata...
2026-07-28 21:21:42,977 INFO   -> fluor: YES | tf_loc: NO | tps: 180 | tf: UNKNOWN | condition: Aim: testing fluorescent strain   Strain: 1553   Comments:
Microscope setup for used channels:
Citrine:
470nm LED
->Combiner cube:[,  495lp dichroic->(425LP dichroic)]
->Filter block:[No exciter, | channels: Citrine
2026-07-28 21:21:43,178 INFO [1134/1845] Dataset 1543: 1553_Mal11_mCitrine_Delft_test_02
2026-07-28 21:21:43,190 INFO   Reading metadata annotations...
2026-07-28 21:21:43,493 INFO   Classifying metadata...
2026-07-28 21:21:46,278 INFO   -> fluor: YES | tf_loc: NO | tps: 180 | tf: UNKNOWN | condition: Aim: testing fluorescent strain   Strain: 1553   Comments:
Microscope setup for used channels:
Citrine:
470nm LED
->Combiner cube:[,  495lp dichroic->(425LP dichroic)]
->Filter block:[No exciter, | channels: Citrine
2026-07-28 21:21:46,478 INFO [1135/1845] Dataset 1544: 1553_Mal11_mCitrine_Delft_test_03
2026-07-28 21:21:46,491 INFO   Reading metadata annotations...
2026-07-28 21:21:46,758 INFO   Classifying metadata...
2026-07-28 21:21:49,967 INFO   -> fluor: YES | tf_loc: NO | tps: 180 | tf: UNKNOWN | condition: Aim: testing fluorescent strain   Strain: 1553   Comments:
Microscope setup for used channels:
Citrine:
470nm LED
->Combiner cube:[,  495lp dichroic->(425LP dichroic)]
->Filter block:[No exciter, | channels: Citrine
2026-07-28 21:21:50,168 INFO [1136/1845] Dataset 2625: FluorophoresAndConditionsTest_05
2026-07-28 21:21:50,175 INFO   Reading metadata annotations...
2026-07-28 21:21:50,409 WARNING   Truncated large annotation(s): fluorophoresandconditionstestlog.txt
2026-07-28 21:21:50,409 INFO   Classifying metadata...
2026-07-28 21:21:57,454 INFO   -> fluor: YES | tf_loc: NO | tps: 700 | tf: UNKNOWN | condition: Aim:   Strain:   Comments:  Experiment to test the different values of sampling time and exposure. | channels: GFP;mCherry
2026-07-28 21:21:57,655 INFO [1137/1845] Dataset 2794: gal_feedback_00
2026-07-28 21:21:57,668 INFO   Reading metadata annotations...
2026-07-28 21:21:58,101 INFO   Classifying metadata...
2026-07-28 21:22:01,547 INFO   -> fluor: YES | tf_loc: NO | tps: 300 | tf: UNKNOWN | condition: 0.5% glucose to 0.5% galactose | channels: cy5;GFP;mCherry
2026-07-28 21:22:01,747 INFO [1138/1845] Dataset 2822: Constant_1pGlc_cAMP_LowerInt_wtdT_00
2026-07-28 21:22:01,755 INFO   Reading metadata annotations...
2026-07-28 21:22:01,764 WARNING   No .log/.txt/Acq.txt annotation found for dataset 2822.
2026-07-28 21:22:01,764 INFO   Classifying metadata...
2026-07-28 21:22:03,695 INFO   -> fluor: NO | tf_loc: NO | tps:  | tf: UNKNOWN | condition:  | channels: UNKNOWN
2026-07-28 21:22:03,896 INFO [1139/1845] Dataset 2854: TFScreen_plate2_DEF_lowN2_00
2026-07-28 21:22:03,908 INFO   Reading metadata annotations...
2026-07-28 21:22:04,128 WARNING   Truncated large annotation(s): tfscreen_plate2_def_lown2.log
2026-07-28 21:22:04,129 INFO   Classifying metadata...
2026-07-28 21:22:11,165 INFO   -> fluor: YES | tf_loc: YES | tps: 24 | tf: UNKNOWN | condition: high nitrogen media to low nitrogen mediaSorbitol replaces ammonium sulphate in the low N2 media | channels: GFP_Z;GFP;cy5
2026-07-28 21:22:11,366 INFO [1140/1845] Dataset 2856: Ramp_1to0pGlc_10h_Msn2Mig1_dSnf1_00
2026-07-28 21:22:11,373 INFO   Reading metadata annotations...
2026-07-28 21:22:11,505 WARNING   Truncated large annotation(s): ramp_1to0pglc_10h_msn2mig1_dsnf1.log
2026-07-28 21:22:11,505 INFO   Classifying metadata...
2026-07-28 21:22:14,936 INFO   -> fluor: YES | tf_loc: YES | tps: 192 | tf: Msn2;Mig1;Snf1 | condition: 1% glucose to 0% glucose | channels: GFP_Z;GFP;cy5;mCherry_Z;mCherry
2026-07-28 21:22:15,137 INFO [1141/1845] Dataset 2821: Ramp_2to0pGlc_5h_cAMP_LateStart_00
2026-07-28 21:22:15,149 INFO   Reading metadata annotations...
2026-07-28 21:22:15,326 WARNING   Truncated large annotation(s): ramp_2to0pglc_5h_camp_latestart.log
2026-07-28 21:22:15,326 INFO   Classifying metadata...
2026-07-28 21:22:20,732 INFO   -> fluor: YES | tf_loc: NO | tps: 192 | tf: UNKNOWN | condition: 2% glucose to 0% glucose | channels: mTurquoise2;tdTomatoFRET;cy5
2026-07-28 21:22:20,933 INFO [1142/1845] Dataset 2823: Constant_1pGlc_cAMP_LowerInt_wtdT_00
2026-07-28 21:22:20,940 INFO   Reading metadata annotations...
2026-07-28 21:22:21,091 WARNING   Truncated large annotation(s): constant_1pglc_camp_lowerint_wtdt.log
2026-07-28 21:22:21,091 INFO   Classifying metadata...
2026-07-28 21:22:41,464 INFO   -> fluor: YES | tf_loc: NO | tps: 192 | tf: UNKNOWN | condition: Aim: Response in constant glucose concentration of 2% glucose. | channels: mTurquoise2;tdTomatoFRET;mCherry_Z;mCherry;cy5
2026-07-28 21:22:41,664 INFO [1143/1845] Dataset 2826: Constant_1pGlc_cAMP_LowerInt2_wtdT_00
2026-07-28 21:22:41,669 INFO   Reading metadata annotations...
2026-07-28 21:22:41,823 WARNING   Truncated large annotation(s): constant_1pglc_camp_lowerint2_wtdt.log
2026-07-28 21:22:41,823 INFO   Classifying metadata...
2026-07-28 21:22:48,330 INFO   -> fluor: YES | tf_loc: NO | tps: 192 | tf: UNKNOWN | condition: Aim: Response in constant glucose concentration of 2% glucose. | channels: mTurquoise2;tdTomatoFRET;mCherry_Z;mCherry;cy5
2026-07-28 21:22:48,531 INFO [1144/1845] Dataset 2827: Constant_1pGlc_cAMP_LowerExpTim_wtdT_00
2026-07-28 21:22:48,544 INFO   Reading metadata annotations...
2026-07-28 21:22:48,749 WARNING   Truncated large annotation(s): constant_1pglc_camp_lowerexptim_wtdt.log
2026-07-28 21:22:48,750 INFO   Classifying metadata...
2026-07-28 21:22:54,302 INFO   -> fluor: YES | tf_loc: NO | tps: 192 | tf: UNKNOWN | condition: Aim: Response in constant glucose concentration of 1% glucose. | channels: mTurquoise2;tdTomatoFRET;mCherry_Z;mCherry;cy5
2026-07-28 21:22:54,502 INFO [1145/1845] Dataset 2829: Constant_0d5pGlc_cAMP_LowerExpTim_wtdT_00
2026-07-28 21:22:54,515 INFO   Reading metadata annotations...
2026-07-28 21:22:54,711 WARNING   Truncated large annotation(s): constant_0d5pglc_camp_lowerexptim_wtdt.log
2026-07-28 21:22:54,711 INFO   Classifying metadata...
2026-07-28 21:23:00,589 INFO   -> fluor: YES | tf_loc: NO | tps: 192 | tf: UNKNOWN | condition: Aim: Response in constant glucose concentration of 0.5% glucose. | channels: mTurquoise2;tdTomatoFRET;mCherry_Z;mCherry;cy5
2026-07-28 21:23:00,789 INFO [1146/1845] Dataset 2832: Ramp_2to0pGlc_5h_cAMP_LowExpTim_00
2026-07-28 21:23:00,796 INFO   Reading metadata annotations...
2026-07-28 21:23:00,939 WARNING   Truncated large annotation(s): ramp_2to0pglc_5h_camp_lowexptim.log
2026-07-28 21:23:00,940 INFO   Classifying metadata...
2026-07-28 21:23:07,259 INFO   -> fluor: YES | tf_loc: NO | tps: 192 | tf: UNKNOWN | condition: 2% glucose to 0% glucose | channels: mTurquoise2;tdTomatoFRET;cy5
2026-07-28 21:23:07,459 INFO [1147/1845] Dataset 2833: Ramp_0d5to0pGlc_5h_cAMP_LowExpTim_01
2026-07-28 21:23:07,472 INFO   Reading metadata annotations...
2026-07-28 21:23:07,659 WARNING   Truncated large annotation(s): ramp_0d5to0pglc_5h_camp_lowexptim.log
2026-07-28 21:23:07,659 INFO   Classifying metadata...
2026-07-28 21:23:14,090 INFO   -> fluor: YES | tf_loc: NO | tps: 192 | tf: UNKNOWN | condition: 0.5% glucose to 0% glucose | channels: mTurquoise2;tdTomatoFRET;cy5
2026-07-28 21:23:14,290 INFO [1148/1845] Dataset 2834: Ramp_2to0pGlc_5h_cAMP_LowExpTim_01
2026-07-28 21:23:14,302 INFO   Reading metadata annotations...
2026-07-28 21:23:14,491 WARNING   Truncated large annotation(s): ramp_2to0pglc_5h_camp_lowexptim.log
2026-07-28 21:23:14,492 INFO   Classifying metadata...
2026-07-28 21:23:20,189 INFO   -> fluor: YES | tf_loc: NO | tps: 192 | tf: UNKNOWN | condition: 2% glucose to 0% glucose | channels: mTurquoise2;tdTomatoFRET;cy5
2026-07-28 21:23:20,389 INFO [1149/1845] Dataset 2836: Constant_0d1pGlc_cAMP_LowerExpTim_00
2026-07-28 21:23:20,397 INFO   Reading metadata annotations...
2026-07-28 21:23:20,551 WARNING   Truncated large annotation(s): constant_0d1pglc_camp_lowerexptim.log
2026-07-28 21:23:20,551 INFO   Classifying metadata...
2026-07-28 21:23:26,186 INFO   -> fluor: YES | tf_loc: NO | tps: 192 | tf: UNKNOWN | condition: Aim: Response in constant glucose concentration of 0.1% glucose. | channels: mTurquoise2;tdTomatoFRET;mCherry_Z;mCherry;cy5
2026-07-28 21:23:26,387 INFO [1150/1845] Dataset 2847: Constant_1pGlc_cAMP_LowerExpTim_2ndStrain_00
2026-07-28 21:23:26,400 INFO   Reading metadata annotations...
2026-07-28 21:23:26,598 WARNING   Truncated large annotation(s): constant_1pglc_camp_lowerexptim_2ndstrain.log
2026-07-28 21:23:26,598 INFO   Classifying metadata...
2026-07-28 21:23:32,122 INFO   -> fluor: YES | tf_loc: NO | tps: 192 | tf: UNKNOWN | condition: Aim: Response in constant glucose concentration of 1% glucose. | channels: mTurquoise2;tdTomatoFRET;mCherry_Z;mCherry;cy5
2026-07-28 21:23:32,322 INFO [1151/1845] Dataset 2848: Ramp_1to0pGlc_5h_cAMP_LowExpTim_00
2026-07-28 21:23:32,330 INFO   Reading metadata annotations...
2026-07-28 21:23:32,482 WARNING   Truncated large annotation(s): ramp_1to0pglc_5h_camp_lowexptim.log
2026-07-28 21:23:32,482 INFO   Classifying metadata...
2026-07-28 21:23:38,115 INFO   -> fluor: YES | tf_loc: NO | tps: 192 | tf: UNKNOWN | condition: 1% glucose to 0% glucose | channels: mTurquoise2;tdTomatoFRET;mCherry_Z;mCherry;cy5
2026-07-28 21:23:38,316 INFO [1152/1845] Dataset 2857: Ardra_mutants_20h_00
2026-07-28 21:23:38,327 INFO   Reading metadata annotations...
2026-07-28 21:23:38,531 WARNING   Truncated large annotation(s): ardra_mutants_20h.log
2026-07-28 21:23:38,531 INFO   Classifying metadata...
2026-07-28 21:23:44,735 INFO   -> fluor: YES | tf_loc: NO | tps: 600 | tf: UNKNOWN | condition: 2.5ug/ml nocodazole to no drug | channels: GFP_Z;GFP;cy5
2026-07-28 21:23:44,935 INFO [1153/1845] Dataset 2858: TFScreen_plate2_1_FG_A_lowN2_00
2026-07-28 21:23:44,948 INFO   Reading metadata annotations...
2026-07-28 21:23:45,186 WARNING   Truncated large annotation(s): tfscreen_plate2_1_fg_a_lown2.log
2026-07-28 21:23:45,186 INFO   Classifying metadata...
2026-07-28 21:23:50,748 INFO   -> fluor: YES | tf_loc: YES | tps: 24 | tf: UNKNOWN | condition: high nitrogen media to low nitrogen mediaSorbitol replaces ammonium sulphate in the low N2 media | channels: GFP_Z;GFP;mCherry_Z;cy5
2026-07-28 21:23:50,948 INFO [1154/1845] Dataset 2863: Ramp_0d5to0pGal_Msn2Dot6Mig1Snf1_00
2026-07-28 21:23:50,956 INFO   Reading metadata annotations...
2026-07-28 21:23:51,101 WARNING   Truncated large annotation(s): ramp_0d5to0pgal_msn2dot6mig1snf1.log
2026-07-28 21:23:51,101 INFO   Classifying metadata...
2026-07-28 21:23:54,642 INFO   -> fluor: YES | tf_loc: YES | tps: 192 | tf: Msn2;Dot6;Mig1;Snf1 | condition: 0.5% galactose to 0% galactose | channels: GFP_Z;GFP;cy5;mCherry_Z;mCherry
2026-07-28 21:23:54,843 INFO [1155/1845] Dataset 1545: 1553_Mal11_mCitrine_Delft_test_04
2026-07-28 21:23:54,855 INFO   Reading metadata annotations...
2026-07-28 21:23:55,147 INFO   Classifying metadata...
2026-07-28 21:23:57,737 INFO   -> fluor: YES | tf_loc: NO | tps: 180 | tf: UNKNOWN | condition: Aim: testing fluorescent strain   Strain: 1553   Comments:
Microscope setup for used channels:
Citrine:
470nm LED
->Combiner cube:[,  495lp dichroic->(425LP dichroic)]
->Filter block:[No exciter, | channels: Citrine
2026-07-28 21:23:57,938 INFO [1156/1845] Dataset 1546: 1553_Mal11_mCitrine_Delft_test_05
2026-07-28 21:23:57,951 INFO   Reading metadata annotations...
2026-07-28 21:23:58,189 INFO   Classifying metadata...
2026-07-28 21:24:03,209 INFO   -> fluor: YES | tf_loc: NO | tps: 180 | tf: UNKNOWN | condition: Aim: testing fluorescent strain   Strain: 1553   Comments:
Microscope setup for used channels:
Citrine:
470nm LED
->Combiner cube:[,  495lp dichroic->(425LP dichroic)]
->Filter block:[No exciter, | channels: Citrine
2026-07-28 21:24:03,411 INFO [1157/1845] Dataset 1547: 1553_Mal11_mCitrine_Delft_test_06
2026-07-28 21:24:03,423 INFO   Reading metadata annotations...
2026-07-28 21:24:03,710 INFO   Classifying metadata...
2026-07-28 21:24:06,467 INFO   -> fluor: YES | tf_loc: NO | tps: 180 | tf: UNKNOWN | condition: Aim: testing fluorescent strain   Strain: 1553   Comments:
Microscope setup for used channels:
Citrine:
470nm LED
->Combiner cube:[,  495lp dichroic->(425LP dichroic)]
->Filter block:[No exciter, | channels: Citrine
2026-07-28 21:24:06,667 INFO [1158/1845] Dataset 1548: 1553_Mal11_mCitrine_Delft_test_07
2026-07-28 21:24:06,680 INFO   Reading metadata annotations...
2026-07-28 21:24:06,944 INFO   Classifying metadata...
2026-07-28 21:24:10,060 INFO   -> fluor: YES | tf_loc: NO | tps: 180 | tf: UNKNOWN | condition: Aim: testing fluorescent strain   Strain: 1553   Comments:
Microscope setup for used channels:
Citrine:
470nm LED
->Combiner cube:[,  495lp dichroic->(425LP dichroic)]
->Filter block:[No exciter, | channels: Citrine
2026-07-28 21:24:10,261 INFO [1159/1845] Dataset 1549: auxin_cdc14_dot6_01
2026-07-28 21:24:10,268 INFO   Reading metadata annotations...
2026-07-28 21:24:10,500 WARNING   Truncated large annotation(s): auxin_cdc14_dot6log.txt
2026-07-28 21:24:10,500 INFO   Classifying metadata...
2026-07-28 21:24:15,057 INFO   -> fluor: YES | tf_loc: YES | tps: 360 | tf: Dot6 | condition: Aim: Test effect of Cdc14 degradation on Dot6 localisation
Strains:
BY4741 Dot6-GFP
YSBN6 OsTIR@HO Cdc14-mCherry Dot6-YFP C1-4
Comments:
Grown O/N in XY to saturation. | channels: mCherry;GFP
2026-07-28 21:24:15,257 INFO [1160/1845] Dataset 1550: rapamycin_dot6_sfp1_hog1_yap1_msn2_01
2026-07-28 21:24:15,265 INFO   Reading metadata annotations...
2026-07-28 21:24:15,565 WARNING   Truncated large annotation(s): rapamycin_dot6_sfp1_hog1_yap1_msn2log.txt
2026-07-28 21:24:15,566 INFO   Classifying metadata...
2026-07-28 21:24:20,338 INFO   -> fluor: YES | tf_loc: YES | tps: 240 | tf: Dot6;Sfp1;Hog1;Yap1;Msn2 | condition: Aim: Response of general stress pathways to rapamycin
Strains:                                   BY4741 Dot6-GFP
BY4741 Sfp1-GFP
BY4741 Hog1-GFP
BY4741 Yap1-GFP
BY4741 Msn2-GFP
Comments:
Growth | channels: GFP;cy5
2026-07-28 21:24:20,538 INFO [1161/1845] Dataset 1551: morph_batgirl_htb2sfgfp_a_alpha_00
2026-07-28 21:24:20,545 INFO   Reading metadata annotations...
2026-07-28 21:24:20,855 WARNING   Truncated large annotation(s): morph_batgirl_htb2sfgfp_a_alphalog.txt
2026-07-28 21:24:20,855 INFO   Classifying metadata...
2026-07-28 21:24:28,265 INFO   -> fluor: YES | tf_loc: NO | tps: 300 | tf: UNKNOWN | condition: Aim: Test Htb2-sfGFP strains obtained from Gilles Charvin
Strain:
BY4741 Htb2-sfGFP (a)
BY4742 Htb2-sfGFP (alpha)
Comments:
Cells overgrown. | channels: cy5;GFP
2026-07-28 21:24:28,466 INFO [1162/1845] Dataset 1552: timeint_test_msn2dot6_sfp1maf1_03
2026-07-28 21:24:28,479 INFO   Reading metadata annotations...
2026-07-28 21:24:29,071 WARNING   Truncated large annotation(s): timeint_test_msn2dot6_sfp1maf1log.txt
2026-07-28 21:24:29,071 INFO   Classifying metadata...
2026-07-28 21:24:34,327 INFO   -> fluor: YES | tf_loc: YES | tps: 1680 | tf: Msn2;Dot6;Sfp1;Maf1 | condition: Aim: Test how frequency of image acquisition affects MI
Strains:
Msn2-GFP/Dot6-mCherry
Sfp1-GFP/Maf1-mCherry
Comments:
Strains were slightly denser than log phase when loaded. | channels: GFP
2026-07-28 21:24:34,528 INFO [1163/1845] Dataset 1553: test_02
2026-07-28 21:24:34,541 INFO   Reading metadata annotations...
2026-07-28 21:24:34,558 WARNING   No .log/.txt/Acq.txt annotation found for dataset 1553.
2026-07-28 21:24:34,558 INFO   Classifying metadata...
2026-07-28 21:24:36,586 INFO   -> fluor: NO | tf_loc: NO | tps:  | tf: UNKNOWN | condition:  | channels: UNKNOWN
2026-07-28 21:24:36,786 INFO [1164/1845] Dataset 1554: BABY_pyruvate_01
2026-07-28 21:24:36,798 INFO   Reading metadata annotations...
2026-07-28 21:24:36,814 WARNING   No .log/.txt/Acq.txt annotation found for dataset 1554.
2026-07-28 21:24:36,815 INFO   Classifying metadata...
2026-07-28 21:24:39,562 INFO   -> fluor: NO | tf_loc: NO | tps:  | tf: UNKNOWN | condition:  | channels: UNKNOWN
2026-07-28 21:24:39,762 INFO [1165/1845] Dataset 1555: pHCalibrate6_7_00
2026-07-28 21:24:39,775 INFO   Reading metadata annotations...
2026-07-28 21:24:39,790 WARNING   No .log/.txt/Acq.txt annotation found for dataset 1555.
2026-07-28 21:24:39,791 INFO   Classifying metadata...
2026-07-28 21:24:42,417 INFO   -> fluor: NO | tf_loc: NO | tps:  | tf: UNKNOWN | condition:  | channels: UNKNOWN
2026-07-28 21:24:42,617 INFO [1166/1845] Dataset 1556: pHCalibrate7_24_7_75_00
2026-07-28 21:24:42,624 INFO   Reading metadata annotations...
2026-07-28 21:24:42,634 WARNING   No .log/.txt/Acq.txt annotation found for dataset 1556.
2026-07-28 21:24:42,634 INFO   Classifying metadata...
2026-07-28 21:24:44,786 INFO   -> fluor: NO | tf_loc: NO | tps:  | tf: UNKNOWN | condition:  | channels: UNKNOWN
2026-07-28 21:24:44,987 INFO [1167/1845] Dataset 1557: pH_med_to_high_00
2026-07-28 21:24:44,999 INFO   Reading metadata annotations...
2026-07-28 21:24:45,015 WARNING   No .log/.txt/Acq.txt annotation found for dataset 1557.
2026-07-28 21:24:45,015 INFO   Classifying metadata...
2026-07-28 21:24:47,337 INFO   -> fluor: NO | tf_loc: NO | tps:  | tf: UNKNOWN | condition:  | channels: UNKNOWN
2026-07-28 21:24:47,537 INFO [1168/1845] Dataset 1558: pH_med_to_low_00
2026-07-28 21:24:47,550 INFO   Reading metadata annotations...
2026-07-28 21:24:47,566 WARNING   No .log/.txt/Acq.txt annotation found for dataset 1558.
2026-07-28 21:24:47,566 INFO   Classifying metadata...
2026-07-28 21:24:49,696 INFO   -> fluor: NO | tf_loc: NO | tps:  | tf: UNKNOWN | condition:  | channels: UNKNOWN
2026-07-28 21:24:49,897 INFO [1169/1845] Dataset 1559: SID_test_00
2026-07-28 21:24:49,909 INFO   Reading metadata annotations...
2026-07-28 21:24:49,926 WARNING   No .log/.txt/Acq.txt annotation found for dataset 1559.
2026-07-28 21:24:49,926 INFO   Classifying metadata...
2026-07-28 21:24:52,052 INFO   -> fluor: NO | tf_loc: NO | tps:  | tf: UNKNOWN | condition:  | channels: UNKNOWN
2026-07-28 21:24:52,252 INFO [1170/1845] Dataset 1563: sgo1_00
2026-07-28 21:24:52,259 INFO   Reading metadata annotations...
2026-07-28 21:24:52,488 WARNING   Truncated large annotation(s): sgo1log.txt
2026-07-28 21:24:52,489 INFO   Classifying metadata...
2026-07-28 21:24:59,734 INFO   -> fluor: YES | tf_loc: NO | tps: 400 | tf: UNKNOWN | condition: Aim: Comparison of Bub1 kinetochore localization in sgo1 mutants with bub1 and mad1   Strain:   Comments:   Switch after 5 hours to 2.5ug/ml nocodazole
Microscope setup for used channels:
Brightfiel | channels: GFP;cy5
2026-07-28 21:24:59,934 INFO [1171/1845] Dataset 1564: test_02
2026-07-28 21:24:59,947 INFO   Reading metadata annotations...
2026-07-28 21:24:59,964 WARNING   No .log/.txt/Acq.txt annotation found for dataset 1564.
2026-07-28 21:24:59,964 INFO   Classifying metadata...
2026-07-28 21:25:02,280 INFO   -> fluor: NO | tf_loc: NO | tps:  | tf: UNKNOWN | condition:  | channels: UNKNOWN
2026-07-28 21:25:02,480 INFO [1172/1845] Dataset 1565: BABY_pyruvate_01
2026-07-28 21:25:02,487 INFO   Reading metadata annotations...
2026-07-28 21:25:02,497 WARNING   No .log/.txt/Acq.txt annotation found for dataset 1565.
2026-07-28 21:25:02,497 INFO   Classifying metadata...
2026-07-28 21:25:04,827 INFO   -> fluor: NO | tf_loc: NO | tps:  | tf: UNKNOWN | condition:  | channels: UNKNOWN
2026-07-28 21:25:05,027 INFO [1173/1845] Dataset 1566: pHCalibrate6_7_00
2026-07-28 21:25:05,040 INFO   Reading metadata annotations...
2026-07-28 21:25:05,056 WARNING   No .log/.txt/Acq.txt annotation found for dataset 1566.
2026-07-28 21:25:05,056 INFO   Classifying metadata...
2026-07-28 21:25:07,199 INFO   -> fluor: NO | tf_loc: NO | tps:  | tf: UNKNOWN | condition:  | channels: UNKNOWN
2026-07-28 21:25:07,400 INFO [1174/1845] Dataset 1567: pHCalibrate7_24_7_75_00
2026-07-28 21:25:07,410 INFO   Reading metadata annotations...
2026-07-28 21:25:07,426 WARNING   No .log/.txt/Acq.txt annotation found for dataset 1567.
2026-07-28 21:25:07,426 INFO   Classifying metadata...
2026-07-28 21:25:10,285 INFO   -> fluor: NO | tf_loc: NO | tps:  | tf: UNKNOWN | condition:  | channels: UNKNOWN
2026-07-28 21:25:10,486 INFO [1175/1845] Dataset 1568: pH_med_to_high_00
2026-07-28 21:25:10,492 INFO   Reading metadata annotations...
2026-07-28 21:25:10,502 WARNING   No .log/.txt/Acq.txt annotation found for dataset 1568.
2026-07-28 21:25:10,502 INFO   Classifying metadata...
2026-07-28 21:25:12,368 INFO   -> fluor: NO | tf_loc: NO | tps:  | tf: UNKNOWN | condition:  | channels: UNKNOWN
2026-07-28 21:25:12,569 INFO [1176/1845] Dataset 1569: pH_med_to_low_00
2026-07-28 21:25:12,576 INFO   Reading metadata annotations...
2026-07-28 21:25:12,585 WARNING   No .log/.txt/Acq.txt annotation found for dataset 1569.
2026-07-28 21:25:12,585 INFO   Classifying metadata...
2026-07-28 21:25:15,541 INFO   -> fluor: NO | tf_loc: NO | tps:  | tf: UNKNOWN | condition:  | channels: UNKNOWN
2026-07-28 21:25:15,741 INFO [1177/1845] Dataset 1570: SID_test_00
2026-07-28 21:25:15,752 INFO   Reading metadata annotations...
2026-07-28 21:25:15,767 WARNING   No .log/.txt/Acq.txt annotation found for dataset 1570.
2026-07-28 21:25:15,767 INFO   Classifying metadata...
2026-07-28 21:25:17,875 INFO   -> fluor: NO | tf_loc: NO | tps:  | tf: UNKNOWN | condition:  | channels: UNKNOWN
2026-07-28 21:25:18,075 INFO [1178/1845] Dataset 1574: pyrTo0_1glc_00
2026-07-28 21:25:18,085 INFO   Reading metadata annotations...
2026-07-28 21:25:18,428 WARNING   Truncated large annotation(s): pyrto0_1glclog.txt
2026-07-28 21:25:18,429 INFO   Classifying metadata...
2026-07-28 21:25:25,536 INFO   -> fluor: YES | tf_loc: NO | tps: 180 | tf: UNKNOWN | condition: 2% pyruvate to 0.1% glucose | channels: GFP;cy5
2026-07-28 21:25:25,736 INFO [1179/1845] Dataset 1575: happy_mig1_dot6_maf1_sfp1_msn2_00
2026-07-28 21:25:25,749 INFO   Reading metadata annotations...
2026-07-28 21:25:26,248 WARNING   Truncated large annotation(s): happy_mig1_dot6_maf1_sfp1_msn2log.txt
2026-07-28 21:25:26,249 INFO   Classifying metadata...
2026-07-28 21:25:30,855 INFO   -> fluor: YES | tf_loc: YES | tps: 240 | tf: Mig1;Dot6;Maf1;Sfp1;Msn2 | condition: Aim: Measure Happy-Happy switch as a control for Mutual Information screens  Strain: Mig1, Dot6, Maf1, Sfp1, Msn2 Comments: Low OD O/N growth, diln to 0.1 and growth for 3.5 hours, late by about 15 mi | channels: GFP;cy5
2026-07-28 21:25:31,055 INFO [1180/1845] Dataset 1576: happy_yap1_mig2_tod6_msn4_hog1_01
2026-07-28 21:25:31,063 INFO   Reading metadata annotations...
2026-07-28 21:25:31,414 WARNING   Truncated large annotation(s): happy_yap1_mig2_tod6_msn4_hog1log.txt
2026-07-28 21:25:31,414 INFO   Classifying metadata...
2026-07-28 21:25:35,807 INFO   -> fluor: YES | tf_loc: YES | tps: 240 | tf: Yap1;Mig2;Tod6;Msn4;Hog1 | condition: Aim: Measure Happy-Happy switch as a control for Mutual Information screens  Strain: Yap1, Mig2, Tod6, Msn4, Hog1 Comments: Low OD O/N growth, diln to 0.1 and growth for 3.5 hours, on time getting cel | channels: GFP;cy5
2026-07-28 21:25:36,007 INFO [1181/1845] Dataset 1577: 2_maf1_mig1_sfp1_msn2_dot6_00
2026-07-28 21:25:36,021 INFO   Reading metadata annotations...
2026-07-28 21:25:36,564 WARNING   Truncated large annotation(s): glclvl_1.2_maf1_mig1_sfp1_msn2_dot6log.txt
2026-07-28 21:25:36,564 INFO   Classifying metadata...
2026-07-28 21:25:41,207 INFO   -> fluor: YES | tf_loc: YES | tps: 240 | tf: Maf1;Mig1;Sfp1;Msn2;Dot6 | condition: Aim: Measure information of stress response over different low glucose concentrations
Strain: Maf1-GFP, Mig1-GFP, Sfp1-GFP, Msn2-GFP, Dot6-GFP
Comments: Dilute colony O/N growth and start log growth | channels: GFP;cy5
2026-07-28 21:25:41,408 INFO [1182/1845] Dataset 1578: steady_1min_3z_mch5V_msn4msn2_00
2026-07-28 21:25:41,416 INFO   Reading metadata annotations...
2026-07-28 21:25:41,667 WARNING   Truncated large annotation(s): steady_1min_3z_mch5v_msn4msn2log.txt
2026-07-28 21:25:41,668 INFO   Classifying metadata...
2026-07-28 21:25:46,234 INFO   -> fluor: YES | tf_loc: YES | tps: 1080 | tf: Msn4;Msn2 | condition: Aim: Assess phototoxicity for 1min sampling rate, reduced mCherry voltage and 3 Z sections
Strain: Msn4-GFP/Msn2-mCherry (901)
Comments:
O/N on @6:30pm for 12pm. | channels: GFP;mCherry
2026-07-28 21:25:46,434 INFO [1183/1845] Dataset 1579: steady_0_1_gluc_2min_msn4msn2_00
2026-07-28 21:25:46,447 INFO   Reading metadata annotations...
2026-07-28 21:25:46,858 WARNING   Truncated large annotation(s): steady_0_1_gluc_2min_msn4msn2log.txt
2026-07-28 21:25:46,858 INFO   Classifying metadata...
2026-07-28 21:25:51,577 INFO   -> fluor: YES | tf_loc: YES | tps: 540 | tf: Msn4;Msn2 | condition: Aim: Assess phototoxicity for 2min sampling rate and reduced mCherry voltage
Strain: Msn4-GFP/Msn2-mCherry (901)
Comments:
Used H dilution. | channels: GFP;mCherry
2026-07-28 21:25:51,779 INFO [1184/1845] Dataset 1580: steady_exposure_5z_1min_msn4msn2_01
2026-07-28 21:25:51,787 INFO   Reading metadata annotations...
2026-07-28 21:25:51,801 WARNING   No .log/.txt/Acq.txt annotation found for dataset 1580.
2026-07-28 21:25:51,802 INFO   Classifying metadata...
2026-07-28 21:25:53,987 INFO   -> fluor: NO | tf_loc: YES | tps:  | tf: UNKNOWN | condition:  | channels: UNKNOWN
2026-07-28 21:25:54,188 INFO [1185/1845] Dataset 1581: MABY_training_00
2026-07-28 21:25:54,201 INFO   Reading metadata annotations...
2026-07-28 21:25:54,614 WARNING   Truncated large annotation(s): maby_traininglog.txt
2026-07-28 21:25:54,614 INFO   Classifying metadata...
2026-07-28 21:25:59,379 INFO   -> fluor: YES | tf_loc: YES | tps: 250 | tf: Hog1 | condition: Dataset for MAYBE training - for organelle detection (duplicate for experiment on 29/3). | channels: GFP
2026-07-28 21:25:59,579 INFO [1186/1845] Dataset 1582: A2_Sun4_00
2026-07-28 21:25:59,592 INFO   Reading metadata annotations...
2026-07-28 21:25:59,822 INFO   Classifying metadata...
2026-07-28 21:26:03,424 INFO   -> fluor: YES | tf_loc: NO | tps: 250 | tf: UNKNOWN | condition: Microscope setup for used channels:
Brightfield:
No light path info in config file. | channels: GFP
2026-07-28 21:26:03,625 INFO [1187/1845] Dataset 1583: A2_Sun4_01
2026-07-28 21:26:03,636 INFO   Reading metadata annotations...
2026-07-28 21:26:03,813 INFO   Classifying metadata...
2026-07-28 21:26:06,475 INFO   -> fluor: YES | tf_loc: NO | tps: 250 | tf: UNKNOWN | condition: Microscope setup for used channels:
Brightfield:
No light path info in config file. | channels: GFP
2026-07-28 21:26:06,676 INFO [1188/1845] Dataset 1584: A2_Sun4_02
2026-07-28 21:26:06,688 INFO   Reading metadata annotations...
2026-07-28 21:26:06,886 INFO   Classifying metadata...
2026-07-28 21:26:11,729 INFO   -> fluor: YES | tf_loc: NO | tps: 250 | tf: UNKNOWN | condition: Microscope setup for used channels:
Brightfield:
No light path info in config file. | channels: GFP
2026-07-28 21:26:11,929 INFO [1189/1845] Dataset 1585: A3_Sun4_00
2026-07-28 21:26:11,937 INFO   Reading metadata annotations...
2026-07-28 21:26:12,060 INFO   Classifying metadata...
2026-07-28 21:26:15,375 INFO   -> fluor: YES | tf_loc: NO | tps: 250 | tf: UNKNOWN | condition: Microscope setup for used channels:
Brightfield:
No light path info in config file. | channels: GFP
2026-07-28 21:26:15,575 INFO [1190/1845] Dataset 1586: A3_Sun4_01
2026-07-28 21:26:15,587 INFO   Reading metadata annotations...
2026-07-28 21:26:15,695 INFO   Classifying metadata...
2026-07-28 21:26:18,867 INFO   -> fluor: YES | tf_loc: NO | tps: 250 | tf: UNKNOWN | condition: Microscope setup for used channels:
Brightfield:
No light path info in config file. | channels: GFP
2026-07-28 21:26:19,068 INFO [1191/1845] Dataset 1587: A4_Sun4_00
2026-07-28 21:26:19,081 INFO   Reading metadata annotations...
2026-07-28 21:26:19,297 INFO   Classifying metadata...
2026-07-28 21:26:23,938 INFO   -> fluor: YES | tf_loc: NO | tps: 250 | tf: UNKNOWN | condition: Microscope setup for used channels:
Brightfield:
No light path info in config file. | channels: GFP
2026-07-28 21:26:24,139 INFO [1192/1845] Dataset 1588: A4_Sun4_01
2026-07-28 21:26:24,152 INFO   Reading metadata annotations...
2026-07-28 21:26:24,425 INFO   Classifying metadata...
2026-07-28 21:26:28,304 INFO   -> fluor: YES | tf_loc: NO | tps: 250 | tf: UNKNOWN | condition: Microscope setup for used channels:
Brightfield:
No light path info in config file. | channels: GFP
2026-07-28 21:26:28,504 INFO [1193/1845] Dataset 1589: A5_Sun4_00
2026-07-28 21:26:28,517 INFO   Reading metadata annotations...
2026-07-28 21:26:28,687 INFO   Classifying metadata...
2026-07-28 21:26:31,768 INFO   -> fluor: YES | tf_loc: NO | tps: 250 | tf: UNKNOWN | condition: Microscope setup for used channels:
Brightfield:
No light path info in config file. | channels: GFP
2026-07-28 21:26:31,969 INFO [1194/1845] Dataset 1590: A5_Sun4_01
2026-07-28 21:26:31,976 INFO   Reading metadata annotations...
2026-07-28 21:26:32,093 INFO   Classifying metadata...
2026-07-28 21:26:35,220 INFO   -> fluor: YES | tf_loc: NO | tps: 250 | tf: UNKNOWN | condition: Microscope setup for used channels:
Brightfield:
No light path info in config file. | channels: GFP
2026-07-28 21:26:35,420 INFO [1195/1845] Dataset 1591: b1_Srl1_00
2026-07-28 21:26:35,433 INFO   Reading metadata annotations...
2026-07-28 21:26:35,657 INFO   Classifying metadata...
2026-07-28 21:26:37,186 INFO   -> fluor: YES | tf_loc: YES | tps: 250 | tf: Srl1 | condition: Microscope setup for used channels:
Brightfield:
No light path info in config file. | channels: GFP
2026-07-28 21:26:37,386 INFO [1196/1845] Dataset 1592: b1_Srl1_01
2026-07-28 21:26:37,399 INFO   Reading metadata annotations...
2026-07-28 21:26:37,587 INFO   Classifying metadata...
2026-07-28 21:26:38,389 INFO   -> fluor: YES | tf_loc: YES | tps: 250 | tf: Srl1 | condition: Microscope setup for used channels:
Brightfield:
No light path info in config file. | channels: GFP
2026-07-28 21:26:38,590 INFO [1197/1845] Dataset 1593: B2_Srl1_00
2026-07-28 21:26:38,602 INFO   Reading metadata annotations...
2026-07-28 21:26:38,825 INFO   Classifying metadata...
2026-07-28 21:26:42,849 INFO   -> fluor: YES | tf_loc: YES | tps: 250 | tf: Srl1 | condition: Microscope setup for used channels:
Brightfield:
No light path info in config file. | channels: GFP
2026-07-28 21:26:43,050 INFO [1198/1845] Dataset 1594: B2_Srl1_01
2026-07-28 21:26:43,062 INFO   Reading metadata annotations...
2026-07-28 21:26:43,286 INFO   Classifying metadata...
2026-07-28 21:26:44,026 INFO   -> fluor: YES | tf_loc: YES | tps: 250 | tf: Srl1 | condition: Microscope setup for used channels:
Brightfield:
No light path info in config file. | channels: GFP
2026-07-28 21:26:44,227 INFO [1199/1845] Dataset 1595: B2_Srl1_02
2026-07-28 21:26:44,239 INFO   Reading metadata annotations...
2026-07-28 21:26:44,459 INFO   Classifying metadata...
2026-07-28 21:26:45,118 INFO   -> fluor: YES | tf_loc: YES | tps: 250 | tf: Srl1 | condition: Microscope setup for used channels:
Brightfield:
No light path info in config file. | channels: GFP
2026-07-28 21:26:45,319 INFO [1200/1845] Dataset 1596: B3_Srl1_00
2026-07-28 21:26:45,331 INFO   Reading metadata annotations...
2026-07-28 21:26:45,507 INFO   Classifying metadata...
2026-07-28 21:26:46,664 INFO   -> fluor: YES | tf_loc: YES | tps: 250 | tf: Srl1 | condition: Microscope setup for used channels:
Brightfield:
No light path info in config file. | channels: GFP
2026-07-28 21:26:46,864 INFO [1201/1845] Dataset 1597: B3_Srl1_01
2026-07-28 21:26:46,877 INFO   Reading metadata annotations...
2026-07-28 21:26:47,130 INFO   Classifying metadata...
2026-07-28 21:26:47,880 INFO   -> fluor: YES | tf_loc: YES | tps: 250 | tf: Srl1 | condition: Microscope setup for used channels:
Brightfield:
No light path info in config file. | channels: GFP
2026-07-28 21:26:48,081 INFO [1202/1845] Dataset 1598: B4_Srl1_00
2026-07-28 21:26:48,092 INFO   Reading metadata annotations...
2026-07-28 21:26:48,277 INFO   Classifying metadata...
2026-07-28 21:26:49,070 INFO   -> fluor: YES | tf_loc: YES | tps: 250 | tf: Srl1 | condition: Microscope setup for used channels:
Brightfield:
No light path info in config file. | channels: GFP
2026-07-28 21:26:49,271 INFO [1203/1845] Dataset 1599: B4_Srl1_01
2026-07-28 21:26:49,283 INFO   Reading metadata annotations...
2026-07-28 21:26:49,514 INFO   Classifying metadata...
2026-07-28 21:26:50,184 INFO   -> fluor: YES | tf_loc: YES | tps: 250 | tf: Srl1 | condition: Microscope setup for used channels:
Brightfield:
No light path info in config file. | channels: GFP
2026-07-28 21:26:50,385 INFO [1204/1845] Dataset 1603: B5_Srl1_02
2026-07-28 21:26:50,392 INFO   Reading metadata annotations...
2026-07-28 21:26:50,539 INFO   Classifying metadata...
2026-07-28 21:26:51,416 INFO   -> fluor: YES | tf_loc: YES | tps: 250 | tf: Srl1 | condition: Microscope setup for used channels:
Brightfield:
No light path info in config file. | channels: GFP
2026-07-28 21:26:51,617 INFO [1205/1845] Dataset 1604: B5_Srl1_x100_00
2026-07-28 21:26:51,624 INFO   Reading metadata annotations...
2026-07-28 21:26:51,745 INFO   Classifying metadata...
2026-07-28 21:26:52,430 INFO   -> fluor: YES | tf_loc: YES | tps: 250 | tf: Srl1 | condition: Microscope setup for used channels:
Brightfield:
No light path info in config file. | channels: GFP
2026-07-28 21:26:52,630 INFO [1206/1845] Dataset 1605: B5_Srl1_x100_01
2026-07-28 21:26:52,637 INFO   Reading metadata annotations...
2026-07-28 21:26:52,774 INFO   Classifying metadata...
2026-07-28 21:26:53,474 INFO   -> fluor: YES | tf_loc: YES | tps: 250 | tf: Srl1 | condition: Microscope setup for used channels:
Brightfield:
No light path info in config file. | channels: GFP
2026-07-28 21:26:53,675 INFO [1207/1845] Dataset 1606: B5_Srl1_x100_02
2026-07-28 21:26:53,687 INFO   Reading metadata annotations...
2026-07-28 21:26:53,864 INFO   Classifying metadata...
2026-07-28 21:26:54,670 INFO   -> fluor: YES | tf_loc: YES | tps: 250 | tf: Srl1 | condition: Microscope setup for used channels:
Brightfield:
No light path info in config file. | channels: GFP
2026-07-28 21:26:54,870 INFO [1208/1845] Dataset 2626: FluorophoresAndConditionsTest_05
2026-07-28 21:26:54,883 INFO   Reading metadata annotations...
2026-07-28 21:26:54,971 INFO   Classifying metadata...
2026-07-28 21:26:58,701 INFO   -> fluor: NO | tf_loc: YES | tps:  | tf: Dot6;Msn2 | condition:  | channels: GFP, mCherry
2026-07-28 21:26:58,902 INFO [1209/1845] Dataset 2627: FluorophoresAndConditionsTest_05
2026-07-28 21:26:58,914 INFO   Reading metadata annotations...
2026-07-28 21:26:59,002 INFO   Classifying metadata...
2026-07-28 21:27:01,395 INFO   -> fluor: NO | tf_loc: YES | tps:  | tf: Dot6;Msn2 | condition:  | channels: GFP, mCherry
2026-07-28 21:27:01,595 INFO [1210/1845] Dataset 2628: FluorophoresAndConditionsTest_05
2026-07-28 21:27:01,601 INFO   Reading metadata annotations...
2026-07-28 21:27:01,819 WARNING   Truncated large annotation(s): fluorophoresandconditionstestlog.txt
2026-07-28 21:27:01,819 INFO   Classifying metadata...
2026-07-28 21:27:08,472 INFO   -> fluor: YES | tf_loc: NO | tps: 47 | tf: UNKNOWN | condition: Aim:   Strain:   Comments:  Experiment to test the different values of sampling time and exposure. | channels: GFP;mCherry
2026-07-28 21:27:08,672 INFO [1211/1845] Dataset 2629: FluorophoresAndConditionsTest_05
2026-07-28 21:27:08,685 INFO   Reading metadata annotations...
2026-07-28 21:27:08,755 INFO   Classifying metadata...
2026-07-28 21:27:10,621 INFO   -> fluor: NO | tf_loc: YES | tps:  | tf: Dot6;Msn2 | condition:  | channels: GFP, mCherry
2026-07-28 21:27:10,821 INFO [1212/1845] Dataset 2630: FluorophoresAndConditionsTest_05
2026-07-28 21:27:10,828 INFO   Reading metadata annotations...
2026-07-28 21:27:10,868 INFO   Classifying metadata...
2026-07-28 21:27:13,205 INFO   -> fluor: NO | tf_loc: YES | tps:  | tf: Dot6;Msn2 | condition:  | channels: GFP, mCherry
2026-07-28 21:27:13,406 INFO [1213/1845] Dataset 2631: FluorophoresAndConditionsTest_05
2026-07-28 21:27:13,418 INFO   Reading metadata annotations...
2026-07-28 21:27:13,921 WARNING   Truncated large annotation(s): fluorophoresandconditionstestlog.txt
2026-07-28 21:27:13,921 INFO   Classifying metadata...
2026-07-28 21:27:20,923 INFO   -> fluor: YES | tf_loc: NO | tps: 47 | tf: UNKNOWN | condition: Aim:   Strain:   Comments:  Experiment to test the different values of sampling time and exposure. | channels: GFP;mCherry
2026-07-28 21:27:21,123 INFO [1214/1845] Dataset 2632: exp_00
2026-07-28 21:27:21,131 INFO   Reading metadata annotations...
2026-07-28 21:27:21,293 WARNING   Truncated large annotation(s): explog.txt
2026-07-28 21:27:21,293 INFO   Classifying metadata...
2026-07-28 21:27:29,135 INFO   -> fluor: YES | tf_loc: NO | tps: 1000 | tf: UNKNOWN | condition: Aim:   Strain:   Comments:   
Microscope setup for used channels:
Brightfield:
White LED
->(Polariser + Prism + condenser)]
->Filter block:[GFP/mCherry (59022) exciter,GFP/mCherry (59022) dichroi | channels: GFP;mCherry
2026-07-28 21:27:29,335 INFO [1215/1845] Dataset 2633: PKA_msn2gfp_C1_C2_C3_E3_02
2026-07-28 21:27:29,348 INFO   Reading metadata annotations...
2026-07-28 21:27:29,644 INFO   Classifying metadata...
2026-07-28 21:27:31,439 INFO   -> fluor: YES | tf_loc: YES | tps: 2 | tf: Msn2 | condition: Aim:   Strain:   Comments:
Microscope setup for used channels:
Brightfield:
"White LED
->(polarizer + prism + condenser)"]
->Filter block:["No exciter, 495LP, no emission filter]
->Emission filt | channels: GFP
2026-07-28 21:27:31,639 INFO [1216/1845] Dataset 2634: pH_raf_2_00_01
2026-07-28 21:27:31,647 INFO   Reading metadata annotations...
2026-07-28 21:27:31,958 WARNING   Truncated large annotation(s): ph_raf_2_00log.txt
2026-07-28 21:27:31,958 INFO   Classifying metadata...
2026-07-28 21:27:38,421 INFO   -> fluor: YES | tf_loc: NO | tps: 180 | tf: UNKNOWN | condition: Aim:  Growth rate v pH  Strain:   247 Comments: Calibration from this morning can be used for this experiment and the one set up yesterday. | channels: GFP;pHluorin405
2026-07-28 21:27:38,622 INFO [1217/1845] Dataset 2635: Buffer6_01
2026-07-28 21:27:38,635 INFO   Reading metadata annotations...
2026-07-28 21:27:38,846 INFO   Classifying metadata...
2026-07-28 21:27:42,006 INFO   -> fluor: YES | tf_loc: NO | tps: 180 | tf: UNKNOWN | condition: Aim:  Calibration Strain:   247 Comments:
Microscope setup for used channels:
GFP:
"470nm LED
->Combiner cube:[ No exciter in combiner cube,  495lp dichroic-> (425lp dichroic)"]
->Filter block:[" | channels: GFP;pHluorin405
2026-07-28 21:27:42,206 INFO [1218/1845] Dataset 2636: 0_5Raff_01
2026-07-28 21:27:42,211 INFO   Reading metadata annotations...
2026-07-28 21:27:42,492 WARNING   Truncated large annotation(s): 0_5rafflog.txt
2026-07-28 21:27:42,492 INFO   Classifying metadata...
2026-07-28 21:27:48,812 INFO   -> fluor: YES | tf_loc: NO | tps: 180 | tf: UNKNOWN | condition: Aim:   Growth rate vs pH Strain: 247  Comments:   Growth in 0.5% raffinose, no switch. | channels: GFP;pHluorin405
2026-07-28 21:27:49,012 INFO [1219/1845] Dataset 2637: 6_00_00
2026-07-28 21:27:49,026 INFO   Reading metadata annotations...
2026-07-28 21:27:49,232 INFO   Classifying metadata...
2026-07-28 21:27:51,840 INFO   -> fluor: YES | tf_loc: NO | tps: 180 | tf: UNKNOWN | condition: Aim:   pHluorin calibration Strain:  247 Comments:
Microscope setup for used channels:
GFPFast:
470nm LED
->Combiner cube:[480/40 exciter, 515LP dichroic->(455LP dichroic)]
->Filter block:[Dual G | channels: GFPFast;pHluorin405
2026-07-28 21:27:52,040 INFO [1220/1845] Dataset 2638: 7_52_00
2026-07-28 21:27:52,048 INFO   Reading metadata annotations...
2026-07-28 21:27:52,136 INFO   Classifying metadata...
2026-07-28 21:27:55,090 INFO   -> fluor: YES | tf_loc: NO | tps: 180 | tf: UNKNOWN | condition: Aim:   pHluorin calibration Strain:  247 Comments:
Microscope setup for used channels:
GFPFast:
470nm LED
->Combiner cube:[480/40 exciter, 515LP dichroic->(455LP dichroic)]
->Filter block:[Dual G | channels: GFPFast;pHluorin405
2026-07-28 21:27:55,291 INFO [1221/1845] Dataset 2639: wildtype_00
2026-07-28 21:27:55,304 INFO   Reading metadata annotations...
2026-07-28 21:27:55,400 INFO   Classifying metadata...
2026-07-28 21:27:58,513 INFO   -> fluor: YES | tf_loc: NO | tps: 180 | tf: UNKNOWN | condition: Aim:   pHluorin calibration Strain:  247 Comments:
Microscope setup for used channels:
GFPFast:
470nm LED
->Combiner cube:[480/40 exciter, 515LP dichroic->(455LP dichroic)]
->Filter block:[Dual G | channels: GFPFast;pHluorin405
2026-07-28 21:27:58,714 INFO [1222/1845] Dataset 2640: 8_08_02
2026-07-28 21:27:58,727 INFO   Reading metadata annotations...
2026-07-28 21:27:58,874 INFO   Classifying metadata...
2026-07-28 21:28:01,380 INFO   -> fluor: YES | tf_loc: NO | tps: 180 | tf: UNKNOWN | condition: Aim:   pHluorin calibration Strain:  247 Comments:
Microscope setup for used channels:
GFPFast:
470nm LED
->Combiner cube:[480/40 exciter, 515LP dichroic->(455LP dichroic)]
->Filter block:[Dual G | channels: GFPFast;pHluorin405
2026-07-28 21:28:01,580 INFO [1223/1845] Dataset 2641: 6_25_01
2026-07-28 21:28:01,588 INFO   Reading metadata annotations...
2026-07-28 21:28:01,692 INFO   Classifying metadata...
2026-07-28 21:28:06,473 INFO   -> fluor: YES | tf_loc: NO | tps: 180 | tf: UNKNOWN | condition: Aim:   pHluorin calibration Strain:  247 Comments:
Microscope setup for used channels:
GFPFast:
470nm LED
->Combiner cube:[480/40 exciter, 515LP dichroic->(455LP dichroic)]
->Filter block:[Dual G | channels: GFPFast;pHluorin405
2026-07-28 21:28:06,673 INFO [1224/1845] Dataset 2642: 6_25_00
2026-07-28 21:28:06,687 INFO   Reading metadata annotations...
2026-07-28 21:28:06,906 INFO   Classifying metadata...
2026-07-28 21:28:11,258 INFO   -> fluor: YES | tf_loc: NO | tps: 180 | tf: UNKNOWN | condition: Aim:   pHluorin calibration Strain:  247 Comments:
Microscope setup for used channels:
GFPFast:
470nm LED
->Combiner cube:[480/40 exciter, 515LP dichroic->(455LP dichroic)]
->Filter block:[Dual G | channels: GFPFast;pHluorin405
2026-07-28 21:28:11,459 INFO [1225/1845] Dataset 2643: 5_75_00
2026-07-28 21:28:11,466 INFO   Reading metadata annotations...
2026-07-28 21:28:11,564 INFO   Classifying metadata...
2026-07-28 21:28:14,411 INFO   -> fluor: YES | tf_loc: NO | tps: 180 | tf: UNKNOWN | condition: Aim:   pHluorin calibration Strain:  247 Comments:
Microscope setup for used channels:
GFPFast:
470nm LED
->Combiner cube:[480/40 exciter, 515LP dichroic->(455LP dichroic)]
->Filter block:[Dual G | channels: GFPFast;pHluorin405
2026-07-28 21:28:14,611 INFO [1226/1845] Dataset 2645: 7_52_01
2026-07-28 21:28:14,623 INFO   Reading metadata annotations...
2026-07-28 21:28:14,785 INFO   Classifying metadata...
2026-07-28 21:28:17,857 INFO   -> fluor: YES | tf_loc: NO | tps: 180 | tf: UNKNOWN | condition: Aim:   pHluorin calibration Strain:  247 Comments:
Microscope setup for used channels:
GFPFast:
470nm LED
->Combiner cube:[480/40 exciter, 515LP dichroic->(455LP dichroic)]
->Filter block:[Dual G | channels: GFPFast;pHluorin405
2026-07-28 21:28:18,057 INFO [1227/1845] Dataset 2646: 8_08_00
2026-07-28 21:28:18,070 INFO   Reading metadata annotations...
2026-07-28 21:28:18,169 INFO   Classifying metadata...
2026-07-28 21:28:21,414 INFO   -> fluor: YES | tf_loc: NO | tps: 180 | tf: UNKNOWN | condition: Aim:   pHluorin calibration Strain:  247 Comments:
Microscope setup for used channels:
GFPFast:
470nm LED
->Combiner cube:[480/40 exciter, 515LP dichroic->(455LP dichroic)]
->Filter block:[Dual G | channels: GFPFast;pHluorin405
2026-07-28 21:28:21,615 INFO [1228/1845] Dataset 2647: pHluorin_1_raff_07
2026-07-28 21:28:21,622 INFO   Reading metadata annotations...
2026-07-28 21:28:21,917 WARNING   Truncated large annotation(s): phluorin_1_rafflog.txt
2026-07-28 21:28:21,917 INFO   Classifying metadata...
2026-07-28 21:28:29,222 INFO   -> fluor: YES | tf_loc: NO | tps: 180 | tf: UNKNOWN | condition: Aim:  Growth rate vs pH Strain:  247 Comments: 1% raffinose calibrated experiment to look at correlation of growth rate with intracellular pH. | channels: GFPFast;pHluorin405
2026-07-28 21:28:29,422 INFO [1229/1845] Dataset 2648: wildtype_01
2026-07-28 21:28:29,436 INFO   Reading metadata annotations...
2026-07-28 21:28:29,638 INFO   Classifying metadata...
2026-07-28 21:28:32,640 INFO   -> fluor: YES | tf_loc: NO | tps: 180 | tf: UNKNOWN | condition: Aim:   pHluorin calibration Strain:  247 Comments:
Microscope setup for used channels:
GFPFast:
470nm LED
->Combiner cube:[480/40 exciter, 515LP dichroic->(455LP dichroic)]
->Filter block:[Dual G | channels: GFPFast;pHluorin405
2026-07-28 21:28:32,841 INFO [1230/1845] Dataset 2649: 6_5_00
2026-07-28 21:28:32,853 INFO   Reading metadata annotations...
2026-07-28 21:28:33,058 INFO   Classifying metadata...
2026-07-28 21:28:36,272 INFO   -> fluor: YES | tf_loc: NO | tps: 180 | tf: UNKNOWN | condition: Aim:   pHluorin calibration Strain:  247 Comments:
Microscope setup for used channels:
GFPFast:
470nm LED
->Combiner cube:[480/40 exciter, 515LP dichroic->(455LP dichroic)]
->Filter block:[Dual G | channels: GFPFast;pHluorin405
2026-07-28 21:28:36,473 INFO [1231/1845] Dataset 2650: 6_00_01
2026-07-28 21:28:36,485 INFO   Reading metadata annotations...
2026-07-28 21:28:36,695 INFO   Classifying metadata...
2026-07-28 21:28:39,476 INFO   -> fluor: YES | tf_loc: NO | tps: 180 | tf: UNKNOWN | condition: Aim:   pHluorin calibration Strain:  247 Comments:
Microscope setup for used channels:
GFPFast:
470nm LED
->Combiner cube:[480/40 exciter, 515LP dichroic->(455LP dichroic)]
->Filter block:[Dual G | channels: GFPFast;pHluorin405
2026-07-28 21:28:39,677 INFO [1232/1845] Dataset 2651: 5_75_01
2026-07-28 21:28:39,689 INFO   Reading metadata annotations...
2026-07-28 21:28:39,899 INFO   Classifying metadata...
2026-07-28 21:28:43,844 INFO   -> fluor: YES | tf_loc: NO | tps: 180 | tf: UNKNOWN | condition: Aim:   pHluorin calibration Strain:  247 Comments:
Microscope setup for used channels:
GFPFast:
470nm LED
->Combiner cube:[480/40 exciter, 515LP dichroic->(455LP dichroic)]
->Filter block:[Dual G | channels: GFPFast;pHluorin405
2026-07-28 21:28:44,044 INFO [1233/1845] Dataset 2652: 8_08_01
2026-07-28 21:28:44,057 INFO   Reading metadata annotations...
2026-07-28 21:28:44,262 INFO   Classifying metadata...
2026-07-28 21:28:47,532 INFO   -> fluor: YES | tf_loc: NO | tps: 180 | tf: UNKNOWN | condition: Aim:   pHluorin calibration Strain:  247 Comments:
Microscope setup for used channels:
GFPFast:
470nm LED
->Combiner cube:[480/40 exciter, 515LP dichroic->(455LP dichroic)]
->Filter block:[Dual G | channels: GFPFast;pHluorin405
2026-07-28 21:28:47,732 INFO [1234/1845] Dataset 1608: c1_Sun4_00
2026-07-28 21:28:47,745 INFO   Reading metadata annotations...
2026-07-28 21:28:48,006 INFO   Classifying metadata...
2026-07-28 21:28:51,192 INFO   -> fluor: YES | tf_loc: NO | tps: 250 | tf: UNKNOWN | condition: Microscope setup for used channels:
Brightfield:
No light path info in config file. | channels: GFP
2026-07-28 21:28:51,393 INFO [1235/1845] Dataset 1609: c1_Sun4_01
2026-07-28 21:28:51,400 INFO   Reading metadata annotations...
2026-07-28 21:28:51,497 INFO   Classifying metadata...
2026-07-28 21:28:54,575 INFO   -> fluor: YES | tf_loc: NO | tps: 250 | tf: UNKNOWN | condition: Microscope setup for used channels:
Brightfield:
No light path info in config file. | channels: GFP
2026-07-28 21:28:54,775 INFO [1236/1845] Dataset 1610: C2_Sun4_00
2026-07-28 21:28:54,788 INFO   Reading metadata annotations...
2026-07-28 21:28:55,031 INFO   Classifying metadata...
2026-07-28 21:28:58,057 INFO   -> fluor: YES | tf_loc: NO | tps: 250 | tf: UNKNOWN | condition: Microscope setup for used channels:
Brightfield:
No light path info in config file. | channels: GFP
2026-07-28 21:28:58,257 INFO [1237/1845] Dataset 1611: C2_Sun4_01
2026-07-28 21:28:58,270 INFO   Reading metadata annotations...
2026-07-28 21:28:58,409 INFO   Classifying metadata...
2026-07-28 21:29:01,733 INFO   -> fluor: YES | tf_loc: NO | tps: 250 | tf: UNKNOWN | condition: Microscope setup for used channels:
Brightfield:
No light path info in config file. | channels: GFP
2026-07-28 21:29:01,934 INFO [1238/1845] Dataset 1612: steady_0p1gluc_4min_msn4msn2_00
2026-07-28 21:29:01,942 INFO   Reading metadata annotations...
2026-07-28 21:29:02,215 WARNING   Truncated large annotation(s): steady_0p1gluc_4min_msn4msn2log.txt
2026-07-28 21:29:02,215 INFO   Classifying metadata...
2026-07-28 21:29:06,935 INFO   -> fluor: YES | tf_loc: YES | tps: 270 | tf: Msn4;Msn2 | condition: Aim: Assess phototoxicity for 4min sampling rate and reduced mCherry voltage
Strain: Msn4-GFP/Msn2-mCherry (901)
Comments:
Used L dilution. | channels: GFP;mCherry
2026-07-28 21:29:07,137 INFO [1239/1845] Dataset 1613: steady_0_1_gluc_2min_msn2msn4_00
2026-07-28 21:29:07,150 INFO   Reading metadata annotations...
2026-07-28 21:29:07,571 WARNING   Truncated large annotation(s): steady_0_1_gluc_2min_msn2msn4log.txt
2026-07-28 21:29:07,572 INFO   Classifying metadata...
2026-07-28 21:29:12,192 INFO   -> fluor: YES | tf_loc: YES | tps: 1080 | tf: Msn4;Msn2 | condition: Aim: Assess phototoxicity for 1min sampling rate
Strain: Msn4-GFP/Msn2-mCherry (901)
Comments:
OD of O/N: 1.75
OD after loading: 0.67
Was ~30 min late collecting log culture
Microscope setup for | channels: GFP;mCherry
2026-07-28 21:29:12,394 INFO [1240/1845] Dataset 1614: steady_0p01glc_2min_3z_mch5V_msn4msn2_01
2026-07-28 21:29:12,402 INFO   Reading metadata annotations...
2026-07-28 21:29:12,648 WARNING   Truncated large annotation(s): steady_0p01glc_2min_3z_mch5v_msn4msn2log.txt
2026-07-28 21:29:12,648 INFO   Classifying metadata...
2026-07-28 21:29:17,416 INFO   -> fluor: YES | tf_loc: YES | tps: 540 | tf: Msn4;Msn2 | condition: Aim: Assess phototoxicity for 2min sampling rate at 0.01% glucose
Strain: Msn4-GFP/Msn2-mCherry (901)
Comments:
O/N on @? | channels: GFP;mCherry
2026-07-28 21:29:17,618 INFO [1241/1845] Dataset 1615: steady_2p0glc_2min_3z_mch5V_msn4msn2_00
2026-07-28 21:29:17,630 INFO   Reading metadata annotations...
2026-07-28 21:29:17,980 WARNING   Truncated large annotation(s): steady_2p0glc_2min_3z_mch5v_msn4msn2log.txt
2026-07-28 21:29:17,980 INFO   Classifying metadata...
2026-07-28 21:29:22,706 INFO   -> fluor: YES | tf_loc: YES | tps: 540 | tf: Msn4;Msn2 | condition: Aim: Assess phototoxicity for 2min sampling rate, reduced mCherry voltage and 3 Z sections
Strain: Msn4-GFP/Msn2-mCherry (901)
Comments:
O/N on @? | channels: GFP;mCherry
2026-07-28 21:29:22,908 INFO [1242/1845] Dataset 1616: steady_2p0glc_1min_3z_mch5V_msn4msn2_00
2026-07-28 21:29:22,921 INFO   Reading metadata annotations...
2026-07-28 21:29:23,542 WARNING   Truncated large annotation(s): steady_2p0glc_1min_3z_mch5v_msn4msn2log.txt
2026-07-28 21:29:23,542 INFO   Classifying metadata...
2026-07-28 21:29:28,064 INFO   -> fluor: YES | tf_loc: YES | tps: 1080 | tf: Msn4;Msn2 | condition: Aim: Assess phototoxicity for 1min sampling rate, reduced mCherry voltage and 3 Z sections for mock switch
Strain: Msn4-GFP/Msn2-mCherry (901)
Comments:
O/N @6:10pm for 11am. | channels: GFP;mCherry
2026-07-28 21:29:28,264 INFO [1243/1845] Dataset 1617: flavin_autofluo_test_00
2026-07-28 21:29:28,277 INFO   Reading metadata annotations...
2026-07-28 21:29:28,661 WARNING   Truncated large annotation(s): flavin_autofluo_testlog.txt
2026-07-28 21:29:28,662 INFO   Classifying metadata...
2026-07-28 21:29:37,055 INFO   -> fluor: YES | tf_loc: NO | tps: 360 | tf: UNKNOWN | condition: Aim: Find best exposure time for flavin autofluorescence
Strain: 365
Comments: Not sure which LED voltage is best yet, going with -2 V for now
Microscope setup for used channels:
Brightfield:
Whi | channels: Flavin
2026-07-28 21:29:37,255 INFO [1244/1845] Dataset 1618: flavin_autofluo_test_02_00
2026-07-28 21:29:37,267 INFO   Reading metadata annotations...
2026-07-28 21:29:37,658 WARNING   Truncated large annotation(s): flavin_autofluo_test_02log.txt
2026-07-28 21:29:37,659 INFO   Classifying metadata...
2026-07-28 21:29:44,384 INFO   -> fluor: YES | tf_loc: NO | tps: 360 | tf: UNKNOWN | condition: Aim: test exposure  Strain: YST365  Comments: repeat of flavin_autofluo_test_01 (2020-01-16) to get more cells in. | channels: Flavin
2026-07-28 21:29:44,585 INFO [1245/1845] Dataset 1619: flavin_autofluo_test_01_00
2026-07-28 21:29:44,597 INFO   Reading metadata annotations...
2026-07-28 21:29:44,972 WARNING   Truncated large annotation(s): flavin_autofluo_test_01log.txt
2026-07-28 21:29:44,972 INFO   Classifying metadata...
2026-07-28 21:29:52,159 INFO   -> fluor: YES | tf_loc: NO | tps: 360 | tf: UNKNOWN | condition: Aim: test exposure + see if oscillations diminished in SC media  Strain: 365  Comments: increaed voltage to 0 V this time to improve signal to noise
Microscope setup for used channels:
Brightfield: | channels: Flavin
2026-07-28 21:29:52,360 INFO [1246/1845] Dataset 1620: flavin_autofluo_test_03_00
2026-07-28 21:29:52,368 INFO   Reading metadata annotations...
2026-07-28 21:29:52,620 WARNING   Truncated large annotation(s): flavin_autofluo_test_03log.txt
2026-07-28 21:29:52,620 INFO   Classifying metadata...
2026-07-28 21:29:59,020 INFO   -> fluor: YES | tf_loc: NO | tps: 360 | tf: UNKNOWN | condition: Aim: test exposure  Strain: YST365  Comments: repeat of flavin_autofluo_test_02 (2020-01-31) after testing LED voltage. | channels: Flavin
2026-07-28 21:29:59,220 INFO [1247/1845] Dataset 1621: flavin_autofluo_365_whi5_01_00
2026-07-28 21:29:59,234 INFO   Reading metadata annotations...
2026-07-28 21:29:59,621 WARNING   Truncated large annotation(s): flavin_autofluo_365_whi5_01log.txt
2026-07-28 21:29:59,622 INFO   Classifying metadata...
2026-07-28 21:30:04,337 INFO   -> fluor: YES | tf_loc: YES | tps: 360 | tf: Whi5 | condition: SM to SC | channels: Flavin;mCherry
2026-07-28 21:30:04,539 INFO [1248/1845] Dataset 1622: flavin_autofluo_whi5_03_00
2026-07-28 21:30:04,552 INFO   Reading metadata annotations...
2026-07-28 21:30:04,922 WARNING   Truncated large annotation(s): flavin_autofluo_whi5_03log.txt
2026-07-28 21:30:04,922 INFO   Classifying metadata...
2026-07-28 21:30:10,850 INFO   -> fluor: YES | tf_loc: YES | tps: 360 | tf: Whi5 | condition: SM to SC | channels: Flavin;mCherry
2026-07-28 21:30:11,050 INFO [1249/1845] Dataset 1623: Paltinose_induction_00
2026-07-28 21:30:11,058 INFO   Reading metadata annotations...
2026-07-28 21:30:11,340 WARNING   Truncated large annotation(s): paltinose_inductionlog.txt
2026-07-28 21:30:11,340 INFO   Classifying metadata...
2026-07-28 21:30:18,437 INFO   -> fluor: YES | tf_loc: NO | tps: 360 | tf: UNKNOWN | condition: Aim:   See induction of IMA1 in GFP and mCherry strains Strain:  229 (by4741), 1121, 1127 Comments:   Cells in 2% palatinose from shortly before the start of the acquisition
Microscope setup for used | channels: GFP;mCherry
2026-07-28 21:30:18,638 INFO [1250/1845] Dataset 1624: Titans_01
2026-07-28 21:30:18,651 INFO   Reading metadata annotations...
2026-07-28 21:30:18,672 WARNING   No .log/.txt/Acq.txt annotation found for dataset 1624.
2026-07-28 21:30:18,672 INFO   Classifying metadata...
2026-07-28 21:30:20,965 INFO   -> fluor: NO | tf_loc: NO | tps:  | tf: UNKNOWN | condition:  | channels: UNKNOWN
2026-07-28 21:30:21,166 INFO [1251/1845] Dataset 1625: flavin_by4742swain_by4742morgan_tsa1tsa2morgan_lysmedia_02_00
2026-07-28 21:30:21,173 INFO   Reading metadata annotations...
2026-07-28 21:30:21,190 WARNING   No .log/.txt/Acq.txt annotation found for dataset 1625.
2026-07-28 21:30:21,190 INFO   Classifying metadata...
2026-07-28 21:30:23,749 INFO   -> fluor: NO | tf_loc: NO | tps:  | tf: UNKNOWN | condition:  | channels: UNKNOWN
2026-07-28 21:30:23,950 INFO [1252/1845] Dataset 1626: flavin_by4742swain_by4742morgan_tsa1tsa2morgan_lysmedia_02_00
2026-07-28 21:30:23,960 INFO   Reading metadata annotations...
2026-07-28 21:30:23,976 WARNING   No .log/.txt/Acq.txt annotation found for dataset 1626.
2026-07-28 21:30:23,976 INFO   Classifying metadata...
2026-07-28 21:30:26,285 INFO   -> fluor: NO | tf_loc: NO | tps:  | tf: UNKNOWN | condition:  | channels: UNKNOWN
2026-07-28 21:30:26,486 INFO [1253/1845] Dataset 1627: flavin_by4742swain_by4742morgan_tsa1tsa2morgan_lysmedia_02_00
2026-07-28 21:30:26,496 INFO   Reading metadata annotations...
2026-07-28 21:30:26,517 WARNING   No .log/.txt/Acq.txt annotation found for dataset 1627.
2026-07-28 21:30:26,517 INFO   Classifying metadata...
2026-07-28 21:30:29,141 INFO   -> fluor: NO | tf_loc: NO | tps:  | tf: UNKNOWN | condition:  | channels: UNKNOWN
2026-07-28 21:30:29,341 INFO [1254/1845] Dataset 1628: flavin_by4742swain_by4742morgan_tsa1tsa2morgan_lysmedia_02_00
2026-07-28 21:30:29,354 INFO   Reading metadata annotations...
2026-07-28 21:30:29,378 WARNING   No .log/.txt/Acq.txt annotation found for dataset 1628.
2026-07-28 21:30:29,378 INFO   Classifying metadata...
2026-07-28 21:30:32,144 INFO   -> fluor: NO | tf_loc: NO | tps:  | tf: UNKNOWN | condition:  | channels: UNKNOWN
2026-07-28 21:30:32,344 INFO [1255/1845] Dataset 1629: flavin_by4742swain_by4742morgan_tsa1tsa2morgan_lysmedia_02_00
2026-07-28 21:30:32,352 INFO   Reading metadata annotations...
2026-07-28 21:30:32,367 WARNING   No .log/.txt/Acq.txt annotation found for dataset 1629.
2026-07-28 21:30:32,368 INFO   Classifying metadata...
2026-07-28 21:30:36,779 INFO   -> fluor: NO | tf_loc: NO | tps:  | tf: UNKNOWN | condition:  | channels: UNKNOWN
2026-07-28 21:30:36,979 INFO [1256/1845] Dataset 1630: flavin_by4742swain_by4742morgan_tsa1tsa2morgan_lysmedia_02_00
2026-07-28 21:30:36,992 INFO   Reading metadata annotations...
2026-07-28 21:30:37,008 WARNING   No .log/.txt/Acq.txt annotation found for dataset 1630.
2026-07-28 21:30:37,009 INFO   Classifying metadata...
2026-07-28 21:30:39,521 INFO   -> fluor: NO | tf_loc: NO | tps:  | tf: UNKNOWN | condition:  | channels: UNKNOWN
2026-07-28 21:30:39,721 INFO [1257/1845] Dataset 1631: flavin_by4742swain_by4742morgan_tsa1tsa2morgan_lysmedia_02_00
2026-07-28 21:30:39,734 INFO   Reading metadata annotations...
2026-07-28 21:30:39,756 WARNING   No .log/.txt/Acq.txt annotation found for dataset 1631.
2026-07-28 21:30:39,757 INFO   Classifying metadata...
2026-07-28 21:30:42,473 INFO   -> fluor: NO | tf_loc: NO | tps:  | tf: UNKNOWN | condition:  | channels: UNKNOWN
2026-07-28 21:30:42,673 INFO [1258/1845] Dataset 1658: nuclear_MAYBE_00
2026-07-28 21:30:42,680 INFO   Reading metadata annotations...
2026-07-28 21:30:42,979 WARNING   Truncated large annotation(s): nuclear_maybelog.txt
2026-07-28 21:30:42,980 INFO   Classifying metadata...
2026-07-28 21:30:50,404 INFO   -> fluor: YES | tf_loc: YES | tps: 300 | tf: UNKNOWN | condition: 2% glucose to 0.1% glucose | channels: GFP;cy5;mCherry2
2026-07-28 21:30:50,604 INFO [1259/1845] Dataset 1666: Aggregation_screen_AGGFP3_rowCandD_00
2026-07-28 21:30:50,611 INFO   Reading metadata annotations...
2026-07-28 21:30:50,793 WARNING   Truncated large annotation(s): aggregation_screen_aggfp3_rowcandd.log
2026-07-28 21:30:50,793 INFO   Classifying metadata...
2026-07-28 21:30:55,193 INFO   -> fluor: YES | tf_loc: NO | tps: 27 | tf: C2;C3;C4;C5;C6;C7;C8;C9;C10;C11;C12;D1;D2;D3;D4;D6;D8;D9;Ura7 | condition: 1% to 0% glucosein SC in pairs of chambers sequentially | channels: GFP;GFPFast;mCherry;cy5
2026-07-28 21:30:55,393 INFO [1260/1845] Dataset 1632: flavin_by4742swain_by4742morgan_tsa1tsa2morgan_lysmedia_02_00
2026-07-28 21:30:55,404 INFO   Reading metadata annotations...
2026-07-28 21:30:55,425 WARNING   No .log/.txt/Acq.txt annotation found for dataset 1632.
2026-07-28 21:30:55,425 INFO   Classifying metadata...
2026-07-28 21:30:57,603 INFO   -> fluor: NO | tf_loc: NO | tps:  | tf: UNKNOWN | condition:  | channels: UNKNOWN
2026-07-28 21:30:57,803 INFO [1261/1845] Dataset 1633: flavin_by4742swain_by4742morgan_tsa1tsa2morgan_lysmedia_02_00
2026-07-28 21:30:57,816 INFO   Reading metadata annotations...
2026-07-28 21:30:57,840 WARNING   No .log/.txt/Acq.txt annotation found for dataset 1633.
2026-07-28 21:30:57,840 INFO   Classifying metadata...
2026-07-28 21:31:00,270 INFO   -> fluor: NO | tf_loc: NO | tps:  | tf: UNKNOWN | condition:  | channels: UNKNOWN
2026-07-28 21:31:00,470 INFO [1262/1845] Dataset 1634: flavin_by4742swain_by4742morgan_tsa1tsa2morgan_lysmedia_02_00
2026-07-28 21:31:00,478 INFO   Reading metadata annotations...
2026-07-28 21:31:00,493 WARNING   No .log/.txt/Acq.txt annotation found for dataset 1634.
2026-07-28 21:31:00,493 INFO   Classifying metadata...
2026-07-28 21:31:02,663 INFO   -> fluor: NO | tf_loc: NO | tps:  | tf: UNKNOWN | condition:  | channels: UNKNOWN
2026-07-28 21:31:02,863 INFO [1263/1845] Dataset 1635: flavin_by4742swain_by4742morgan_tsa1tsa2morgan_lysmedia_02_00
2026-07-28 21:31:02,875 INFO   Reading metadata annotations...
2026-07-28 21:31:02,898 WARNING   No .log/.txt/Acq.txt annotation found for dataset 1635.
2026-07-28 21:31:02,898 INFO   Classifying metadata...
2026-07-28 21:31:05,726 INFO   -> fluor: NO | tf_loc: NO | tps:  | tf: UNKNOWN | condition:  | channels: UNKNOWN
2026-07-28 21:31:05,927 INFO [1264/1845] Dataset 1636: flavin_by4742swain_by4742morgan_tsa1tsa2morgan_lysmedia_02_00
2026-07-28 21:31:05,939 INFO   Reading metadata annotations...
2026-07-28 21:31:05,955 WARNING   No .log/.txt/Acq.txt annotation found for dataset 1636.
2026-07-28 21:31:05,956 INFO   Classifying metadata...
2026-07-28 21:31:08,974 INFO   -> fluor: NO | tf_loc: NO | tps:  | tf: UNKNOWN | condition:  | channels: UNKNOWN
2026-07-28 21:31:09,174 INFO [1265/1845] Dataset 1637: flavin_by4742swain_by4742morgan_tsa1tsa2morgan_lysmedia_02_00
2026-07-28 21:31:09,187 INFO   Reading metadata annotations...
2026-07-28 21:31:09,209 WARNING   No .log/.txt/Acq.txt annotation found for dataset 1637.
2026-07-28 21:31:09,209 INFO   Classifying metadata...
2026-07-28 21:31:11,949 INFO   -> fluor: NO | tf_loc: NO | tps:  | tf: UNKNOWN | condition:  | channels: UNKNOWN
2026-07-28 21:31:12,150 INFO [1266/1845] Dataset 1638: flavin_by4742swain_by4742morgan_tsa1tsa2morgan_lysmedia_02_00
2026-07-28 21:31:12,157 INFO   Reading metadata annotations...
2026-07-28 21:31:12,167 WARNING   No .log/.txt/Acq.txt annotation found for dataset 1638.
2026-07-28 21:31:12,167 INFO   Classifying metadata...
2026-07-28 21:31:14,595 INFO   -> fluor: NO | tf_loc: NO | tps:  | tf: UNKNOWN | condition:  | channels: UNKNOWN
2026-07-28 21:31:14,796 INFO [1267/1845] Dataset 1639: flavin_by4742swain_by4742morgan_tsa1tsa2morgan_lysmedia_02_00
2026-07-28 21:31:14,807 INFO   Reading metadata annotations...
2026-07-28 21:31:14,829 WARNING   No .log/.txt/Acq.txt annotation found for dataset 1639.
2026-07-28 21:31:14,830 INFO   Classifying metadata...
2026-07-28 21:31:17,310 INFO   -> fluor: NO | tf_loc: NO | tps:  | tf: UNKNOWN | condition:  | channels: UNKNOWN
2026-07-28 21:31:17,510 INFO [1268/1845] Dataset 1640: flavin_by4742swain_by4742morgan_tsa1tsa2morgan_lysmedia_02_00
2026-07-28 21:31:17,523 INFO   Reading metadata annotations...
2026-07-28 21:31:17,546 WARNING   No .log/.txt/Acq.txt annotation found for dataset 1640.
2026-07-28 21:31:17,546 INFO   Classifying metadata...
2026-07-28 21:31:20,005 INFO   -> fluor: NO | tf_loc: NO | tps:  | tf: UNKNOWN | condition:  | channels: UNKNOWN
2026-07-28 21:31:20,206 INFO [1269/1845] Dataset 1641: flavin_by4742swain_by4742morgan_tsa1tsa2morgan_lysmedia_02_00
2026-07-28 21:31:20,213 INFO   Reading metadata annotations...
2026-07-28 21:31:20,223 WARNING   No .log/.txt/Acq.txt annotation found for dataset 1641.
2026-07-28 21:31:20,223 INFO   Classifying metadata...
2026-07-28 21:31:22,932 INFO   -> fluor: NO | tf_loc: NO | tps:  | tf: UNKNOWN | condition:  | channels: UNKNOWN
2026-07-28 21:31:23,132 INFO [1270/1845] Dataset 1973: Sun5mNG_Spc72mCherry_plate7_b1_00
2026-07-28 21:31:23,144 INFO   Reading metadata annotations...
2026-07-28 21:31:23,313 INFO   Classifying metadata...
2026-07-28 21:31:26,382 INFO   -> fluor: NO | tf_loc: NO | tps: 1 | tf: UNKNOWN | condition: Aim: Expression test. | channels: GFP;mCherry_Z;mCherry
2026-07-28 21:31:26,582 INFO [1271/1845] Dataset 1642: flavin_by4742swain_by4742morgan_tsa1tsa2morgan_lysmedia_02_00
2026-07-28 21:31:26,595 INFO   Reading metadata annotations...
2026-07-28 21:31:26,618 WARNING   No .log/.txt/Acq.txt annotation found for dataset 1642.
2026-07-28 21:31:26,618 INFO   Classifying metadata...
2026-07-28 21:31:29,093 INFO   -> fluor: NO | tf_loc: NO | tps:  | tf: UNKNOWN | condition:  | channels: UNKNOWN
2026-07-28 21:31:29,294 INFO [1272/1845] Dataset 2653: 6_5_01
2026-07-28 21:31:29,306 INFO   Reading metadata annotations...
2026-07-28 21:31:29,459 INFO   Classifying metadata...
2026-07-28 21:31:32,526 INFO   -> fluor: YES | tf_loc: NO | tps: 180 | tf: UNKNOWN | condition: Aim:   pHluorin calibration Strain:  247 Comments:
Microscope setup for used channels:
GFPFast:
470nm LED
->Combiner cube:[480/40 exciter, 515LP dichroic->(455LP dichroic)]
->Filter block:[Dual G | channels: GFPFast;pHluorin405
2026-07-28 21:31:32,727 INFO [1273/1845] Dataset 1661: Aggregation_screen_AGGFP3_row1and2_00
2026-07-28 21:31:32,735 INFO   Reading metadata annotations...
2026-07-28 21:31:32,754 WARNING   No .log/.txt/Acq.txt annotation found for dataset 1661.
2026-07-28 21:31:32,755 INFO   Classifying metadata...
2026-07-28 21:31:35,489 INFO   -> fluor: NO | tf_loc: NO | tps:  | tf: UNKNOWN | condition:  | channels: UNKNOWN
2026-07-28 21:31:35,690 INFO [1274/1845] Dataset 1662: Aggregation_screen_AGGFP3_row1and2_00
2026-07-28 21:31:35,702 INFO   Reading metadata annotations...
2026-07-28 21:31:35,719 WARNING   No .log/.txt/Acq.txt annotation found for dataset 1662.
2026-07-28 21:31:35,719 INFO   Classifying metadata...
2026-07-28 21:31:37,658 INFO   -> fluor: NO | tf_loc: NO | tps:  | tf: UNKNOWN | condition:  | channels: UNKNOWN
2026-07-28 21:31:37,858 INFO [1275/1845] Dataset 1663: Aggregation_screen_AGGFP3_row1and2_00
2026-07-28 21:31:37,871 INFO   Reading metadata annotations...
2026-07-28 21:31:37,887 WARNING   No .log/.txt/Acq.txt annotation found for dataset 1663.
2026-07-28 21:31:37,888 INFO   Classifying metadata...
2026-07-28 21:31:39,881 INFO   -> fluor: NO | tf_loc: NO | tps:  | tf: UNKNOWN | condition:  | channels: UNKNOWN
2026-07-28 21:31:40,082 INFO [1276/1845] Dataset 1665: Aggregation_screen_AGGFP3_row1and2_00
2026-07-28 21:31:40,089 INFO   Reading metadata annotations...
2026-07-28 21:31:40,253 WARNING   Truncated large annotation(s): aggregation_screen_aggfp3_row1and2_new.log
2026-07-28 21:31:40,253 INFO   Classifying metadata...
2026-07-28 21:31:45,576 INFO   -> fluor: YES | tf_loc: NO | tps: 18 | tf: UNKNOWN | condition: 1% to 0% glucosein SC in pairs of chambers sequentially | channels: GFP;GFPFast;cy5
2026-07-28 21:31:45,777 INFO [1277/1845] Dataset 1643: flavin_by4742swain_by4742morgan_tsa1tsa2morgan_lysmedia_02_00
2026-07-28 21:31:45,789 INFO   Reading metadata annotations...
2026-07-28 21:31:45,814 WARNING   No .log/.txt/Acq.txt annotation found for dataset 1643.
2026-07-28 21:31:45,814 INFO   Classifying metadata...
2026-07-28 21:31:48,571 INFO   -> fluor: NO | tf_loc: NO | tps:  | tf: UNKNOWN | condition:  | channels: UNKNOWN
2026-07-28 21:31:48,772 INFO [1278/1845] Dataset 1644: flavin_by4742swain_by4742morgan_tsa1tsa2morgan_lysmedia_02_00
2026-07-28 21:31:48,784 INFO   Reading metadata annotations...
2026-07-28 21:31:48,808 WARNING   No .log/.txt/Acq.txt annotation found for dataset 1644.
2026-07-28 21:31:48,809 INFO   Classifying metadata...
2026-07-28 21:31:50,982 INFO   -> fluor: NO | tf_loc: NO | tps:  | tf: UNKNOWN | condition:  | channels: UNKNOWN
2026-07-28 21:31:51,182 INFO [1279/1845] Dataset 1645: flavin_by4742swain_by4742morgan_tsa1tsa2morgan_lysmedia_02_00
2026-07-28 21:31:51,189 INFO   Reading metadata annotations...
2026-07-28 21:31:51,199 WARNING   No .log/.txt/Acq.txt annotation found for dataset 1645.
2026-07-28 21:31:51,199 INFO   Classifying metadata...
2026-07-28 21:31:53,454 INFO   -> fluor: NO | tf_loc: NO | tps:  | tf: UNKNOWN | condition:  | channels: UNKNOWN
2026-07-28 21:31:53,654 INFO [1280/1845] Dataset 1646: flavin_by4742swain_by4742morgan_tsa1tsa2morgan_lysmedia_02_00
2026-07-28 21:31:53,666 INFO   Reading metadata annotations...
2026-07-28 21:31:53,689 WARNING   No .log/.txt/Acq.txt annotation found for dataset 1646.
2026-07-28 21:31:53,690 INFO   Classifying metadata...
2026-07-28 21:31:56,651 INFO   -> fluor: NO | tf_loc: NO | tps:  | tf: UNKNOWN | condition:  | channels: UNKNOWN
2026-07-28 21:31:56,851 INFO [1281/1845] Dataset 1647: flavin_by4742swain_by4742morgan_tsa1tsa2morgan_lysmedia_02_00
2026-07-28 21:31:56,864 INFO   Reading metadata annotations...
2026-07-28 21:31:56,887 WARNING   No .log/.txt/Acq.txt annotation found for dataset 1647.
2026-07-28 21:31:56,888 INFO   Classifying metadata...
2026-07-28 21:31:59,792 INFO   -> fluor: NO | tf_loc: NO | tps:  | tf: UNKNOWN | condition:  | channels: UNKNOWN
2026-07-28 21:31:59,993 INFO [1282/1845] Dataset 1648: flavin_by4742swain_by4742morgan_tsa1tsa2morgan_lysmedia_02_00
2026-07-28 21:32:00,005 INFO   Reading metadata annotations...
2026-07-28 21:32:00,022 WARNING   No .log/.txt/Acq.txt annotation found for dataset 1648.
2026-07-28 21:32:00,022 INFO   Classifying metadata...
2026-07-28 21:32:02,246 INFO   -> fluor: NO | tf_loc: NO | tps:  | tf: UNKNOWN | condition:  | channels: UNKNOWN
2026-07-28 21:32:02,446 INFO [1283/1845] Dataset 1649: flavin_by4742swain_by4742morgan_tsa1tsa2morgan_lysmedia_02_00
2026-07-28 21:32:02,453 INFO   Reading metadata annotations...
2026-07-28 21:32:02,702 WARNING   Truncated large annotation(s): flavin_by4742swain_by4742morgan_tsa1tsa2morgan_lysmedia_02log.txt
2026-07-28 21:32:02,703 INFO   Classifying metadata...
2026-07-28 21:32:09,659 INFO   -> fluor: YES | tf_loc: NO | tps: 240 | tf: UNKNOWN | condition: Aim: Repeat 2023-03-22  Strain: 78, 1579, 1580  Comments:
Microscope setup for used channels:
Brightfield:
No light path info in config file. | channels: Flavin
2026-07-28 21:32:09,860 INFO [1284/1845] Dataset 1650: Hxt_vacuole_02
2026-07-28 21:32:09,872 INFO   Reading metadata annotations...
2026-07-28 21:32:09,899 WARNING   No .log/.txt/Acq.txt annotation found for dataset 1650.
2026-07-28 21:32:09,899 INFO   Classifying metadata...
2026-07-28 21:32:11,855 INFO   -> fluor: NO | tf_loc: NO | tps:  | tf: UNKNOWN | condition:  | channels: UNKNOWN
2026-07-28 21:32:12,055 INFO [1285/1845] Dataset 1651: Hxt_vacuole_00
2026-07-28 21:32:12,062 INFO   Reading metadata annotations...
2026-07-28 21:32:12,078 WARNING   No .log/.txt/Acq.txt annotation found for dataset 1651.
2026-07-28 21:32:12,079 INFO   Classifying metadata...
2026-07-28 21:32:14,128 INFO   -> fluor: NO | tf_loc: NO | tps:  | tf: UNKNOWN | condition:  | channels: UNKNOWN
2026-07-28 21:32:14,328 INFO [1286/1845] Dataset 1652: Hxt_vacuole_01
2026-07-28 21:32:14,339 INFO   Reading metadata annotations...
2026-07-28 21:32:14,430 INFO   Classifying metadata...
2026-07-28 21:32:18,454 INFO   -> fluor: NO | tf_loc: NO | tps:  | tf: UNKNOWN | condition:  | channels: UNKNOWN
2026-07-28 21:32:18,654 INFO [1287/1845] Dataset 1653: Hxt_vacuole_02
2026-07-28 21:32:18,667 INFO   Reading metadata annotations...
2026-07-28 21:32:19,018 WARNING   Truncated large annotation(s): hxt_vacuolelog.txt
2026-07-28 21:32:19,018 INFO   Classifying metadata...
2026-07-28 21:32:27,647 INFO   -> fluor: YES | tf_loc: NO | tps: 180 | tf: UNKNOWN | condition: 2% glucose to 0% glucose | channels: GFP;cy5
2026-07-28 21:32:27,847 INFO [1288/1845] Dataset 1654: sgo1_00
2026-07-28 21:32:27,860 INFO   Reading metadata annotations...
2026-07-28 21:32:27,877 WARNING   No .log/.txt/Acq.txt annotation found for dataset 1654.
2026-07-28 21:32:27,877 INFO   Classifying metadata...
2026-07-28 21:32:30,013 INFO   -> fluor: NO | tf_loc: NO | tps:  | tf: UNKNOWN | condition:  | channels: UNKNOWN
2026-07-28 21:32:30,213 INFO [1289/1845] Dataset 1974: Sun5mNG_Spc72mCherry_plate7_b2_00
2026-07-28 21:32:30,220 INFO   Reading metadata annotations...
2026-07-28 21:32:30,318 INFO   Classifying metadata...
2026-07-28 21:32:33,302 INFO   -> fluor: NO | tf_loc: NO | tps: 1 | tf: UNKNOWN | condition: Aim: Expression test. | channels: GFP;mCherry_Z;mCherry
2026-07-28 21:32:33,502 INFO [1290/1845] Dataset 1655: sgo1_00
2026-07-28 21:32:33,515 INFO   Reading metadata annotations...
2026-07-28 21:32:33,876 WARNING   Truncated large annotation(s): sgo1log.txt
2026-07-28 21:32:33,876 INFO   Classifying metadata...
2026-07-28 21:32:38,783 INFO   -> fluor: YES | tf_loc: YES | tps: 430 | tf: Bub1 | condition: 2% glucose to 2% glucose + 2.5ug/ml nocodazole | channels: GFP;cy5
2026-07-28 21:32:38,983 INFO [1291/1845] Dataset 1656: nuclear_MAYBE_00
2026-07-28 21:32:38,996 INFO   Reading metadata annotations...
2026-07-28 21:32:39,372 WARNING   Truncated large annotation(s): nuclear_maybelog.txt
2026-07-28 21:32:39,372 INFO   Classifying metadata...
2026-07-28 21:32:46,535 INFO   -> fluor: YES | tf_loc: YES | tps: 216 | tf: UNKNOWN | condition: 2% glucose to 0.1% glucose | channels: GFP;cy5;mCherry2
2026-07-28 21:32:46,736 INFO [1292/1845] Dataset 1657: nuclear_MAYBE_01
2026-07-28 21:32:46,749 INFO   Reading metadata annotations...
2026-07-28 21:32:47,157 WARNING   Truncated large annotation(s): nuclear_maybelog.txt
2026-07-28 21:32:47,157 INFO   Classifying metadata...
2026-07-28 21:32:53,907 INFO   -> fluor: YES | tf_loc: YES | tps: 300 | tf: UNKNOWN | condition: 2% glucose to 0.1% glucose | channels: GFP;cy5;mCherry2
2026-07-28 21:32:54,107 INFO [1293/1845] Dataset 1659: Aggregation_screen_AGGFP3_row1and2_00
2026-07-28 21:32:54,120 INFO   Reading metadata annotations...
2026-07-28 21:32:54,137 WARNING   No .log/.txt/Acq.txt annotation found for dataset 1659.
2026-07-28 21:32:54,137 INFO   Classifying metadata...
2026-07-28 21:32:56,182 INFO   -> fluor: NO | tf_loc: NO | tps:  | tf: UNKNOWN | condition:  | channels: UNKNOWN
2026-07-28 21:32:56,383 INFO [1294/1845] Dataset 1660: Aggregation_screen_AGGFP3_row1and2_00
2026-07-28 21:32:56,395 INFO   Reading metadata annotations...
2026-07-28 21:32:56,412 WARNING   No .log/.txt/Acq.txt annotation found for dataset 1660.
2026-07-28 21:32:56,412 INFO   Classifying metadata...
2026-07-28 21:32:58,583 INFO   -> fluor: NO | tf_loc: NO | tps:  | tf: UNKNOWN | condition:  | channels: UNKNOWN
2026-07-28 21:32:58,784 INFO [1295/1845] Dataset 2654: 7_76_01
2026-07-28 21:32:58,796 INFO   Reading metadata annotations...
2026-07-28 21:32:59,021 INFO   Classifying metadata...
2026-07-28 21:33:01,783 INFO   -> fluor: YES | tf_loc: NO | tps: 180 | tf: UNKNOWN | condition: Aim:   pHluorin calibration Strain:  247 Comments:
Microscope setup for used channels:
GFPFast:
470nm LED
->Combiner cube:[480/40 exciter, 515LP dichroic->(455LP dichroic)]
->Filter block:[Dual G | channels: GFPFast;pHluorin405
2026-07-28 21:33:01,983 INFO [1296/1845] Dataset 1668: Aggregation_screen_AGGFP3_rowCandD_00
2026-07-28 21:33:01,990 INFO   Reading metadata annotations...
2026-07-28 21:33:02,184 WARNING   Truncated large annotation(s): aggregation_screen_aggfp3_rowcandd.log
2026-07-28 21:33:02,184 INFO   Classifying metadata...
2026-07-28 21:33:06,512 INFO   -> fluor: YES | tf_loc: NO | tps: 27 | tf: A1;A2;A3;B10;A45;A6;A7;A8;A9;A10;A11;A12;B3;B4;B5;B6;B7;B8;B9;Ura7 | condition: 1% to 0% glucosein SC in pairs of chambers sequentially | channels: GFP;GFPFast;mCherry;cy5
2026-07-28 21:33:06,712 INFO [1297/1845] Dataset 2655: clb1_cdc6_03
2026-07-28 21:33:06,725 INFO   Reading metadata annotations...
2026-07-28 21:33:07,224 WARNING   Truncated large annotation(s): clb1_cdc6log.txt
2026-07-28 21:33:07,224 INFO   Classifying metadata...
2026-07-28 21:33:13,790 INFO   -> fluor: YES | tf_loc: NO | tps: 200 | tf: UNKNOWN | condition: 2% glucose to 0% glucose | channels: GFP;cy5
2026-07-28 21:33:13,990 INFO [1298/1845] Dataset 2795: gal_feedback_00
2026-07-28 21:33:14,004 INFO   Reading metadata annotations...
2026-07-28 21:33:14,490 WARNING   Truncated large annotation(s): gal_feedbacklog.txt
2026-07-28 21:33:14,490 INFO   Classifying metadata...
2026-07-28 21:33:21,625 INFO   -> fluor: YES | tf_loc: NO | tps: 300 | tf: UNKNOWN | condition: Aim:  Gal feedback experiment. | channels: cy5;mCherry;GFP
2026-07-28 21:33:21,825 INFO [1299/1845] Dataset 1673: Aggregation_screen_AGGFP3_rowCandD_01
2026-07-28 21:33:21,833 INFO   Reading metadata annotations...
2026-07-28 21:33:21,983 WARNING   Truncated large annotation(s): aggregation_screen_aggfp3_rowcandd(1).log
2026-07-28 21:33:21,983 INFO   Classifying metadata...
2026-07-28 21:33:26,621 INFO   -> fluor: YES | tf_loc: NO | tps: 27 | tf: C1;C2;C3;C4;C5;C6;C7;C8;C9;C10;C11;C12;D1;D2;D3;D4;D5;D8;D9;Ura7 | condition: 1% to 0% glucosein SC in pairs of chambers sequentially | channels: GFP;GFPFast;mCherry;cy5
2026-07-28 21:33:26,821 INFO [1300/1845] Dataset 1674: Aggregation_screen_AGGFP1_rowABandC_00
2026-07-28 21:33:26,834 INFO   Reading metadata annotations...
2026-07-28 21:33:27,168 WARNING   Truncated large annotation(s): aggregation_screen_aggfp1_rowabandc.log
2026-07-28 21:33:27,168 INFO   Classifying metadata...
2026-07-28 21:33:31,416 INFO   -> fluor: YES | tf_loc: NO | tps: 200 | tf: A1;A2;A3;B1;B2;B3;B6;C4;B8;B9;B10;B11;C1;C2;C3;B7;C5;C6;C7;Ura7 | condition: 1% to 0% glucose) | channels: GFP;GFPFast;mCherry;cy5
2026-07-28 21:33:31,616 INFO [1301/1845] Dataset 1675: MABY_training_00
2026-07-28 21:33:31,623 INFO   Reading metadata annotations...
2026-07-28 21:33:31,870 WARNING   Truncated large annotation(s): maby_traininglog.txt
2026-07-28 21:33:31,870 INFO   Classifying metadata...
2026-07-28 21:33:36,578 INFO   -> fluor: YES | tf_loc: YES | tps: 250 | tf: Hog1 | condition: Dataset for MAYBE training - for organelle detection (duplicate for experiment on 29/3). | channels: GFP
2026-07-28 21:33:36,778 INFO [1302/1845] Dataset 1676: Pdr5_flc_10ugml_00
2026-07-28 21:33:36,791 INFO   Reading metadata annotations...
2026-07-28 21:33:37,178 WARNING   Truncated large annotation(s): pdr5_flc_10ugmllog.txt
2026-07-28 21:33:37,179 INFO   Classifying metadata...
2026-07-28 21:33:45,738 INFO   -> fluor: YES | tf_loc: NO | tps: 250 | tf: UNKNOWN | condition: high fluconazole to low fluconazole | channels: GFP;cy5
2026-07-28 21:33:45,939 INFO [1303/1845] Dataset 1677: sgo1_00
2026-07-28 21:33:45,952 INFO   Reading metadata annotations...
2026-07-28 21:33:46,317 WARNING   Truncated large annotation(s): sgo1log.txt
2026-07-28 21:33:46,317 INFO   Classifying metadata...
2026-07-28 21:33:52,858 INFO   -> fluor: YES | tf_loc: NO | tps: 360 | tf: UNKNOWN | condition: Comparison of Bub1 kinetochore localization in sgo1 mutants with bub1 and mad1   Strain:   Comments:   Switch after 5 hours to 2.5ug/ml nocodazole
Microscope setup for used channels:
Brightfield:
N | channels: GFP;cy5
2026-07-28 21:33:53,058 INFO [1304/1845] Dataset 1678: Aggregation_screen_AGGFP1_rowABandC_00
2026-07-28 21:33:53,071 INFO   Reading metadata annotations...
2026-07-28 21:33:53,315 WARNING   Truncated large annotation(s): aggregation_screen_aggfp1_rowabandc.log
2026-07-28 21:33:53,316 INFO   Classifying metadata...
2026-07-28 21:33:57,954 INFO   -> fluor: YES | tf_loc: NO | tps: 200 | tf: A4;A5;A7;A8;A9;A10;A11;A12;B4;B5;B12;C8;C9;C10;C11;C12;D2;D3;D4;Ura7 | condition: 1% to 0% glucose) | channels: GFP;GFPFast;mCherry;cy5
2026-07-28 21:33:58,155 INFO [1305/1845] Dataset 1679: Aggregation_screen_AGGFP1and2_00
2026-07-28 21:33:58,167 INFO   Reading metadata annotations...
2026-07-28 21:33:58,454 WARNING   Truncated large annotation(s): aggregation_screen_aggfp1and2.log
2026-07-28 21:33:58,455 INFO   Classifying metadata...
2026-07-28 21:34:03,050 INFO   -> fluor: YES | tf_loc: NO | tps: 200 | tf: D2;D3;D4;D5;D6;D7;D8;D9;D10;D11;D12;E1;E2;A1;A2;A10;A11;B1;B2;Ura7 | condition: 1% glucose in SC to water) | channels: GFP;GFPFast;mCherry;cy5
2026-07-28 21:34:03,250 INFO [1306/1845] Dataset 1680: downUpshift_2_0_2_glu_ura7_ura7ha_ura7hr__00
2026-07-28 21:34:03,262 INFO   Reading metadata annotations...
2026-07-28 21:34:03,344 INFO   Classifying metadata...
2026-07-28 21:34:07,021 INFO   -> fluor: NO | tf_loc: NO | tps:  | tf: UNKNOWN | condition:  | channels: UNKNOWN
2026-07-28 21:34:07,221 INFO [1307/1845] Dataset 1681: Pdr1Cg_Fluconazole07
2026-07-28 21:34:07,234 INFO   Reading metadata annotations...
2026-07-28 21:34:07,609 WARNING   Truncated large annotation(s): pdr1cg_fluconazolelog.txt
2026-07-28 21:34:07,609 INFO   Classifying metadata...
2026-07-28 21:34:13,740 INFO   -> fluor: YES | tf_loc: YES | tps: 10 | tf: Pdr1 | condition: 2% glc in SC to 2% glc in SC with 100ug/ml fluconazole | channels: GFP;cy5
2026-07-28 21:34:13,940 INFO [1308/1845] Dataset 1682: Bub1_fluor_00
2026-07-28 21:34:13,952 INFO   Reading metadata annotations...
2026-07-28 21:34:14,374 WARNING   Truncated large annotation(s): bub1_fluorlog.txt
2026-07-28 21:34:14,374 INFO   Classifying metadata...
2026-07-28 21:34:19,148 INFO   -> fluor: YES | tf_loc: YES | tps: 180 | tf: Bub1 | condition: Aim: Repeat of nocodazole treatment of Bub1 mutants - confirm behaviour of 143  Strain:   Comments:   Switching using fluigent - at 5hrs. | channels: GFPFast;cy5
2026-07-28 21:34:19,350 INFO [1309/1845] Dataset 1683: Titans_01
2026-07-28 21:34:19,363 INFO   Reading metadata annotations...
2026-07-28 21:34:19,379 WARNING   No .log/.txt/Acq.txt annotation found for dataset 1683.
2026-07-28 21:34:19,380 INFO   Classifying metadata...
2026-07-28 21:34:21,583 INFO   -> fluor: NO | tf_loc: NO | tps:  | tf: UNKNOWN | condition:  | channels: UNKNOWN
2026-07-28 21:34:21,783 INFO [1310/1845] Dataset 1684: Titans_01
2026-07-28 21:34:21,788 INFO   Reading metadata annotations...
2026-07-28 21:34:22,086 WARNING   Truncated large annotation(s): titanslog.txt
2026-07-28 21:34:22,087 INFO   Classifying metadata...
2026-07-28 21:34:29,790 INFO   -> fluor: YES | tf_loc: NO | tps: 900 | tf: UNKNOWN | condition: Aim: Image Titan cells - first attempt   Strain: H99 and IL1   Comments:   Cells prepared by Ioanna. | channels: GFPFast
2026-07-28 21:34:29,990 INFO [1311/1845] Dataset 1685: pH_med_to_low_00
2026-07-28 21:34:30,004 INFO   Reading metadata annotations...
2026-07-28 21:34:30,492 WARNING   Truncated large annotation(s): ph_med_to_low.log;ph_med_to_low_o.log;ph_med_to_low_original.log
2026-07-28 21:34:30,493 INFO   Classifying metadata...
2026-07-28 21:34:36,365 INFO   -> fluor: YES | tf_loc: NO | tps: 180 | tf: UNKNOWN | condition: normal pH (4.25) media to higher pH (5.69) | channels: GFP;mCherry;cy5;pHluorin405;pHluorin488;GFPFast
2026-07-28 21:34:36,565 INFO [1312/1845] Dataset 1686: pHCalibrate6_7_00
2026-07-28 21:34:36,578 INFO   Reading metadata annotations...
2026-07-28 21:34:36,818 INFO   Classifying metadata...
2026-07-28 21:34:41,111 INFO   -> fluor: YES | tf_loc: NO | tps: 180 | tf: UNKNOWN | condition: pH 6 to pH 7 | channels: pHluorin405;pHluorin488;GFPFast
2026-07-28 21:34:41,311 INFO [1313/1845] Dataset 1687: pHCalibrate7_24_7_75_00
2026-07-28 21:34:41,317 INFO   Reading metadata annotations...
2026-07-28 21:34:41,488 INFO   Classifying metadata...
2026-07-28 21:34:44,949 INFO   -> fluor: NO | tf_loc: NO | tps: 1 | tf: UNKNOWN | condition: pH 7.24 to pH 7.75 | channels: pHluorin405;pHluorin488;GFPFast
2026-07-28 21:34:45,149 INFO [1314/1845] Dataset 1688: pH_med_to_high_00
2026-07-28 21:34:45,162 INFO   Reading metadata annotations...
2026-07-28 21:34:45,615 WARNING   Truncated large annotation(s): ph_med_to_high.log;ph_med_to_high_original.log
2026-07-28 21:34:45,615 INFO   Classifying metadata...
2026-07-28 21:34:52,065 INFO   -> fluor: YES | tf_loc: NO | tps: 180 | tf: UNKNOWN | condition: pH 4.21 to pH 7.51 | channels: pHluorin405;pHluorin488;GFPFast;cy5
2026-07-28 21:34:52,266 INFO [1315/1845] Dataset 1689: pH_med_to_low_00
2026-07-28 21:34:52,273 INFO   Reading metadata annotations...
2026-07-28 21:34:52,587 WARNING   Truncated large annotation(s): ph_med_to_low.log;ph_med_to_low_original.log
2026-07-28 21:34:52,587 INFO   Classifying metadata...
2026-07-28 21:34:58,384 INFO   -> fluor: YES | tf_loc: NO | tps: 180 | tf: UNKNOWN | condition: normal pH (4.21) media to low pH (3.40) | channels: pHluorin405;pHluorin488;GFPFast;cy5
2026-07-28 21:34:58,584 INFO [1316/1845] Dataset 1690: Aggregation_screen1_01
2026-07-28 21:34:58,597 INFO   Reading metadata annotations...
2026-07-28 21:34:58,832 WARNING   Truncated large annotation(s): aggregation_screen1.log
2026-07-28 21:34:58,832 INFO   Classifying metadata...
2026-07-28 21:35:04,132 INFO   -> fluor: YES | tf_loc: NO | tps: 18 | tf: UNKNOWN | condition: 1% to 0.1% glucosein SC in pairs of chambers sequentially | channels: GFP;GFPFast;cy5
2026-07-28 21:35:04,333 INFO [1317/1845] Dataset 1691: SID_test_00
2026-07-28 21:35:04,346 INFO   Reading metadata annotations...
2026-07-28 21:35:04,578 WARNING   Truncated large annotation(s): sid_test.log
2026-07-28 21:35:04,579 INFO   Classifying metadata...
2026-07-28 21:35:08,305 INFO   -> fluor: YES | tf_loc: YES | tps: 18 | tf: Msn2 | condition: 2% glucose to 0% glucose | channels: GFP
2026-07-28 21:35:08,505 INFO [1318/1845] Dataset 1692: TFscreen1_00
2026-07-28 21:35:08,518 INFO   Reading metadata annotations...
2026-07-28 21:35:08,837 WARNING   Truncated large annotation(s): tfscreen1.log
2026-07-28 21:35:08,838 INFO   Classifying metadata...
2026-07-28 21:35:13,237 INFO   -> fluor: YES | tf_loc: YES | tps: 18 | tf: Msn2 | condition: 1% glucose in SC to 0.1% glucose in SC | channels: GFP
2026-07-28 21:35:13,438 INFO [1319/1845] Dataset 1693: TFscreen1_00
2026-07-28 21:35:13,450 INFO   Reading metadata annotations...
2026-07-28 21:35:13,622 INFO   Classifying metadata...
2026-07-28 21:35:15,209 INFO   -> fluor: NO | tf_loc: YES | tps: 1 | tf: Msn2 | condition: 1% glucose in SC to 0.1% glucose in SC | channels: GFP
2026-07-28 21:35:15,409 INFO [1320/1845] Dataset 1694: TFscreen1_02
2026-07-28 21:35:15,421 INFO   Reading metadata annotations...
2026-07-28 21:35:15,529 INFO   Classifying metadata...
2026-07-28 21:35:17,295 INFO   -> fluor: NO | tf_loc: YES | tps: 1 | tf: Msn2 | condition: 1% glucose in SC to 0.1% glucose in SC | channels: GFP
2026-07-28 21:35:17,496 INFO [1321/1845] Dataset 2824: Tom70_preCox4_MAN_GAL_04
2026-07-28 21:35:17,509 INFO   Reading metadata annotations...
2026-07-28 21:35:17,644 WARNING   Truncated large annotation(s): tom70_precox4_man_gal.log
2026-07-28 21:35:17,644 INFO   Classifying metadata...
2026-07-28 21:35:23,387 INFO   -> fluor: YES | tf_loc: NO | tps: 180 | tf: UNKNOWN | condition: Experiment details: localization Tom70 and PreCox4 in different sugars (man, gal, man-gal at 1.5%) to see if cells are respiring in galactose and mannose is affecting respiration in the mixture | channels: GFP_Z;GFP;mCherry_Z;mCherry
2026-07-28 21:35:23,588 INFO [1322/1845] Dataset 1697: Aggregation_screen_AGGFP2_00
2026-07-28 21:35:23,600 INFO   Reading metadata annotations...
2026-07-28 21:35:23,876 WARNING   Truncated large annotation(s): aggregation_screen_aggfp2.log
2026-07-28 21:35:23,876 INFO   Classifying metadata...
2026-07-28 21:35:28,221 INFO   -> fluor: YES | tf_loc: NO | tps: 100 | tf: C7;C8;C9;C10;C11;C12;D1;D2;D3;D4;D5;D6;D7;D8;D9;D10;D11;E1;E2;Ura7 | condition: 1% glucose in SC to water) | channels: GFP;GFPFast;mCherry;cy5
2026-07-28 21:35:28,422 INFO [1323/1845] Dataset 1698: Aggregation_screen_AGGFP2_00
2026-07-28 21:35:28,435 INFO   Reading metadata annotations...
2026-07-28 21:35:28,452 WARNING   No .log/.txt/Acq.txt annotation found for dataset 1698.
2026-07-28 21:35:28,452 INFO   Classifying metadata...
2026-07-28 21:35:30,574 INFO   -> fluor: NO | tf_loc: NO | tps:  | tf: UNKNOWN | condition:  | channels: UNKNOWN
2026-07-28 21:35:30,774 INFO [1324/1845] Dataset 1699: Aggregation_screen_AGGFP2_00
2026-07-28 21:35:30,781 INFO   Reading metadata annotations...
2026-07-28 21:35:30,791 WARNING   No .log/.txt/Acq.txt annotation found for dataset 1699.
2026-07-28 21:35:30,791 INFO   Classifying metadata...
2026-07-28 21:35:32,928 INFO   -> fluor: NO | tf_loc: NO | tps:  | tf: UNKNOWN | condition:  | channels: UNKNOWN
2026-07-28 21:35:33,129 INFO [1325/1845] Dataset 1700: Aggregation_screen_AGGFP2_00
2026-07-28 21:35:33,139 INFO   Reading metadata annotations...
2026-07-28 21:35:33,155 WARNING   No .log/.txt/Acq.txt annotation found for dataset 1700.
2026-07-28 21:35:33,156 INFO   Classifying metadata...
2026-07-28 21:35:35,205 INFO   -> fluor: NO | tf_loc: NO | tps:  | tf: UNKNOWN | condition:  | channels: UNKNOWN
2026-07-28 21:35:35,405 INFO [1326/1845] Dataset 2825: Tom70_preCox4_MAN_GAL_04
2026-07-28 21:35:35,418 INFO   Reading metadata annotations...
2026-07-28 21:35:35,659 WARNING   Truncated large annotation(s): tom70_precox4_man_gal.log
2026-07-28 21:35:35,660 INFO   Classifying metadata...
2026-07-28 21:35:41,090 INFO   -> fluor: YES | tf_loc: NO | tps: 180 | tf: UNKNOWN | condition: Experiment details: localization Tom70 and PreCox4 in different sugars (man, gal, man-gal at 1.5%) to see if cells are respiring in galactose and mannose is affecting respiration in the mixture | channels: GFP_Z;GFP;mCherry_Z;mCherry
2026-07-28 21:35:41,290 INFO [1327/1845] Dataset 1706: Hxt_vacuole_00
2026-07-28 21:35:41,298 INFO   Reading metadata annotations...
2026-07-28 21:35:41,559 WARNING   Truncated large annotation(s): hxt_vacuolelog.txt
2026-07-28 21:35:41,559 INFO   Classifying metadata...
2026-07-28 21:35:48,782 INFO   -> fluor: YES | tf_loc: NO | tps: 220 | tf: UNKNOWN | condition: 2% glucose to no sugar SC | channels: GFP;cy5;mCherry2
2026-07-28 21:35:48,982 INFO [1328/1845] Dataset 1707: Pdr5_fluc_recovery_00
2026-07-28 21:35:48,995 INFO   Reading metadata annotations...
2026-07-28 21:35:49,403 WARNING   Truncated large annotation(s): pdr5_fluc_recoverylog.txt
2026-07-28 21:35:49,403 INFO   Classifying metadata...
2026-07-28 21:35:56,537 INFO   -> fluor: YES | tf_loc: NO | tps: 288 | tf: UNKNOWN | condition: 100ug/ml fluconazole to 0ug/ml fluconazole | channels: GFP;cy5
2026-07-28 21:35:56,737 INFO [1329/1845] Dataset 1708: Aggregation_screen_AGGFP2_00
2026-07-28 21:35:56,750 INFO   Reading metadata annotations...
2026-07-28 21:35:57,024 WARNING   Truncated large annotation(s): aggregation_screen_aggfp2.log
2026-07-28 21:35:57,024 INFO   Classifying metadata...
2026-07-28 21:36:01,825 INFO   -> fluor: YES | tf_loc: NO | tps: 100 | tf: B2;B3;B4;B5;B7;B8;C3;C4;C5;C6;C7;C8;D2;D3;E3;E4;E5;E6;E7;Ura7 | condition: 1% glucose in SC to water) | channels: GFP;GFPFast;mCherry;cy5
2026-07-28 21:36:02,027 INFO [1330/1845] Dataset 1709: Aggregation_screen_AGGFP3_00
2026-07-28 21:36:02,034 INFO   Reading metadata annotations...
2026-07-28 21:36:02,357 WARNING   Truncated large annotation(s): aggregation_screen_aggfp3.log
2026-07-28 21:36:02,357 INFO   Classifying metadata...
2026-07-28 21:36:06,813 INFO   -> fluor: YES | tf_loc: NO | tps: 100 | tf: A1;A2;A3;A4;A5;A6;A7;A8;A9;A10;A11;A12;B9;B10;B11;B12;C9;C10;C11;Ura7 | condition: 1% glucose in SC to water) | channels: GFP;GFPFast;mCherry;cy5
2026-07-28 21:36:07,013 INFO [1331/1845] Dataset 1710: Sgo1_00
2026-07-28 21:36:07,026 INFO   Reading metadata annotations...
2026-07-28 21:36:07,195 INFO   Classifying metadata...
2026-07-28 21:36:10,198 INFO   -> fluor: YES | tf_loc: NO | tps: 500 | tf: UNKNOWN | condition: Aim: Comparison of arrest duration of sgo1 and sgo1,bub1 double mutants | channels: GFP_Z;GFP
2026-07-28 21:36:10,398 INFO [1332/1845] Dataset 1713: ss_switch_2pc_pyr_to_1pc_pal_cy5_gfp_00
2026-07-28 21:36:10,406 INFO   Reading metadata annotations...
2026-07-28 21:36:10,691 WARNING   Truncated large annotation(s): ss_switch_2pc_pyr_to_1pc_pal_cy5_gfplog.txt
2026-07-28 21:36:10,691 INFO   Classifying metadata...
2026-07-28 21:36:17,680 INFO   -> fluor: YES | tf_loc: NO | tps: 288 | tf: UNKNOWN | condition: Aim: Investigate palatinose induction lag from pyruvate using MAL11:GFP, IMA1:GFP. | channels: cy5;GFP
2026-07-28 21:36:17,880 INFO [1333/1845] Dataset 1712: Aggregation_screen_AGGFP1_00
2026-07-28 21:36:17,893 INFO   Reading metadata annotations...
2026-07-28 21:36:18,133 WARNING   Truncated large annotation(s): aggregation_screen_aggfp1.log
2026-07-28 21:36:18,133 INFO   Classifying metadata...
2026-07-28 21:36:22,815 INFO   -> fluor: YES | tf_loc: NO | tps: 100 | tf: B9;B10;B11;B12;C1;C2;C3;C4;C5;D4;C6;C7;C8;C9;C10;C11;D1;D2;D3;Ura7 | condition: 1% glucose in SC to water) | channels: GFP;GFPFast;mCherry;cy5
2026-07-28 21:36:23,016 INFO [1334/1845] Dataset 1714: BS1_4_5_00
2026-07-28 21:36:23,028 INFO   Reading metadata annotations...
2026-07-28 21:36:23,266 WARNING   Truncated large annotation(s): bs1_4_5.log
2026-07-28 21:36:23,267 INFO   Classifying metadata...
2026-07-28 21:36:28,666 INFO   -> fluor: YES | tf_loc: NO | tps: 300 | tf: UNKNOWN | condition: Aim: | channels: GFP;GFPFast
2026-07-28 21:36:28,866 INFO [1335/1845] Dataset 1716: preCox4_Switch2to0pGLC_00
2026-07-28 21:36:28,879 INFO   Reading metadata annotations...
2026-07-28 21:36:29,105 WARNING   Truncated large annotation(s): msn2-mig1-ilv3-tom70-precox4_switch2to0pglc.log
2026-07-28 21:36:29,105 INFO   Classifying metadata...
2026-07-28 21:36:32,429 INFO   -> fluor: YES | tf_loc: YES | tps: 72 | tf: Msn2;Mig1 | condition: Aim: Characterize the correlation between TF and mitochondria marker during a carbon stress | channels: GFP_Z;GFP;mCherry_Z;mCherry2
2026-07-28 21:36:32,630 INFO [1336/1845] Dataset 1891: upload_test_00
2026-07-28 21:36:32,637 INFO   Reading metadata annotations...
2026-07-28 21:36:32,734 INFO   Classifying metadata...
2026-07-28 21:36:36,038 INFO   -> fluor: YES | tf_loc: NO | tps: 500 | tf: UNKNOWN | condition: no nocodazole to 2.5ug/ml nocodazole | channels: GFP_Z;GFP;cy5
2026-07-28 21:36:36,238 INFO [1337/1845] Dataset 1717: Aggregation_screen_AGGFP1_00
2026-07-28 21:36:36,251 INFO   Reading metadata annotations...
2026-07-28 21:36:36,533 WARNING   Truncated large annotation(s): aggregation_screen_aggfp1.log
2026-07-28 21:36:36,533 INFO   Classifying metadata...
2026-07-28 21:36:41,071 INFO   -> fluor: YES | tf_loc: NO | tps: 100 | tf: A6;D4;D5;D6;D7;D8;D9;D10;D11;D12;E1;E2;A2;A5;B2;C5;C6 | condition: 1% glucose in SC to water) | channels: GFP;GFPFast;mCherry;cy5
2026-07-28 21:36:41,272 INFO [1338/1845] Dataset 1718: Aggregation_screen_AGGFP1_00
2026-07-28 21:36:41,279 INFO   Reading metadata annotations...
2026-07-28 21:36:41,288 WARNING   No .log/.txt/Acq.txt annotation found for dataset 1718.
2026-07-28 21:36:41,289 INFO   Classifying metadata...
2026-07-28 21:36:43,802 INFO   -> fluor: NO | tf_loc: NO | tps:  | tf: UNKNOWN | condition:  | channels: UNKNOWN
2026-07-28 21:36:44,002 INFO [1339/1845] Dataset 1719: Aggregation_screen_AGGFP1_00
2026-07-28 21:36:44,014 INFO   Reading metadata annotations...
2026-07-28 21:36:44,029 WARNING   No .log/.txt/Acq.txt annotation found for dataset 1719.
2026-07-28 21:36:44,030 INFO   Classifying metadata...
2026-07-28 21:36:46,140 INFO   -> fluor: NO | tf_loc: NO | tps:  | tf: UNKNOWN | condition:  | channels: UNKNOWN
2026-07-28 21:36:46,340 INFO [1340/1845] Dataset 2656: wildtype_00
2026-07-28 21:36:46,353 INFO   Reading metadata annotations...
2026-07-28 21:36:46,592 INFO   Classifying metadata...
2026-07-28 21:36:49,948 INFO   -> fluor: YES | tf_loc: NO | tps: 180 | tf: UNKNOWN | condition: Aim:   pH calibration Strain: 229   Comments:
Microscope setup for used channels:
GFP:
"470nm LED
->Combiner cube:[ No exciter in combiner cube,  495lp dichroic-> (425lp dichroic)"]
->Filter bloc | channels: GFP;pHluorin405
2026-07-28 21:36:50,149 INFO [1341/1845] Dataset 2657: pH7_76_01
2026-07-28 21:36:50,156 INFO   Reading metadata annotations...
2026-07-28 21:36:50,274 INFO   Classifying metadata...
2026-07-28 21:36:52,992 INFO   -> fluor: YES | tf_loc: NO | tps: 180 | tf: UNKNOWN | condition: Aim:   pH calibration Strain: 247   Comments:
Microscope setup for used channels:
GFP:
"470nm LED
->Combiner cube:[ No exciter in combiner cube,  495lp dichroic-> (425lp dichroic)"]
->Filter bloc | channels: GFP;pHluorin405
2026-07-28 21:36:53,193 INFO [1342/1845] Dataset 2658: pH_0_5raff_00
2026-07-28 21:36:53,205 INFO   Reading metadata annotations...
2026-07-28 21:36:53,611 WARNING   Truncated large annotation(s): ph_0_5rafflog.txt
2026-07-28 21:36:53,611 INFO   Classifying metadata...
2026-07-28 21:37:04,194 INFO   -> fluor: YES | tf_loc: NO | tps: 180 | tf: UNKNOWN | condition: Aim:  Growth rate v pH Strain: 247   Comments: Constant media 0.5% raffinose in SC-Leu
Microscope setup for used channels:
GFP:
"470nm LED
->Combiner cube:[ No exciter in combiner cube,  495lp dic | channels: GFP;pHluorin405
2026-07-28 21:37:04,394 INFO [1343/1845] Dataset 2659: pH8_08_01
2026-07-28 21:37:04,408 INFO   Reading metadata annotations...
2026-07-28 21:37:04,584 INFO   Classifying metadata...
2026-07-28 21:37:08,246 INFO   -> fluor: YES | tf_loc: NO | tps: 180 | tf: UNKNOWN | condition: Aim:   pH calibration Strain: 247   Comments:
Microscope setup for used channels:
GFP:
"470nm LED
->Combiner cube:[ No exciter in combiner cube,  495lp dichroic-> (425lp dichroic)"]
->Filter bloc | channels: GFP;pHluorin405
2026-07-28 21:37:08,447 INFO [1344/1845] Dataset 1730: Aggregation_screen_AGGFP1_00
2026-07-28 21:37:08,460 INFO   Reading metadata annotations...
2026-07-28 21:37:08,477 WARNING   No .log/.txt/Acq.txt annotation found for dataset 1730.
2026-07-28 21:37:08,477 INFO   Classifying metadata...
2026-07-28 21:37:10,237 INFO   -> fluor: NO | tf_loc: NO | tps:  | tf: UNKNOWN | condition:  | channels: UNKNOWN
2026-07-28 21:37:10,438 INFO [1345/1845] Dataset 2660: pH7_00_01
2026-07-28 21:37:10,444 INFO   Reading metadata annotations...
2026-07-28 21:37:10,568 INFO   Classifying metadata...
2026-07-28 21:37:13,873 INFO   -> fluor: YES | tf_loc: NO | tps: 180 | tf: UNKNOWN | condition: Aim:   pH calibration Strain: 247   Comments:
Microscope setup for used channels:
GFP:
"470nm LED
->Combiner cube:[ No exciter in combiner cube,  495lp dichroic-> (425lp dichroic)"]
->Filter bloc | channels: GFP;pHluorin405
2026-07-28 21:37:14,074 INFO [1346/1845] Dataset 2661: pH7_52_00
2026-07-28 21:37:14,086 INFO   Reading metadata annotations...
2026-07-28 21:37:14,211 INFO   Classifying metadata...
2026-07-28 21:37:17,351 INFO   -> fluor: YES | tf_loc: NO | tps: 180 | tf: UNKNOWN | condition: Aim:   pH calibration Strain: 247   Comments:
Microscope setup for used channels:
GFP:
"470nm LED
->Combiner cube:[ No exciter in combiner cube,  495lp dichroic-> (425lp dichroic)"]
->Filter bloc | channels: GFP;pHluorin405
2026-07-28 21:37:17,551 INFO [1347/1845] Dataset 1733: Aggregation_screen_AGGFP1_00
2026-07-28 21:37:17,563 INFO   Reading metadata annotations...
2026-07-28 21:37:17,865 WARNING   Truncated large annotation(s): aggregation_screen_aggfp1.log
2026-07-28 21:37:17,866 INFO   Classifying metadata...
2026-07-28 21:37:20,825 INFO   -> fluor: YES | tf_loc: YES | tps: 100 | tf: Kem1;Rcy1;His4;Ptk2;She4;Amd1;Sch9;Elp2;Psp1;Pat1;Ade5;Smy2;Gln4;Hsc82;Sse2;Ssk1;Hcs1;Pan3;Gsh1 | condition: 1% glucose in SC to water) | channels: GFP;GFPFast;mCherry;cy5
2026-07-28 21:37:21,026 INFO [1348/1845] Dataset 2662: pH5_75_02
2026-07-28 21:37:21,033 INFO   Reading metadata annotations...
2026-07-28 21:37:21,129 INFO   Classifying metadata...
2026-07-28 21:37:23,947 INFO   -> fluor: YES | tf_loc: NO | tps: 180 | tf: UNKNOWN | condition: Aim:   pH calibration Strain: 247   Comments:
Microscope setup for used channels:
GFP:
"470nm LED
->Combiner cube:[ No exciter in combiner cube,  495lp dichroic-> (425lp dichroic)"]
->Filter bloc | channels: GFP;pHluorin405
2026-07-28 21:37:24,148 INFO [1349/1845] Dataset 2663: pH7_52_01
2026-07-28 21:37:24,160 INFO   Reading metadata annotations...
2026-07-28 21:37:24,359 INFO   Classifying metadata...
2026-07-28 21:37:28,987 INFO   -> fluor: YES | tf_loc: NO | tps: 180 | tf: UNKNOWN | condition: Aim:   pH calibration Strain: 247   Comments:
Microscope setup for used channels:
GFP:
"470nm LED
->Combiner cube:[ No exciter in combiner cube,  495lp dichroic-> (425lp dichroic)"]
->Filter bloc | channels: GFP;pHluorin405
2026-07-28 21:37:29,187 INFO [1350/1845] Dataset 2664: wildtype_01
2026-07-28 21:37:29,200 INFO   Reading metadata annotations...
2026-07-28 21:37:29,442 INFO   Classifying metadata...
2026-07-28 21:37:31,922 INFO   -> fluor: YES | tf_loc: NO | tps: 180 | tf: UNKNOWN | condition: Aim:   pH calibration Strain: 229   Comments:
Microscope setup for used channels:
GFP:
"470nm LED
->Combiner cube:[ No exciter in combiner cube,  495lp dichroic-> (425lp dichroic)"]
->Filter bloc | channels: GFP;pHluorin405
2026-07-28 21:37:32,122 INFO [1351/1845] Dataset 2665: pH6_00_01
2026-07-28 21:37:32,130 INFO   Reading metadata annotations...
2026-07-28 21:37:32,225 INFO   Classifying metadata...
2026-07-28 21:37:35,267 INFO   -> fluor: YES | tf_loc: NO | tps: 180 | tf: UNKNOWN | condition: Aim:   pH calibration Strain: 247   Comments:
Microscope setup for used channels:
GFP:
"470nm LED
->Combiner cube:[ No exciter in combiner cube,  495lp dichroic-> (425lp dichroic)"]
->Filter bloc | channels: GFP;pHluorin405
2026-07-28 21:37:35,467 INFO [1352/1845] Dataset 2666: pH6_75_00
2026-07-28 21:37:35,478 INFO   Reading metadata annotations...
2026-07-28 21:37:35,684 INFO   Classifying metadata...
2026-07-28 21:37:39,994 INFO   -> fluor: YES | tf_loc: NO | tps: 180 | tf: UNKNOWN | condition: Aim:   pH calibration Strain: 247   Comments:
Microscope setup for used channels:
GFP:
"470nm LED
->Combiner cube:[ No exciter in combiner cube,  495lp dichroic-> (425lp dichroic)"]
->Filter bloc | channels: GFP;pHluorin405
2026-07-28 21:37:40,195 INFO [1353/1845] Dataset 2667: pH5_75_01
2026-07-28 21:37:40,202 INFO   Reading metadata annotations...
2026-07-28 21:37:40,285 INFO   Classifying metadata...
2026-07-28 21:37:43,551 INFO   -> fluor: YES | tf_loc: NO | tps: 180 | tf: UNKNOWN | condition: Aim:   pH calibration Strain: 247   Comments:
Microscope setup for used channels:
GFP:
"470nm LED
->Combiner cube:[ No exciter in combiner cube,  495lp dichroic-> (425lp dichroic)"]
->Filter bloc | channels: GFP;pHluorin405
2026-07-28 21:37:43,752 INFO [1354/1845] Dataset 2668: pH5_75_00
2026-07-28 21:37:43,765 INFO   Reading metadata annotations...
2026-07-28 21:37:43,960 INFO   Classifying metadata...
2026-07-28 21:37:47,215 INFO   -> fluor: YES | tf_loc: NO | tps: 180 | tf: UNKNOWN | condition: Aim:   pH calibration Strain: 247   Comments:
Microscope setup for used channels:
GFP:
"470nm LED
->Combiner cube:[ No exciter in combiner cube,  495lp dichroic-> (425lp dichroic)"]
->Filter bloc | channels: GFP;pHluorin405
2026-07-28 21:37:47,415 INFO [1355/1845] Dataset 2669: pH7_76_00
2026-07-28 21:37:47,428 INFO   Reading metadata annotations...
2026-07-28 21:37:47,674 INFO   Classifying metadata...
2026-07-28 21:37:50,113 INFO   -> fluor: YES | tf_loc: NO | tps: 180 | tf: UNKNOWN | condition: Aim:   pH calibration Strain: 247   Comments:
Microscope setup for used channels:
GFP:
"470nm LED
->Combiner cube:[ No exciter in combiner cube,  495lp dichroic-> (425lp dichroic)"]
->Filter bloc | channels: GFP;pHluorin405
2026-07-28 21:37:50,313 INFO [1356/1845] Dataset 2670: pH6_75_01
2026-07-28 21:37:50,320 INFO   Reading metadata annotations...
2026-07-28 21:37:50,407 INFO   Classifying metadata...
2026-07-28 21:37:53,016 INFO   -> fluor: YES | tf_loc: NO | tps: 180 | tf: UNKNOWN | condition: Aim:   pH calibration Strain: 247   Comments:
Microscope setup for used channels:
GFP:
"470nm LED
->Combiner cube:[ No exciter in combiner cube,  495lp dichroic-> (425lp dichroic)"]
->Filter bloc | channels: GFP;pHluorin405
2026-07-28 21:37:53,216 INFO [1357/1845] Dataset 2671: pH6_50_00
2026-07-28 21:37:53,228 INFO   Reading metadata annotations...
2026-07-28 21:37:53,431 INFO   Classifying metadata...
2026-07-28 21:37:55,956 INFO   -> fluor: YES | tf_loc: NO | tps: 180 | tf: UNKNOWN | condition: Aim:   pH calibration Strain: 247   Comments:
Microscope setup for used channels:
GFP:
"470nm LED
->Combiner cube:[ No exciter in combiner cube,  495lp dichroic-> (425lp dichroic)"]
->Filter bloc | channels: GFP;pHluorin405
2026-07-28 21:37:56,156 INFO [1358/1845] Dataset 2672: pH6_25_00
2026-07-28 21:37:56,169 INFO   Reading metadata annotations...
2026-07-28 21:37:56,369 INFO   Classifying metadata...
2026-07-28 21:37:59,574 INFO   -> fluor: YES | tf_loc: NO | tps: 180 | tf: UNKNOWN | condition: Aim:   pH calibration Strain: 247   Comments:
Microscope setup for used channels:
GFP:
"470nm LED
->Combiner cube:[ No exciter in combiner cube,  495lp dichroic-> (425lp dichroic)"]
->Filter bloc | channels: GFP;pHluorin405
2026-07-28 21:37:59,775 INFO [1359/1845] Dataset 2673: pH6_0_00
2026-07-28 21:37:59,787 INFO   Reading metadata annotations...
2026-07-28 21:37:59,986 INFO   Classifying metadata...
2026-07-28 21:38:03,047 INFO   -> fluor: YES | tf_loc: NO | tps: 180 | tf: UNKNOWN | condition: Aim: pH calibration  Strain: 247   Comments:
Microscope setup for used channels:
GFP:
"470nm LED
->Combiner cube:[ No exciter in combiner cube,  495lp dichroic-> (425lp dichroic)"]
->Filter block | channels: GFP;pHluorin405
2026-07-28 21:38:03,247 INFO [1360/1845] Dataset 2674: pH6_0_01
2026-07-28 21:38:03,260 INFO   Reading metadata annotations...
2026-07-28 21:38:03,443 INFO   Classifying metadata...
2026-07-28 21:38:06,093 INFO   -> fluor: YES | tf_loc: NO | tps: 180 | tf: UNKNOWN | condition: Aim: pH calibration  Strain: 247   Comments:
Microscope setup for used channels:
GFP:
"470nm LED
->Combiner cube:[ No exciter in combiner cube,  495lp dichroic-> (425lp dichroic)"]
->Filter block | channels: GFP;pHluorin405
2026-07-28 21:38:06,293 INFO [1361/1845] Dataset 2675: pH_2_00Raf_00
2026-07-28 21:38:06,306 INFO   Reading metadata annotations...
2026-07-28 21:38:06,784 WARNING   Truncated large annotation(s): ph_2_00raflog.txt
2026-07-28 21:38:06,784 INFO   Classifying metadata...
2026-07-28 21:38:13,333 INFO   -> fluor: YES | tf_loc: NO | tps: 180 | tf: UNKNOWN | condition: Aim: Growth rate vs pH  Strain: 247   Comments: No flow changes - run in 2% raffinose throughout
Microscope setup for used channels:
GFP:
"470nm LED
->Combiner cube:[ No exciter in combiner cube,  | channels: GFP;pHluorin405
2026-07-28 21:38:13,533 INFO [1362/1845] Dataset 1751: BS1_4_5_00
2026-07-28 21:38:13,546 INFO   Reading metadata annotations...
2026-07-28 21:38:13,797 WARNING   Truncated large annotation(s): bs1_4_5.log
2026-07-28 21:38:13,797 INFO   Classifying metadata...
2026-07-28 21:38:19,778 INFO   -> fluor: YES | tf_loc: NO | tps: 300 | tf: UNKNOWN | condition: Aim: | channels: GFP;GFPFast
2026-07-28 21:38:19,979 INFO [1363/1845] Dataset 1752: BS1_4_5_00
2026-07-28 21:38:19,991 INFO   Reading metadata annotations...
2026-07-28 21:38:20,179 WARNING   Truncated large annotation(s): bs1_4_5.log
2026-07-28 21:38:20,179 INFO   Classifying metadata...
2026-07-28 21:38:26,214 INFO   -> fluor: YES | tf_loc: NO | tps: 300 | tf: UNKNOWN | condition: Aim: | channels: GFP;GFPFast
2026-07-28 21:38:26,414 INFO [1364/1845] Dataset 1753: BS1_4_5_01
2026-07-28 21:38:26,427 INFO   Reading metadata annotations...
2026-07-28 21:38:26,732 WARNING   Truncated large annotation(s): bs1_4_5.log
2026-07-28 21:38:26,733 INFO   Classifying metadata...
2026-07-28 21:38:32,532 INFO   -> fluor: YES | tf_loc: NO | tps: 300 | tf: UNKNOWN | condition: Aim: | channels: GFP;GFPFast
2026-07-28 21:38:32,733 INFO [1365/1845] Dataset 1754: BS1_4_5_01
2026-07-28 21:38:32,741 INFO   Reading metadata annotations...
2026-07-28 21:38:33,018 WARNING   Truncated large annotation(s): bs1_4_5.log
2026-07-28 21:38:33,018 INFO   Classifying metadata...
2026-07-28 21:38:39,221 INFO   -> fluor: YES | tf_loc: NO | tps: 300 | tf: UNKNOWN | condition: Aim: | channels: GFP;GFPFast
2026-07-28 21:38:39,422 INFO [1366/1845] Dataset 1755: BS1_4_5_00
2026-07-28 21:38:39,434 INFO   Reading metadata annotations...
2026-07-28 21:38:39,665 WARNING   Truncated large annotation(s): bs1_4_5.log
2026-07-28 21:38:39,665 INFO   Classifying metadata...
2026-07-28 21:38:44,997 INFO   -> fluor: YES | tf_loc: NO | tps: 300 | tf: UNKNOWN | condition: Aim: | channels: GFP;GFPFast
2026-07-28 21:38:45,198 INFO [1367/1845] Dataset 2676: pH8_08_01
2026-07-28 21:38:45,211 INFO   Reading metadata annotations...
2026-07-28 21:38:45,446 INFO   Classifying metadata...
2026-07-28 21:38:48,384 INFO   -> fluor: YES | tf_loc: NO | tps: 180 | tf: UNKNOWN | condition: Aim: pH calibration  Strain: 247   Comments:
Microscope setup for used channels:
GFP:
"470nm LED
->Combiner cube:[ No exciter in combiner cube,  495lp dichroic-> (425lp dichroic)"]
->Filter block | channels: GFP;pHluorin405
2026-07-28 21:38:48,584 INFO [1368/1845] Dataset 1802: Msn2_exposure_brightness_growth_test_00
2026-07-28 21:38:48,597 INFO   Reading metadata annotations...
2026-07-28 21:38:48,867 WARNING   Truncated large annotation(s): msn2_exposure_brightness_growth_test.log
2026-07-28 21:38:48,867 INFO   Classifying metadata...
2026-07-28 21:38:52,373 INFO   -> fluor: YES | tf_loc: YES | tps: 120 | tf: Msn2 | condition: Aim: Measure relationship between LED brightness, image quality and growth on Batgirl | channels: GFP
2026-07-28 21:38:52,573 INFO [1369/1845] Dataset 1803: mNeonGreen_pHtest_00
2026-07-28 21:38:52,580 INFO   Reading metadata annotations...
2026-07-28 21:38:52,825 WARNING   Truncated large annotation(s): mneongreen_phtest.log
2026-07-28 21:38:52,825 INFO   Classifying metadata...
2026-07-28 21:38:58,349 INFO   -> fluor: YES | tf_loc: NO | tps: 180 | tf: UNKNOWN | condition: Aim: To test the hypothesis that mNeon green loses brightness at the cell surface when the media pH is low, in the presence of NaCl | channels: GFP;GFPFast;cy5
2026-07-28 21:38:58,550 INFO [1370/1845] Dataset 1804: Msn2_Mig1_Switch2to0pGLC_9_1_00
2026-07-28 21:38:58,563 INFO   Reading metadata annotations...
2026-07-28 21:38:58,750 WARNING   Truncated large annotation(s): msn2_mig1_switch2to0pglc_9_1.log
2026-07-28 21:38:58,750 INFO   Classifying metadata...
2026-07-28 21:39:01,171 INFO   -> fluor: YES | tf_loc: YES | tps: 120 | tf: Msn2;Mig1 | condition: 2% to 0% Glc at 5h with GFP intensity -9.1 | channels: GFP_Z;GFP;mCherry_Z;mCherry2
2026-07-28 21:39:01,371 INFO [1371/1845] Dataset 2677: pH6_25_01
2026-07-28 21:39:01,379 INFO   Reading metadata annotations...
2026-07-28 21:39:01,500 INFO   Classifying metadata...
2026-07-28 21:39:05,672 INFO   -> fluor: YES | tf_loc: NO | tps: 180 | tf: UNKNOWN | condition: Aim: pH calibration  Strain: 247   Comments:
Microscope setup for used channels:
GFP:
"470nm LED
->Combiner cube:[ No exciter in combiner cube,  495lp dichroic-> (425lp dichroic)"]
->Filter block | channels: GFP;pHluorin405
2026-07-28 21:39:05,872 INFO [1372/1845] Dataset 2678: pH6_0_02
2026-07-28 21:39:05,885 INFO   Reading metadata annotations...
2026-07-28 21:39:06,069 INFO   Classifying metadata...
2026-07-28 21:39:09,064 INFO   -> fluor: YES | tf_loc: NO | tps: 180 | tf: UNKNOWN | condition: Aim: pH calibration  Strain: 247   Comments:
Microscope setup for used channels:
GFP:
"470nm LED
->Combiner cube:[ No exciter in combiner cube,  495lp dichroic-> (425lp dichroic)"]
->Filter block | channels: GFP;pHluorin405
2026-07-28 21:39:09,265 INFO [1373/1845] Dataset 2679: pH7_52_01
2026-07-28 21:39:09,275 INFO   Reading metadata annotations...
2026-07-28 21:39:09,468 INFO   Classifying metadata...
2026-07-28 21:39:18,086 INFO   -> fluor: YES | tf_loc: NO | tps: 180 | tf: UNKNOWN | condition: Aim: pH calibration  Strain: 247   Comments:
Microscope setup for used channels:
GFP:
"470nm LED
->Combiner cube:[ No exciter in combiner cube,  495lp dichroic-> (425lp dichroic)"]
->Filter block | channels: GFP;pHluorin405
2026-07-28 21:39:18,287 INFO [1374/1845] Dataset 2680: wildtype_01
2026-07-28 21:39:18,299 INFO   Reading metadata annotations...
2026-07-28 21:39:18,433 INFO   Classifying metadata...
2026-07-28 21:39:22,514 INFO   -> fluor: YES | tf_loc: NO | tps: 180 | tf: UNKNOWN | condition: Aim: pH calibration  Strain: 247   Comments:
Microscope setup for used channels:
GFP:
"470nm LED
->Combiner cube:[ No exciter in combiner cube,  495lp dichroic-> (425lp dichroic)"]
->Filter block | channels: GFP;pHluorin405
2026-07-28 21:39:22,715 INFO [1375/1845] Dataset 1853: 18572_2020_02_04_steady_2p0glc_2min_3z_mch5V_msn4msn2_00
2026-07-28 21:39:22,722 INFO   Reading metadata annotations...
2026-07-28 21:39:23,218 WARNING   Truncated large annotation(s): steady_2p0glc_2min_3z_mch5v_msn4msn2log.txt
2026-07-28 21:39:23,218 INFO   Classifying metadata...
2026-07-28 21:39:27,899 INFO   -> fluor: YES | tf_loc: YES | tps: 540 | tf: Msn4;Msn2 | condition: Aim: Assess phototoxicity for 2min sampling rate, reduced mCherry voltage and 3 Z sections
Strain: Msn4-GFP/Msn2-mCherry (901)
Comments:
O/N on @? | channels: GFP;mCherry
2026-07-28 21:39:28,100 INFO [1376/1845] Dataset 2681: pH7_00_00
2026-07-28 21:39:28,112 INFO   Reading metadata annotations...
2026-07-28 21:39:28,320 INFO   Classifying metadata...
2026-07-28 21:39:31,517 INFO   -> fluor: YES | tf_loc: NO | tps: 180 | tf: UNKNOWN | condition: Aim: pH calibration  Strain: 247   Comments:
Microscope setup for used channels:
GFP:
"470nm LED
->Combiner cube:[ No exciter in combiner cube,  495lp dichroic-> (425lp dichroic)"]
->Filter block | channels: GFP;pHluorin405
2026-07-28 21:39:31,717 INFO [1377/1845] Dataset 2682: pH5_75_00
2026-07-28 21:39:31,724 INFO   Reading metadata annotations...
2026-07-28 21:39:31,815 INFO   Classifying metadata...
2026-07-28 21:39:35,025 INFO   -> fluor: YES | tf_loc: NO | tps: 180 | tf: UNKNOWN | condition: Aim: pH calibration  Strain: 247   Comments:
Microscope setup for used channels:
GFP:
"470nm LED
->Combiner cube:[ No exciter in combiner cube,  495lp dichroic-> (425lp dichroic)"]
->Filter block | channels: GFP;pHluorin405
2026-07-28 21:39:35,225 INFO [1378/1845] Dataset 2683: pH7_76_00
2026-07-28 21:39:35,238 INFO   Reading metadata annotations...
2026-07-28 21:39:35,444 INFO   Classifying metadata...
2026-07-28 21:39:38,283 INFO   -> fluor: YES | tf_loc: NO | tps: 180 | tf: UNKNOWN | condition: Aim: pH calibration  Strain: 247   Comments:
Microscope setup for used channels:
GFP:
"470nm LED
->Combiner cube:[ No exciter in combiner cube,  495lp dichroic-> (425lp dichroic)"]
->Filter block | channels: GFP;pHluorin405
2026-07-28 21:39:38,483 INFO [1379/1845] Dataset 2796: gal_feedback_01
2026-07-28 21:39:38,496 INFO   Reading metadata annotations...
2026-07-28 21:39:38,926 INFO   Classifying metadata...
2026-07-28 21:39:43,198 INFO   -> fluor: YES | tf_loc: NO | tps: 300 | tf: UNKNOWN | condition: 1 to 2 | channels: cy5;mCherry;GFP
2026-07-28 21:39:43,398 INFO [1380/1845] Dataset 1861: 18446_2020_01_08_steadystate_glucose_2w0p1_2min_01
2026-07-28 21:39:43,411 INFO   Reading metadata annotations...
2026-07-28 21:39:43,875 WARNING   Truncated large annotation(s): steadtystate_glucose_2w0p1_2minlog.txt
2026-07-28 21:39:43,875 INFO   Classifying metadata...
2026-07-28 21:39:50,606 INFO   -> fluor: YES | tf_loc: NO | tps: 540 | tf: UNKNOWN | condition: Aim:   Strain:   Comments:   
Microscope setup for used channels:
mCherry:
White LED
->Combiner cube:[ 500lp exciter, ->(495lp and 425lp dichroics)]
->Filter block:[GFP/mCherry (59022) exciter,GF | channels: mCherry;GFP
2026-07-28 21:39:50,807 INFO [1381/1845] Dataset 1862: 19477_2020_11_27_steadystate_glucose_898_exposure_901_2w0p01_00
2026-07-28 21:39:50,814 INFO   Reading metadata annotations...
2026-07-28 21:39:51,117 WARNING   Truncated large annotation(s): steadystate_glucose_898_exposure_901_2w0p01log.txt
2026-07-28 21:39:51,118 INFO   Classifying metadata...
2026-07-28 21:39:56,368 INFO   -> fluor: YES | tf_loc: YES | tps: 540 | tf: Msn2;Mig1 | condition: Aim:   Strain:   Comments:   
Microscope setup for used channels:
Brightfield:
White LED
->(Polariser + Prism + condenser)]
->Filter block:[GFP/mCherry (59022) exciter,GFP/mCherry (59022) dichroi | channels: mCherry;GFP
2026-07-28 21:39:56,568 INFO [1382/1845] Dataset 1863: 19554_2020_12_06_steadystate_glucose_2w0p01_900m_00
2026-07-28 21:39:56,581 INFO   Reading metadata annotations...
2026-07-28 21:39:57,022 WARNING   Truncated large annotation(s): steadystate_glucose_2w0p01_900mlog.txt
2026-07-28 21:39:57,023 INFO   Classifying metadata...
2026-07-28 21:40:01,532 INFO   -> fluor: YES | tf_loc: YES | tps: 540 | tf: Mig1;Msn2 | condition: Aim:   Strain:   Comments:   
Microscope setup for used channels:
Brightfield:
White LED
->(Polariser + Prism + condenser)]
->Filter block:[GFP/mCherry (59022) exciter,GFP/mCherry (59022) dichroi | channels: GFP;mCherry
2026-07-28 21:40:01,732 INFO [1383/1845] Dataset 1864: 19392_2020_11_12_steadystate_glucose_898m_2w0p01_00
2026-07-28 21:40:01,740 INFO   Reading metadata annotations...
2026-07-28 21:40:02,030 WARNING   Truncated large annotation(s): steadystate_glucose_898m_2w0p01log.txt
2026-07-28 21:40:02,030 INFO   Classifying metadata...
2026-07-28 21:40:06,628 INFO   -> fluor: YES | tf_loc: YES | tps: 540 | tf: Mig2;Mig1;Msn2 | condition: Aim:   Strain:   Comments:   
Microscope setup for used channels:
Brightfield:
White LED
->(Polariser + Prism + condenser)]
->Filter block:[GFP/mCherry (59022) exciter,GFP/mCherry (59022) dichroi | channels: GFP;mCherry
2026-07-28 21:40:06,828 INFO [1384/1845] Dataset 1865: Sgo1_00
2026-07-28 21:40:06,843 INFO   Reading metadata annotations...
2026-07-28 21:40:06,927 INFO   Classifying metadata...
2026-07-28 21:40:10,870 INFO   -> fluor: NO | tf_loc: NO | tps:  | tf: UNKNOWN | condition:  | channels: UNKNOWN
2026-07-28 21:40:11,070 INFO [1385/1845] Dataset 1867: 19391_2020_11_12_steadystate_glucose_1345m_2w0p01_00
2026-07-28 21:40:11,077 INFO   Reading metadata annotations...
2026-07-28 21:40:11,377 WARNING   Truncated large annotation(s): steadystate_glucose_1345m_2w0p01log.txt
2026-07-28 21:40:11,377 INFO   Classifying metadata...
2026-07-28 21:40:19,333 INFO   -> fluor: YES | tf_loc: YES | tps: 540 | tf: UNKNOWN | condition: Aim:   Strain:   Comments:   
Microscope setup for used channels:
Brightfield:
White LED
->(Polariser + Prism + condenser)]
->Filter block:[GFP/mCherry (59022) exciter,GFP/mCherry (59022) dichroi | channels: GFP;mCherry
2026-07-28 21:40:19,534 INFO [1386/1845] Dataset 1888: upload_test_00
2026-07-28 21:40:19,546 INFO   Reading metadata annotations...
2026-07-28 21:40:19,707 INFO   Classifying metadata...
2026-07-28 21:40:23,309 INFO   -> fluor: YES | tf_loc: NO | tps: 500 | tf: UNKNOWN | condition: 5hr to 2.5ug/ml nocodazole | channels: GFP_Z;GFP;cy5
2026-07-28 21:40:23,509 INFO [1387/1845] Dataset 1889: upload_test_00
2026-07-28 21:40:23,521 INFO   Reading metadata annotations...
2026-07-28 21:40:23,694 INFO   Classifying metadata...
2026-07-28 21:40:27,340 INFO   -> fluor: YES | tf_loc: NO | tps: 500 | tf: UNKNOWN | condition: no nocodazole to 2.5ug/ml nocodazole | channels: GFP_Z;GFP;cy5
2026-07-28 21:40:27,541 INFO [1388/1845] Dataset 1890: upload_test_00
2026-07-28 21:40:27,553 INFO   Reading metadata annotations...
2026-07-28 21:40:27,740 INFO   Classifying metadata...
2026-07-28 21:40:31,167 INFO   -> fluor: YES | tf_loc: NO | tps: 500 | tf: UNKNOWN | condition: 5hr to 2.5ug/ml nocodazole | channels: GFP_Z;GFP;cy5
2026-07-28 21:40:31,368 INFO [1389/1845] Dataset 1970: Sun5mNG_Spc72mCherry_plate6_c3_00
2026-07-28 21:40:31,375 INFO   Reading metadata annotations...
2026-07-28 21:40:31,470 INFO   Classifying metadata...
2026-07-28 21:40:34,709 INFO   -> fluor: NO | tf_loc: NO | tps: 1 | tf: UNKNOWN | condition: Aim: Expression test. | channels: GFP;mCherry_Z;mCherry
2026-07-28 21:40:34,910 INFO [1390/1845] Dataset 1877: upload_test_00
2026-07-28 21:40:34,923 INFO   Reading metadata annotations...
2026-07-28 21:40:34,939 WARNING   No .log/.txt/Acq.txt annotation found for dataset 1877.
2026-07-28 21:40:34,939 INFO   Classifying metadata...
2026-07-28 21:40:37,080 INFO   -> fluor: NO | tf_loc: NO | tps:  | tf: UNKNOWN | condition:  | channels: UNKNOWN
2026-07-28 21:40:37,280 INFO [1391/1845] Dataset 1878: upload_test_00
2026-07-28 21:40:37,293 INFO   Reading metadata annotations...
2026-07-28 21:40:37,309 WARNING   No .log/.txt/Acq.txt annotation found for dataset 1878.
2026-07-28 21:40:37,309 INFO   Classifying metadata...
2026-07-28 21:40:39,407 INFO   -> fluor: NO | tf_loc: NO | tps:  | tf: UNKNOWN | condition:  | channels: UNKNOWN
2026-07-28 21:40:39,608 INFO [1392/1845] Dataset 1879: upload_test_00
2026-07-28 21:40:39,620 INFO   Reading metadata annotations...
2026-07-28 21:40:39,798 INFO   Classifying metadata...
2026-07-28 21:40:43,389 INFO   -> fluor: YES | tf_loc: NO | tps: 500 | tf: UNKNOWN | condition: Aim: Quantify kinetochore dwell time of Bub1 in sgo1 mutants. | channels: GFP_Z;GFP;cy5
2026-07-28 21:40:43,589 INFO [1393/1845] Dataset 1892: upload_test_00
2026-07-28 21:40:43,602 INFO   Reading metadata annotations...
2026-07-28 21:40:43,619 WARNING   No .log/.txt/Acq.txt annotation found for dataset 1892.
2026-07-28 21:40:43,619 INFO   Classifying metadata...
2026-07-28 21:40:45,594 INFO   -> fluor: NO | tf_loc: NO | tps:  | tf: UNKNOWN | condition:  | channels: UNKNOWN
2026-07-28 21:40:45,794 INFO [1394/1845] Dataset 1893: upload_test_00
2026-07-28 21:40:45,807 INFO   Reading metadata annotations...
2026-07-28 21:40:45,823 WARNING   No .log/.txt/Acq.txt annotation found for dataset 1893.
2026-07-28 21:40:45,823 INFO   Classifying metadata...
2026-07-28 21:40:47,660 INFO   -> fluor: NO | tf_loc: NO | tps:  | tf: UNKNOWN | condition:  | channels: UNKNOWN
2026-07-28 21:40:47,861 INFO [1395/1845] Dataset 1885: Sgo1_00
2026-07-28 21:40:47,874 INFO   Reading metadata annotations...
2026-07-28 21:40:48,054 INFO   Classifying metadata...
2026-07-28 21:40:51,360 INFO   -> fluor: YES | tf_loc: NO | tps: 500 | tf: UNKNOWN | condition: no nocodazole to 2.5ug/ml nocodazole | channels: GFP_Z;GFP;cy5
2026-07-28 21:40:51,561 INFO [1396/1845] Dataset 1886: Sgo1_00
2026-07-28 21:40:51,568 INFO   Reading metadata annotations...
2026-07-28 21:40:51,577 WARNING   No .log/.txt/Acq.txt annotation found for dataset 1886.
2026-07-28 21:40:51,578 INFO   Classifying metadata...
2026-07-28 21:40:55,046 INFO   -> fluor: NO | tf_loc: NO | tps:  | tf: UNKNOWN | condition:  | channels: UNKNOWN
2026-07-28 21:40:55,247 INFO [1397/1845] Dataset 1887: upload_test_00
2026-07-28 21:40:55,260 INFO   Reading metadata annotations...
2026-07-28 21:40:55,369 INFO   Classifying metadata...
2026-07-28 21:40:59,138 INFO   -> fluor: YES | tf_loc: NO | tps: 500 | tf: UNKNOWN | condition: 5hr to 2.5ug/ml nocodazole | channels: GFP_Z;GFP;cy5
2026-07-28 21:40:59,339 INFO [1398/1845] Dataset 1894: upload_test_00
2026-07-28 21:40:59,351 INFO   Reading metadata annotations...
2026-07-28 21:40:59,524 INFO   Classifying metadata...
2026-07-28 21:41:02,478 INFO   -> fluor: YES | tf_loc: NO | tps: 500 | tf: UNKNOWN | condition: no nocodazole to 2.5ug/ml nocodazole | channels: GFP_Z;GFP;cy5
2026-07-28 21:41:02,678 INFO [1399/1845] Dataset 1895: Sgo1_00
2026-07-28 21:41:02,685 INFO   Reading metadata annotations...
2026-07-28 21:41:02,795 INFO   Classifying metadata...
2026-07-28 21:41:05,998 INFO   -> fluor: YES | tf_loc: NO | tps: 500 | tf: UNKNOWN | condition: 5hr to 2.5ug/ml nocodazole | channels: GFP_Z;GFP;cy5
2026-07-28 21:41:06,199 INFO [1400/1845] Dataset 1912: Expression_test_03
2026-07-28 21:41:06,211 INFO   Reading metadata annotations...
2026-07-28 21:41:06,364 INFO   Classifying metadata...
2026-07-28 21:41:09,698 INFO   -> fluor: NO | tf_loc: NO | tps: 1 | tf: UNKNOWN | condition: Aim: Expression of fluorescent proteins from Laura Tuck's contstructs. | channels: mCherry;GFP;GFPFast
2026-07-28 21:41:09,899 INFO [1401/1845] Dataset 1913: Expression_test_04
2026-07-28 21:41:09,911 INFO   Reading metadata annotations...
2026-07-28 21:41:10,070 INFO   Classifying metadata...
2026-07-28 21:41:16,572 INFO   -> fluor: NO | tf_loc: NO | tps: 1 | tf: UNKNOWN | condition: Aim: Expression of fluorescent proteins from Laura Tuck's contstructs. | channels: mCherry;GFP;GFPFast
2026-07-28 21:41:16,772 INFO [1402/1845] Dataset 1914: Expression_test_05
2026-07-28 21:41:16,784 INFO   Reading metadata annotations...
2026-07-28 21:41:16,937 INFO   Classifying metadata...
2026-07-28 21:41:20,698 INFO   -> fluor: NO | tf_loc: NO | tps: 1 | tf: UNKNOWN | condition: Aim: Expression of fluorescent proteins from Laura Tuck's contstructs. | channels: mCherry;GFP;GFPFast
2026-07-28 21:41:20,898 INFO [1403/1845] Dataset 1908: 18360_2020_01_04_steadystate_glucose_2min_01
2026-07-28 21:41:20,906 INFO   Reading metadata annotations...
2026-07-28 21:41:21,168 WARNING   Truncated large annotation(s): steadystate_glucose_2minlog.txt
2026-07-28 21:41:21,168 INFO   Classifying metadata...
2026-07-28 21:41:25,906 INFO   -> fluor: YES | tf_loc: YES | tps: 540 | tf: Msn2;Mig1;Mig2 | condition: Aim:   Strain:   Comments:   
Microscope setup for used channels:
Brightfield:
White LED
->(Polariser + Prism + condenser)]
->Filter block:[GFP/mCherry (59022) exciter,GFP/mCherry (59022) dichroi | channels: GFP;mCherry
2026-07-28 21:41:26,106 INFO [1404/1845] Dataset 1947: Test_StepGLC_LowIntens_w742_762_1352_00
2026-07-28 21:41:26,119 INFO   Reading metadata annotations...
2026-07-28 21:41:26,316 WARNING   Truncated large annotation(s): test_stepglc_lowintens_w742_762_1352.log
2026-07-28 21:41:26,316 INFO   Classifying metadata...
2026-07-28 21:41:29,817 INFO   -> fluor: YES | tf_loc: YES | tps: 240 | tf: Mig1;Dot6;Msn2 | condition: 2% glucose to Cy5 | channels: GFP_Z;GFP;cy5;mCherry_Z;mCherry
2026-07-28 21:41:30,017 INFO [1405/1845] Dataset 2491: Aggregation_water_04
2026-07-28 21:41:30,024 INFO   Reading metadata annotations...
2026-07-28 21:41:30,206 WARNING   Truncated large annotation(s): aggregation_water.log
2026-07-28 21:41:30,207 INFO   Classifying metadata...
2026-07-28 21:41:33,727 INFO   -> fluor: YES | tf_loc: NO | tps: 120 | tf: Ltv1;Sro9;Gln1;Cpr6;Hsp42;Cdc123;Scd6;Tmt1;Sbp1;Nmd4;Met14 | condition: first media to water with BSA and cy5 dye | channels: GFP;GFPFast;cy5
2026-07-28 21:41:33,927 INFO [1406/1845] Dataset 1911: Expression_test_00
2026-07-28 21:41:33,940 INFO   Reading metadata annotations...
2026-07-28 21:41:34,120 INFO   Classifying metadata...
2026-07-28 21:41:37,530 INFO   -> fluor: NO | tf_loc: NO | tps: 1 | tf: UNKNOWN | condition: Aim: Expression of fluorescent proteins from Laura Tuck's contstructs. | channels: mCherry;GFP;GFPFast
2026-07-28 21:41:37,731 INFO [1407/1845] Dataset 1915: Expression_test_06
2026-07-28 21:41:37,744 INFO   Reading metadata annotations...
2026-07-28 21:41:37,924 INFO   Classifying metadata...
2026-07-28 21:41:41,355 INFO   -> fluor: NO | tf_loc: NO | tps: 1 | tf: UNKNOWN | condition: Aim: Expression of fluorescent proteins from Laura Tuck's contstructs. | channels: mCherry;GFP;GFPFast
2026-07-28 21:41:41,555 INFO [1408/1845] Dataset 1916: Expression_test_00
2026-07-28 21:41:41,562 INFO   Reading metadata annotations...
2026-07-28 21:41:41,682 INFO   Classifying metadata...
2026-07-28 21:41:44,785 INFO   -> fluor: YES | tf_loc: NO | tps: 500 | tf: UNKNOWN | condition: Aim: Expression of fluorescent proteins from Laura Tuck's contstructs. | channels: mCherry;GFP;GFPFast
2026-07-28 21:41:44,986 INFO [1409/1845] Dataset 1917: Expression_test_01
2026-07-28 21:41:44,999 INFO   Reading metadata annotations...
2026-07-28 21:41:45,169 INFO   Classifying metadata...
2026-07-28 21:41:48,374 INFO   -> fluor: YES | tf_loc: NO | tps: 500 | tf: UNKNOWN | condition: Aim: Expression of fluorescent proteins from Laura Tuck's contstructs. | channels: mCherry;GFP;GFPFast
2026-07-28 21:41:48,575 INFO [1410/1845] Dataset 1918: Expression_test_02
2026-07-28 21:41:48,587 INFO   Reading metadata annotations...
2026-07-28 21:41:48,749 INFO   Classifying metadata...
2026-07-28 21:41:51,866 INFO   -> fluor: YES | tf_loc: NO | tps: 500 | tf: UNKNOWN | condition: Aim: Expression of fluorescent proteins from Laura Tuck's contstructs. | channels: mCherry;GFP;GFPFast
2026-07-28 21:41:52,067 INFO [1411/1845] Dataset 1919: Flat_field_00
2026-07-28 21:41:52,074 INFO   Reading metadata annotations...
2026-07-28 21:41:52,160 INFO   Classifying metadata...
2026-07-28 21:41:55,284 INFO   -> fluor: YES | tf_loc: NO | tps: 500 | tf: UNKNOWN | condition: Aim: Images for flat field correction. | channels: GFP;GFPFast
2026-07-28 21:41:55,484 INFO [1412/1845] Dataset 1920: Flat_field_03
2026-07-28 21:41:55,497 INFO   Reading metadata annotations...
2026-07-28 21:41:55,643 INFO   Classifying metadata...
2026-07-28 21:41:58,803 INFO   -> fluor: YES | tf_loc: NO | tps: 500 | tf: UNKNOWN | condition: Aim: Images for flat field correction. | channels: GFP;GFPFast
2026-07-28 21:41:59,003 INFO [1413/1845] Dataset 1921: Flat_field_04
2026-07-28 21:41:59,014 INFO   Reading metadata annotations...
2026-07-28 21:41:59,171 INFO   Classifying metadata...
2026-07-28 21:42:04,869 INFO   -> fluor: YES | tf_loc: NO | tps: 500 | tf: UNKNOWN | condition: Aim: Images for flat field correction. | channels: GFP;GFPFast
2026-07-28 21:42:05,070 INFO [1414/1845] Dataset 2492: Aggregation_screen_AGGFP2_00
2026-07-28 21:42:05,082 INFO   Reading metadata annotations...
2026-07-28 21:42:05,353 WARNING   Truncated large annotation(s): aggregation_screen_aggfp2.log
2026-07-28 21:42:05,354 INFO   Classifying metadata...
2026-07-28 21:42:10,359 INFO   -> fluor: YES | tf_loc: NO | tps: 200 | tf: A3;A4;A5;A6;A7;A8;A9;C5;B3;B4;B5;B6;B7;B8;B9;C3;C4;A12;C6;Ura7 | condition: 1% glucose in SC to water) | channels: GFP;GFPFast;mCherry;cy5
2026-07-28 21:42:10,559 INFO [1415/1845] Dataset 1922: Flat_field_05
2026-07-28 21:42:10,567 INFO   Reading metadata annotations...
2026-07-28 21:42:10,659 INFO   Classifying metadata...
2026-07-28 21:42:14,060 INFO   -> fluor: YES | tf_loc: NO | tps: 500 | tf: UNKNOWN | condition: Aim: Images for flat field correction. | channels: GFP;GFPFast
2026-07-28 21:42:14,261 INFO [1416/1845] Dataset 1923: Flat_field_06
2026-07-28 21:42:14,272 INFO   Reading metadata annotations...
2026-07-28 21:42:14,378 INFO   Classifying metadata...
2026-07-28 21:42:17,142 INFO   -> fluor: YES | tf_loc: NO | tps: 500 | tf: UNKNOWN | condition: Aim: Images for flat field correction. | channels: mCherry
2026-07-28 21:42:17,343 INFO [1417/1845] Dataset 1924: Test_wPythonRamp10h_wCell87_01
2026-07-28 21:42:17,351 INFO   Reading metadata annotations...
2026-07-28 21:42:17,647 WARNING   Truncated large annotation(s): test_wpythonramp10h_wcell87.log
2026-07-28 21:42:17,647 INFO   Classifying metadata...
2026-07-28 21:42:21,293 INFO   -> fluor: YES | tf_loc: YES | tps: 480 | tf: Msn2 | condition: SC+Cy5 to SC+Glc | channels: GFP_Z;GFP;cy5
2026-07-28 21:42:21,493 INFO [1418/1845] Dataset 1925: test_02
2026-07-28 21:42:21,501 INFO   Reading metadata annotations...
2026-07-28 21:42:21,599 INFO   Classifying metadata...
2026-07-28 21:42:25,278 INFO   -> fluor: NO | tf_loc: NO | tps: 1 | tf: UNKNOWN | condition: Aim: Measure expression levels of crypto lines from Laura, especially copper responsive promoter strains | channels: mCherry;GFP;GFPFast
2026-07-28 21:42:25,479 INFO [1419/1845] Dataset 1939: Test_wCorrAggreCellCycle_wC1352-1522_01
2026-07-28 21:42:25,491 INFO   Reading metadata annotations...
2026-07-28 21:42:25,723 WARNING   Truncated large annotation(s): test_wcorraggrecellcycle_wc1352-1522.log
2026-07-28 21:42:25,723 INFO   Classifying metadata...
2026-07-28 21:42:30,189 INFO   -> fluor: YES | tf_loc: YES | tps: 144 | tf: Msn2 | condition: 2% glucose to 0% glucose | channels: GFP_Z;GFP;cy5;mCherry_Z;mCherry2
2026-07-28 21:42:30,389 INFO [1420/1845] Dataset 1927: test_04
2026-07-28 21:42:30,396 INFO   Reading metadata annotations...
2026-07-28 21:42:30,499 INFO   Classifying metadata...
2026-07-28 21:42:33,727 INFO   -> fluor: NO | tf_loc: NO | tps: 1 | tf: UNKNOWN | condition: Aim: Measure expression levels of crypto lines from Laura, especially copper responsive promoter strains | channels: mCherry;GFP;GFPFast
2026-07-28 21:42:33,927 INFO [1421/1845] Dataset 1928: Aggregation_screen_AGGFP1_00
2026-07-28 21:42:33,940 INFO   Reading metadata annotations...
2026-07-28 21:42:34,210 WARNING   Truncated large annotation(s): aggregation_screen_aggfp1.log
2026-07-28 21:42:34,210 INFO   Classifying metadata...
2026-07-28 21:42:39,008 INFO   -> fluor: YES | tf_loc: NO | tps: 100 | tf: A1;A2;A3;A4;A5;A7;A8;A9;A10;A11;A12;B1;B2;B3;B4;B5;B6;B7;B8;Ura7 | condition: 1% glucose in SC to water) | channels: GFP;GFPFast;mCherry;cy5
2026-07-28 21:42:39,208 INFO [1422/1845] Dataset 1929: mNeonGreen_pHtest_01
2026-07-28 21:42:39,221 INFO   Reading metadata annotations...
2026-07-28 21:42:39,392 INFO   Classifying metadata...
2026-07-28 21:42:43,351 INFO   -> fluor: YES | tf_loc: NO | tps: 180 | tf: UNKNOWN | condition: pH6 to pH3.5 | channels: GFP_Z;GFP;cy5
2026-07-28 21:42:43,551 INFO [1423/1845] Dataset 1930: test_03
2026-07-28 21:42:43,564 INFO   Reading metadata annotations...
2026-07-28 21:42:43,728 INFO   Classifying metadata...
2026-07-28 21:42:52,768 INFO   -> fluor: NO | tf_loc: NO | tps: 1 | tf: UNKNOWN | condition: Aim: Measure expression levels of crypto lines from Laura, especially copper responsive promoter strains | channels: mCherry;GFP;GFPFast
2026-07-28 21:42:52,969 INFO [1424/1845] Dataset 1931: test_00
2026-07-28 21:42:52,981 INFO   Reading metadata annotations...
2026-07-28 21:42:53,158 INFO   Classifying metadata...
2026-07-28 21:42:58,611 INFO   -> fluor: NO | tf_loc: NO | tps: 1 | tf: UNKNOWN | condition: Aim: Measure expression levels of crypto lines from Laura, especially copper responsive promoter strains | channels: mCherry;GFP;GFPFast
2026-07-28 21:42:58,812 INFO [1425/1845] Dataset 1932: Adil_flavin_media_switch_00
2026-07-28 21:42:58,822 INFO   Reading metadata annotations...
2026-07-28 21:42:59,081 WARNING   Truncated large annotation(s): adil_flavin_media_switch.log
2026-07-28 21:42:59,082 INFO   Classifying metadata...
2026-07-28 21:43:04,934 INFO   -> fluor: YES | tf_loc: NO | tps: 180 | tf: UNKNOWN | condition: 0.2% glucose to 1% glucose | channels: Flavin;cy5
2026-07-28 21:43:05,134 INFO [1426/1845] Dataset 1933: mNeonGreen_pHtest_01
2026-07-28 21:43:05,147 INFO   Reading metadata annotations...
2026-07-28 21:43:05,317 INFO   Classifying metadata...
2026-07-28 21:43:08,846 INFO   -> fluor: YES | tf_loc: NO | tps: 180 | tf: UNKNOWN | condition: pH6 to pH3.5 | channels: GFP_Z;GFP;cy5
2026-07-28 21:43:09,046 INFO [1427/1845] Dataset 1934: mNeonGreen_pHtest_01
2026-07-28 21:43:09,059 INFO   Reading metadata annotations...
2026-07-28 21:43:09,209 INFO   Classifying metadata...
2026-07-28 21:43:12,345 INFO   -> fluor: YES | tf_loc: NO | tps: 180 | tf: UNKNOWN | condition: pH6 to pH3.5 | channels: GFP_Z;GFP;cy5
2026-07-28 21:43:12,546 INFO [1428/1845] Dataset 1935: mNeonGreen_pHtest_01
2026-07-28 21:43:12,553 INFO   Reading metadata annotations...
2026-07-28 21:43:12,640 INFO   Classifying metadata...
2026-07-28 21:43:15,916 INFO   -> fluor: YES | tf_loc: NO | tps: 180 | tf: UNKNOWN | condition: pH6 to pH3.5 | channels: GFP_Z;GFP;cy5
2026-07-28 21:43:16,116 INFO [1429/1845] Dataset 1936: test_03
2026-07-28 21:43:16,129 INFO   Reading metadata annotations...
2026-07-28 21:43:16,245 INFO   Classifying metadata...
2026-07-28 21:43:19,205 INFO   -> fluor: NO | tf_loc: NO | tps: 1 | tf: UNKNOWN | condition: Aim: Control for measuring expression levels of crypto lines from Laura, especially copper responsivepromoter strains. | channels: mCherry;GFP;GFPFast
2026-07-28 21:43:19,405 INFO [1430/1845] Dataset 2684: pH6_25_00
2026-07-28 21:43:19,418 INFO   Reading metadata annotations...
2026-07-28 21:43:19,640 INFO   Classifying metadata...
2026-07-28 21:43:22,069 INFO   -> fluor: YES | tf_loc: NO | tps: 180 | tf: UNKNOWN | condition: Aim: pH calibration  Strain: 247   Comments:
Microscope setup for used channels:
GFP:
"470nm LED
->Combiner cube:[ No exciter in combiner cube,  495lp dichroic-> (425lp dichroic)"]
->Filter block | channels: GFP;pHluorin405
2026-07-28 21:43:22,269 INFO [1431/1845] Dataset 1938: Test_wPythonRamp20h_wCell87_00
2026-07-28 21:43:22,276 INFO   Reading metadata annotations...
2026-07-28 21:43:22,410 WARNING   Truncated large annotation(s): test_wpythonramp20h_wcell87.log
2026-07-28 21:43:22,410 INFO   Classifying metadata...
2026-07-28 21:43:26,914 INFO   -> fluor: YES | tf_loc: YES | tps: 780 | tf: Msn2 | condition: SC+Cy5 to SC+Glc | channels: GFP_Z;GFP;cy5
2026-07-28 21:43:27,115 INFO [1432/1845] Dataset 1940: 2to0_1glc_switch_02
2026-07-28 21:43:27,127 INFO   Reading metadata annotations...
2026-07-28 21:43:27,333 INFO   Classifying metadata...
2026-07-28 21:43:28,412 INFO   -> fluor: YES | tf_loc: YES | tps: 200 | tf: Msn2;Dot6;Maf1;Sfp1;Mig1 | condition: Aim: Regenerate the data for the protocols paper, this time using the 5 chamber fork device (5FK) so we can use it in the paper | channels: GFP_Z;GFP;cy5
2026-07-28 21:43:28,612 INFO [1433/1845] Dataset 1941: mNeonGreen_100x_02
2026-07-28 21:43:28,625 INFO   Reading metadata annotations...
2026-07-28 21:43:28,909 WARNING   Truncated large annotation(s): mneongreen_100x.log
2026-07-28 21:43:28,909 INFO   Classifying metadata...
2026-07-28 21:43:33,824 INFO   -> fluor: YES | tf_loc: NO | tps: 200 | tf: UNKNOWN | condition: high to low pH on fluorescence of mNeonGreen at the cellsurface | channels: GFP_Z;GFP
2026-07-28 21:43:34,025 INFO [1434/1845] Dataset 1942: pyruvate_Pdr5_doubletags_01
2026-07-28 21:43:34,038 INFO   Reading metadata annotations...
2026-07-28 21:43:34,065 WARNING   No .log/.txt/Acq.txt annotation found for dataset 1942.
2026-07-28 21:43:34,065 INFO   Classifying metadata...
2026-07-28 21:43:36,006 INFO   -> fluor: NO | tf_loc: NO | tps:  | tf: UNKNOWN | condition:  | channels: UNKNOWN
2026-07-28 21:43:36,207 INFO [1435/1845] Dataset 1943: pyruvate_Pdr5_doubletags_01
2026-07-28 21:43:36,220 INFO   Reading metadata annotations...
2026-07-28 21:43:36,319 INFO   Classifying metadata...
2026-07-28 21:43:39,889 INFO   -> fluor: YES | tf_loc: NO | tps: 240 | tf: UNKNOWN | condition: 2% pyruvate to 2% pyruvate + 100ug/ml fluconazole | channels: GFP;GFPFast;cy5;mCherry
2026-07-28 21:43:40,090 INFO [1436/1845] Dataset 1944: glucose_pyruvate_Pdr5_switch_01
2026-07-28 21:43:40,096 INFO   Reading metadata annotations...
2026-07-28 21:43:40,265 WARNING   Truncated large annotation(s): glucose_pyruvate_pdr5_switch.log
2026-07-28 21:43:40,265 INFO   Classifying metadata...
2026-07-28 21:43:46,207 INFO   -> fluor: YES | tf_loc: NO | tps: 240 | tf: UNKNOWN | condition: 2% glucose to 2% pyruvate | channels: GFP;cy5;mCherry
2026-07-28 21:43:46,408 INFO [1437/1845] Dataset 2685: 7_52_00
2026-07-28 21:43:46,421 INFO   Reading metadata annotations...
2026-07-28 21:43:46,611 INFO   Classifying metadata...
2026-07-28 21:43:49,506 INFO   -> fluor: YES | tf_loc: NO | tps: 180 | tf: UNKNOWN | condition: Aim:  Phluorin calibration Strain:  247 Comments:
Microscope setup for used channels:
GFPWide:
470nm LED
->Combiner cube:[480/40 exciter, 515LP dichroic->(455LP dichroic)]
->Filter block:[No exci | channels: GFP;pHluorin405
2026-07-28 21:43:49,707 INFO [1438/1845] Dataset 1945: Test_wLEDIntensity_w1352_00
2026-07-28 21:43:49,719 INFO   Reading metadata annotations...
2026-07-28 21:43:49,930 WARNING   Truncated large annotation(s): test_wledintensity_w1352.log
2026-07-28 21:43:49,930 INFO   Classifying metadata...
2026-07-28 21:43:55,157 INFO   -> fluor: YES | tf_loc: YES | tps: 240 | tf: UNKNOWN | condition: Aim: Test the LED intensity to correlate the image quality and the growth rate on constante media with 2% glucose. | channels: GFP;mCherry_Z;mCherry
2026-07-28 21:43:55,358 INFO [1439/1845] Dataset 1948: Sun5mNG_Spc72mCherry_B2_02
2026-07-28 21:43:55,371 INFO   Reading metadata annotations...
2026-07-28 21:43:55,550 INFO   Classifying metadata...
2026-07-28 21:43:58,497 INFO   -> fluor: NO | tf_loc: NO | tps: 1 | tf: UNKNOWN | condition: Aim: Expression test. | channels: GFP;mCherry_Z;mCherry
2026-07-28 21:43:58,697 INFO [1440/1845] Dataset 1949: Sun5mNG_Spc72mCherry_B2_03
2026-07-28 21:43:58,710 INFO   Reading metadata annotations...
2026-07-28 21:43:58,893 INFO   Classifying metadata...
2026-07-28 21:44:02,081 INFO   -> fluor: NO | tf_loc: NO | tps: 1 | tf: UNKNOWN | condition: Aim: Expression test. | channels: GFP;mCherry_Z;mCherry
2026-07-28 21:44:02,281 INFO [1441/1845] Dataset 1950: Sun5mNG_Spc72mCherry_B2_01
2026-07-28 21:44:02,288 INFO   Reading metadata annotations...
2026-07-28 21:44:02,343 INFO   Classifying metadata...
2026-07-28 21:44:06,081 INFO   -> fluor: NO | tf_loc: NO | tps:  | tf: UNKNOWN | condition:  | channels: mCherry
2026-07-28 21:44:06,282 INFO [1442/1845] Dataset 1951: Sun5mNG_Spc72mCherry_B3_00
2026-07-28 21:44:06,296 INFO   Reading metadata annotations...
2026-07-28 21:44:06,467 INFO   Classifying metadata...
2026-07-28 21:44:09,494 INFO   -> fluor: NO | tf_loc: NO | tps: 1 | tf: UNKNOWN | condition: Aim: Expression test. | channels: GFP;mCherry_Z;mCherry
2026-07-28 21:44:09,694 INFO [1443/1845] Dataset 1952: Sun5mNG_Spc72mCherry_plate4_B4_00
2026-07-28 21:44:09,707 INFO   Reading metadata annotations...
2026-07-28 21:44:09,873 INFO   Classifying metadata...
2026-07-28 21:44:13,595 INFO   -> fluor: NO | tf_loc: NO | tps: 1 | tf: UNKNOWN | condition: Aim: Expression test. | channels: GFP;mCherry_Z;mCherry
2026-07-28 21:44:13,795 INFO [1444/1845] Dataset 1953: Sun5mNG_Spc72mCherry_plate4_C1_00
2026-07-28 21:44:13,804 INFO   Reading metadata annotations...
2026-07-28 21:44:13,914 INFO   Classifying metadata...
2026-07-28 21:44:16,954 INFO   -> fluor: NO | tf_loc: NO | tps: 1 | tf: UNKNOWN | condition: Aim: Expression test. | channels: GFP;mCherry_Z;mCherry
2026-07-28 21:44:17,154 INFO [1445/1845] Dataset 1954: Sun5mNG_Spc72mCherry_plate4_c2_00
2026-07-28 21:44:17,167 INFO   Reading metadata annotations...
2026-07-28 21:44:17,310 INFO   Classifying metadata...
2026-07-28 21:44:20,445 INFO   -> fluor: NO | tf_loc: NO | tps: 1 | tf: UNKNOWN | condition: Aim: Expression test. | channels: GFP;mCherry_Z;mCherry
2026-07-28 21:44:20,646 INFO [1446/1845] Dataset 1955: Sun5mNG_Spc72mCherry_plate4_c3_00
2026-07-28 21:44:20,653 INFO   Reading metadata annotations...
2026-07-28 21:44:20,745 INFO   Classifying metadata...
2026-07-28 21:44:24,135 INFO   -> fluor: NO | tf_loc: NO | tps: 1 | tf: UNKNOWN | condition: Aim: Expression test. | channels: GFP;mCherry_Z;mCherry
2026-07-28 21:44:24,336 INFO [1447/1845] Dataset 1956: Sun5mNG_Spc72mCherry_plate4_c3_01
2026-07-28 21:44:24,348 INFO   Reading metadata annotations...
2026-07-28 21:44:24,539 INFO   Classifying metadata...
2026-07-28 21:44:27,600 INFO   -> fluor: NO | tf_loc: NO | tps: 1 | tf: UNKNOWN | condition: Aim: Expression test. | channels: GFP;mCherry_Z;mCherry
2026-07-28 21:44:27,801 INFO [1448/1845] Dataset 1957: Sun5mNG_Spc72mCherry_plate4_c4_00
2026-07-28 21:44:27,813 INFO   Reading metadata annotations...
2026-07-28 21:44:27,906 INFO   Classifying metadata...
2026-07-28 21:44:30,671 INFO   -> fluor: NO | tf_loc: NO | tps: 1 | tf: UNKNOWN | condition: Aim: Expression test. | channels: GFP;mCherry_Z;mCherry
2026-07-28 21:44:30,872 INFO [1449/1845] Dataset 1958: Sun5mNG_Spc72mCherry_plate5_a2_00
2026-07-28 21:44:30,879 INFO   Reading metadata annotations...
2026-07-28 21:44:30,979 INFO   Classifying metadata...
2026-07-28 21:44:34,046 INFO   -> fluor: NO | tf_loc: NO | tps: 1 | tf: UNKNOWN | condition: Aim: Expression test. | channels: GFP;mCherry_Z;mCherry
2026-07-28 21:44:34,246 INFO [1450/1845] Dataset 1959: Sun5mNG_Spc72mCherry_plate5_a2_01
2026-07-28 21:44:34,259 INFO   Reading metadata annotations...
2026-07-28 21:44:34,402 INFO   Classifying metadata...
2026-07-28 21:44:37,396 INFO   -> fluor: NO | tf_loc: NO | tps: 1 | tf: UNKNOWN | condition: Aim: Expression test. | channels: GFP;mCherry_Z;mCherry
2026-07-28 21:44:37,597 INFO [1451/1845] Dataset 1960: Sun5mNG_Spc72mCherry_plate5_a3_00
2026-07-28 21:44:37,609 INFO   Reading metadata annotations...
2026-07-28 21:44:37,781 INFO   Classifying metadata...
2026-07-28 21:44:40,886 INFO   -> fluor: NO | tf_loc: NO | tps: 1 | tf: UNKNOWN | condition: Aim: Expression test. | channels: GFP;mCherry_Z;mCherry
2026-07-28 21:44:41,087 INFO [1452/1845] Dataset 1961: Sun5mNG_Spc72mCherry_plate5_a3_01
2026-07-28 21:44:41,094 INFO   Reading metadata annotations...
2026-07-28 21:44:41,186 INFO   Classifying metadata...
2026-07-28 21:44:44,406 INFO   -> fluor: NO | tf_loc: NO | tps: 1 | tf: UNKNOWN | condition: Aim: Expression test. | channels: GFP;mCherry_Z;mCherry
2026-07-28 21:44:44,607 INFO [1453/1845] Dataset 1962: Sun5mNG_Spc72mCherry_plate5_a4_00
2026-07-28 21:44:44,619 INFO   Reading metadata annotations...
2026-07-28 21:44:44,786 INFO   Classifying metadata...
2026-07-28 21:44:47,748 INFO   -> fluor: NO | tf_loc: NO | tps: 1 | tf: UNKNOWN | condition: Aim: Expression test. | channels: GFP;mCherry_Z;mCherry
2026-07-28 21:44:47,949 INFO [1454/1845] Dataset 1963: Sun5mNG_Spc72mCherry_plate5_b1_00
2026-07-28 21:44:47,961 INFO   Reading metadata annotations...
2026-07-28 21:44:48,133 INFO   Classifying metadata...
2026-07-28 21:44:50,823 INFO   -> fluor: NO | tf_loc: NO | tps: 1 | tf: UNKNOWN | condition: Aim: Expression test. | channels: GFP;mCherry_Z;mCherry
2026-07-28 21:44:51,024 INFO [1455/1845] Dataset 1964: Sun5mNG_Spc72mCherry_plate6_a4_00
2026-07-28 21:44:51,031 INFO   Reading metadata annotations...
2026-07-28 21:44:51,105 INFO   Classifying metadata...
2026-07-28 21:44:54,388 INFO   -> fluor: NO | tf_loc: NO | tps: 1 | tf: UNKNOWN | condition: Aim: Expression test. | channels: GFP;mCherry_Z;mCherry
2026-07-28 21:44:54,588 INFO [1456/1845] Dataset 1965: Sun5mNG_Spc72mCherry_plate6_a4_01
2026-07-28 21:44:54,601 INFO   Reading metadata annotations...
2026-07-28 21:44:54,764 INFO   Classifying metadata...
2026-07-28 21:44:57,337 INFO   -> fluor: NO | tf_loc: NO | tps: 1 | tf: UNKNOWN | condition: Aim: Expression test. | channels: GFP;mCherry_Z;mCherry
2026-07-28 21:44:57,538 INFO [1457/1845] Dataset 1966: Sun5mNG_Spc72mCherry_plate6_b1_00
2026-07-28 21:44:57,550 INFO   Reading metadata annotations...
2026-07-28 21:44:57,693 INFO   Classifying metadata...
2026-07-28 21:45:01,704 INFO   -> fluor: NO | tf_loc: NO | tps: 1 | tf: UNKNOWN | condition: Aim: Expression test. | channels: GFP;mCherry_Z;mCherry
2026-07-28 21:45:01,904 INFO [1458/1845] Dataset 1967: Sun5mNG_Spc72mCherry_plate6_b3_00
2026-07-28 21:45:01,911 INFO   Reading metadata annotations...
2026-07-28 21:45:02,015 INFO   Classifying metadata...
2026-07-28 21:45:04,726 INFO   -> fluor: NO | tf_loc: NO | tps: 1 | tf: UNKNOWN | condition: Aim: Expression test. | channels: GFP;mCherry_Z;mCherry
2026-07-28 21:45:04,927 INFO [1459/1845] Dataset 1968: Sun5mNG_Spc72mCherry_plate6_c1_00
2026-07-28 21:45:04,939 INFO   Reading metadata annotations...
2026-07-28 21:45:05,091 INFO   Classifying metadata...
2026-07-28 21:45:09,143 INFO   -> fluor: NO | tf_loc: NO | tps: 1 | tf: UNKNOWN | condition: Aim: Expression test. | channels: GFP;mCherry_Z;mCherry
2026-07-28 21:45:09,344 INFO [1460/1845] Dataset 1969: Sun5mNG_Spc72mCherry_plate6_c2_00
2026-07-28 21:45:09,356 INFO   Reading metadata annotations...
2026-07-28 21:45:09,506 INFO   Classifying metadata...
2026-07-28 21:45:12,351 INFO   -> fluor: NO | tf_loc: NO | tps: 1 | tf: UNKNOWN | condition: Aim: Expression test. | channels: GFP;mCherry_Z;mCherry
2026-07-28 21:45:12,552 INFO [1461/1845] Dataset 1975: Sun5mNG_Spc72mCherry_plate7_b3_00
2026-07-28 21:45:12,559 INFO   Reading metadata annotations...
2026-07-28 21:45:12,649 INFO   Classifying metadata...
2026-07-28 21:45:17,235 INFO   -> fluor: NO | tf_loc: NO | tps: 1 | tf: UNKNOWN | condition: Aim: Expression test. | channels: GFP;mCherry_Z;mCherry
2026-07-28 21:45:17,435 INFO [1462/1845] Dataset 1976: Sun5mNG_Spc72mCherry_plate7_b4_00
2026-07-28 21:45:17,448 INFO   Reading metadata annotations...
2026-07-28 21:45:17,564 INFO   Classifying metadata...
2026-07-28 21:45:20,518 INFO   -> fluor: NO | tf_loc: NO | tps: 1 | tf: UNKNOWN | condition: Aim: Expression test. | channels: GFP;mCherry_Z;mCherry
2026-07-28 21:45:20,719 INFO [1463/1845] Dataset 1977: Sun5mNG_Spc72mCherry_plate7_c1_00
2026-07-28 21:45:20,726 INFO   Reading metadata annotations...
2026-07-28 21:45:20,822 INFO   Classifying metadata...
2026-07-28 21:45:23,671 INFO   -> fluor: NO | tf_loc: NO | tps: 1 | tf: UNKNOWN | condition: Aim: Expression test. | channels: GFP;mCherry_Z;mCherry
2026-07-28 21:45:23,872 INFO [1464/1845] Dataset 1978: mNeonGreen_100x_02
2026-07-28 21:45:23,886 INFO   Reading metadata annotations...
2026-07-28 21:45:24,158 WARNING   Truncated large annotation(s): mneongreen_100x.log
2026-07-28 21:45:24,158 INFO   Classifying metadata...
2026-07-28 21:45:29,483 INFO   -> fluor: YES | tf_loc: NO | tps: 200 | tf: UNKNOWN | condition: high to low pH on fluorescence of mNeonGreen at the cellsurface | channels: GFP_Z;GFP
2026-07-28 21:45:29,683 INFO [1465/1845] Dataset 1979: 2to0_1glc_switch_00
2026-07-28 21:45:29,697 INFO   Reading metadata annotations...
2026-07-28 21:45:29,976 WARNING   Truncated large annotation(s): 2to0_1glc_switch.log
2026-07-28 21:45:29,976 INFO   Classifying metadata...
2026-07-28 21:45:33,720 INFO   -> fluor: YES | tf_loc: YES | tps: 240 | tf: Msn2;Dot6;Maf1;Sfp1;Mig1 | condition: Aim: Regenerate the data for the protocols paper, this time using the 5 chamber fork device (5FK) so we can use it in the paper | channels: GFP;GFPFast;cy5
2026-07-28 21:45:33,920 INFO [1466/1845] Dataset 1980: 2to0_1_TFlocn_00
2026-07-28 21:45:33,933 INFO   Reading metadata annotations...
2026-07-28 21:45:34,106 INFO   Classifying metadata...
2026-07-28 21:45:35,085 INFO   -> fluor: YES | tf_loc: YES | tps: 240 | tf: Dot6;Sfp1;Msn2;Maf1;Mig1 | condition: Aim: Test Batgirl with the Batman water lens. | channels: GFP_Z;GFP;cy5
2026-07-28 21:45:35,285 INFO [1467/1845] Dataset 1987: TF_fluc_100uM_00
2026-07-28 21:45:35,296 INFO   Reading metadata annotations...
2026-07-28 21:45:35,496 WARNING   Truncated large annotation(s): tf_fluc_100um.log
2026-07-28 21:45:35,496 INFO   Classifying metadata...
2026-07-28 21:45:39,010 INFO   -> fluor: YES | tf_loc: YES | tps: 500 | tf: Msn2;Hog1;Crz1;Yap1;Sfp1 | condition: no fluconazole to 100uM fluconazole | channels: GFP_Z;GFP;cy5
2026-07-28 21:45:39,210 INFO [1468/1845] Dataset 1982: Fluc_TF_profile_00
2026-07-28 21:45:39,223 INFO   Reading metadata annotations...
2026-07-28 21:45:39,489 WARNING   Truncated large annotation(s): fluc_tf_profile.log
2026-07-28 21:45:39,489 INFO   Classifying metadata...
2026-07-28 21:45:43,105 INFO   -> fluor: YES | tf_loc: YES | tps: 400 | tf: Msn2;Hog1;Crz1;Yap1;Sfp1 | condition: Aim: Observe the reaction of transcription factors to 100ug/ml fluconazole. | channels: GFP;GFPFast;cy5
2026-07-28 21:45:43,305 INFO [1469/1845] Dataset 1983: pyruvate_to_glucose_switch_PDR5_GFP_02
2026-07-28 21:45:43,316 INFO   Reading metadata annotations...
2026-07-28 21:45:43,577 WARNING   Truncated large annotation(s): pyruvate_to_glucose_switch_pdr5_gfp.log
2026-07-28 21:45:43,577 INFO   Classifying metadata...
2026-07-28 21:45:49,382 INFO   -> fluor: YES | tf_loc: NO | tps: 180 | tf: UNKNOWN | condition: 2% pyruvate to 2% glucose | channels: GFP_Z;GFP;cy5
2026-07-28 21:45:49,583 INFO [1470/1845] Dataset 1984: TF_fluc_100uM_00
2026-07-28 21:45:49,594 INFO   Reading metadata annotations...
2026-07-28 21:45:49,842 WARNING   Truncated large annotation(s): tf_fluc_100um.log
2026-07-28 21:45:49,842 INFO   Classifying metadata...
2026-07-28 21:45:53,252 INFO   -> fluor: YES | tf_loc: YES | tps: 500 | tf: Msn2;Hog1;Crz1;Yap1;Sfp1 | condition: no fluconazole to 100uM fluconazole | channels: GFP_Z;GFP;cy5
2026-07-28 21:45:53,452 INFO [1471/1845] Dataset 1985: TF_fluc_100uM_00
2026-07-28 21:45:53,464 INFO   Reading metadata annotations...
2026-07-28 21:45:53,682 WARNING   Truncated large annotation(s): tf_fluc_100um.log
2026-07-28 21:45:53,682 INFO   Classifying metadata...
2026-07-28 21:45:57,078 INFO   -> fluor: YES | tf_loc: YES | tps: 500 | tf: Msn2;Hog1;Crz1;Yap1;Sfp1 | condition: no fluconazole to 100uM fluconazole | channels: GFP_Z;GFP;cy5
2026-07-28 21:45:57,278 INFO [1472/1845] Dataset 1986: TF_fluc_100uM_00
2026-07-28 21:45:57,291 INFO   Reading metadata annotations...
2026-07-28 21:45:57,522 WARNING   Truncated large annotation(s): tf_fluc_100um.log
2026-07-28 21:45:57,522 INFO   Classifying metadata...
2026-07-28 21:46:00,831 INFO   -> fluor: YES | tf_loc: YES | tps: 500 | tf: Msn2;Hog1;Crz1;Yap1;Sfp1 | condition: no fluconazole to 100uM fluconazole | channels: GFP_Z;GFP;cy5
2026-07-28 21:46:01,031 INFO [1473/1845] Dataset 1988: TF_fluc_100uM_00
2026-07-28 21:46:01,038 INFO   Reading metadata annotations...
2026-07-28 21:46:01,175 WARNING   Truncated large annotation(s): tf_fluc_100um.log
2026-07-28 21:46:01,175 INFO   Classifying metadata...
2026-07-28 21:46:04,531 INFO   -> fluor: YES | tf_loc: YES | tps: 500 | tf: Msn2;Hog1;Crz1;Yap1;Sfp1 | condition: no fluconazole to 100uM fluconazole | channels: GFP_Z;GFP;cy5
2026-07-28 21:46:04,732 INFO [1474/1845] Dataset 1989: TF_fluc_100uM_00
2026-07-28 21:46:04,744 INFO   Reading metadata annotations...
2026-07-28 21:46:04,889 WARNING   Truncated large annotation(s): tf_fluc_100um.log
2026-07-28 21:46:04,889 INFO   Classifying metadata...
2026-07-28 21:46:08,232 INFO   -> fluor: YES | tf_loc: YES | tps: 500 | tf: Msn2;Hog1;Crz1;Yap1;Sfp1 | condition: no fluconazole to 100uM fluconazole | channels: GFP_Z;GFP;cy5
2026-07-28 21:46:08,433 INFO [1475/1845] Dataset 1990: TF_fluc_100uM_00
2026-07-28 21:46:08,445 INFO   Reading metadata annotations...
2026-07-28 21:46:08,467 WARNING   No .log/.txt/Acq.txt annotation found for dataset 1990.
2026-07-28 21:46:08,467 INFO   Classifying metadata...
2026-07-28 21:46:10,729 INFO   -> fluor: NO | tf_loc: YES | tps:  | tf: UNKNOWN | condition:  | channels: UNKNOWN
2026-07-28 21:46:10,930 INFO [1476/1845] Dataset 1991: TF_fluc_100uM_00
2026-07-28 21:46:10,937 INFO   Reading metadata annotations...
2026-07-28 21:46:11,089 WARNING   Truncated large annotation(s): tf_fluc_100um.log
2026-07-28 21:46:11,089 INFO   Classifying metadata...
2026-07-28 21:46:14,477 INFO   -> fluor: YES | tf_loc: YES | tps: 500 | tf: Msn2;Hog1;Crz1;Yap1;Sfp1 | condition: no fluconazole to 100uM fluconazole | channels: GFP_Z;GFP;cy5
2026-07-28 21:46:14,677 INFO [1477/1845] Dataset 1992: Test_wLED_NO_Intensity_w87_01
2026-07-28 21:46:14,689 INFO   Reading metadata annotations...
2026-07-28 21:46:14,853 WARNING   Truncated large annotation(s): test_wled_no_intensity_w87.log
2026-07-28 21:46:14,853 INFO   Classifying metadata...
2026-07-28 21:46:22,720 INFO   -> fluor: NO | tf_loc: NO | tps: 240 | tf: UNKNOWN | condition: Aim: Test the LED intensity to correlate the image quality and the growth rate on constante media with 2% glucose(0 intensity here). | channels: UNKNOWN
2026-07-28 21:46:22,920 INFO [1478/1845] Dataset 1993: TF_fluc_100uM_00
2026-07-28 21:46:22,933 INFO   Reading metadata annotations...
2026-07-28 21:46:23,192 WARNING   Truncated large annotation(s): fluc_tf_profile.log
2026-07-28 21:46:23,192 INFO   Classifying metadata...
2026-07-28 21:46:26,698 INFO   -> fluor: YES | tf_loc: YES | tps: 500 | tf: Msn2;Hog1;Crz1;Yap1;Sfp1 | condition: no fluconazole to 100ug/ml fluconazole | channels: GFP;GFPFast;cy5
2026-07-28 21:46:26,898 INFO [1479/1845] Dataset 1994: Sgo1_03
2026-07-28 21:46:26,911 INFO   Reading metadata annotations...
2026-07-28 21:46:27,135 WARNING   Truncated large annotation(s): sgo1.log
2026-07-28 21:46:27,135 INFO   Classifying metadata...
2026-07-28 21:46:30,572 INFO   -> fluor: YES | tf_loc: YES | tps: 500 | tf: Bub1 | condition: Aim: Quantify kinetochore dwell time of Bub1-GFP in nocodazole in wt, vs bub1 mutant vs sgo1 mutant backgrounds. | channels: GFP_Z;GFP;cy5
2026-07-28 21:46:30,772 INFO [1480/1845] Dataset 2473: B_time_10_33_00
2026-07-28 21:46:30,779 INFO   Reading metadata annotations...
2026-07-28 21:46:30,840 INFO   Classifying metadata...
2026-07-28 21:46:34,868 INFO   -> fluor: NO | tf_loc: NO | tps: 1 | tf: UNKNOWN | condition: Expression of Pdr5-GFP after pregrowth in turbidostat | channels: GFP;GFPFast
2026-07-28 21:46:35,069 INFO [1481/1845] Dataset 1995: Sgo1_03
2026-07-28 21:46:35,081 INFO   Reading metadata annotations...
2026-07-28 21:46:35,217 WARNING   Truncated large annotation(s): sgo1.log
2026-07-28 21:46:35,217 INFO   Classifying metadata...
2026-07-28 21:46:38,992 INFO   -> fluor: YES | tf_loc: YES | tps: 500 | tf: Bub1 | condition: Aim: Quantify kinetochore dwell time of Bub1-GFP in nocodazole in wt, vs bub1 mutant vs sgo1 mutant backgrounds. | channels: GFP_Z;GFP;cy5
2026-07-28 21:46:39,192 INFO [1482/1845] Dataset 1996: Sgo1_03
2026-07-28 21:46:39,205 INFO   Reading metadata annotations...
2026-07-28 21:46:39,454 WARNING   Truncated large annotation(s): sgo1.log
2026-07-28 21:46:39,454 INFO   Classifying metadata...
2026-07-28 21:46:42,954 INFO   -> fluor: YES | tf_loc: YES | tps: 500 | tf: Bub1 | condition: Aim: Quantify kinetochore dwell time of Bub1-GFP in nocodazole in wt, vs bub1 mutant vs sgo1 mutant backgrounds. | channels: GFP_Z;GFP;cy5
2026-07-28 21:46:43,154 INFO [1483/1845] Dataset 1997: Sgo1_03
2026-07-28 21:46:43,166 INFO   Reading metadata annotations...
2026-07-28 21:46:43,421 WARNING   Truncated large annotation(s): sgo1.log
2026-07-28 21:46:43,422 INFO   Classifying metadata...
2026-07-28 21:46:46,945 INFO   -> fluor: YES | tf_loc: YES | tps: 500 | tf: Bub1 | condition: Aim: Quantify kinetochore dwell time of Bub1-GFP in nocodazole in wt, vs bub1 mutant vs sgo1 mutant backgrounds. | channels: GFP_Z;GFP;cy5
2026-07-28 21:46:47,145 INFO [1484/1845] Dataset 1998: Sun4_GFP_60x_pH6topH3_switch_00
2026-07-28 21:46:47,158 INFO   Reading metadata annotations...
2026-07-28 21:46:47,258 INFO   Classifying metadata...
2026-07-28 21:46:51,578 INFO   -> fluor: YES | tf_loc: NO | tps: 180 | tf: UNKNOWN | condition: SC pH6 to pH3 | channels: GFP_Z;GFP;cy5
2026-07-28 21:46:51,778 INFO [1485/1845] Dataset 1999: Rpl3_glc_raf_00
2026-07-28 21:46:51,786 INFO   Reading metadata annotations...
2026-07-28 21:46:51,965 WARNING   Truncated large annotation(s): rpl3_glc_raf.log
2026-07-28 21:46:51,965 INFO   Classifying metadata...
2026-07-28 21:46:58,072 INFO   -> fluor: YES | tf_loc: NO | tps: 200 | tf: UNKNOWN | condition: Aim: Experiment measuring growth rates and ribosomal protein Rpl3-GFP fluorescence in cells under Glc 2%, Raf 2% and Raf 0.2%, to test the R-Line in yeast. | channels: GFP
2026-07-28 21:46:58,272 INFO [1486/1845] Dataset 2000: Test_wLED_Intensity_w1352_00
2026-07-28 21:46:58,285 INFO   Reading metadata annotations...
2026-07-28 21:46:58,492 WARNING   Truncated large annotation(s): test_wled_intensity_w1352.log
2026-07-28 21:46:58,492 INFO   Classifying metadata...
2026-07-28 21:47:01,616 INFO   -> fluor: YES | tf_loc: YES | tps: 240 | tf: Msn2 | condition: Aim: Test the LED intensity to correlate the image quality and the growth rate on constante media with 2% glucose. | channels: GFP;mCherry_Z;mCherry
2026-07-28 21:47:01,816 INFO [1487/1845] Dataset 2001: Sgo1_00
2026-07-28 21:47:01,824 INFO   Reading metadata annotations...
2026-07-28 21:47:01,954 INFO   Classifying metadata...
2026-07-28 21:47:03,026 INFO   -> fluor: YES | tf_loc: YES | tps: 500 | tf: Bub1 | condition: 5 hours nocodazole to 2.5uM nocodazole | channels: GFP_Z;GFP;cy5
2026-07-28 21:47:03,227 INFO [1488/1845] Dataset 2002: Switch_2to0pGLC_w1352_898_762_742_00
2026-07-28 21:47:03,239 INFO   Reading metadata annotations...
2026-07-28 21:47:03,327 INFO   Classifying metadata...
2026-07-28 21:47:03,375 INFO   -> fluor: YES | tf_loc: YES | tps: 240 | tf: Msn2;Mig1 | condition: 2%GLC+SC to 0%GLC+SC+Cy5 after 6h (tp:72) | channels: GFP_Z;GFP;cy5;mCherry_Z;mCherry
2026-07-28 21:47:03,575 INFO [1489/1845] Dataset 2003: 2pc_switch_00
2026-07-28 21:47:03,587 INFO   Reading metadata annotations...
2026-07-28 21:47:03,810 WARNING   Truncated large annotation(s): rpl3_raf_02-2pc_switch.log
2026-07-28 21:47:03,810 INFO   Classifying metadata...
2026-07-28 21:47:08,183 INFO   -> fluor: YES | tf_loc: NO | tps: 200 | tf: UNKNOWN | condition: 0.2% Raffinose (1) to 2% Raffinose (2) | channels: GFP;cy5
2026-07-28 21:47:08,383 INFO [1490/1845] Dataset 2686: 6_25_00
2026-07-28 21:47:08,396 INFO   Reading metadata annotations...
2026-07-28 21:47:08,625 INFO   Classifying metadata...
2026-07-28 21:47:12,371 INFO   -> fluor: YES | tf_loc: NO | tps: 180 | tf: UNKNOWN | condition: Aim:  Phluorin calibration Strain:  247 Comments:
Microscope setup for used channels:
GFPWide:
470nm LED
->Combiner cube:[480/40 exciter, 515LP dichroic->(455LP dichroic)]
->Filter block:[No exci | channels: GFP;pHluorin405
2026-07-28 21:47:12,572 INFO [1491/1845] Dataset 2005: Sgo1_00
2026-07-28 21:47:12,579 INFO   Reading metadata annotations...
2026-07-28 21:47:12,747 WARNING   Truncated large annotation(s): sgo1.log
2026-07-28 21:47:12,747 INFO   Classifying metadata...
2026-07-28 21:47:16,085 INFO   -> fluor: YES | tf_loc: YES | tps: 500 | tf: Bub1 | condition: Aim: Quantify kinetochore dwell time of Bub1-GFP in nocodazole in wt, vs bub1 mutant vs sgo1 mutant backgrounds. | channels: GFP_Z;GFP;cy5
2026-07-28 21:47:16,285 INFO [1492/1845] Dataset 2006: 2to0_1glc_01
2026-07-28 21:47:16,297 INFO   Reading metadata annotations...
2026-07-28 21:47:16,483 WARNING   Truncated large annotation(s): 2to0_1glc.log
2026-07-28 21:47:16,483 INFO   Classifying metadata...
2026-07-28 21:47:20,486 INFO   -> fluor: YES | tf_loc: YES | tps: 500 | tf: Msn2;Dot6;Maf1;Sfp1;Mig1 | condition: Aim: Dataset for star protocols paper | channels: GFP_Z;GFP;cy5
2026-07-28 21:47:20,686 INFO [1493/1845] Dataset 2007: Sun4_mNG_60x_pH6topH3_switch_00
2026-07-28 21:47:20,694 INFO   Reading metadata annotations...
2026-07-28 21:47:20,841 WARNING   Truncated large annotation(s): sun4_mng_60x_ph6toph3_switch.log
2026-07-28 21:47:20,841 INFO   Classifying metadata...
2026-07-28 21:47:29,594 INFO   -> fluor: YES | tf_loc: NO | tps: 180 | tf: UNKNOWN | condition: SC pH6 to SC pH3 | channels: GFP_Z;GFP
2026-07-28 21:47:29,795 INFO [1494/1845] Dataset 2008: Rpl3_glc_raf_switching_00
2026-07-28 21:47:29,807 INFO   Reading metadata annotations...
2026-07-28 21:47:29,985 WARNING   Truncated large annotation(s): rpl3_glc_raf_switching.log
2026-07-28 21:47:29,985 INFO   Classifying metadata...
2026-07-28 21:47:34,190 INFO   -> fluor: YES | tf_loc: NO | tps: 200 | tf: UNKNOWN | condition: 0.2% Raffinose (1) to 2% Glucose (2) | channels: GFP;cy5
2026-07-28 21:47:34,391 INFO [1495/1845] Dataset 2687: 7_52_01
2026-07-28 21:47:34,404 INFO   Reading metadata annotations...
2026-07-28 21:47:34,627 INFO   Classifying metadata...
2026-07-28 21:47:37,895 INFO   -> fluor: YES | tf_loc: NO | tps: 180 | tf: UNKNOWN | condition: Aim:  Phluorin calibration Strain:  247 Comments:
Microscope setup for used channels:
GFPWide:
470nm LED
->Combiner cube:[480/40 exciter, 515LP dichroic->(455LP dichroic)]
->Filter block:[No exci | channels: GFP;pHluorin405
2026-07-28 21:47:38,095 INFO [1496/1845] Dataset 2010: 2to0_1glc_02
2026-07-28 21:47:38,108 INFO   Reading metadata annotations...
2026-07-28 21:47:38,125 WARNING   No .log/.txt/Acq.txt annotation found for dataset 2010.
2026-07-28 21:47:38,125 INFO   Classifying metadata...
2026-07-28 21:47:41,936 INFO   -> fluor: NO | tf_loc: NO | tps:  | tf: UNKNOWN | condition:  | channels: UNKNOWN
2026-07-28 21:47:42,136 INFO [1497/1845] Dataset 2011: 2to0_1glc_02
2026-07-28 21:47:42,143 INFO   Reading metadata annotations...
2026-07-28 21:47:42,290 WARNING   Truncated large annotation(s): 2to0_1glc.log
2026-07-28 21:47:42,290 INFO   Classifying metadata...
2026-07-28 21:47:45,432 INFO   -> fluor: YES | tf_loc: YES | tps: 500 | tf: Msn2;Dot6;Maf1;Sfp1;Mig1 | condition: Aim: Dataset for star protocols paper | channels: GFP_Z;GFP;cy5
2026-07-28 21:47:45,632 INFO [1498/1845] Dataset 2012: 2to0_1glc_02
2026-07-28 21:47:45,643 INFO   Reading metadata annotations...
2026-07-28 21:47:45,849 WARNING   Truncated large annotation(s): 2to0_1glc.log
2026-07-28 21:47:45,849 INFO   Classifying metadata...
2026-07-28 21:47:49,388 INFO   -> fluor: YES | tf_loc: YES | tps: 500 | tf: Msn2;Dot6;Maf1;Sfp1;Mig1 | condition: Aim: Dataset for star protocols paper | channels: GFP_Z;GFP;cy5
2026-07-28 21:47:49,588 INFO [1499/1845] Dataset 2688: 6_50_00
2026-07-28 21:47:49,601 INFO   Reading metadata annotations...
2026-07-28 21:47:49,791 INFO   Classifying metadata...
2026-07-28 21:47:53,867 INFO   -> fluor: YES | tf_loc: NO | tps: 180 | tf: UNKNOWN | condition: Aim:  Phluorin calibration Strain:  247 Comments:
Microscope setup for used channels:
GFPWide:
470nm LED
->Combiner cube:[480/40 exciter, 515LP dichroic->(455LP dichroic)]
->Filter block:[No exci | channels: GFP;pHluorin405
2026-07-28 21:47:54,068 INFO [1500/1845] Dataset 2014: Switch_1to0pGLC_w1352_898_762_742_00
2026-07-28 21:47:54,080 INFO   Reading metadata annotations...
2026-07-28 21:47:54,298 WARNING   Truncated large annotation(s): switch_1to0pglc_w1352_898_762_742.log
2026-07-28 21:47:54,298 INFO   Classifying metadata...
2026-07-28 21:47:56,749 INFO   -> fluor: YES | tf_loc: YES | tps: 240 | tf: Msn2;Mig1 | condition: 1%GLC+SC to 0%GLC+SC+Cy5 after 6h (tp:72) | channels: GFP_Z;GFP;cy5;mCherry_Z;mCherry
2026-07-28 21:47:56,949 INFO [1501/1845] Dataset 2689: 6_00_01
2026-07-28 21:47:56,962 INFO   Reading metadata annotations...
2026-07-28 21:47:57,167 INFO   Classifying metadata...
2026-07-28 21:48:00,153 INFO   -> fluor: YES | tf_loc: NO | tps: 180 | tf: UNKNOWN | condition: Aim:  Phluorin calibration Strain:  247 Comments:
Microscope setup for used channels:
GFPWide:
470nm LED
->Combiner cube:[480/40 exciter, 515LP dichroic->(455LP dichroic)]
->Filter block:[No exci | channels: GFP;pHluorin405
2026-07-28 21:48:00,354 INFO [1502/1845] Dataset 2051: Switch_1to0_1pGLC_w1352_898_762_742_00
2026-07-28 21:48:00,361 INFO   Reading metadata annotations...
2026-07-28 21:48:00,515 WARNING   Truncated large annotation(s): switch_1to0_1pglc_w1352_898_762_742.log
2026-07-28 21:48:00,516 INFO   Classifying metadata...
2026-07-28 21:48:02,959 INFO   -> fluor: YES | tf_loc: YES | tps: 240 | tf: Msn2;Mig1 | condition: 1%GLC+SC to 0.1%GLC+SC+Cy5 after 6h (tp:72) | channels: GFP_Z;GFP;cy5;mCherry_Z;mCherry
2026-07-28 21:48:03,159 INFO [1503/1845] Dataset 2052: 2to0_1glc_00
2026-07-28 21:48:03,171 INFO   Reading metadata annotations...
2026-07-28 21:48:03,353 WARNING   Truncated large annotation(s): 2to0_1glc.log
2026-07-28 21:48:03,353 INFO   Classifying metadata...
2026-07-28 21:48:06,513 INFO   -> fluor: YES | tf_loc: YES | tps: 500 | tf: Msn2;Dot6;Maf1;Sfp1;Mig1 | condition: Aim: Dataset for star protocols paper. | channels: GFP_Z;GFP
2026-07-28 21:48:06,713 INFO [1504/1845] Dataset 2054: Switch_2to0pPYR_w1352_898_762_742_00
2026-07-28 21:48:06,726 INFO   Reading metadata annotations...
2026-07-28 21:48:06,940 WARNING   Truncated large annotation(s): switch_2to0ppyr_w1352_898_762_742.log
2026-07-28 21:48:06,940 INFO   Classifying metadata...
2026-07-28 21:48:09,403 INFO   -> fluor: YES | tf_loc: YES | tps: 360 | tf: Msn2;Mig1 | condition: 2%PYR+SC to 0%PYR+SC+Cy5 after 12h (tp:144) | channels: GFP_Z;GFP;cy5;mCherry_Z;mCherry
2026-07-28 21:48:09,603 INFO [1505/1845] Dataset 2057: Switch_2to0_1pPYR_w1352_898_762_742_00
2026-07-28 21:48:09,616 INFO   Reading metadata annotations...
2026-07-28 21:48:09,803 WARNING   Truncated large annotation(s): switch_2to0_1ppyr_w1352_898_762_742.log
2026-07-28 21:48:09,804 INFO   Classifying metadata...
2026-07-28 21:48:12,271 INFO   -> fluor: YES | tf_loc: YES | tps: 360 | tf: Msn2;Mig1 | condition: 2%PYR+SC to 0.1%PYR+SC+Cy5 after 12h (tp:144) | channels: GFP_Z;GFP;cy5;mCherry_Z;mCherry
2026-07-28 21:48:12,472 INFO [1506/1845] Dataset 2056: TF_fluc_Pdr5_mCh_00
2026-07-28 21:48:12,479 INFO   Reading metadata annotations...
2026-07-28 21:48:12,631 WARNING   Truncated large annotation(s): tf_fluc_pdr5_mch.log
2026-07-28 21:48:12,631 INFO   Classifying metadata...
2026-07-28 21:48:16,926 INFO   -> fluor: YES | tf_loc: YES | tps: 180 | tf: Msn2 | condition: no fluconazole to 100ug/ml fluconazole | channels: GFP_Z;GFP;mCherry
2026-07-28 21:48:17,126 INFO [1507/1845] Dataset 2058: Switch_2to0_1pPYR_w1352_898_762_742_00
2026-07-28 21:48:17,139 INFO   Reading metadata annotations...
2026-07-28 21:48:17,348 WARNING   Truncated large annotation(s): switch_2to0_1ppyr_w1352_898_762_742.log
2026-07-28 21:48:17,348 INFO   Classifying metadata...
2026-07-28 21:48:19,803 INFO   -> fluor: YES | tf_loc: YES | tps: 360 | tf: Msn2;Mig1 | condition: 2%PYR+SC to 0.1%PYR+SC+Cy5 after 12h (tp:144) | channels: GFP_Z;GFP;cy5;mCherry_Z;mCherry
2026-07-28 21:48:20,004 INFO [1508/1845] Dataset 2101: Pdr5_dilution_B2_10_35_00
2026-07-28 21:48:20,010 INFO   Reading metadata annotations...
2026-07-28 21:48:20,078 INFO   Classifying metadata...
2026-07-28 21:48:23,055 INFO   -> fluor: NO | tf_loc: NO | tps: 1 | tf: UNKNOWN | condition: Cells diluted 2ul in 5ml from overnight culture at approx 10.15am. | channels: GFP_Z;GFP
2026-07-28 21:48:23,255 INFO [1509/1845] Dataset 2102: Pdr5_dilution_B2_10_35_01
2026-07-28 21:48:23,266 INFO   Reading metadata annotations...
2026-07-28 21:48:23,350 INFO   Classifying metadata...
2026-07-28 21:48:26,445 INFO   -> fluor: NO | tf_loc: NO | tps: 1 | tf: UNKNOWN | condition: Cells diluted 2ul in 5ml from overnight culture at approx 10.15am. | channels: GFP_Z;GFP
2026-07-28 21:48:26,645 INFO [1510/1845] Dataset 2103: Aggregation_to_water_00
2026-07-28 21:48:26,658 INFO   Reading metadata annotations...
2026-07-28 21:48:26,862 WARNING   Truncated large annotation(s): aggregation_to_water.log
2026-07-28 21:48:26,862 INFO   Classifying metadata...
2026-07-28 21:48:30,333 INFO   -> fluor: YES | tf_loc: NO | tps: 100 | tf: Ade6;Vip1;Rse1;Iki3;Caf130;Gdh2;She4;Amd1;Pat1;Gln1 | condition: media to water | channels: GFP;GFPFast;cy5
2026-07-28 21:48:30,533 INFO [1511/1845] Dataset 2104: Aggregation_to_0pc_glc_sorb_00
2026-07-28 21:48:30,541 INFO   Reading metadata annotations...
2026-07-28 21:48:30,726 WARNING   Truncated large annotation(s): aggregation_to_0pc_glc_sorb.log
2026-07-28 21:48:30,726 INFO   Classifying metadata...
2026-07-28 21:48:34,642 INFO   -> fluor: YES | tf_loc: NO | tps: 100 | tf: Ade6;Vip1;Rse1;Iki3;Caf130;Gdh2;She4;Amd1;Pat1;Gln1 | condition: SC+glucose to SC+0% glucose + sorbitol | channels: GFP;GFPFast;cy5
2026-07-28 21:48:34,842 INFO [1512/1845] Dataset 2690: 5_75_01
2026-07-28 21:48:34,855 INFO   Reading metadata annotations...
2026-07-28 21:48:35,094 INFO   Classifying metadata...
2026-07-28 21:48:37,699 INFO   -> fluor: YES | tf_loc: NO | tps: 180 | tf: UNKNOWN | condition: Aim:  Phluorin calibration Strain:  247 Comments:
Microscope setup for used channels:
GFPWide:
470nm LED
->Combiner cube:[480/40 exciter, 515LP dichroic->(455LP dichroic)]
->Filter block:[No exci | channels: GFP;pHluorin405
2026-07-28 21:48:37,899 INFO [1513/1845] Dataset 2108: Aggregation_lowN2_00
2026-07-28 21:48:37,912 INFO   Reading metadata annotations...
2026-07-28 21:48:38,175 WARNING   Truncated large annotation(s): aggregation_lown2.log
2026-07-28 21:48:38,176 INFO   Classifying metadata...
2026-07-28 21:48:42,363 INFO   -> fluor: YES | tf_loc: NO | tps: 120 | tf: Ade6;Vip1;Rse1;Iki3;Caf130;Gdh2;She4;Amd1;Pat1;Gln1 | condition: normal SC to low nitrogen media | channels: GFP;GFPFast;cy5
2026-07-28 21:48:42,563 INFO [1514/1845] Dataset 2111: TF_fluc_Pdr5_mCh_00
2026-07-28 21:48:42,571 INFO   Reading metadata annotations...
2026-07-28 21:48:42,717 WARNING   Truncated large annotation(s): tf_fluc_pdr5_mch.log
2026-07-28 21:48:42,717 INFO   Classifying metadata...
2026-07-28 21:48:48,940 INFO   -> fluor: YES | tf_loc: YES | tps: 180 | tf: UNKNOWN | condition: no fluconazole to 100ug/ml fluconazole | channels: GFP_Z;GFP;mCherry
2026-07-28 21:48:49,140 INFO [1515/1845] Dataset 2112: Aggregation_oxidative_00
2026-07-28 21:48:49,154 INFO   Reading metadata annotations...
2026-07-28 21:48:49,375 WARNING   Truncated large annotation(s): aggregation_lown2.log
2026-07-28 21:48:49,375 INFO   Classifying metadata...
2026-07-28 21:48:52,980 INFO   -> fluor: YES | tf_loc: NO | tps: 120 | tf: Ade6;Vip1;Rse1;Caf130;Gdh2;She4;Amd1;Pat1;Gln1 | condition: normal SC to low nitrogen media | channels: GFP;GFPFast;cy5
2026-07-28 21:48:53,180 INFO [1516/1845] Dataset 2152: TF_Pdr5_mCh_pyr_to_Glc_00
2026-07-28 21:48:53,193 INFO   Reading metadata annotations...
2026-07-28 21:48:53,424 WARNING   Truncated large annotation(s): tf_pdr5_mch_pyr_to_glc.log
2026-07-28 21:48:53,424 INFO   Classifying metadata...
2026-07-28 21:48:57,643 INFO   -> fluor: YES | tf_loc: YES | tps: 360 | tf: Msn2;Sfp1;Hog1;Crz1;Yap1 | condition: 2% pyruvate to 2% glucose | channels: GFP_Z;GFP;mCherry
2026-07-28 21:48:57,843 INFO [1517/1845] Dataset 2155: Aggregation_2tozero_00
2026-07-28 21:48:57,856 INFO   Reading metadata annotations...
2026-07-28 21:48:58,156 WARNING   Truncated large annotation(s): aggregation_2tozero.log
2026-07-28 21:48:58,156 INFO   Classifying metadata...
2026-07-28 21:49:02,926 INFO   -> fluor: YES | tf_loc: NO | tps: 100 | tf: Ade6;Vip1;Rse1;Iki3;Caf130;Gdh2;She4;Amd1;Elp2;Pat1;Fy4;Gln1 | condition: some glucose to 0% glucose | channels: GFP;GFPFast;cy5
2026-07-28 21:49:03,127 INFO [1518/1845] Dataset 2156: Aggregation_2tozero_00
2026-07-28 21:49:03,139 INFO   Reading metadata annotations...
2026-07-28 21:49:03,401 WARNING   Truncated large annotation(s): aggregation_2tozero.log
2026-07-28 21:49:03,401 INFO   Classifying metadata...
2026-07-28 21:49:09,123 INFO   -> fluor: YES | tf_loc: NO | tps: 100 | tf: Ade6;Vip1;Rse1;Iki3;Caf130;Gdh2;She4;Amd1;Elp2;Pat1;Fy4;Gln1 | condition: glucose to 0% glucose | channels: GFP;GFPFast;cy5
2026-07-28 21:49:09,324 INFO [1519/1845] Dataset 2167: gal10_bimodality_test_3hour_00
2026-07-28 21:49:09,336 INFO   Reading metadata annotations...
2026-07-28 21:49:09,428 INFO   Classifying metadata...
2026-07-28 21:49:13,303 INFO   -> fluor: NO | tf_loc: NO | tps: 1 | tf: UNKNOWN | condition: Gal10-GFP cells 3h into growth curve in 1.5% mannose and 1.5% galactose. | channels: GFP_Z;GFP
2026-07-28 21:49:13,504 INFO [1520/1845] Dataset 2158: Aggregation_2to0Glc_sorb_00
2026-07-28 21:49:13,513 INFO   Reading metadata annotations...
2026-07-28 21:49:13,756 WARNING   Truncated large annotation(s): aggregation_2to0glc_sorb.log
2026-07-28 21:49:13,756 INFO   Classifying metadata...
2026-07-28 21:49:18,666 INFO   -> fluor: YES | tf_loc: YES | tps: 120 | tf: Ltv1;Sro9;Gln1;Cpr6;Hsp42;Cdc123;Scd6;Tmt1;Sbp1;Nmd4;Met14;Lsm1;Edc1;Hyr1;Gim4;Spt23 | condition: 2% glucose to 0% glucose | channels: GFP;GFPFast;cy5
2026-07-28 21:49:18,866 INFO [1521/1845] Dataset 2159: TF_Pdr5_mCh_pyr_to_flc_00
2026-07-28 21:49:18,878 INFO   Reading metadata annotations...
2026-07-28 21:49:19,056 WARNING   Truncated large annotation(s): tf_pdr5_mch_pyr_to_flc.log
2026-07-28 21:49:19,057 INFO   Classifying metadata...
2026-07-28 21:49:22,497 INFO   -> fluor: YES | tf_loc: YES | tps: 360 | tf: Msn2;Hog1;Crz1;Yap1;Sfp1 | condition: no fluconazole to 100ug/ml fluconazole | channels: GFP_Z;GFP;mCherry
2026-07-28 21:49:22,697 INFO [1522/1845] Dataset 2160: Aggregation_2tozero_00
2026-07-28 21:49:22,705 INFO   Reading metadata annotations...
2026-07-28 21:49:23,006 WARNING   Truncated large annotation(s): aggregation_2tozero.log
2026-07-28 21:49:23,006 INFO   Classifying metadata...
2026-07-28 21:49:27,668 INFO   -> fluor: YES | tf_loc: NO | tps: 100 | tf: Ade6;Vip1;Rse1;Iki3;Caf130;Gdh2;She4;Amd1;Elp2;Pat1;Fy4;Gln1 | condition: some glucose to 0% glucose | channels: GFP;GFPFast;cy5
2026-07-28 21:49:27,869 INFO [1523/1845] Dataset 2161: saltshock_01
2026-07-28 21:49:27,881 INFO   Reading metadata annotations...
2026-07-28 21:49:28,325 WARNING   Truncated large annotation(s): saltshocklog.txt
2026-07-28 21:49:28,325 INFO   Classifying metadata...
2026-07-28 21:49:33,111 INFO   -> fluor: YES | tf_loc: YES | tps: 380 | tf: Msn2 | condition: normal SC+Glc to high salt | channels: pHluorin405;pHluorin488;cy5;GFP
2026-07-28 21:49:33,311 INFO [1524/1845] Dataset 2162: Bcy_Sch_Yak_degrade_04
2026-07-28 21:49:33,324 INFO   Reading metadata annotations...
2026-07-28 21:49:33,646 WARNING   Truncated large annotation(s): bcy_sch_yak_degradelog.txt
2026-07-28 21:49:33,646 INFO   Classifying metadata...
2026-07-28 21:49:38,311 INFO   -> fluor: YES | tf_loc: YES | tps: 180 | tf: Sch9;Yak1;Msn2 | condition: 2% glucose to 0.1% glucose | channels: GFPFast;mCherry
2026-07-28 21:49:38,511 INFO [1525/1845] Dataset 2256: bswt_1_3_4_00
2026-07-28 21:49:38,524 INFO   Reading metadata annotations...
2026-07-28 21:49:38,770 WARNING   Truncated large annotation(s): bswt_1_3_4.log
2026-07-28 21:49:38,770 INFO   Classifying metadata...
2026-07-28 21:49:46,011 INFO   -> fluor: YES | tf_loc: NO | tps: 200 | tf: UNKNOWN | condition: Repeating GFP reporters | channels: GFP_Z;GFP
2026-07-28 21:49:46,211 INFO [1526/1845] Dataset 2163: gal10_bimodality_test_0_5_man_1hour_00
2026-07-28 21:49:46,224 INFO   Reading metadata annotations...
2026-07-28 21:49:46,324 INFO   Classifying metadata...
2026-07-28 21:49:49,246 INFO   -> fluor: NO | tf_loc: NO | tps: 1 | tf: UNKNOWN | condition: Gal10-GFP cells 1h into growth curve in 0.5% mannose and 1.5% galactose. | channels: GFP_Z;GFP
2026-07-28 21:49:49,447 INFO [1527/1845] Dataset 2164: gal10_bimodality_test_0_5_man_3hour_00
2026-07-28 21:49:49,459 INFO   Reading metadata annotations...
2026-07-28 21:49:49,544 INFO   Classifying metadata...
2026-07-28 21:49:52,527 INFO   -> fluor: NO | tf_loc: NO | tps: 1 | tf: UNKNOWN | condition: Gal10-GFP cells 3h into growth curve in 0.5% mannose and 1.5% galactose. | channels: GFP_Z;GFP
2026-07-28 21:49:52,728 INFO [1528/1845] Dataset 2165: gal10_bimodality_test_0_5_man_5hour_00
2026-07-28 21:49:52,735 INFO   Reading metadata annotations...
2026-07-28 21:49:52,808 INFO   Classifying metadata...
2026-07-28 21:49:55,969 INFO   -> fluor: NO | tf_loc: NO | tps: 1 | tf: UNKNOWN | condition: Gal10-GFP cells 5h into growth curve in 0.5% mannose and 1.5% galactose. | channels: GFP_Z;GFP
2026-07-28 21:49:56,170 INFO [1529/1845] Dataset 2166: gal10_bimodality_test_1hour_01
2026-07-28 21:49:56,182 INFO   Reading metadata annotations...
2026-07-28 21:49:56,260 INFO   Classifying metadata...
2026-07-28 21:49:59,485 INFO   -> fluor: NO | tf_loc: NO | tps: 1 | tf: UNKNOWN | condition: Gal10-GFP cells 1h into growth curve in 1.5% mannose and 1.5% galactose. | channels: GFP_Z;GFP
2026-07-28 21:49:59,685 INFO [1530/1845] Dataset 2168: gal10_bimodality_test_5hour_00
2026-07-28 21:49:59,698 INFO   Reading metadata annotations...
2026-07-28 21:49:59,781 INFO   Classifying metadata...
2026-07-28 21:50:02,703 INFO   -> fluor: NO | tf_loc: NO | tps: 1 | tf: UNKNOWN | condition: Gal10-GFP cells 5h into growth curve in 1.5% mannose and 1.5% galactose. | channels: GFP_Z;GFP
2026-07-28 21:50:02,903 INFO [1531/1845] Dataset 2169: gal10_bimodality_test_0_5_man_1hour_00
2026-07-28 21:50:02,914 INFO   Reading metadata annotations...
2026-07-28 21:50:02,974 INFO   Classifying metadata...
2026-07-28 21:50:05,799 INFO   -> fluor: NO | tf_loc: NO | tps: 1 | tf: UNKNOWN | condition: Gal10-GFP cells 1h into growth curve in 0.5% mannose. | channels: GFP_Z;GFP
2026-07-28 21:50:05,999 INFO [1532/1845] Dataset 2170: gal10_bimodality_test_0_5_man_1_5_Gal_8hour_00
2026-07-28 21:50:06,012 INFO   Reading metadata annotations...
2026-07-28 21:50:06,120 INFO   Classifying metadata...
2026-07-28 21:50:09,385 INFO   -> fluor: NO | tf_loc: NO | tps: 1 | tf: UNKNOWN | condition: Gal10-GFP cells 8h into growth curve in 0.5% mannose,1.5% Galactose. | channels: GFP_Z;GFP
2026-07-28 21:50:09,585 INFO [1533/1845] Dataset 2171: gal10_bimodality_test_0_5_man_5hour_00
2026-07-28 21:50:09,598 INFO   Reading metadata annotations...
2026-07-28 21:50:09,683 INFO   Classifying metadata...
2026-07-28 21:50:12,841 INFO   -> fluor: NO | tf_loc: NO | tps: 1 | tf: UNKNOWN | condition: Gal10-GFP cells 5h into growth curve in 0.5% mannose. | channels: GFP_Z;GFP
2026-07-28 21:50:13,041 INFO [1534/1845] Dataset 2172: gal10_bimodality_test_1_5_gal_1hour_00
2026-07-28 21:50:13,052 INFO   Reading metadata annotations...
2026-07-28 21:50:13,109 INFO   Classifying metadata...
2026-07-28 21:50:16,421 INFO   -> fluor: NO | tf_loc: NO | tps: 1 | tf: UNKNOWN | condition: Gal10-GFP cells 1h into growth curve in 1.5% galactose. | channels: GFP_Z;GFP
2026-07-28 21:50:16,621 INFO [1535/1845] Dataset 2173: gal10_bimodality_test_1_5_Gal_5hour_00
2026-07-28 21:50:16,633 INFO   Reading metadata annotations...
2026-07-28 21:50:16,710 INFO   Classifying metadata...
2026-07-28 21:50:19,650 INFO   -> fluor: NO | tf_loc: NO | tps: 1 | tf: UNKNOWN | condition: Gal10-GFP cells 5h into growth curve in 1.5% Galactose. | channels: GFP_Z;GFP
2026-07-28 21:50:19,851 INFO [1536/1845] Dataset 2174: gal10_bimodality_test_1_5_man_1_5_Gal_8hour_00
2026-07-28 21:50:19,863 INFO   Reading metadata annotations...
2026-07-28 21:50:19,952 INFO   Classifying metadata...
2026-07-28 21:50:23,075 INFO   -> fluor: NO | tf_loc: NO | tps: 1 | tf: UNKNOWN | condition: Gal10-GFP cells 8h into growth curve in 1.5% mannose,1.5% Galactose. | channels: GFP_Z;GFP
2026-07-28 21:50:23,276 INFO [1537/1845] Dataset 2175: Aggregation_2to0Glc_sorb_00
2026-07-28 21:50:23,288 INFO   Reading metadata annotations...
2026-07-28 21:50:23,590 WARNING   Truncated large annotation(s): aggregation_2to0glc_sorb.log
2026-07-28 21:50:23,590 INFO   Classifying metadata...
2026-07-28 21:50:26,916 INFO   -> fluor: YES | tf_loc: NO | tps: 120 | tf: Kem1;Ade6;Vip1;Iki3;Pat1 | condition: glucose to 0% glucose | channels: GFP;GFPFast;cy5
2026-07-28 21:50:27,117 INFO [1538/1845] Dataset 2176: TF_2to0_1_00
2026-07-28 21:50:27,129 INFO   Reading metadata annotations...
2026-07-28 21:50:27,311 WARNING   Truncated large annotation(s): tf_2to0_1.log
2026-07-28 21:50:27,312 INFO   Classifying metadata...
2026-07-28 21:50:30,646 INFO   -> fluor: YES | tf_loc: YES | tps: 300 | tf: Msn2;Dot6;Maf1;Sfp1;Mig1 | condition: Dataset for protocol paper. | channels: GFP_Z;GFP;cy5
2026-07-28 21:50:30,846 INFO [1539/1845] Dataset 2177: Aggregation_hightolowN2_sorb_00
2026-07-28 21:50:30,871 INFO   Reading metadata annotations...
2026-07-28 21:50:31,101 WARNING   Truncated large annotation(s): aggregation_hightolown2_sorb.log
2026-07-28 21:50:31,101 INFO   Classifying metadata...
2026-07-28 21:50:34,705 INFO   -> fluor: YES | tf_loc: NO | tps: 120 | tf: Fas2;Slh1;Aro1;Kem1;Ade6;Vip1;Rse1;Iki3;Caf130;Gdh2;She4;Amd1;Elp2;Pat1 | condition: high nitrogen to low nitrogen | channels: GFP;GFPFast;cy5
2026-07-28 21:50:34,905 INFO [1540/1845] Dataset 2474: B_time_12_19_00
2026-07-28 21:50:34,918 INFO   Reading metadata annotations...
2026-07-28 21:50:35,021 INFO   Classifying metadata...
2026-07-28 21:50:37,763 INFO   -> fluor: NO | tf_loc: NO | tps: 1 | tf: UNKNOWN | condition: Expression of Pdr5-GFP after pregrowth in turbidostat | channels: GFP;GFPFast
2026-07-28 21:50:37,964 INFO [1541/1845] Dataset 2179: MAYBE_training_00
2026-07-28 21:50:37,976 INFO   Reading metadata annotations...
2026-07-28 21:50:38,184 WARNING   Truncated large annotation(s): maybe_training.log
2026-07-28 21:50:38,185 INFO   Classifying metadata...
2026-07-28 21:50:41,211 INFO   -> fluor: YES | tf_loc: YES | tps: 300 | tf: Hog1 | condition: Dataset for Diane's Maybe project to identify organelles. | channels: GFP_Z;GFP
2026-07-28 21:50:41,412 INFO [1542/1845] Dataset 2180: training_00
2026-07-28 21:50:41,422 INFO   Reading metadata annotations...
2026-07-28 21:50:41,582 WARNING   Truncated large annotation(s): maybe training.log
2026-07-28 21:50:41,582 INFO   Classifying metadata...
2026-07-28 21:50:44,662 INFO   -> fluor: YES | tf_loc: YES | tps: 300 | tf: Hog1 | condition: Dataset for Diane's Maybe project to identify organelles. | channels: GFP_Z;GFP
2026-07-28 21:50:44,862 INFO [1543/1845] Dataset 2181: Switch_0to1p_Cy5_01
2026-07-28 21:50:44,874 INFO   Reading metadata annotations...
2026-07-28 21:50:45,149 WARNING   Truncated large annotation(s): switch_0to1p_cy5.log
2026-07-28 21:50:45,149 INFO   Classifying metadata...
2026-07-28 21:50:49,530 INFO   -> fluor: YES | tf_loc: NO | tps: 240 | tf: UNKNOWN | condition: 0 to 1 Cy5 after 3h (TP:36) | channels: cy5
2026-07-28 21:50:49,730 INFO [1544/1845] Dataset 2182: Switch_0to1p_Cy5_00
2026-07-28 21:50:49,743 INFO   Reading metadata annotations...
2026-07-28 21:50:49,906 WARNING   Truncated large annotation(s): switch_0to1p_cy5.log
2026-07-28 21:50:49,907 INFO   Classifying metadata...
2026-07-28 21:50:54,603 INFO   -> fluor: YES | tf_loc: NO | tps: 20 | tf: UNKNOWN | condition: 0 to 1 Cy5 after 3h (TP:3) | channels: cy5
2026-07-28 21:50:54,804 INFO [1545/1845] Dataset 2183: Switch_2to0pGlc_wSerp_wBSA_00
2026-07-28 21:50:54,817 INFO   Reading metadata annotations...
2026-07-28 21:50:55,019 WARNING   Truncated large annotation(s): switch_2to0pglc_wserp_wbsa.log
2026-07-28 21:50:55,019 INFO   Classifying metadata...
2026-07-28 21:50:59,444 INFO   -> fluor: YES | tf_loc: NO | tps: 20 | tf: UNKNOWN | condition: 2%Glc to 0%Glc+Cy5 | channels: cy5
2026-07-28 21:50:59,644 INFO [1546/1845] Dataset 2184: Switch_2to0pGlc_wSerp_00
2026-07-28 21:50:59,656 INFO   Reading metadata annotations...
2026-07-28 21:50:59,882 WARNING   Truncated large annotation(s): switch_2to0pglc_wserp.log
2026-07-28 21:50:59,882 INFO   Classifying metadata...
2026-07-28 21:51:02,314 INFO   -> fluor: YES | tf_loc: YES | tps: 240 | tf: Msn2;Mig1 | condition: 2%Glc to 0%Glc+Cy5 | channels: GFP_Z;GFP;cy5;mCherry_Z;mCherry
2026-07-28 21:51:02,514 INFO [1547/1845] Dataset 2185: Switch_2to0_1pGLC_w1352_898_762_742_00_01
2026-07-28 21:51:02,522 INFO   Reading metadata annotations...
2026-07-28 21:51:02,692 WARNING   Truncated large annotation(s): switch_2to0_1pglc_w1352_898_762_742_00.log
2026-07-28 21:51:02,693 INFO   Classifying metadata...
2026-07-28 21:51:05,300 INFO   -> fluor: YES | tf_loc: YES | tps: 120 | tf: Msn2;Mig1 | condition: 2%GLC+SC to 0.1%GLC+SC+Cy5 after 6h (tp:36) | channels: GFP;GFPFast;cy5;mCherry
2026-07-28 21:51:05,501 INFO [1548/1845] Dataset 2201: Aggregation_screen_AGGFP2_00
2026-07-28 21:51:05,513 INFO   Reading metadata annotations...
2026-07-28 21:51:05,530 WARNING   No .log/.txt/Acq.txt annotation found for dataset 2201.
2026-07-28 21:51:05,531 INFO   Classifying metadata...
2026-07-28 21:51:07,742 INFO   -> fluor: NO | tf_loc: NO | tps:  | tf: UNKNOWN | condition:  | channels: UNKNOWN
2026-07-28 21:51:07,943 INFO [1549/1845] Dataset 2202: Aggregation_screen_AGGFP3_00
2026-07-28 21:51:07,955 INFO   Reading metadata annotations...
2026-07-28 21:51:07,971 WARNING   No .log/.txt/Acq.txt annotation found for dataset 2202.
2026-07-28 21:51:07,972 INFO   Classifying metadata...
2026-07-28 21:51:10,267 INFO   -> fluor: NO | tf_loc: NO | tps:  | tf: UNKNOWN | condition:  | channels: UNKNOWN
2026-07-28 21:51:10,467 INFO [1550/1845] Dataset 2203: Aggregation_screen_AGGFP3_00
2026-07-28 21:51:10,475 INFO   Reading metadata annotations...
2026-07-28 21:51:10,486 WARNING   No .log/.txt/Acq.txt annotation found for dataset 2203.
2026-07-28 21:51:10,486 INFO   Classifying metadata...
2026-07-28 21:51:12,533 INFO   -> fluor: NO | tf_loc: NO | tps:  | tf: UNKNOWN | condition:  | channels: UNKNOWN
2026-07-28 21:51:12,733 INFO [1551/1845] Dataset 2204: Aggregation_screen_AGGFP2_00
2026-07-28 21:51:12,741 INFO   Reading metadata annotations...
2026-07-28 21:51:12,752 WARNING   No .log/.txt/Acq.txt annotation found for dataset 2204.
2026-07-28 21:51:12,752 INFO   Classifying metadata...
2026-07-28 21:51:15,274 INFO   -> fluor: NO | tf_loc: NO | tps:  | tf: UNKNOWN | condition:  | channels: UNKNOWN
2026-07-28 21:51:15,474 INFO [1552/1845] Dataset 2205: Aggregation_screen_AGGFP2_00
2026-07-28 21:51:15,485 INFO   Reading metadata annotations...
2026-07-28 21:51:15,718 WARNING   Truncated large annotation(s): aggregation_screen_aggfp2.log
2026-07-28 21:51:15,718 INFO   Classifying metadata...
2026-07-28 21:51:19,877 INFO   -> fluor: YES | tf_loc: NO | tps: 200 | tf: A3;A4;A5;A6;A7;A8;A9;C5;B3;B4;B5;B6;B7;B8;B9;C3;C4;A12;C6;Ura7 | condition: 1% glucose in SC to water) | channels: GFP;GFPFast;mCherry;cy5
2026-07-28 21:51:20,078 INFO [1553/1845] Dataset 2206: ssd1_cell_size_00
2026-07-28 21:51:20,085 INFO   Reading metadata annotations...
2026-07-28 21:51:20,248 WARNING   Truncated large annotation(s): ssd1_cell_size.log
2026-07-28 21:51:20,248 INFO   Classifying metadata...
2026-07-28 21:51:25,189 INFO   -> fluor: YES | tf_loc: NO | tps: 180 | tf: UNKNOWN | condition: Cell size comparison of ssd and wild type strains | channels: GFP_Z;GFP
2026-07-28 21:51:25,390 INFO [1554/1845] Dataset 2207: Aggregation_oxidative_stress_00
2026-07-28 21:51:25,402 INFO   Reading metadata annotations...
2026-07-28 21:51:25,694 WARNING   Truncated large annotation(s): aggregation_oxidative_stress.log
2026-07-28 21:51:25,694 INFO   Classifying metadata...
2026-07-28 21:51:33,039 INFO   -> fluor: YES | tf_loc: NO | tps: 120 | tf: Ltv1;Sro9;Gln1;Cpr6;Hsp42;Cdc123;Scd6;Tmt1 | condition: 0.5mM H2O2 to 1mM H2O2 | channels: GFP;GFPFast;cy5
2026-07-28 21:51:33,239 INFO [1555/1845] Dataset 2208: Aggregation_oxidative_stress_00
2026-07-28 21:51:33,251 INFO   Reading metadata annotations...
2026-07-28 21:51:33,515 WARNING   Truncated large annotation(s): aggregation_oxidative_stress.log
2026-07-28 21:51:33,515 INFO   Classifying metadata...
2026-07-28 21:51:36,973 INFO   -> fluor: YES | tf_loc: YES | tps: 120 | tf: Yap1;Msn2 | condition: 0.5mM H2O2 to 1mM H2O2 | channels: GFP;GFPFast;cy5
2026-07-28 21:51:37,173 INFO [1556/1845] Dataset 2210: New_mutants_00
2026-07-28 21:51:37,186 INFO   Reading metadata annotations...
2026-07-28 21:51:37,409 WARNING   Truncated large annotation(s): new_mutants.log
2026-07-28 21:51:37,409 INFO   Classifying metadata...
2026-07-28 21:51:43,093 INFO   -> fluor: YES | tf_loc: NO | tps: 500 | tf: UNKNOWN | condition: media without drug to nocodazole (2.5ug/ml) | channels: GFP_Z;GFP;cy5
2026-07-28 21:51:43,294 INFO [1557/1845] Dataset 2178: NewMutants_00
2026-07-28 21:51:43,307 INFO   Reading metadata annotations...
2026-07-28 21:51:43,511 WARNING   Truncated large annotation(s): newmutants.log
2026-07-28 21:51:43,511 INFO   Classifying metadata...
2026-07-28 21:51:47,018 INFO   -> fluor: YES | tf_loc: YES | tps: 500 | tf: Bub1 | condition: no nocodazole to 2.5uM nocodazole | channels: GFP_Z;GFP;cy5
2026-07-28 21:51:47,219 INFO [1558/1845] Dataset 2211: Aggregation_oxidative_stress_00
2026-07-28 21:51:47,231 INFO   Reading metadata annotations...
2026-07-28 21:51:47,498 WARNING   Truncated large annotation(s): aggregation_oxidative_stress.log
2026-07-28 21:51:47,498 INFO   Classifying metadata...
2026-07-28 21:51:51,139 INFO   -> fluor: YES | tf_loc: NO | tps: 120 | tf: Ltv1;Sro9;Gln1 | condition: 0.5mM H2O2 to 1mM H2O2 | channels: GFP;GFPFast;cy5
2026-07-28 21:51:51,340 INFO [1559/1845] Dataset 2212: Aggregation_oxidative_stress_00
2026-07-28 21:51:51,347 INFO   Reading metadata annotations...
2026-07-28 21:51:51,580 WARNING   Truncated large annotation(s): aggregation_oxidative_stress.log
2026-07-28 21:51:51,580 INFO   Classifying metadata...
2026-07-28 21:51:55,088 INFO   -> fluor: YES | tf_loc: NO | tps: 120 | tf: Fas2;Slh1;Aro1;Kem1;Ade6;Vip1;Rse1;Iki3;Caf130;Gdh2;She4;Amd1;Elp2;Pat1 | condition: 0.5mM H2O2 to 1mM H2O2 | channels: GFP;GFPFast;cy5
2026-07-28 21:51:55,289 INFO [1560/1845] Dataset 2213: Mig1_gal_man_mixture_02
2026-07-28 21:51:55,300 INFO   Reading metadata annotations...
2026-07-28 21:51:55,481 WARNING   Truncated large annotation(s): mig1_gal_man_mixture.log
2026-07-28 21:51:55,481 INFO   Classifying metadata...
2026-07-28 21:51:57,939 INFO   -> fluor: YES | tf_loc: YES | tps: 180 | tf: Mig1 | condition: pyruvate to mixture of galactose and mannose | channels: GFP;GFPFast;cy5
2026-07-28 21:51:58,139 INFO [1561/1845] Dataset 2214: Aggregation_nitrogen_stress_00
2026-07-28 21:51:58,152 INFO   Reading metadata annotations...
2026-07-28 21:51:58,405 WARNING   Truncated large annotation(s): aggregation_nitrogen_stress.log
2026-07-28 21:51:58,405 INFO   Classifying metadata...
2026-07-28 21:52:01,802 INFO   -> fluor: YES | tf_loc: NO | tps: 120 | tf: Sro9;Gln1;Cpr6;Hsp42 | condition: high nitrogen to low nitrogen | channels: GFP;GFPFast;cy5
2026-07-28 21:52:02,002 INFO [1562/1845] Dataset 2215: Aggregation_oxidative_stress_00
2026-07-28 21:52:02,010 INFO   Reading metadata annotations...
2026-07-28 21:52:02,216 WARNING   Truncated large annotation(s): aggregation_oxidative_stress.log
2026-07-28 21:52:02,216 INFO   Classifying metadata...
2026-07-28 21:52:05,727 INFO   -> fluor: YES | tf_loc: NO | tps: 120 | tf: Ltv1;Sro9;Gln1;Cpr6;Cdc123;Scd6 | condition: SC+2% glucose to 0.5 mM hydrogen peroxide | channels: GFP;GFPFast;cy5
2026-07-28 21:52:05,927 INFO [1563/1845] Dataset 3001: Constant_2pGlc_Msn2Dot6Mig1Snf1_00
2026-07-28 21:52:05,940 INFO   Reading metadata annotations...
2026-07-28 21:52:06,158 WARNING   Truncated large annotation(s): constant_2pglc_msn2dot6mig1snf1.log
2026-07-28 21:52:06,158 INFO   Classifying metadata...
2026-07-28 21:52:09,799 INFO   -> fluor: YES | tf_loc: YES | tps: 192 | tf: Msn2;Dot6;Mig1;Snf1 | condition: Aim: Response in constant glucose concentration of 2%. | channels: GFP_Z;GFP;cy5;mCherry_Z;mCherry
2026-07-28 21:52:09,999 INFO [1564/1845] Dataset 2216: ssd1_cellsize_00
2026-07-28 21:52:10,009 INFO   Reading metadata annotations...
2026-07-28 21:52:10,197 WARNING   Truncated large annotation(s): ssd1_cellsize.log
2026-07-28 21:52:10,197 INFO   Classifying metadata...
2026-07-28 21:52:16,608 INFO   -> fluor: YES | tf_loc: NO | tps: 180 | tf: UNKNOWN | condition: Aim: Identify cell cycle differences leading to cell size difference between wild type and ss1 mutants. | channels: GFP;GFPFast;cy5
2026-07-28 21:52:16,809 INFO [1565/1845] Dataset 2217: Aggregation_water_stress_00
2026-07-28 21:52:16,821 INFO   Reading metadata annotations...
2026-07-28 21:52:17,083 WARNING   Truncated large annotation(s): aggregation_water_stress.log
2026-07-28 21:52:17,083 INFO   Classifying metadata...
2026-07-28 21:52:20,843 INFO   -> fluor: YES | tf_loc: NO | tps: 120 | tf: Fas2;Slh1;Aro1;Kem1;Ade6;Vip1;Rse1;Iki3;Gdh2;She4;Amd1;Elp2;Pat1 | condition: first media to water with BSA and cy5 dye | channels: GFP;GFPFast;cy5
2026-07-28 21:52:21,043 INFO [1566/1845] Dataset 2218: Test_CustomRamp_IC21_2pto0p_10h_00
2026-07-28 21:52:21,050 INFO   Reading metadata annotations...
2026-07-28 21:52:21,201 WARNING   Truncated large annotation(s): test_customramp_ic21_2pto0p_10h.log
2026-07-28 21:52:21,201 INFO   Classifying metadata...
2026-07-28 21:52:26,712 INFO   -> fluor: YES | tf_loc: NO | tps: 192 | tf: UNKNOWN | condition: 2% glucose to 0% glucose | channels: cy5
2026-07-28 21:52:26,912 INFO [1567/1845] Dataset 2220: New_mutants_00
2026-07-28 21:52:26,925 INFO   Reading metadata annotations...
2026-07-28 21:52:27,127 WARNING   Truncated large annotation(s): new_mutants.log
2026-07-28 21:52:27,128 INFO   Classifying metadata...
2026-07-28 21:52:34,577 INFO   -> fluor: YES | tf_loc: NO | tps: 450 | tf: UNKNOWN | condition: media without nocodazole to 2.5ug/ml nocodazole | channels: GFP_Z;GFP;mCherry
2026-07-28 21:52:34,777 INFO [1568/1845] Dataset 2219: Switch_2to0pGlc_TestNewBatgirlSetup_00
2026-07-28 21:52:34,790 INFO   Reading metadata annotations...
2026-07-28 21:52:34,982 WARNING   Truncated large annotation(s): switch_2to0pglc_testnewbatgirlsetup.log
2026-07-28 21:52:34,982 INFO   Classifying metadata...
2026-07-28 21:52:39,559 INFO   -> fluor: YES | tf_loc: NO | tps: 240 | tf: UNKNOWN | condition: 2%Glc to 0%Glc+Cy5 | channels: GFP_Z;GFP;mCherry_Z;mCherry
2026-07-28 21:52:39,759 INFO [1569/1845] Dataset 2221: New_mutants_00
2026-07-28 21:52:39,772 INFO   Reading metadata annotations...
2026-07-28 21:52:39,985 WARNING   Truncated large annotation(s): new_mutants.log
2026-07-28 21:52:39,986 INFO   Classifying metadata...
2026-07-28 21:52:45,826 INFO   -> fluor: YES | tf_loc: NO | tps: 450 | tf: UNKNOWN | condition: media without drug to nocodazole (2.5ug/ml) | channels: GFP_Z;GFP;mCherry
2026-07-28 21:52:46,026 INFO [1570/1845] Dataset 2691: Buffer5_03
2026-07-28 21:52:46,039 INFO   Reading metadata annotations...
2026-07-28 21:52:46,277 INFO   Classifying metadata...
2026-07-28 21:52:49,262 INFO   -> fluor: YES | tf_loc: NO | tps: 240 | tf: UNKNOWN | condition: Aim: Calibration for yesterday's experiment - don't trust the original calibration  Strain:   247 Comments:
Microscope setup for used channels:
GFP:
"470nm LED
->Combiner cube:[ No exciter in comb | channels: GFP;pHluorin405;cy5
2026-07-28 21:52:49,463 INFO [1571/1845] Dataset 2229: 1_raf_r2_01
2026-07-28 21:52:49,475 INFO   Reading metadata annotations...
2026-07-28 21:52:49,714 WARNING   Truncated large annotation(s): 1_raf_r2.log
2026-07-28 21:52:49,714 INFO   Classifying metadata...
2026-07-28 21:52:54,722 INFO   -> fluor: YES | tf_loc: NO | tps: 200 | tf: UNKNOWN | condition: Repeating 1_Raf | channels: GFP_Z;GFP
2026-07-28 21:52:54,922 INFO [1572/1845] Dataset 2223: Switch_2to0pGlc_DualTF-Msn2Mig1_00
2026-07-28 21:52:54,935 INFO   Reading metadata annotations...
2026-07-28 21:52:55,176 WARNING   Truncated large annotation(s): switch_2to0pglc_dualtf-msn2mig1.log
2026-07-28 21:52:55,177 INFO   Classifying metadata...
2026-07-28 21:52:57,682 INFO   -> fluor: YES | tf_loc: YES | tps: 240 | tf: Msn2;Mig1 | condition: 2%Glc to 0%Glc+Cy5 | channels: GFP_Z;GFP;mCherry_Z;mCherry
2026-07-28 21:52:57,883 INFO [1573/1845] Dataset 2224: Ramp_1to0pGlc_10h_Msn2Dot6Mig1_01
2026-07-28 21:52:57,896 INFO   Reading metadata annotations...
2026-07-28 21:52:57,912 WARNING   No .log/.txt/Acq.txt annotation found for dataset 2224.
2026-07-28 21:52:57,912 INFO   Classifying metadata...
2026-07-28 21:52:57,912 INFO   -> fluor: NO | tf_loc: YES | tps:  | tf: Msn2;Dot6;Mig1 | condition:  | channels: UNKNOWN
2026-07-28 21:52:58,113 INFO [1574/1845] Dataset 2225: Ramp_1to0pGlc_10h_Msn2Dot6Mig1_01
2026-07-28 21:52:58,125 INFO   Reading metadata annotations...
2026-07-28 21:52:58,327 WARNING   Truncated large annotation(s): ramp_1to0pglc_10h_msn2dot6mig1.log
2026-07-28 21:52:58,327 INFO   Classifying metadata...
2026-07-28 21:53:01,697 INFO   -> fluor: YES | tf_loc: YES | tps: 192 | tf: Msn2;Dot6;Mig1 | condition: 1% glucose to 0% glucose | channels: GFP_Z;GFP;mCherry_Z;mCherry
2026-07-28 21:53:01,897 INFO [1575/1845] Dataset 2227: Ramp_2to0pGlc_10h_Msn2Dot6Mig1_00
2026-07-28 21:53:01,905 INFO   Reading metadata annotations...
2026-07-28 21:53:02,074 WARNING   Truncated large annotation(s): ramp_2to0pglc_10h_msn2dot6mig1.log
2026-07-28 21:53:02,074 INFO   Classifying metadata...
2026-07-28 21:53:05,630 INFO   -> fluor: YES | tf_loc: YES | tps: 192 | tf: Msn2;Dot6;Mig1 | condition: 2% glucose to 0% glucose | channels: GFP_Z;GFP;mCherry_Z;mCherry
2026-07-28 21:53:05,831 INFO [1576/1845] Dataset 2228: Ramp_1to0pGlc_05h_Msn2Dot6Mig1_00
2026-07-28 21:53:05,843 INFO   Reading metadata annotations...
2026-07-28 21:53:06,042 WARNING   Truncated large annotation(s): ramp_1to0pglc_05h_msn2dot6mig1.log
2026-07-28 21:53:06,042 INFO   Classifying metadata...
2026-07-28 21:53:09,403 INFO   -> fluor: YES | tf_loc: YES | tps: 192 | tf: Msn2;Dot6;Mig1 | condition: 1% glucose to 0% glucose | channels: GFP_Z;GFP;mCherry_Z;mCherry
2026-07-28 21:53:09,603 INFO [1577/1845] Dataset 2230: Ardra_mutants_00
2026-07-28 21:53:09,616 INFO   Reading metadata annotations...
2026-07-28 21:53:09,810 WARNING   Truncated large annotation(s): ardra_mutants.log
2026-07-28 21:53:09,810 INFO   Classifying metadata...
2026-07-28 21:53:15,739 INFO   -> fluor: YES | tf_loc: NO | tps: 500 | tf: UNKNOWN | condition: 2.5ug/ml nocodazole to no drug | channels: GFP_Z;GFP;cy5
2026-07-28 21:53:15,939 INFO [1578/1845] Dataset 2231: Ramp_05to0pGlc_10h_Msn2Dot6Mig1_00
2026-07-28 21:53:15,953 INFO   Reading metadata annotations...
2026-07-28 21:53:16,136 WARNING   Truncated large annotation(s): ramp_05to0pglc_10h_msn2dot6mig1.log
2026-07-28 21:53:16,136 INFO   Classifying metadata...
2026-07-28 21:53:19,681 INFO   -> fluor: YES | tf_loc: YES | tps: 192 | tf: Msn2;Dot6;Mig1 | condition: 0.5% glucose to 0% glucose | channels: GFP_Z;GFP;cy5;mCherry_Z;mCherry
2026-07-28 21:53:19,882 INFO [1579/1845] Dataset 2234: PDR5_GFP_no_switch_01
2026-07-28 21:53:19,894 INFO   Reading metadata annotations...
2026-07-28 21:53:20,110 WARNING   Truncated large annotation(s): pdr5_gfp_no_switch.log
2026-07-28 21:53:20,110 INFO   Classifying metadata...
2026-07-28 21:53:25,478 INFO   -> fluor: YES | tf_loc: NO | tps: 180 | tf: UNKNOWN | condition: Aim: Observe PDR5 expression in 2% glucose with no changes in media | channels: GFP_Z;GFP
2026-07-28 21:53:25,679 INFO [1580/1845] Dataset 2232: Ramp_2to0pGlc_5h_Msn2Dot6Mig1_00
2026-07-28 21:53:25,692 INFO   Reading metadata annotations...
2026-07-28 21:53:25,887 WARNING   Truncated large annotation(s): ramp_2to0pglc_5h_msn2dot6mig1.log
2026-07-28 21:53:25,887 INFO   Classifying metadata...
2026-07-28 21:53:29,528 INFO   -> fluor: YES | tf_loc: YES | tps: 192 | tf: Msn2;Dot6;Mig1 | condition: 2% glucose to 0% glucose | channels: GFP_Z;GFP;cy5;mCherry_Z;mCherry
2026-07-28 21:53:29,729 INFO [1581/1845] Dataset 2258: Switch_2to0d5pGlc_Msn2Dot6Mig1_00
2026-07-28 21:53:29,742 INFO   Reading metadata annotations...
2026-07-28 21:53:29,947 WARNING   Truncated large annotation(s): switch_2to0d5pglc_msn2dot6mig1.log
2026-07-28 21:53:29,947 INFO   Classifying metadata...
2026-07-28 21:53:33,851 INFO   -> fluor: YES | tf_loc: YES | tps: 240 | tf: Msn2;Dot6;Mig1 | condition: 2% glucose to 0.5% glucose | channels: GFP_Z;GFP;cy5;mCherry_Z;mCherry
2026-07-28 21:53:34,052 INFO [1582/1845] Dataset 2235: Test_CustomRamp_sin_IC21_2pto0p_10h_00
2026-07-28 21:53:34,065 INFO   Reading metadata annotations...
2026-07-28 21:53:34,193 INFO   Classifying metadata...
2026-07-28 21:53:37,645 INFO   -> fluor: YES | tf_loc: NO | tps: 192 | tf: UNKNOWN | condition: 2% glucose to 0% glucose | channels: GFP;GFPFast;cy5
2026-07-28 21:53:37,845 INFO [1583/1845] Dataset 2236: PDR5_GFP_100ugml_flc_25hr_00
2026-07-28 21:53:37,858 INFO   Reading metadata annotations...
2026-07-28 21:53:38,045 WARNING   Truncated large annotation(s): pdr5_gfp_100ugml_flc_25hr.log
2026-07-28 21:53:38,045 INFO   Classifying metadata...
2026-07-28 21:53:44,128 INFO   -> fluor: YES | tf_loc: NO | tps: 300 | tf: UNKNOWN | condition: no fluconazole to fluconazole | channels: GFP_Z;GFP;cy5
2026-07-28 21:53:44,329 INFO [1584/1845] Dataset 2237: Aggregation_low_nitrogen_00
2026-07-28 21:53:44,341 INFO   Reading metadata annotations...
2026-07-28 21:53:44,586 WARNING   Truncated large annotation(s): aggregation_low_nitrogen.log
2026-07-28 21:53:44,587 INFO   Classifying metadata...
2026-07-28 21:53:49,586 INFO   -> fluor: YES | tf_loc: NO | tps: 120 | tf: Kem1;Amd1;Ltv1;Sro9;Cpr6;Hsp42;Cdc123;Tmt1;Sbp1;Nmd4;Met14;Lsm1;Edc1;Hyr1;Gtt2 | condition: high nitrogen to low nitrogen | channels: GFP;GFPFast;cy5
2026-07-28 21:53:49,787 INFO [1585/1845] Dataset 2238: Aggregation_water_04
2026-07-28 21:53:49,799 INFO   Reading metadata annotations...
2026-07-28 21:53:50,055 WARNING   Truncated large annotation(s): aggregation_water.log
2026-07-28 21:53:50,055 INFO   Classifying metadata...
2026-07-28 21:53:53,547 INFO   -> fluor: YES | tf_loc: NO | tps: 120 | tf: Ltv1;Sro9;Gln1;Cpr6;Hsp42;Cdc123;Scd6;Tmt1;Sbp1;Nmd4;Met14 | condition: first media to water with BSA and cy5 dye | channels: GFP;GFPFast;cy5
2026-07-28 21:53:53,747 INFO [1586/1845] Dataset 2240: 1_raf_r2_00
2026-07-28 21:53:53,758 INFO   Reading metadata annotations...
2026-07-28 21:53:53,981 WARNING   Truncated large annotation(s): 1_raf_r2.log
2026-07-28 21:53:53,981 INFO   Classifying metadata...
2026-07-28 21:53:59,481 INFO   -> fluor: YES | tf_loc: NO | tps: 200 | tf: UNKNOWN | condition: Repeating 1_Raf | channels: GFP_Z;GFP
2026-07-28 21:53:59,681 INFO [1587/1845] Dataset 2239: Ramp_0d5to0pGlc_10h_Msn2Dot6Mig1_00
2026-07-28 21:53:59,694 INFO   Reading metadata annotations...
2026-07-28 21:53:59,916 WARNING   Truncated large annotation(s): ramp_0d5to0pglc_10h_msn2dot6mig1.log
2026-07-28 21:53:59,916 INFO   Classifying metadata...
2026-07-28 21:54:03,154 INFO   -> fluor: YES | tf_loc: YES | tps: 240 | tf: Msn2;Dot6;Mig1 | condition: 0.5% glucose to 0% glucose | channels: GFP_Z;GFP;cy5;mCherry_Z;mCherry
2026-07-28 21:54:03,354 INFO [1588/1845] Dataset 2242: Aggregation_low_nitrogen_00
2026-07-28 21:54:03,367 INFO   Reading metadata annotations...
2026-07-28 21:54:03,385 WARNING   No .log/.txt/Acq.txt annotation found for dataset 2242.
2026-07-28 21:54:03,385 INFO   Classifying metadata...
2026-07-28 21:54:05,946 INFO   -> fluor: NO | tf_loc: NO | tps:  | tf: UNKNOWN | condition:  | channels: UNKNOWN
2026-07-28 21:54:06,146 INFO [1589/1845] Dataset 2243: Aggregation_low_nitrogen_00
2026-07-28 21:54:06,159 INFO   Reading metadata annotations...
2026-07-28 21:54:06,416 WARNING   Truncated large annotation(s): aggregation_low_nitrogen.log
2026-07-28 21:54:06,416 INFO   Classifying metadata...
2026-07-28 21:54:11,367 INFO   -> fluor: YES | tf_loc: NO | tps: 120 | tf: Kem1;Elp2;Ltv1;Cpr6;Cdc123;Tmt1;Sbp1;Nmd4;Met14;Lsm1;Edc1;Hyr1 | condition: high nitrogen to low nitrogen | channels: GFP;GFPFast;cy5
2026-07-28 21:54:11,568 INFO [1590/1845] Dataset 2244: Aggregation_oxidative_stress_00
2026-07-28 21:54:11,575 INFO   Reading metadata annotations...
2026-07-28 21:54:11,762 WARNING   Truncated large annotation(s): aggregation_oxidative_stress.log
2026-07-28 21:54:11,762 INFO   Classifying metadata...
2026-07-28 21:54:15,267 INFO   -> fluor: YES | tf_loc: NO | tps: 120 | tf: Fas2;Kem1;Ade6;Vip1;Rse1;Iki3;Caf130;Gdh2;She4;Amd1;Elp2;Pat1 | condition: SC+2% glucose to 0.5 mM hydrogen peroxide in SC+2% glucose | channels: GFP;GFPFast;cy5
2026-07-28 21:54:15,467 INFO [1591/1845] Dataset 2245: Aggregation_hightolowN2_sorb_00
2026-07-28 21:54:15,479 INFO   Reading metadata annotations...
2026-07-28 21:54:15,725 WARNING   Truncated large annotation(s): aggregation_hightolown2_sorb.log
2026-07-28 21:54:15,725 INFO   Classifying metadata...
2026-07-28 21:54:19,090 INFO   -> fluor: YES | tf_loc: NO | tps: 120 | tf: Fas2;Slh1;Aro1;Kem1;Ade6;Vip1;Rse1;Iki3;Caf130;Gdh2;She4;Amd1;Elp2;Pat1 | condition: high nitrogen to low nitrogen | channels: GFP;GFPFast;cy5
2026-07-28 21:54:19,290 INFO [1592/1845] Dataset 2241: Ramp_1to0pGlc_20h_Msn2Dot6Mig1_00
2026-07-28 21:54:19,303 INFO   Reading metadata annotations...
2026-07-28 21:54:19,510 WARNING   Truncated large annotation(s): ramp_1to0pglc_20h_msn2dot6mig1.log
2026-07-28 21:54:19,510 INFO   Classifying metadata...
2026-07-28 21:54:22,650 INFO   -> fluor: YES | tf_loc: YES | tps: 312 | tf: Msn2;Dot6;Mig1 | condition: 1% glucose to 0% glucose | channels: GFP_Z;GFP;cy5;mCherry_Z;mCherry
2026-07-28 21:54:22,850 INFO [1593/1845] Dataset 2247: 1_raf_r2_00
2026-07-28 21:54:22,862 INFO   Reading metadata annotations...
2026-07-28 21:54:23,081 WARNING   Truncated large annotation(s): 1_raf_r2.log
2026-07-28 21:54:23,081 INFO   Classifying metadata...
2026-07-28 21:54:28,054 INFO   -> fluor: YES | tf_loc: NO | tps: 200 | tf: UNKNOWN | condition: Repeating 1_Raf | channels: GFP_Z;GFP
2026-07-28 21:54:28,254 INFO [1594/1845] Dataset 2246: Test_PressureStability_wIC21_00
2026-07-28 21:54:28,268 INFO   Reading metadata annotations...
2026-07-28 21:54:28,454 WARNING   Truncated large annotation(s): test_pressurestability_wic21.log
2026-07-28 21:54:28,454 INFO   Classifying metadata...
2026-07-28 21:54:34,317 INFO   -> fluor: YES | tf_loc: NO | tps: 192 | tf: UNKNOWN | condition: 2% Glc to 0% Glc | channels: cy5
2026-07-28 21:54:34,518 INFO [1595/1845] Dataset 2248: Ramp_2to0pGlc_6h40_Msn2Dot6Mig1_00
2026-07-28 21:54:34,530 INFO   Reading metadata annotations...
2026-07-28 21:54:34,753 WARNING   Truncated large annotation(s): ramp_2to0pglc_6h40_msn2dot6mig1.log
2026-07-28 21:54:34,753 INFO   Classifying metadata...
2026-07-28 21:54:37,960 INFO   -> fluor: YES | tf_loc: YES | tps: 192 | tf: Msn2;Dot6;Mig1 | condition: 2% glucose to 0% glucose | channels: GFP_Z;GFP;cy5;mCherry_Z;mCherry
2026-07-28 21:54:38,160 INFO [1596/1845] Dataset 2249: Sgo1_00
2026-07-28 21:54:38,173 INFO   Reading metadata annotations...
2026-07-28 21:54:38,381 WARNING   Truncated large annotation(s): sgo1.log
2026-07-28 21:54:38,382 INFO   Classifying metadata...
2026-07-28 21:54:43,930 INFO   -> fluor: YES | tf_loc: NO | tps: 500 | tf: UNKNOWN | condition: SC 2% glucose without drug to 2.5ug/ml nocodazole | channels: GFP_Z;GFP;cy5
2026-07-28 21:54:44,130 INFO [1597/1845] Dataset 2250: Aggregation_hightolowN2_sorb_01
2026-07-28 21:54:44,142 INFO   Reading metadata annotations...
2026-07-28 21:54:44,419 WARNING   Truncated large annotation(s): aggregation_hightolown2_sorb.log
2026-07-28 21:54:44,419 INFO   Classifying metadata...
2026-07-28 21:54:49,314 INFO   -> fluor: YES | tf_loc: YES | tps: 120 | tf: Ltv1;Sro9;Gln1;Cpr6;Hsp42;Cdc123;Scd6;Tmt1;Sbp1;Nmd4;Met14;Lsm1;Edc1;Hyr1;Gtt2 | condition: high nitrogen to low nitrogen | channels: GFP;GFPFast;cy5
2026-07-28 21:54:49,514 INFO [1598/1845] Dataset 2251: bswt_1_3_4_00
2026-07-28 21:54:49,527 INFO   Reading metadata annotations...
2026-07-28 21:54:49,747 WARNING   Truncated large annotation(s): bswt_1_3_4.log
2026-07-28 21:54:49,747 INFO   Classifying metadata...
2026-07-28 21:54:54,871 INFO   -> fluor: YES | tf_loc: NO | tps: 200 | tf: UNKNOWN | condition: Repeating GFP reporters | channels: GFP_Z;GFP
2026-07-28 21:54:55,072 INFO [1599/1845] Dataset 2252: bswt_1_3_4_00
2026-07-28 21:54:55,085 INFO   Reading metadata annotations...
2026-07-28 21:54:55,291 WARNING   Truncated large annotation(s): bswt_1_3_4.log
2026-07-28 21:54:55,292 INFO   Classifying metadata...
2026-07-28 21:55:01,183 INFO   -> fluor: YES | tf_loc: NO | tps: 200 | tf: UNKNOWN | condition: Repeating GFP reporters | channels: GFP_Z;GFP
2026-07-28 21:55:01,383 INFO [1600/1845] Dataset 2253: Sgo1_00
2026-07-28 21:55:01,391 INFO   Reading metadata annotations...
2026-07-28 21:55:01,550 WARNING   Truncated large annotation(s): sgo1.log
2026-07-28 21:55:01,550 INFO   Classifying metadata...
2026-07-28 21:55:07,078 INFO   -> fluor: YES | tf_loc: NO | tps: 500 | tf: UNKNOWN | condition: SC 2% glucose without drug to 2.5ug/ml nocodazole | channels: GFP_Z;GFP;cy5
2026-07-28 21:55:07,279 INFO [1601/1845] Dataset 2254: Aggregation_2to0Glc_sorb_00
2026-07-28 21:55:07,291 INFO   Reading metadata annotations...
2026-07-28 21:55:07,571 WARNING   Truncated large annotation(s): aggregation_2to0glc_sorb.log
2026-07-28 21:55:07,571 INFO   Classifying metadata...
2026-07-28 21:55:11,353 INFO   -> fluor: YES | tf_loc: NO | tps: 120 | tf: Fas2;Slh1;Aro1;Kem1;Ade6;Rse1;Iki3;Caf130;Gdh2;She4;Elp2;Pat1 | condition: SC with glucose to SC 0% glucose + sorbitol | channels: GFP;GFPFast;cy5
2026-07-28 21:55:11,554 INFO [1602/1845] Dataset 2255: Ramp_1to0pGlc_3h20_Msn2Dot6Mig1_00
2026-07-28 21:55:11,561 INFO   Reading metadata annotations...
2026-07-28 21:55:11,743 WARNING   Truncated large annotation(s): ramp_1to0pglc_3h20_msn2dot6mig1.log
2026-07-28 21:55:11,743 INFO   Classifying metadata...
2026-07-28 21:55:15,014 INFO   -> fluor: YES | tf_loc: YES | tps: 192 | tf: Msn2;Dot6;Mig1 | condition: 1% glucose to 0% glucose | channels: GFP_Z;GFP;cy5;mCherry_Z;mCherry
2026-07-28 21:55:15,214 INFO [1603/1845] Dataset 2257: Aggregation_2to0Glc_sorb_00
2026-07-28 21:55:15,225 INFO   Reading metadata annotations...
2026-07-28 21:55:15,502 WARNING   Truncated large annotation(s): aggregation_2to0glc_sorb.log
2026-07-28 21:55:15,502 INFO   Classifying metadata...
2026-07-28 21:55:19,073 INFO   -> fluor: YES | tf_loc: NO | tps: 120 | tf: Fas2;Slh1 | condition: SC with glucose to SC 0% glucose + sorbitol | channels: GFP;GFPFast;cy5
2026-07-28 21:55:19,273 INFO [1604/1845] Dataset 2260: AggregationScreen_zeropcGlc_00
2026-07-28 21:55:19,285 INFO   Reading metadata annotations...
2026-07-28 21:55:19,302 WARNING   No .log/.txt/Acq.txt annotation found for dataset 2260.
2026-07-28 21:55:19,302 INFO   Classifying metadata...
2026-07-28 21:55:21,237 INFO   -> fluor: NO | tf_loc: NO | tps:  | tf: UNKNOWN | condition:  | channels: UNKNOWN
2026-07-28 21:55:21,438 INFO [1605/1845] Dataset 2692: Buffer2_01
2026-07-28 21:55:21,445 INFO   Reading metadata annotations...
2026-07-28 21:55:21,567 INFO   Classifying metadata...
2026-07-28 21:55:25,118 INFO   -> fluor: YES | tf_loc: NO | tps: 240 | tf: UNKNOWN | condition: Aim: Calibration for yesterday's experiment - don't trust the original calibration  Strain:   247 Comments:
Microscope setup for used channels:
GFP:
"470nm LED
->Combiner cube:[ No exciter in comb | channels: GFP;pHluorin405;cy5
2026-07-28 21:55:25,318 INFO [1606/1845] Dataset 2233: Switch_0d5to0pGlc_Msn2Dot6Mig1_00
2026-07-28 21:55:25,331 INFO   Reading metadata annotations...
2026-07-28 21:55:25,541 WARNING   Truncated large annotation(s): switch_0-5to0pglc_msn2dot6mig1.log
2026-07-28 21:55:25,542 INFO   Classifying metadata...
2026-07-28 21:55:29,438 INFO   -> fluor: YES | tf_loc: YES | tps: 240 | tf: Msn2;Dot6;Mig1 | condition: 0.5% glucose to 0% glucose | channels: GFP_Z;GFP;cy5;mCherry_Z;mCherry
2026-07-28 21:55:29,638 INFO [1607/1845] Dataset 2468: Ramp_1to0pGlc_5h_Msn2Dot6Mig1_EarlyStart_00
2026-07-28 21:55:29,651 INFO   Reading metadata annotations...
2026-07-28 21:55:29,881 WARNING   Truncated large annotation(s): ramp_1to0pglc_5h_msn2dot6mig1_earlystart.log
2026-07-28 21:55:29,881 INFO   Classifying metadata...
2026-07-28 21:55:33,039 INFO   -> fluor: YES | tf_loc: YES | tps: 192 | tf: Msn2;Dot6;Mig1 | condition: 1% glucose to 0% glucose | channels: GFP_Z;GFP;cy5;mCherry_Z;mCherry
2026-07-28 21:55:33,239 INFO [1608/1845] Dataset 2475: B_time_14_56_00
2026-07-28 21:55:33,252 INFO   Reading metadata annotations...
2026-07-28 21:55:33,338 INFO   Classifying metadata...
2026-07-28 21:55:36,275 INFO   -> fluor: NO | tf_loc: NO | tps: 1 | tf: UNKNOWN | condition: Expression of Pdr5-GFP after pregrowth in turbidostat | channels: GFP;GFPFast
2026-07-28 21:55:36,475 INFO [1609/1845] Dataset 2476: B_time_17_30_00
2026-07-28 21:55:36,488 INFO   Reading metadata annotations...
2026-07-28 21:55:36,587 INFO   Classifying metadata...
2026-07-28 21:55:39,534 INFO   -> fluor: NO | tf_loc: NO | tps: 1 | tf: UNKNOWN | condition: Expression of Pdr5-GFP after pregrowth in turbidostat | channels: GFP;GFPFast
2026-07-28 21:55:39,735 INFO [1610/1845] Dataset 2477: B_time_17_30_01
2026-07-28 21:55:39,747 INFO   Reading metadata annotations...
2026-07-28 21:55:39,820 INFO   Classifying metadata...
2026-07-28 21:55:43,058 INFO   -> fluor: NO | tf_loc: NO | tps: 1 | tf: UNKNOWN | condition: Expression of Pdr5-GFP after pregrowth in turbidostat | channels: GFP;GFPFast
2026-07-28 21:55:43,259 INFO [1611/1845] Dataset 2479: C_time_12_19_00
2026-07-28 21:55:43,270 INFO   Reading metadata annotations...
2026-07-28 21:55:43,363 INFO   Classifying metadata...
2026-07-28 21:55:46,081 INFO   -> fluor: NO | tf_loc: NO | tps: 1 | tf: UNKNOWN | condition: Expression of Pdr5-GFP after pregrowth in turbidostat | channels: GFP;GFPFast
2026-07-28 21:55:46,281 INFO [1612/1845] Dataset 2480: C_time_14_56_01
2026-07-28 21:55:46,294 INFO   Reading metadata annotations...
2026-07-28 21:55:46,392 INFO   Classifying metadata...
2026-07-28 21:55:49,267 INFO   -> fluor: NO | tf_loc: NO | tps: 1 | tf: UNKNOWN | condition: Expression of Pdr5-GFP after pregrowth in turbidostat | channels: GFP;GFPFast
2026-07-28 21:55:49,468 INFO [1613/1845] Dataset 2481: C_time_17_30_00
2026-07-28 21:55:49,480 INFO   Reading metadata annotations...
2026-07-28 21:55:49,560 INFO   Classifying metadata...
2026-07-28 21:55:52,514 INFO   -> fluor: NO | tf_loc: NO | tps: 1 | tf: UNKNOWN | condition: Expression of Pdr5-GFP after pregrowth in turbidostat | channels: GFP;GFPFast
2026-07-28 21:55:52,714 INFO [1614/1845] Dataset 2484: Ramp_1to0pGlc_10h_Msn2Mig1Hog1Whi5_00
2026-07-28 21:55:52,722 INFO   Reading metadata annotations...
2026-07-28 21:55:52,944 WARNING   Truncated large annotation(s): ramp_1to0pglc_10h_msn2mig1hog1whi5.log
2026-07-28 21:55:52,944 INFO   Classifying metadata...
2026-07-28 21:55:56,153 INFO   -> fluor: YES | tf_loc: YES | tps: 192 | tf: Mig1;Msn2 | condition: 1% glucose to 0% glucose | channels: GFP_Z;GFP;cy5;mCherry_Z;mCherry
2026-07-28 21:55:56,354 INFO [1615/1845] Dataset 2693: Buffer3_00
2026-07-28 21:55:56,367 INFO   Reading metadata annotations...
2026-07-28 21:55:56,617 INFO   Classifying metadata...
2026-07-28 21:55:59,971 INFO   -> fluor: YES | tf_loc: NO | tps: 240 | tf: UNKNOWN | condition: Aim: Calibration for yesterday's experiment - don't trust the original calibration  Strain:   247 Comments:
Microscope setup for used channels:
GFP:
"470nm LED
->Combiner cube:[ No exciter in comb | channels: GFP;pHluorin405;cy5
2026-07-28 21:56:00,171 INFO [1616/1845] Dataset 2694: _05_to_1glc_00
2026-07-28 21:56:00,179 INFO   Reading metadata annotations...
2026-07-28 21:56:00,471 WARNING   Truncated large annotation(s): _05_to_1glclog.txt
2026-07-28 21:56:00,472 INFO   Classifying metadata...
2026-07-28 21:56:06,641 INFO   -> fluor: YES | tf_loc: NO | tps: 200 | tf: UNKNOWN | condition: .05% Strain: 247   Comments: switch from .05% glucose to 1% | channels: GFPFast;pHluorin405;cy5
2026-07-28 21:56:06,842 INFO [1617/1845] Dataset 2797: gal_feedback_02
2026-07-28 21:56:06,855 INFO   Reading metadata annotations...
2026-07-28 21:56:07,412 WARNING   Truncated large annotation(s): gal_feedbacklog.txt
2026-07-28 21:56:07,412 INFO   Classifying metadata...
2026-07-28 21:56:14,362 INFO   -> fluor: YES | tf_loc: NO | tps: 300 | tf: UNKNOWN | condition: 1 to 2 | channels: cy5;mCherry;GFP
2026-07-28 21:56:14,563 INFO [1618/1845] Dataset 2852: TFScreen_plate2_AB_lowN2_00
2026-07-28 21:56:14,575 INFO   Reading metadata annotations...
2026-07-28 21:56:14,804 WARNING   Truncated large annotation(s): tfscreen_plate2_ab_lown2.log
2026-07-28 21:56:14,804 INFO   Classifying metadata...
2026-07-28 21:56:19,874 INFO   -> fluor: YES | tf_loc: YES | tps: 24 | tf: UNKNOWN | condition: high nitrogen media to low nitrogen mediaSorbitol replaces ammonium sulphate in the low N2 media | channels: GFP_Z;GFP;cy5
2026-07-28 21:56:20,075 INFO [1619/1845] Dataset 2695: Buffer1_01
2026-07-28 21:56:20,082 INFO   Reading metadata annotations...
2026-07-28 21:56:20,204 INFO   Classifying metadata...
2026-07-28 21:56:23,122 INFO   -> fluor: YES | tf_loc: NO | tps: 240 | tf: UNKNOWN | condition: Aim: Calibration for yesterday's experiment - don't trust the original calibration  Strain:   247 Comments:
Microscope setup for used channels:
GFP:
"470nm LED
->Combiner cube:[ No exciter in comb | channels: GFP;pHluorin405;cy5
2026-07-28 21:56:23,323 INFO [1620/1845] Dataset 2478: C_time_11_07_00
2026-07-28 21:56:23,335 INFO   Reading metadata annotations...
2026-07-28 21:56:23,431 INFO   Classifying metadata...
2026-07-28 21:56:26,375 INFO   -> fluor: NO | tf_loc: NO | tps: 1 | tf: UNKNOWN | condition: Expression of Pdr5-GFP after pregrowth in turbidostat | channels: GFP;GFPFast
2026-07-28 21:56:26,575 INFO [1621/1845] Dataset 2482: 2_to_0_1pc_glc_switch_00
2026-07-28 21:56:26,588 INFO   Reading metadata annotations...
2026-07-28 21:56:26,683 INFO   Classifying metadata...
2026-07-28 21:56:29,908 INFO   -> fluor: YES | tf_loc: YES | tps: 180 | tf: UNKNOWN | condition: Experiment details: Demonstration of transcription factor stress response experiment | channels: GFP_Z;GFP;cy5
2026-07-28 21:56:30,108 INFO [1622/1845] Dataset 2264: AggregationScreen_zeropcGlc_00
2026-07-28 21:56:30,115 INFO   Reading metadata annotations...
2026-07-28 21:56:30,125 WARNING   No .log/.txt/Acq.txt annotation found for dataset 2264.
2026-07-28 21:56:30,125 INFO   Classifying metadata...
2026-07-28 21:56:32,054 INFO   -> fluor: NO | tf_loc: NO | tps:  | tf: UNKNOWN | condition:  | channels: UNKNOWN
2026-07-28 21:56:32,255 INFO [1623/1845] Dataset 2696: Buffer7_00
2026-07-28 21:56:32,262 INFO   Reading metadata annotations...
2026-07-28 21:56:32,360 INFO   Classifying metadata...
2026-07-28 21:56:35,562 INFO   -> fluor: YES | tf_loc: NO | tps: 240 | tf: UNKNOWN | condition: Aim: Calibration for yesterday's experiment - don't trust the original calibration  Strain:   247 Comments:
Microscope setup for used channels:
GFP:
"470nm LED
->Combiner cube:[ No exciter in comb | channels: GFP;pHluorin405;cy5
2026-07-28 21:56:35,762 INFO [1624/1845] Dataset 2697: Buffer2_00
2026-07-28 21:56:35,775 INFO   Reading metadata annotations...
2026-07-28 21:56:36,017 INFO   Classifying metadata...
2026-07-28 21:56:38,956 INFO   -> fluor: YES | tf_loc: NO | tps: 240 | tf: UNKNOWN | condition: Aim: Calibration for yesterday's experiment - don't trust the original calibration  Strain:   247 Comments:
Microscope setup for used channels:
GFP:
"470nm LED
->Combiner cube:[ No exciter in comb | channels: GFP;pHluorin405;cy5
2026-07-28 21:56:39,157 INFO [1625/1845] Dataset 2698: Buffer5_01
2026-07-28 21:56:39,169 INFO   Reading metadata annotations...
2026-07-28 21:56:39,377 INFO   Classifying metadata...
2026-07-28 21:56:42,153 INFO   -> fluor: YES | tf_loc: NO | tps: 240 | tf: UNKNOWN | condition: Aim: Calibration for yesterday's experiment - don't trust the original calibration  Strain:   247 Comments:
Microscope setup for used channels:
GFP:
"470nm LED
->Combiner cube:[ No exciter in comb | channels: GFP;pHluorin405;cy5
2026-07-28 21:56:42,354 INFO [1626/1845] Dataset 2487: RPL3_GFP_1145_Experiment_05
2026-07-28 21:56:42,361 INFO   Reading metadata annotations...
2026-07-28 21:56:42,522 WARNING   Truncated large annotation(s): rpl3_gfp_1145_experiment.log
2026-07-28 21:56:42,523 INFO   Classifying metadata...
2026-07-28 21:56:47,879 INFO   -> fluor: YES | tf_loc: NO | tps: 180 | tf: UNKNOWN | condition: 2% Glucose 1145 RPL3 GFP 2 Chambers same conditions, SC media. | channels: GFP_Z;GFP
2026-07-28 21:56:48,079 INFO [1627/1845] Dataset 2699: Buffer1_00
2026-07-28 21:56:48,092 INFO   Reading metadata annotations...
2026-07-28 21:56:48,324 INFO   Classifying metadata...
2026-07-28 21:56:51,986 INFO   -> fluor: YES | tf_loc: NO | tps: 240 | tf: UNKNOWN | condition: Aim: Calibration for yesterday's experiment - don't trust the original calibration  Strain:   247 Comments:
Microscope setup for used channels:
GFP:
"470nm LED
->Combiner cube:[ No exciter in comb | channels: GFP;pHluorin405;cy5
2026-07-28 21:56:52,187 INFO [1628/1845] Dataset 2472: A_time_17_30_00
2026-07-28 21:56:52,194 INFO   Reading metadata annotations...
2026-07-28 21:56:52,355 INFO   Classifying metadata...
2026-07-28 21:56:54,921 INFO   -> fluor: NO | tf_loc: NO | tps: 1 | tf: UNKNOWN | condition: Expression of Pdr5-GFP after pregrowth in turbidostat | channels: GFP;GFPFast
2026-07-28 21:56:55,121 INFO [1629/1845] Dataset 2490: Aggregation_low_nitrogen_00
2026-07-28 21:56:55,134 INFO   Reading metadata annotations...
2026-07-28 21:56:55,478 WARNING   Truncated large annotation(s): aggregation_low_nitrogen.log
2026-07-28 21:56:55,478 INFO   Classifying metadata...
2026-07-28 21:57:00,084 INFO   -> fluor: YES | tf_loc: NO | tps: 120 | tf: Kem1;Elp2;Ltv1;Cpr6;Cdc123;Tmt1;Sbp1;Nmd4;Met14;Lsm1;Edc1;Hyr1 | condition: high nitrogen to low nitrogen | channels: GFP;GFPFast;cy5
2026-07-28 21:57:00,285 INFO [1630/1845] Dataset 2700: Buffer7_01
2026-07-28 21:57:00,292 INFO   Reading metadata annotations...
2026-07-28 21:57:00,383 INFO   Classifying metadata...
2026-07-28 21:57:04,050 INFO   -> fluor: YES | tf_loc: NO | tps: 240 | tf: UNKNOWN | condition: Aim: Calibration for yesterday's experiment - don't trust the original calibration  Strain:   247 Comments:
Microscope setup for used channels:
GFP:
"470nm LED
->Combiner cube:[ No exciter in comb | channels: GFP;pHluorin405;cy5
2026-07-28 21:57:04,250 INFO [1631/1845] Dataset 2701: Buffer4_01
2026-07-28 21:57:04,263 INFO   Reading metadata annotations...
2026-07-28 21:57:04,463 INFO   Classifying metadata...
2026-07-28 21:57:07,290 INFO   -> fluor: YES | tf_loc: NO | tps: 240 | tf: UNKNOWN | condition: Aim: Calibration for yesterday's experiment - don't trust the original calibration  Strain:   247 Comments:
Microscope setup for used channels:
GFP:
"470nm LED
->Combiner cube:[ No exciter in comb | channels: GFP;pHluorin405;cy5
2026-07-28 21:57:07,490 INFO [1632/1845] Dataset 2702: 1to2_raf_pH_00
2026-07-28 21:57:07,503 INFO   Reading metadata annotations...
2026-07-28 21:57:07,958 WARNING   Truncated large annotation(s): 1to2_raf_phlog.txt
2026-07-28 21:57:07,958 INFO   Classifying metadata...
2026-07-28 21:57:15,264 INFO   -> fluor: YES | tf_loc: NO | tps: 240 | tf: UNKNOWN | condition: 1% raf to 2% raf | channels: GFP;pHluorin405
2026-07-28 21:57:15,464 INFO [1633/1845] Dataset 2703: NADH_noswitch_09
2026-07-28 21:57:15,477 INFO   Reading metadata annotations...
2026-07-28 21:57:15,992 WARNING   Truncated large annotation(s): nadh_noswitchlog.txt
2026-07-28 21:57:15,993 INFO   Classifying metadata...
2026-07-28 21:57:23,088 INFO   -> fluor: YES | tf_loc: NO | tps: 180 | tf: UNKNOWN | condition: Aim:  Observe metabolic cycles in NAD(P)H Strain:  prototrophic bud3-GFP (Bud3 pLUM) Comments: No switch. | channels: GFP;NADH
2026-07-28 21:57:23,288 INFO [1634/1845] Dataset 2704: 0_5_to1_glucose_06
2026-07-28 21:57:23,302 INFO   Reading metadata annotations...
2026-07-28 21:57:23,713 WARNING   Truncated large annotation(s): 0_5_to1_glucoselog.txt
2026-07-28 21:57:23,713 INFO   Classifying metadata...
2026-07-28 21:57:30,357 INFO   -> fluor: YES | tf_loc: NO | tps: 200 | tf: UNKNOWN | condition: Aim:  Growth rate vs pH. | channels: cy5;pHluorin488;pHluorin405
2026-07-28 21:57:30,557 INFO [1635/1845] Dataset 2705: pHluorin_00
2026-07-28 21:57:30,566 INFO   Reading metadata annotations...
2026-07-28 21:57:30,899 WARNING   Truncated large annotation(s): _05 to 1 phluorinlog.txt
2026-07-28 21:57:30,900 INFO   Classifying metadata...
2026-07-28 21:57:38,102 INFO   -> fluor: YES | tf_loc: NO | tps: 240 | tf: UNKNOWN | condition: 0.05% glucose to 1% glucose | channels: GFP;pHluorin405;cy5
2026-07-28 21:57:38,302 INFO [1636/1845] Dataset 2706: BS_test_3_00
2026-07-28 21:57:38,317 INFO   Reading metadata annotations...
2026-07-28 21:57:38,707 WARNING   Truncated large annotation(s): bs_test_3log.txt
2026-07-28 21:57:38,707 INFO   Classifying metadata...
2026-07-28 21:57:46,302 INFO   -> fluor: YES | tf_loc: NO | tps: 180 | tf: UNKNOWN | condition: Aim: Study effect on BS constructs on gene expression  Strain:  PGAL1 BSWT, BS1, BS2, BS3, dGAL2 Comments:   Switch to suc 1% + Gal1%
Microscope setup for used channels:
GFP:
470nm LED
->Combiner  | channels: GFP;cy5
2026-07-28 21:57:46,503 INFO [1637/1845] Dataset 2707: GalBS_00
2026-07-28 21:57:46,516 INFO   Reading metadata annotations...
2026-07-28 21:57:46,924 WARNING   Truncated large annotation(s): galbslog.txt
2026-07-28 21:57:46,924 INFO   Classifying metadata...
2026-07-28 21:57:53,747 INFO   -> fluor: YES | tf_loc: NO | tps: 180 | tf: UNKNOWN | condition: Aim: Observe induction dynamics with different Nab3/Nrd1 binding sites and Gal1 promoter  Strain:  gal2- (wildtype positions) and derivatives with different BS's downstream of Gal1 promoter-GFP Commen | channels: GFP;cy5
2026-07-28 21:57:53,948 INFO [1638/1845] Dataset 2708: GlucoseStress_Alan_03
2026-07-28 21:57:53,962 INFO   Reading metadata annotations...
2026-07-28 21:57:54,248 WARNING   Truncated large annotation(s): glucosestress_alanlog.txt
2026-07-28 21:57:54,248 INFO   Classifying metadata...
2026-07-28 21:57:58,984 INFO   -> fluor: YES | tf_loc: YES | tps: 300 | tf: Msn2;Sfp1;Mig1 | condition: Aim:   Alan's first glucose stress experiment. | channels: mCherry;GFP
2026-07-28 21:57:59,184 INFO [1639/1845] Dataset 2709: NADHcellcycle_02
2026-07-28 21:57:59,197 INFO   Reading metadata annotations...
2026-07-28 21:57:59,657 WARNING   Truncated large annotation(s): nadhcellcyclelog.txt
2026-07-28 21:57:59,658 INFO   Classifying metadata...
2026-07-28 21:58:06,502 INFO   -> fluor: YES | tf_loc: NO | tps: 180 | tf: UNKNOWN | condition: Aim: Correlate variations in NAD(P)H with the cell cycle   Strain:  Comments: 3 cell cycle GFP markers
Omero project:
Physiology
Omero tags:
08-Nov-2017,Batgirl,
PFS is locked
Experiment starte | channels: GFP
2026-07-28 21:58:06,703 INFO [1640/1845] Dataset 2710: oxstress_00
2026-07-28 21:58:06,716 INFO   Reading metadata annotations...
2026-07-28 21:58:07,251 WARNING   Truncated large annotation(s): oxstresslog.txt
2026-07-28 21:58:07,251 INFO   Classifying metadata...
2026-07-28 21:58:15,168 INFO   -> fluor: YES | tf_loc: YES | tps: 360 | tf: Msn2 | condition: Aim:   Oxidative stress pH measurement - calibration failed so use calibration from yesterday. | channels: pHluorin405;pHluorin488;GFP;cy5
2026-07-28 21:58:15,368 INFO [1641/1845] Dataset 4409: pH_6_76_00
2026-07-28 21:58:15,381 INFO   Reading metadata annotations...
2026-07-28 21:58:15,489 INFO   Classifying metadata...
2026-07-28 21:58:18,394 INFO   -> fluor: NO | tf_loc: NO | tps: 1 | tf: UNKNOWN | condition: Calibration image for pHluorin pH measurement | channels: GFP;pHluorin405;cy5
2026-07-28 21:58:18,594 INFO [1642/1845] Dataset 2711: nadh2_01
2026-07-28 21:58:18,607 INFO   Reading metadata annotations...
2026-07-28 21:58:19,045 WARNING   Truncated large annotation(s): nadh2log.txt
2026-07-28 21:58:19,046 INFO   Classifying metadata...
2026-07-28 21:58:27,388 INFO   -> fluor: YES | tf_loc: NO | tps: 240 | tf: UNKNOWN | condition: 2% glucose to 0.1% glucose | channels: NADH
2026-07-28 21:58:27,589 INFO [1643/1845] Dataset 2712: CD1_22_01
2026-07-28 21:58:27,603 INFO   Reading metadata annotations...
2026-07-28 21:58:27,754 INFO   Classifying metadata...
2026-07-28 21:58:30,653 INFO   -> fluor: YES | tf_loc: NO | tps: 180 | tf: UNKNOWN | condition: Aim: Check expression and localisation of fluorescence marker
Microscope setup for used channels:
Brightfieldcy5:
GFP:
Micromanager config file:C:\Users\Public\Microscope control\Micromanager conf | channels: cy5;GFP
2026-07-28 21:58:30,853 INFO [1644/1845] Dataset 2713: CD1_22_02
2026-07-28 21:58:30,860 INFO   Reading metadata annotations...
2026-07-28 21:58:30,983 INFO   Classifying metadata...
2026-07-28 21:58:34,534 INFO   -> fluor: YES | tf_loc: NO | tps: 180 | tf: UNKNOWN | condition: Aim: Check expression and localisation of fluorescence marker
Microscope setup for used channels:
Brightfieldcy5:
GFP:
Micromanager config file:C:\Users\Public\Microscope control\Micromanager conf | channels: cy5;GFP
2026-07-28 21:58:34,735 INFO [1645/1845] Dataset 2714: CD1_22_03
2026-07-28 21:58:34,747 INFO   Reading metadata annotations...
2026-07-28 21:58:34,969 INFO   Classifying metadata...
2026-07-28 21:58:38,892 INFO   -> fluor: YES | tf_loc: NO | tps: 180 | tf: UNKNOWN | condition: Aim: Check expression and localisation of fluorescence marker
Microscope setup for used channels:
Brightfieldcy5:
GFP:
Micromanager config file:C:\Users\Public\Microscope control\Micromanager conf | channels: cy5;GFP
2026-07-28 21:58:39,093 INFO [1646/1845] Dataset 2715: CD1_22_00
2026-07-28 21:58:39,105 INFO   Reading metadata annotations...
2026-07-28 21:58:39,230 INFO   Classifying metadata...
2026-07-28 21:58:42,969 INFO   -> fluor: YES | tf_loc: NO | tps: 180 | tf: UNKNOWN | condition: Aim: Check expression and localisation of fluorescence marker
Microscope setup for used channels:
Brightfieldcy5:
GFP:
Micromanager config file:C:\Users\Public\Microscope control\Micromanager conf | channels: cy5;GFP
2026-07-28 21:58:43,169 INFO [1647/1845] Dataset 2716: 100xSFgraticule_00
2026-07-28 21:58:43,181 INFO   Reading metadata annotations...
2026-07-28 21:58:43,377 INFO   Classifying metadata...
2026-07-28 21:58:46,397 INFO   -> fluor: YES | tf_loc: NO | tps: 180 | tf: UNKNOWN | condition: Aim: Image of graticule slide for calibration  Strain:   Comments:   Each small division is 10um
Microscope setup for used channels:
BrightfieldGFP:
Micromanager config file:C:\Users\Public\Microsc | channels: GFP
2026-07-28 21:58:46,597 INFO [1648/1845] Dataset 2353: Pdr5_turbidostat_00
2026-07-28 21:58:46,610 INFO   Reading metadata annotations...
2026-07-28 21:58:46,631 WARNING   No .log/.txt/Acq.txt annotation found for dataset 2353.
2026-07-28 21:58:46,631 INFO   Classifying metadata...
2026-07-28 21:58:48,985 INFO   -> fluor: NO | tf_loc: NO | tps:  | tf: UNKNOWN | condition:  | channels: UNKNOWN
2026-07-28 21:58:49,185 INFO [1649/1845] Dataset 2354: Pdr5_turbidostat_00
2026-07-28 21:58:49,198 INFO   Reading metadata annotations...
2026-07-28 21:58:49,216 WARNING   No .log/.txt/Acq.txt annotation found for dataset 2354.
2026-07-28 21:58:49,216 INFO   Classifying metadata...
2026-07-28 21:58:51,668 INFO   -> fluor: NO | tf_loc: NO | tps:  | tf: UNKNOWN | condition:  | channels: UNKNOWN
2026-07-28 21:58:51,869 INFO [1650/1845] Dataset 2355: AggregationScreen_zeropcGlc_00
2026-07-28 21:58:51,876 INFO   Reading metadata annotations...
2026-07-28 21:58:51,885 WARNING   No .log/.txt/Acq.txt annotation found for dataset 2355.
2026-07-28 21:58:51,885 INFO   Classifying metadata...
2026-07-28 21:58:53,755 INFO   -> fluor: NO | tf_loc: NO | tps:  | tf: UNKNOWN | condition:  | channels: UNKNOWN
2026-07-28 21:58:53,955 INFO [1651/1845] Dataset 2401: Pdr5_turbidostat_00
2026-07-28 21:58:53,967 INFO   Reading metadata annotations...
2026-07-28 21:58:53,985 WARNING   No .log/.txt/Acq.txt annotation found for dataset 2401.
2026-07-28 21:58:53,985 INFO   Classifying metadata...
2026-07-28 21:58:56,540 INFO   -> fluor: NO | tf_loc: NO | tps:  | tf: UNKNOWN | condition:  | channels: UNKNOWN
2026-07-28 21:58:56,740 INFO [1652/1845] Dataset 2402: AggregationScreen_zeropcGlc_00
2026-07-28 21:58:56,753 INFO   Reading metadata annotations...
2026-07-28 21:58:56,770 WARNING   No .log/.txt/Acq.txt annotation found for dataset 2402.
2026-07-28 21:58:56,771 INFO   Classifying metadata...
2026-07-28 21:58:58,652 INFO   -> fluor: NO | tf_loc: NO | tps:  | tf: UNKNOWN | condition:  | channels: UNKNOWN
2026-07-28 21:58:58,853 INFO [1653/1845] Dataset 2403: Pdr5_turbidostat_00
2026-07-28 21:58:58,865 INFO   Reading metadata annotations...
2026-07-28 21:58:59,089 WARNING   Truncated large annotation(s): pdr5_turbidostat.log
2026-07-28 21:58:59,089 INFO   Classifying metadata...
2026-07-28 21:59:05,553 INFO   -> fluor: YES | tf_loc: NO | tps: 200 | tf: UNKNOWN | condition: Aim: Determine effect on Pdr5 expression and fluconazole tolerance of pregrowth conditions - does the culture have to go through diauxie to see the different high and low-expressing populations. | channels: GFP_Z;GFP;cy5
2026-07-28 21:59:05,753 INFO [1654/1845] Dataset 2404: AggregationScreen_zeropcGlc_00
2026-07-28 21:59:05,766 INFO   Reading metadata annotations...
2026-07-28 21:59:05,787 WARNING   No .log/.txt/Acq.txt annotation found for dataset 2404.
2026-07-28 21:59:05,787 INFO   Classifying metadata...
2026-07-28 21:59:07,857 INFO   -> fluor: NO | tf_loc: NO | tps:  | tf: UNKNOWN | condition:  | channels: UNKNOWN
2026-07-28 21:59:08,058 INFO [1655/1845] Dataset 2405: Ardra_mutants_00
2026-07-28 21:59:08,070 INFO   Reading metadata annotations...
2026-07-28 21:59:08,093 WARNING   No .log/.txt/Acq.txt annotation found for dataset 2405.
2026-07-28 21:59:08,093 INFO   Classifying metadata...
2026-07-28 21:59:10,432 INFO   -> fluor: NO | tf_loc: NO | tps:  | tf: UNKNOWN | condition:  | channels: UNKNOWN
2026-07-28 21:59:10,632 INFO [1656/1845] Dataset 2451: Ardra_mutants_00
2026-07-28 21:59:10,639 INFO   Reading metadata annotations...
2026-07-28 21:59:10,788 WARNING   Truncated large annotation(s): ardra_mutants.log
2026-07-28 21:59:10,788 INFO   Classifying metadata...
2026-07-28 21:59:16,631 INFO   -> fluor: YES | tf_loc: NO | tps: 450 | tf: UNKNOWN | condition: normal media to nocodazole | channels: GFP_Z;GFP;cy5
2026-07-28 21:59:16,831 INFO [1657/1845] Dataset 2453: AggregationScreen_zeropcGlc_00
2026-07-28 21:59:16,844 INFO   Reading metadata annotations...
2026-07-28 21:59:17,141 WARNING   Truncated large annotation(s): aggregationscreen_zeropcglc.log
2026-07-28 21:59:17,142 INFO   Classifying metadata...
2026-07-28 21:59:21,100 INFO   -> fluor: YES | tf_loc: YES | tps: 100 | tf: Ade6;Vip1;Rse1;Iki3;Caf130;Gdh2;She4;Amd1;Elp2;Pat1;Hsc82;Gcd6;Sse2;Ssk1;Pan3;Whi3;Sac7;Gcd2;Ecm25;Hbs1 | condition: water to 0% glucose | channels: GFP;GFPFast;cy5
2026-07-28 21:59:21,300 INFO [1658/1845] Dataset 2452: Ramp_2to0pGlc_20h_Msn2Dot6Mig1_00
2026-07-28 21:59:21,307 INFO   Reading metadata annotations...
2026-07-28 21:59:21,480 WARNING   Truncated large annotation(s): ramp_2to0pglc_20h_msn2dot6mig1.log
2026-07-28 21:59:21,481 INFO   Classifying metadata...
2026-07-28 21:59:25,679 INFO   -> fluor: YES | tf_loc: YES | tps: 312 | tf: Msn2;Dot6;Mig1 | condition: 2% glucose to 0% glucose | channels: GFP_Z;GFP;cy5;mCherry_Z;mCherry
2026-07-28 21:59:25,879 INFO [1659/1845] Dataset 2454: Ramp_1to0pGlc_12h30m_Msn2Dot6Mig1_00
2026-07-28 21:59:25,892 INFO   Reading metadata annotations...
2026-07-28 21:59:26,093 WARNING   Truncated large annotation(s): ramp_1to0pglc_12h30m_msn2dot6mig1.log
2026-07-28 21:59:26,093 INFO   Classifying metadata...
2026-07-28 21:59:29,705 INFO   -> fluor: YES | tf_loc: YES | tps: 222 | tf: Msn2;Dot6;Mig1 | condition: 1% glucose to 0% glucose | channels: GFP_Z;GFP;cy5;mCherry_Z;mCherry
2026-07-28 21:59:29,906 INFO [1660/1845] Dataset 2455: Ramp_2to0pGlc_8h_Msn2Dot6Mig1_00
2026-07-28 21:59:29,918 INFO   Reading metadata annotations...
2026-07-28 21:59:30,101 WARNING   Truncated large annotation(s): ramp_2to0pglc_8h_msn2dot6mig1.log
2026-07-28 21:59:30,101 INFO   Classifying metadata...
2026-07-28 21:59:33,269 INFO   -> fluor: YES | tf_loc: YES | tps: 192 | tf: Msn2;Dot6;Mig1 | condition: 2% glucose to 0% glucose | channels: GFP_Z;GFP;cy5;mCherry_Z;mCherry
2026-07-28 21:59:33,469 INFO [1661/1845] Dataset 2456: Ramp_2to0pGlc_20h_Msn2Dot6Mig1_00
2026-07-28 21:59:33,481 INFO   Reading metadata annotations...
2026-07-28 21:59:33,681 WARNING   Truncated large annotation(s): ramp_2to0pglc_20h_msn2dot6mig1.log
2026-07-28 21:59:33,681 INFO   Classifying metadata...
2026-07-28 21:59:36,763 INFO   -> fluor: YES | tf_loc: YES | tps: 312 | tf: Msn2;Dot6;Mig1 | condition: 2% glucose to 0% glucose | channels: GFP_Z;GFP;cy5;mCherry_Z;mCherry
2026-07-28 21:59:36,963 INFO [1662/1845] Dataset 2457: Aggregation_screen_AGGFP1_00
2026-07-28 21:59:36,976 INFO   Reading metadata annotations...
2026-07-28 21:59:37,249 WARNING   Truncated large annotation(s): aggregation_screen_aggfp1.log
2026-07-28 21:59:37,249 INFO   Classifying metadata...
2026-07-28 21:59:41,826 INFO   -> fluor: YES | tf_loc: NO | tps: 100 | tf: A1;A2;A3;A4;A5;A7;A8;A9;A10;A11;A12;B1;B2;B3;B4;B5;B6;B7;B8;Ura7 | condition: 1% glucose in SC to water) | channels: GFP;GFPFast;mCherry;cy5
2026-07-28 21:59:42,027 INFO [1663/1845] Dataset 2458: Aggregation_screen_AGGFP3_00
2026-07-28 21:59:42,034 INFO   Reading metadata annotations...
2026-07-28 21:59:42,048 WARNING   No .log/.txt/Acq.txt annotation found for dataset 2458.
2026-07-28 21:59:42,048 INFO   Classifying metadata...
2026-07-28 21:59:43,860 INFO   -> fluor: NO | tf_loc: NO | tps:  | tf: UNKNOWN | condition:  | channels: UNKNOWN
2026-07-28 21:59:44,061 INFO [1664/1845] Dataset 2459: Aggregation_screen_AGGFP3_00
2026-07-28 21:59:44,073 INFO   Reading metadata annotations...
2026-07-28 21:59:44,093 WARNING   No .log/.txt/Acq.txt annotation found for dataset 2459.
2026-07-28 21:59:44,093 INFO   Classifying metadata...
2026-07-28 21:59:46,456 INFO   -> fluor: NO | tf_loc: NO | tps:  | tf: UNKNOWN | condition:  | channels: UNKNOWN
2026-07-28 21:59:46,658 INFO [1665/1845] Dataset 2460: Aggregation_screen_AGGFP3_00
2026-07-28 21:59:46,671 INFO   Reading metadata annotations...
2026-07-28 21:59:46,690 WARNING   No .log/.txt/Acq.txt annotation found for dataset 2460.
2026-07-28 21:59:46,690 INFO   Classifying metadata...
2026-07-28 21:59:49,004 INFO   -> fluor: NO | tf_loc: NO | tps:  | tf: UNKNOWN | condition:  | channels: UNKNOWN
2026-07-28 21:59:49,204 INFO [1666/1845] Dataset 2462: Aggregation_screen_AGGFP3_00
2026-07-28 21:59:49,217 INFO   Reading metadata annotations...
2026-07-28 21:59:49,545 WARNING   Truncated large annotation(s): aggregation_screen_aggfp3.log
2026-07-28 21:59:49,546 INFO   Classifying metadata...
2026-07-28 21:59:53,832 INFO   -> fluor: YES | tf_loc: NO | tps: 100 | tf: A3;A4;B10;B11;B1;B6;C1;C12;D1;D4;D5;D6;D7;D8;D9;D10;D11;D12;E1;Ura7 | condition: 1% glucose in SC to water) | channels: GFP;GFPFast;mCherry;cy5
2026-07-28 21:59:54,033 INFO [1667/1845] Dataset 2463: Aggregation_SC_to_lowNitrogen_00
2026-07-28 21:59:54,045 INFO   Reading metadata annotations...
2026-07-28 21:59:54,284 WARNING   Truncated large annotation(s): aggregation_sc_to_lownitrogen.log
2026-07-28 21:59:54,284 INFO   Classifying metadata...
2026-07-28 21:59:57,764 INFO   -> fluor: YES | tf_loc: NO | tps: 100 | tf: Ade6;Vip1;Rse1;Iki3;Caf130;Gdh2;She4;Amd1;Pat1;Gln1 | condition: normal media to low nitrogen media | channels: GFP;GFPFast;cy5
2026-07-28 21:59:57,965 INFO [1668/1845] Dataset 2461: Ramp_0d5to0pGlc_5h_Msn2Dot6Mig1_00
2026-07-28 21:59:57,978 INFO   Reading metadata annotations...
2026-07-28 21:59:58,155 WARNING   Truncated large annotation(s): ramp_0d5to0pglc_5h_msn2dot6mig1.log
2026-07-28 21:59:58,155 INFO   Classifying metadata...
2026-07-28 22:00:01,347 INFO   -> fluor: YES | tf_loc: YES | tps: 192 | tf: Msn2;Dot6;Mig1 | condition: 0.5% glucose to 0% glucose | channels: GFP_Z;GFP;cy5;mCherry_Z;mCherry
2026-07-28 22:00:01,547 INFO [1669/1845] Dataset 2464: Ramp_1to0pGlc_4h_Msn2Dot6Mig1_00
2026-07-28 22:00:01,554 INFO   Reading metadata annotations...
2026-07-28 22:00:01,711 WARNING   Truncated large annotation(s): ramp_1to0pglc_4h_msn2dot6mig1.log
2026-07-28 22:00:01,711 INFO   Classifying metadata...
2026-07-28 22:00:05,558 INFO   -> fluor: YES | tf_loc: YES | tps: 192 | tf: Msn2;Dot6;Mig1 | condition: 1% glucose to 0% glucose | channels: GFP_Z;GFP;cy5;mCherry_Z;mCherry
2026-07-28 22:00:05,758 INFO [1670/1845] Dataset 2465: Ramp_1to0pGlc_10h_Msn2Dot6Mig1_2_00
2026-07-28 22:00:05,769 INFO   Reading metadata annotations...
2026-07-28 22:00:06,025 WARNING   Truncated large annotation(s): ramp_1to0pglc_10h_msn2dot6mig1_2.log
2026-07-28 22:00:06,026 INFO   Classifying metadata...
2026-07-28 22:00:09,239 INFO   -> fluor: YES | tf_loc: YES | tps: 192 | tf: Msn2;Dot6;Mig1 | condition: 1% glucose to 0% glucose | channels: GFP_Z;GFP;cy5;mCherry_Z;mCherry
2026-07-28 22:00:09,439 INFO [1671/1845] Dataset 2469: A_time_10_33_00
2026-07-28 22:00:09,452 INFO   Reading metadata annotations...
2026-07-28 22:00:09,544 INFO   Classifying metadata...
2026-07-28 22:00:12,449 INFO   -> fluor: NO | tf_loc: NO | tps: 1 | tf: UNKNOWN | condition: Expression of Pdr5-GFP after pregrowth in turbidostat | channels: GFP;GFPFast
2026-07-28 22:00:12,650 INFO [1672/1845] Dataset 2470: A_time_12_19_01
2026-07-28 22:00:12,656 INFO   Reading metadata annotations...
2026-07-28 22:00:12,720 INFO   Classifying metadata...
2026-07-28 22:00:16,288 INFO   -> fluor: NO | tf_loc: NO | tps: 1 | tf: UNKNOWN | condition: Expression of Pdr5-GFP after pregrowth in turbidostat | channels: GFP;GFPFast
2026-07-28 22:00:16,489 INFO [1673/1845] Dataset 2471: A_time_14_56_00
2026-07-28 22:00:16,499 INFO   Reading metadata annotations...
2026-07-28 22:00:16,689 INFO   Classifying metadata...
2026-07-28 22:00:19,646 INFO   -> fluor: NO | tf_loc: NO | tps: 1 | tf: UNKNOWN | condition: Expression of Pdr5-GFP after pregrowth in turbidostat | channels: GFP;GFPFast
2026-07-28 22:00:19,847 INFO [1674/1845] Dataset 2489: Aggregation_oxidative_stress_00
2026-07-28 22:00:19,859 INFO   Reading metadata annotations...
2026-07-28 22:00:20,067 WARNING   Truncated large annotation(s): aggregation_oxidative_stress.log
2026-07-28 22:00:20,068 INFO   Classifying metadata...
2026-07-28 22:00:23,543 INFO   -> fluor: YES | tf_loc: NO | tps: 120 | tf: Ltv1;Sro9;Gln1;Cpr6;Hsp42;Cdc123;Scd6;Tmt1 | condition: 0.5mM H2O2 to 1mM H2O2 | channels: GFP;GFPFast;cy5
2026-07-28 22:00:23,743 INFO [1675/1845] Dataset 2864: Switch_0d3to0d1pGlc_Msn2Dot6Mig1Snf1_00
2026-07-28 22:00:23,756 INFO   Reading metadata annotations...
2026-07-28 22:00:23,949 WARNING   Truncated large annotation(s): switch_0d3to0d1pglc_msn2dot6mig1snf1.log
2026-07-28 22:00:23,949 INFO   Classifying metadata...
2026-07-28 22:00:27,360 INFO   -> fluor: YES | tf_loc: YES | tps: 192 | tf: Msn2;Dot6;Mig1;Snf1 | condition: 0.3% glucose to 0.1% glucose | channels: GFP_Z;GFP;cy5;mCherry_Z;mCherry
2026-07-28 22:00:27,560 INFO [1676/1845] Dataset 2901: Ramp_0d5to0pGal_10h_Msn2Dot6Mig1Snf1_00
2026-07-28 22:00:27,573 INFO   Reading metadata annotations...
2026-07-28 22:00:27,796 WARNING   Truncated large annotation(s): ramp_0d5to0pgal_10h_msn2dot6mig1snf1.log
2026-07-28 22:00:27,796 INFO   Classifying metadata...
2026-07-28 22:00:31,358 INFO   -> fluor: YES | tf_loc: YES | tps: 192 | tf: Msn2;Dot6;Mig1;Snf1 | condition: 0.5% galactose to 0% galactose | channels: GFP_Z;GFP;cy5;mCherry_Z;mCherry
2026-07-28 22:00:31,558 INFO [1677/1845] Dataset 2902: Switch_1to0pGlc_Msn2Mig1_dSnf1_00
2026-07-28 22:00:31,565 INFO   Reading metadata annotations...
2026-07-28 22:00:31,741 WARNING   Truncated large annotation(s): switch_1to0pglc_msn2mig1_dsnf1.log
2026-07-28 22:00:31,742 INFO   Classifying metadata...
2026-07-28 22:00:35,643 INFO   -> fluor: YES | tf_loc: YES | tps: 192 | tf: Msn2;Mig1;Snf1 | condition: 1% glucose to 0% glucose | channels: GFP_Z;GFP;cy5;mCherry_Z;mCherry
2026-07-28 22:00:35,843 INFO [1678/1845] Dataset 2904: Ramp_0d5to0pGal_20h_Msn2Dot6Mig1Snf1_00
2026-07-28 22:00:35,856 INFO   Reading metadata annotations...
2026-07-28 22:00:36,077 WARNING   Truncated large annotation(s): ramp_0d5to0pgal_20h_msn2dot6mig1snf1.log
2026-07-28 22:00:36,078 INFO   Classifying metadata...
2026-07-28 22:00:39,544 INFO   -> fluor: YES | tf_loc: YES | tps: 312 | tf: Msn2;Dot6;Mig1;Snf1 | condition: 0.5% galactose to 0% galactose | channels: GFP_Z;GFP;cy5;mCherry_Z;mCherry
2026-07-28 22:00:39,745 INFO [1679/1845] Dataset 2907: Switch_0d6to0d2pGlc_Msn2Dot6Mig1Snf1_00
2026-07-28 22:00:39,757 INFO   Reading metadata annotations...
2026-07-28 22:00:39,963 WARNING   Truncated large annotation(s): switch_0d6to0d2pglc_msn2dot6mig1snf1.log
2026-07-28 22:00:39,963 INFO   Classifying metadata...
2026-07-28 22:00:43,683 INFO   -> fluor: YES | tf_loc: YES | tps: 192 | tf: Msn2;Dot6;Mig1;Snf1 | condition: 0.6% glucose to 0.2% glucose | channels: GFP_Z;GFP;cy5;mCherry_Z;mCherry
2026-07-28 22:00:43,884 INFO [1680/1845] Dataset 2909: Ramp_1to0pGal_1h_Msn2Dot6Mig1Snf1_00
2026-07-28 22:00:43,896 INFO   Reading metadata annotations...
2026-07-28 22:00:44,176 WARNING   Truncated large annotation(s): ramp_1to0pgal_1h_msn2dot6mig1snf1.log
2026-07-28 22:00:44,176 INFO   Classifying metadata...
2026-07-28 22:00:47,551 INFO   -> fluor: YES | tf_loc: YES | tps: 192 | tf: Msn2;Dot6;Mig1;Snf1 | condition: 1% galactose to 0% galactose | channels: GFP_Z;GFP;cy5;mCherry_Z;mCherry
2026-07-28 22:00:47,751 INFO [1681/1845] Dataset 2910: RampExp_2to0pGlc_10h_L5_Msn2Dot6Mig1Snf1_00
2026-07-28 22:00:47,764 INFO   Reading metadata annotations...
2026-07-28 22:00:48,052 WARNING   Truncated large annotation(s): rampexp_2to0pglc_10h_l5_msn2dot6mig1snf1.log
2026-07-28 22:00:48,052 INFO   Classifying metadata...
2026-07-28 22:00:51,720 INFO   -> fluor: YES | tf_loc: YES | tps: 192 | tf: Msn2;Dot6;Mig1;Snf1 | condition: 2% glucose to 0% glucose | channels: GFP_Z;GFP;cy5;mCherry_Z;mCherry
2026-07-28 22:00:51,920 INFO [1682/1845] Dataset 2911: RampExp_2to0pGlc_10h_L5_Msn2Dot6Mig1Snf1_00
2026-07-28 22:00:51,928 INFO   Reading metadata annotations...
2026-07-28 22:00:52,107 WARNING   Truncated large annotation(s): rampexp_2to0pglc_10h_l5_msn2dot6mig1snf1.log
2026-07-28 22:00:52,107 INFO   Classifying metadata...
2026-07-28 22:00:55,552 INFO   -> fluor: YES | tf_loc: YES | tps: 192 | tf: Msn2;Dot6;Mig1;Snf1 | condition: 2% glucose to 0% glucose | channels: GFP_Z;GFP;cy5;mCherry_Z;mCherry
2026-07-28 22:00:55,753 INFO [1683/1845] Dataset 2912: RampExp_2to0pGlc_10h_L3_Msn2Dot6Mig1Snf1_00
2026-07-28 22:00:55,764 INFO   Reading metadata annotations...
2026-07-28 22:00:55,967 WARNING   Truncated large annotation(s): rampexp_2to0pglc_10h_l3_msn2dot6mig1snf1.log
2026-07-28 22:00:55,967 INFO   Classifying metadata...
2026-07-28 22:00:59,670 INFO   -> fluor: YES | tf_loc: YES | tps: 192 | tf: Msn2;Dot6;Mig1;Snf1 | condition: 2% glucose to 0% glucose | channels: GFP_Z;GFP;cy5;mCherry_Z;mCherry
2026-07-28 22:00:59,870 INFO [1684/1845] Dataset 2914: RampExp_2to0pGlc_10h_L10_Msn2Dot6Mig1Snf1_00
2026-07-28 22:00:59,883 INFO   Reading metadata annotations...
2026-07-28 22:01:00,093 WARNING   Truncated large annotation(s): rampexp_2to0pglc_10h_l10_msn2dot6mig1snf1.log
2026-07-28 22:01:00,093 INFO   Classifying metadata...
2026-07-28 22:01:03,334 INFO   -> fluor: YES | tf_loc: YES | tps: 192 | tf: Msn2;Dot6;Mig1;Snf1 | condition: 2% glucose to 0% glucose | channels: GFP_Z;GFP;cy5;mCherry_Z;mCherry
2026-07-28 22:01:03,534 INFO [1685/1845] Dataset 2915: exp_09
2026-07-28 22:01:03,548 INFO   Reading metadata annotations...
2026-07-28 22:01:04,220 WARNING   Truncated large annotation(s): explog.txt
2026-07-28 22:01:04,220 INFO   Classifying metadata...
2026-07-28 22:01:09,176 INFO   -> fluor: YES | tf_loc: YES | tps: 180 | tf: Whi5 | condition: Aim:   Strain:   Comments:   glucose 1 switch double reporter run (whi5/myo1)
Microscope setup for used channels:
Brightfield:
"White LED
->(polarizer + prism + condenser)"]
->Filter block:["No e | channels: GFP;mCherry
2026-07-28 22:01:09,376 INFO [1686/1845] Dataset 2916: Ardra_mutants_20h_01
2026-07-28 22:01:09,390 INFO   Reading metadata annotations...
2026-07-28 22:01:09,411 WARNING   No .log/.txt/Acq.txt annotation found for dataset 2916.
2026-07-28 22:01:09,412 INFO   Classifying metadata...
2026-07-28 22:01:12,351 INFO   -> fluor: NO | tf_loc: NO | tps:  | tf: UNKNOWN | condition:  | channels: UNKNOWN
2026-07-28 22:01:12,551 INFO [1687/1845] Dataset 2951: Ardra_mutants_20h_01
2026-07-28 22:01:12,558 INFO   Reading metadata annotations...
2026-07-28 22:01:12,568 WARNING   No .log/.txt/Acq.txt annotation found for dataset 2951.
2026-07-28 22:01:12,568 INFO   Classifying metadata...
2026-07-28 22:01:15,126 INFO   -> fluor: NO | tf_loc: NO | tps:  | tf: UNKNOWN | condition:  | channels: UNKNOWN
2026-07-28 22:01:15,326 INFO [1688/1845] Dataset 2954: Ardra_mutants_20h_01
2026-07-28 22:01:15,337 INFO   Reading metadata annotations...
2026-07-28 22:01:15,354 WARNING   No .log/.txt/Acq.txt annotation found for dataset 2954.
2026-07-28 22:01:15,355 INFO   Classifying metadata...
2026-07-28 22:01:17,486 INFO   -> fluor: NO | tf_loc: NO | tps:  | tf: UNKNOWN | condition:  | channels: UNKNOWN
2026-07-28 22:01:17,687 INFO [1689/1845] Dataset 3053: RampExp_2to0pGlc_full_L2_Msn2Dot6Mig1Snf1_00
2026-07-28 22:01:17,699 INFO   Reading metadata annotations...
2026-07-28 22:01:17,919 WARNING   Truncated large annotation(s): rampexp_2to0pglc_full_l2_msn2dot6mig1snf1.log
2026-07-28 22:01:17,920 INFO   Classifying metadata...
2026-07-28 22:01:21,376 INFO   -> fluor: YES | tf_loc: YES | tps: 192 | tf: Msn2;Dot6;Mig1;Snf1 | condition: 2% glucose to 0% glucose | channels: GFP_Z;GFP;cy5;mCherry_Z;mCherry
2026-07-28 22:01:21,577 INFO [1690/1845] Dataset 3057: Ardra_mutants_20h_01
2026-07-28 22:01:21,585 INFO   Reading metadata annotations...
2026-07-28 22:01:21,752 WARNING   Truncated large annotation(s): ardra_mutants_20h.log
2026-07-28 22:01:21,753 INFO   Classifying metadata...
2026-07-28 22:01:27,321 INFO   -> fluor: YES | tf_loc: NO | tps: 600 | tf: UNKNOWN | condition: 2.5ug/ml nocodazole to no drug | channels: GFP_Z;GFP;cy5
2026-07-28 22:01:27,522 INFO [1691/1845] Dataset 3058: Haomiao_mutants_00
2026-07-28 22:01:27,535 INFO   Reading metadata annotations...
2026-07-28 22:01:27,713 WARNING   Truncated large annotation(s): haomiao_mutants.log
2026-07-28 22:01:27,713 INFO   Classifying metadata...
2026-07-28 22:01:34,067 INFO   -> fluor: YES | tf_loc: NO | tps: 600 | tf: UNKNOWN | condition: media without drug to 2.5ug/ml nocodazole | channels: GFP_Z;GFP;cy5
2026-07-28 22:01:34,267 INFO [1692/1845] Dataset 3059: Haomiao_mutants_00
2026-07-28 22:01:34,280 INFO   Reading metadata annotations...
2026-07-28 22:01:34,471 WARNING   Truncated large annotation(s): haomiao_mutants.log
2026-07-28 22:01:34,472 INFO   Classifying metadata...
2026-07-28 22:01:40,072 INFO   -> fluor: YES | tf_loc: NO | tps: 600 | tf: UNKNOWN | condition: 2% glucose in SC without drug to 2.5 ug/ml nocodazole | channels: GFP_Z;GFP;cy5
2026-07-28 22:01:40,272 INFO [1693/1845] Dataset 3060: Switch_1d8to0d6pGlc_Msn2Dot6Mig1Snf1_00
2026-07-28 22:01:40,279 INFO   Reading metadata annotations...
2026-07-28 22:01:40,445 WARNING   Truncated large annotation(s): switch_1d8to0d6pglc_msn2dot6mig1snf1.log
2026-07-28 22:01:40,445 INFO   Classifying metadata...
2026-07-28 22:01:44,075 INFO   -> fluor: YES | tf_loc: YES | tps: 192 | tf: Msn2;Dot6;Mig1;Snf1 | condition: 1.8% glucose to 0.6% glucose | channels: GFP_Z;GFP;cy5;mCherry_Z;mCherry
2026-07-28 22:01:44,275 INFO [1694/1845] Dataset 3061: Switch_0d9to0d3pGlc_Msn2Dot6Mig1Snf1_00
2026-07-28 22:01:44,288 INFO   Reading metadata annotations...
2026-07-28 22:01:44,481 WARNING   Truncated large annotation(s): switch_0d9to0d3pglc_msn2dot6mig1snf1.log
2026-07-28 22:01:44,481 INFO   Classifying metadata...
2026-07-28 22:01:47,943 INFO   -> fluor: YES | tf_loc: YES | tps: 192 | tf: Msn2;Dot6;Mig1;Snf1 | condition: 0.9% glucose to 0.3% glucose | channels: GFP_Z;GFP;cy5;mCherry_Z;mCherry
2026-07-28 22:01:48,143 INFO [1695/1845] Dataset 3062: RampExp_2to0pGlc_4h_L2_Msn2Dot6Mig1Snf1_00
2026-07-28 22:01:48,156 INFO   Reading metadata annotations...
2026-07-28 22:01:48,359 WARNING   Truncated large annotation(s): rampexp_2to0pglc_4h_l2_msn2dot6mig1snf1.log
2026-07-28 22:01:48,359 INFO   Classifying metadata...
2026-07-28 22:01:51,627 INFO   -> fluor: YES | tf_loc: YES | tps: 192 | tf: Msn2;Dot6;Mig1;Snf1 | condition: 2% glucose to 0% glucose | channels: GFP_Z;GFP;cy5;mCherry_Z;mCherry
2026-07-28 22:01:51,827 INFO [1696/1845] Dataset 3063: RampExp_2to0pGlc_8h_L2_Msn2Dot6Mig1Snf1_00
2026-07-28 22:01:51,834 INFO   Reading metadata annotations...
2026-07-28 22:01:51,977 WARNING   Truncated large annotation(s): rampexp_2to0pglc_8h_l2_msn2dot6mig1snf1.log
2026-07-28 22:01:51,977 INFO   Classifying metadata...
2026-07-28 22:01:55,198 INFO   -> fluor: YES | tf_loc: YES | tps: 192 | tf: Msn2;Dot6;Mig1;Snf1 | condition: 2% glucose to 0% glucose | channels: GFP_Z;GFP;cy5;mCherry_Z;mCherry
2026-07-28 22:01:55,398 INFO [1697/1845] Dataset 3064: RampExp_2to0pGlc_full_L2_Msn2Dot6Mig1Snf1_00
2026-07-28 22:01:55,412 INFO   Reading metadata annotations...
2026-07-28 22:01:55,608 WARNING   Truncated large annotation(s): rampexp_2to0pglc_full_l2_msn2dot6mig1snf1.log
2026-07-28 22:01:55,608 INFO   Classifying metadata...
2026-07-28 22:01:58,963 INFO   -> fluor: YES | tf_loc: YES | tps: 192 | tf: Msn2;Dot6;Mig1;Snf1 | condition: 2% glucose to 0% glucose | channels: GFP_Z;GFP;cy5;mCherry_Z;mCherry
2026-07-28 22:01:59,163 INFO [1698/1845] Dataset 3065: RampExp_2to0pGlc_full_L0d5_Msn2Dot6Mig1Snf1_00
2026-07-28 22:01:59,176 INFO   Reading metadata annotations...
2026-07-28 22:01:59,365 WARNING   Truncated large annotation(s): rampexp_2to0pglc_full_l0d5_msn2dot6mig1snf1.log
2026-07-28 22:01:59,365 INFO   Classifying metadata...
2026-07-28 22:02:02,953 INFO   -> fluor: YES | tf_loc: YES | tps: 192 | tf: Msn2;Dot6;Mig1;Snf1 | condition: 2% glucose to 0% glucose | channels: GFP_Z;GFP;cy5;mCherry_Z;mCherry
2026-07-28 22:02:03,153 INFO [1699/1845] Dataset 3066: RampExp_2to0pGlc_full_L0d5_Msn2Dot6Mig1Snf1_00
2026-07-28 22:02:03,166 INFO   Reading metadata annotations...
2026-07-28 22:02:03,370 WARNING   Truncated large annotation(s): rampexp_2to0pglc_full_l0d5_msn2dot6mig1snf1.log
2026-07-28 22:02:03,370 INFO   Classifying metadata...
2026-07-28 22:02:06,923 INFO   -> fluor: YES | tf_loc: YES | tps: 192 | tf: Msn2;Dot6;Mig1;Snf1 | condition: 2% glucose to 0% glucose | channels: GFP_Z;GFP;cy5;mCherry_Z;mCherry
2026-07-28 22:02:07,123 INFO [1700/1845] Dataset 3067: RampExp_1to0pGlc_full_L4_Msn2Dot6Mig1Snf1_00
2026-07-28 22:02:07,136 INFO   Reading metadata annotations...
2026-07-28 22:02:07,337 WARNING   Truncated large annotation(s): rampexp_1to0pglc_full_l4_msn2dot6mig1snf1.log
2026-07-28 22:02:07,337 INFO   Classifying metadata...
2026-07-28 22:02:10,599 INFO   -> fluor: YES | tf_loc: YES | tps: 192 | tf: Msn2;Dot6;Mig1;Snf1 | condition: 1% glucose to 0% glucose | channels: GFP_Z;GFP;cy5;mCherry_Z;mCherry
2026-07-28 22:02:10,799 INFO [1701/1845] Dataset 3101: RampExp_2to0pGlc_full_L4_Msn2Dot6Mig1Snf1_00
2026-07-28 22:02:10,806 INFO   Reading metadata annotations...
2026-07-28 22:02:10,961 WARNING   Truncated large annotation(s): rampexp_2to0pglc_full_l4_msn2dot6mig1snf1.log
2026-07-28 22:02:10,962 INFO   Classifying metadata...
2026-07-28 22:02:15,281 INFO   -> fluor: YES | tf_loc: YES | tps: 192 | tf: Msn2;Dot6;Mig1;Snf1 | condition: 2% glucose to 0% glucose | channels: GFP_Z;GFP;cy5;mCherry_Z;mCherry
2026-07-28 22:02:15,481 INFO [1702/1845] Dataset 3102: RampExp_1to0pGlc_full_L2_Msn2Dot6Mig1Snf1_00
2026-07-28 22:02:15,493 INFO   Reading metadata annotations...
2026-07-28 22:02:15,740 WARNING   Truncated large annotation(s): rampexp_1to0pglc_full_l2_msn2dot6mig1snf1.log
2026-07-28 22:02:15,740 INFO   Classifying metadata...
2026-07-28 22:02:19,035 INFO   -> fluor: YES | tf_loc: YES | tps: 192 | tf: Msn2;Dot6;Mig1;Snf1 | condition: 1% glucose to 0% glucose | channels: GFP_Z;GFP;cy5;mCherry_Z;mCherry
2026-07-28 22:02:19,235 INFO [1703/1845] Dataset 3103: RampExp_1to0pGlc_full_L1_Msn2Dot6Mig1Snf1_00
2026-07-28 22:02:19,247 INFO   Reading metadata annotations...
2026-07-28 22:02:19,413 WARNING   Truncated large annotation(s): rampexp_1to0pglc_full_l1_msn2dot6mig1snf1.log
2026-07-28 22:02:19,413 INFO   Classifying metadata...
2026-07-28 22:02:22,788 INFO   -> fluor: YES | tf_loc: YES | tps: 192 | tf: Msn2;Dot6;Mig1;Snf1 | condition: 1% glucose to 0% glucose | channels: GFP_Z;GFP;cy5;mCherry_Z;mCherry
2026-07-28 22:02:22,989 INFO [1704/1845] Dataset 3151: RampExp_1to0pGlc_full_L0d5_Msn2Dot6Mig1Snf1_00
2026-07-28 22:02:23,001 INFO   Reading metadata annotations...
2026-07-28 22:02:23,227 WARNING   Truncated large annotation(s): rampexp_1to0pglc_full_l0d5_msn2dot6mig1snf1.log
2026-07-28 22:02:23,227 INFO   Classifying metadata...
2026-07-28 22:02:26,838 INFO   -> fluor: YES | tf_loc: YES | tps: 192 | tf: Msn2;Dot6;Mig1;Snf1 | condition: 1% glucose to 0% glucose | channels: GFP_Z;GFP;cy5;mCherry_Z;mCherry
2026-07-28 22:02:27,038 INFO [1705/1845] Dataset 3152: Switch_1to0d1pGlc_Msn2Dot6Mig1Snf1_00
2026-07-28 22:02:27,051 INFO   Reading metadata annotations...
2026-07-28 22:02:27,244 WARNING   Truncated large annotation(s): switch_1to0d1pglc_msn2dot6mig1snf1.log
2026-07-28 22:02:27,244 INFO   Classifying metadata...
2026-07-28 22:02:30,754 INFO   -> fluor: YES | tf_loc: YES | tps: 192 | tf: Msn2;Dot6;Mig1;Snf1 | condition: 1% glucose to 0.1% glucose | channels: GFP_Z;GFP;cy5;mCherry_Z;mCherry
2026-07-28 22:02:30,954 INFO [1706/1845] Dataset 3153: Switch_1d8to0d6pGlc_Msn2Dot6Mig1Snf1_00
2026-07-28 22:02:30,962 INFO   Reading metadata annotations...
2026-07-28 22:02:31,136 WARNING   Truncated large annotation(s): switch_1d8to0d6pglc_msn2dot6mig1snf1.log
2026-07-28 22:02:31,137 INFO   Classifying metadata...
2026-07-28 22:02:34,556 INFO   -> fluor: YES | tf_loc: YES | tps: 192 | tf: Msn2;Dot6;Mig1;Snf1 | condition: 1.8% glucose to 0.6% glucose | channels: GFP_Z;GFP;cy5;mCherry_Z;mCherry
2026-07-28 22:02:34,757 INFO [1707/1845] Dataset 3154: RampExp_0d5to0pGlc_full_L4_Msn2Dot6Mig1Snf1_00
2026-07-28 22:02:34,770 INFO   Reading metadata annotations...
2026-07-28 22:02:34,980 WARNING   Truncated large annotation(s): rampexp_1to0pglc_full_l4_msn2dot6mig1snf1.log
2026-07-28 22:02:34,981 INFO   Classifying metadata...
2026-07-28 22:02:39,603 INFO   -> fluor: YES | tf_loc: YES | tps: 192 | tf: Msn2;Dot6;Mig1;Snf1 | condition: 0.5% glucose to 0% glucose | channels: GFP_Z;GFP;cy5;mCherry_Z;mCherry
2026-07-28 22:02:39,804 INFO [1708/1845] Dataset 3201: RampExp_0d5to0pGlc_full_L1_Msn2Dot6Mig1Snf1_00
2026-07-28 22:02:39,816 INFO   Reading metadata annotations...
2026-07-28 22:02:40,023 WARNING   Truncated large annotation(s): rampexp_0d5to0pglc_full_l1_msn2dot6mig1snf1.log
2026-07-28 22:02:40,023 INFO   Classifying metadata...
2026-07-28 22:02:43,665 INFO   -> fluor: YES | tf_loc: YES | tps: 192 | tf: Msn2;Dot6;Mig1;Snf1 | condition: 0.5% glucose to 0% glucose | channels: GFP_Z;GFP;cy5;mCherry_Z;mCherry
2026-07-28 22:02:43,865 INFO [1709/1845] Dataset 3202: RampExp_0d5to0pGlc_full_L0d5_Msn2Dot6Mig1Snf1_00
2026-07-28 22:02:43,879 INFO   Reading metadata annotations...
2026-07-28 22:02:44,082 WARNING   Truncated large annotation(s): rampexp_0d5to0pglc_full_l0d5_msn2dot6mig1snf1.log
2026-07-28 22:02:44,083 INFO   Classifying metadata...
2026-07-28 22:02:47,342 INFO   -> fluor: YES | tf_loc: YES | tps: 192 | tf: Msn2;Dot6;Mig1;Snf1 | condition: 0.5% glucose to 0% glucose | channels: GFP_Z;GFP;cy5;mCherry_Z;mCherry
2026-07-28 22:02:47,543 INFO [1710/1845] Dataset 3203: RampExp_0d5to0pGlc_full_L2_Msn2Dot6Mig1Snf1_00
2026-07-28 22:02:47,555 INFO   Reading metadata annotations...
2026-07-28 22:02:47,763 WARNING   Truncated large annotation(s): rampexp_0d5to0pglc_full_l2_msn2dot6mig1snf1.log
2026-07-28 22:02:47,763 INFO   Classifying metadata...
2026-07-28 22:02:51,286 INFO   -> fluor: YES | tf_loc: YES | tps: 192 | tf: Msn2;Dot6;Mig1;Snf1 | condition: 0.5% glucose to 0% glucose | channels: GFP_Z;GFP;cy5;mCherry_Z;mCherry
2026-07-28 22:02:51,487 INFO [1711/1845] Dataset 3204: Haomiao_mutants_00
2026-07-28 22:02:51,494 INFO   Reading metadata annotations...
2026-07-28 22:02:51,652 WARNING   Truncated large annotation(s): haomiao_mutants.log
2026-07-28 22:02:51,652 INFO   Classifying metadata...
2026-07-28 22:02:58,054 INFO   -> fluor: YES | tf_loc: NO | tps: 600 | tf: UNKNOWN | condition: 2% glucose no drug to 2.5ug/ml nocodazole | channels: GFP_Z;GFP;cy5
2026-07-28 22:02:58,255 INFO [1712/1845] Dataset 3253: Switch_1to0d1pGlc_Msn2_dIra12_00
2026-07-28 22:02:58,267 INFO   Reading metadata annotations...
2026-07-28 22:02:58,485 WARNING   Truncated large annotation(s): switch_1to0d1pglc_msn2_dira12.log
2026-07-28 22:02:58,486 INFO   Classifying metadata...
2026-07-28 22:03:02,005 INFO   -> fluor: YES | tf_loc: YES | tps: 192 | tf: Msn2 | condition: 1.0% glucose to 0.1% glucose | channels: GFP_Z;GFP;cy5;mCherry_Z;mCherry
2026-07-28 22:03:02,205 INFO [1713/1845] Dataset 3301: RampExp_1to0pGlc_full_L2_Msn2Dot6Mig1Snf1_00
2026-07-28 22:03:02,212 INFO   Reading metadata annotations...
2026-07-28 22:03:02,388 WARNING   Truncated large annotation(s): rampexp_1to0pglc_full_l2_msn2dot6mig1snf1.log
2026-07-28 22:03:02,388 INFO   Classifying metadata...
2026-07-28 22:03:06,034 INFO   -> fluor: YES | tf_loc: YES | tps: 192 | tf: Msn2;Dot6;Mig1;Snf1 | condition: 1% glucose to 0% glucose | channels: GFP_Z;GFP;cy5;mCherry_Z;mCherry
2026-07-28 22:03:06,234 INFO [1714/1845] Dataset 3302: cdr1_Fluc_150_00
2026-07-28 22:03:06,248 INFO   Reading metadata annotations...
2026-07-28 22:03:06,513 WARNING   Truncated large annotation(s): cdr1_fluc_150.log
2026-07-28 22:03:06,513 INFO   Classifying metadata...
2026-07-28 22:03:12,931 INFO   -> fluor: YES | tf_loc: NO | tps: 200 | tf: UNKNOWN | condition: SC+2% glucose to SC+2% glucose + 150ug/ml fluconazole | channels: GFP_Z;GFP;cy5
2026-07-28 22:03:13,131 INFO [1715/1845] Dataset 3303: cdr1_Fluc_150_00
2026-07-28 22:03:13,142 INFO   Reading metadata annotations...
2026-07-28 22:03:13,162 WARNING   No .log/.txt/Acq.txt annotation found for dataset 3303.
2026-07-28 22:03:13,162 INFO   Classifying metadata...
2026-07-28 22:03:15,655 INFO   -> fluor: NO | tf_loc: NO | tps:  | tf: UNKNOWN | condition:  | channels: UNKNOWN
2026-07-28 22:03:15,855 INFO [1716/1845] Dataset 3304: cdr1_Fluc_150_00
2026-07-28 22:03:15,864 INFO   Reading metadata annotations...
2026-07-28 22:03:15,881 WARNING   No .log/.txt/Acq.txt annotation found for dataset 3304.
2026-07-28 22:03:15,881 INFO   Classifying metadata...
2026-07-28 22:03:18,219 INFO   -> fluor: NO | tf_loc: NO | tps:  | tf: UNKNOWN | condition:  | channels: UNKNOWN
2026-07-28 22:03:18,420 INFO [1717/1845] Dataset 3305: Ramp_1to0pGlc_10h_Msn2_dIRA12_00
2026-07-28 22:03:18,432 INFO   Reading metadata annotations...
2026-07-28 22:03:18,618 WARNING   Truncated large annotation(s): ramp_1to0pglc_10h_msn2_dira12.log
2026-07-28 22:03:18,618 INFO   Classifying metadata...
2026-07-28 22:03:23,095 INFO   -> fluor: YES | tf_loc: YES | tps: 192 | tf: Msn2 | condition: 1% glucose to 0% glucose | channels: GFP_Z;GFP;cy5;mCherry_Z;mCherry
2026-07-28 22:03:23,296 INFO [1718/1845] Dataset 3306: Ramp_2to0pGlc_10h_Msn2_dIRA12_00
2026-07-28 22:03:23,308 INFO   Reading metadata annotations...
2026-07-28 22:03:23,488 WARNING   Truncated large annotation(s): ramp_2to0pglc_10h_msn2_dira12.log
2026-07-28 22:03:23,489 INFO   Classifying metadata...
2026-07-28 22:03:27,117 INFO   -> fluor: YES | tf_loc: YES | tps: 192 | tf: Msn2 | condition: 2% glucose to 0% glucose | channels: GFP_Z;GFP;cy5;mCherry_Z;mCherry
2026-07-28 22:03:27,318 INFO [1719/1845] Dataset 3308: Switch_2to0pGlc_Msn2_dIra12_00
2026-07-28 22:03:27,331 INFO   Reading metadata annotations...
2026-07-28 22:03:27,525 WARNING   Truncated large annotation(s): switch_2to0pglc_msn2_dira12.log
2026-07-28 22:03:27,525 INFO   Classifying metadata...
2026-07-28 22:03:30,889 INFO   -> fluor: YES | tf_loc: YES | tps: 192 | tf: Msn2 | condition: 2% glucose to 0% glucose | channels: GFP_Z;GFP;cy5;mCherry_Z;mCherry
2026-07-28 22:03:31,090 INFO [1720/1845] Dataset 3307: Ramp_0d5to0pGlc_10h_Msn2_dIRA12_00
2026-07-28 22:03:31,097 INFO   Reading metadata annotations...
2026-07-28 22:03:31,253 WARNING   Truncated large annotation(s): ramp_0d5to0pglc_10h_msn2_dira12.log
2026-07-28 22:03:31,253 INFO   Classifying metadata...
2026-07-28 22:03:34,836 INFO   -> fluor: YES | tf_loc: YES | tps: 192 | tf: Msn2 | condition: 0.5% glucose to 0% glucose | channels: GFP_Z;GFP;cy5;mCherry_Z;mCherry
2026-07-28 22:03:35,036 INFO [1721/1845] Dataset 3310: RampExp_0d5to0pGlc_full_L4_Msn2Dot6Mig1Snf1_00
2026-07-28 22:03:35,049 INFO   Reading metadata annotations...
2026-07-28 22:03:35,254 WARNING   Truncated large annotation(s): rampexp_0d5to0pglc_full_l4_msn2dot6mig1snf1.log
2026-07-28 22:03:35,254 INFO   Classifying metadata...
2026-07-28 22:03:39,544 INFO   -> fluor: YES | tf_loc: YES | tps: 192 | tf: Msn2;Dot6;Mig1;Snf1 | condition: 0.5% glucose to 0% glucose | channels: GFP_Z;GFP;cy5;mCherry_Z;mCherry
2026-07-28 22:03:39,745 INFO [1722/1845] Dataset 3311: Switch_2to0pGlc_Msn2Dot6Mig1Snf1_00
2026-07-28 22:03:39,758 INFO   Reading metadata annotations...
2026-07-28 22:03:39,955 WARNING   Truncated large annotation(s): switch_2to0pglc_msn2dot6mig1snf1.log
2026-07-28 22:03:39,955 INFO   Classifying metadata...
2026-07-28 22:03:43,193 INFO   -> fluor: YES | tf_loc: YES | tps: 192 | tf: Msn2;Dot6;Mig1;Snf1 | condition: 2% glucose to 0% glucose | channels: GFP_Z;GFP;cy5;mCherry_Z;mCherry
2026-07-28 22:03:43,394 INFO [1723/1845] Dataset 3312: Ramp_1to0d5pGlc_1h15m_Msn2Dot6Mig1Snf1_00
2026-07-28 22:03:43,406 INFO   Reading metadata annotations...
2026-07-28 22:03:43,593 WARNING   Truncated large annotation(s): ramp_1to0d5pglc_1h15m_msn2dot6mig1snf1.log
2026-07-28 22:03:43,594 INFO   Classifying metadata...
2026-07-28 22:03:47,135 INFO   -> fluor: YES | tf_loc: YES | tps: 192 | tf: Msn2;Dot6;Mig1;Snf1 | condition: 1% glucose to 0.5% glucose | channels: GFP_Z;GFP;cy5;mCherry_Z;mCherry
2026-07-28 22:03:47,335 INFO [1724/1845] Dataset 3313: Ramp_1to0d2pGlc_2h_Msn2Dot6Mig1Snf1_00
2026-07-28 22:03:47,348 INFO   Reading metadata annotations...
2026-07-28 22:03:47,588 WARNING   Truncated large annotation(s): ramp_1to0d2pglc_2h_msn2dot6mig1snf1.log
2026-07-28 22:03:47,588 INFO   Classifying metadata...
2026-07-28 22:03:51,793 INFO   -> fluor: YES | tf_loc: YES | tps: 192 | tf: Msn2;Dot6;Mig1;Snf1 | condition: 1% glucose to 0.2% glucose | channels: GFP_Z;GFP;cy5;mCherry_Z;mCherry
2026-07-28 22:03:51,994 INFO [1725/1845] Dataset 3309: Ramp_2to0pGlc_5h_Msn2_dIRA12_00
2026-07-28 22:03:52,001 INFO   Reading metadata annotations...
2026-07-28 22:03:52,152 WARNING   Truncated large annotation(s): ramp_2to0pglc_5h_msn2_dira12.log
2026-07-28 22:03:52,152 INFO   Classifying metadata...
2026-07-28 22:03:55,666 INFO   -> fluor: YES | tf_loc: YES | tps: 192 | tf: Msn2 | condition: 2% glucose to 0% glucose | channels: GFP_Z;GFP;cy5;mCherry_Z;mCherry
2026-07-28 22:03:55,866 INFO [1726/1845] Dataset 3351: Switch_1to0d1pGlc_Msn2_dPde12_00
2026-07-28 22:03:55,880 INFO   Reading metadata annotations...
2026-07-28 22:03:56,117 WARNING   Truncated large annotation(s): switch_1to0d1pglc_msn2_dpde12.log
2026-07-28 22:03:56,118 INFO   Classifying metadata...
2026-07-28 22:03:59,453 INFO   -> fluor: YES | tf_loc: YES | tps: 192 | tf: Msn2 | condition: 1% glucose to 0.1% glucose | channels: GFP_Z;GFP;cy5;mCherry_Z;mCherry
2026-07-28 22:03:59,653 INFO [1727/1845] Dataset 3352: Switch_2to0pGlc_Msn2_dPde12_00
2026-07-28 22:03:59,666 INFO   Reading metadata annotations...
2026-07-28 22:03:59,865 WARNING   Truncated large annotation(s): switch_2to0pglc_msn2_dpde12.log
2026-07-28 22:03:59,866 INFO   Classifying metadata...
2026-07-28 22:04:03,220 INFO   -> fluor: YES | tf_loc: YES | tps: 192 | tf: Msn2 | condition: 2% glucose to 0% glucose | channels: GFP_Z;GFP;cy5;mCherry_Z;mCherry
2026-07-28 22:04:03,420 INFO [1728/1845] Dataset 3353: Ramp_2to0pGlc_5h_Msn2_dPde12_00
2026-07-28 22:04:03,432 INFO   Reading metadata annotations...
2026-07-28 22:04:03,630 WARNING   Truncated large annotation(s): ramp_2to0pglc_5h_msn2_dpde12.log
2026-07-28 22:04:03,630 INFO   Classifying metadata...
2026-07-28 22:04:08,620 INFO   -> fluor: YES | tf_loc: YES | tps: 192 | tf: Msn2 | condition: 2% glucose to 0% glucose | channels: GFP_Z;GFP;cy5;mCherry_Z;mCherry
2026-07-28 22:04:08,821 INFO [1729/1845] Dataset 3401: Ramp_0d5to0pGlc_10h_Msn2_dPde12_00
2026-07-28 22:04:08,833 INFO   Reading metadata annotations...
2026-07-28 22:04:09,028 WARNING   Truncated large annotation(s): ramp_0d5to0pglc_10h_msn2_dpde12.log
2026-07-28 22:04:09,028 INFO   Classifying metadata...
2026-07-28 22:04:12,623 INFO   -> fluor: YES | tf_loc: YES | tps: 192 | tf: Msn2 | condition: 0.5% glucose to 0% glucose | channels: GFP_Z;GFP;cy5;mCherry_Z;mCherry
2026-07-28 22:04:12,823 INFO [1730/1845] Dataset 3402: Ramp_1to0pGlc_10h_Msn2_dPde12_00
2026-07-28 22:04:12,832 INFO   Reading metadata annotations...
2026-07-28 22:04:13,026 WARNING   Truncated large annotation(s): ramp_1to0pglc_10h_msn2_dpde12.log
2026-07-28 22:04:13,027 INFO   Classifying metadata...
2026-07-28 22:04:16,246 INFO   -> fluor: YES | tf_loc: YES | tps: 192 | tf: Msn2 | condition: 1% glucose to 0% glucose | channels: GFP_Z;GFP;cy5;mCherry_Z;mCherry
2026-07-28 22:04:16,446 INFO [1731/1845] Dataset 3451: Ramp_Man_10h_Gal2_VPh1_00
2026-07-28 22:04:16,459 INFO   Reading metadata annotations...
2026-07-28 22:04:16,639 WARNING   Truncated large annotation(s): ramp_man_10h_gal2_vph1.log
2026-07-28 22:04:16,640 INFO   Classifying metadata...
2026-07-28 22:04:22,704 INFO   -> fluor: YES | tf_loc: NO | tps: 192 | tf: UNKNOWN | condition: 1.5% mannose to 0% mannose | channels: GFP_Z;GFP;cy5
2026-07-28 22:04:22,904 INFO [1732/1845] Dataset 3502: C3_Pyruvate_100exposure_00
2026-07-28 22:04:22,916 INFO   Reading metadata annotations...
2026-07-28 22:04:23,097 INFO   Classifying metadata...
2026-07-28 22:04:28,431 INFO   -> fluor: NO | tf_loc: NO | tps: 1 | tf: UNKNOWN | condition: TMRM imaging | channels: UNKNOWN
2026-07-28 22:04:28,632 INFO [1733/1845] Dataset 3551: Aggregation_water_00
2026-07-28 22:04:28,645 INFO   Reading metadata annotations...
2026-07-28 22:04:28,904 WARNING   Truncated large annotation(s): aggregation_water.log
2026-07-28 22:04:28,904 INFO   Classifying metadata...
2026-07-28 22:04:34,344 INFO   -> fluor: YES | tf_loc: NO | tps: 120 | tf: Fas2;Ltv1;Sro9;Cpr6;Cdc123;Nmd4;Met14;Lsm1;Edc1;Hyr1;Gtt2 | condition: first media to water | channels: GFP;GFPFast;cy5
2026-07-28 22:04:34,545 INFO [1734/1845] Dataset 3601: plate1_1_cAMPsensor_1702_00
2026-07-28 22:04:34,557 INFO   Reading metadata annotations...
2026-07-28 22:04:34,724 INFO   Classifying metadata...
2026-07-28 22:04:37,370 INFO   -> fluor: NO | tf_loc: NO | tps: 1 | tf: UNKNOWN | condition: Expression test. | channels: GFP_Z;GFP;mTurquoise2;mCherry_Z;mCherry
2026-07-28 22:04:37,570 INFO [1735/1845] Dataset 3602: plate1_1_cAMPsensor_1702_00
2026-07-28 22:04:37,583 INFO   Reading metadata annotations...
2026-07-28 22:04:37,715 INFO   Classifying metadata...
2026-07-28 22:04:40,888 INFO   -> fluor: NO | tf_loc: NO | tps: 1 | tf: UNKNOWN | condition: Expression test. | channels: GFP_Z;GFP;mTurquoise2;mCherry_Z;mCherry
2026-07-28 22:04:41,089 INFO [1736/1845] Dataset 3603: plate1_1_cAMPsensor_1702_00
2026-07-28 22:04:41,096 INFO   Reading metadata annotations...
2026-07-28 22:04:41,177 INFO   Classifying metadata...
2026-07-28 22:04:44,449 INFO   -> fluor: NO | tf_loc: NO | tps: 1 | tf: UNKNOWN | condition: Expression test. | channels: GFP_Z;GFP;mTurquoise2;mCherry_Z;mCherry
2026-07-28 22:04:44,650 INFO [1737/1845] Dataset 3604: plate1_1_cAMPsensor_1702_00
2026-07-28 22:04:44,663 INFO   Reading metadata annotations...
2026-07-28 22:04:44,790 INFO   Classifying metadata...
2026-07-28 22:04:48,486 INFO   -> fluor: NO | tf_loc: NO | tps: 1 | tf: UNKNOWN | condition: Expression test. | channels: GFP_Z;GFP;mTurquoise2;mCherry_Z;mCherry
2026-07-28 22:04:48,686 INFO [1738/1845] Dataset 3605: plate1_1_cAMPsensor_1702_00
2026-07-28 22:04:48,699 INFO   Reading metadata annotations...
2026-07-28 22:04:48,833 INFO   Classifying metadata...
2026-07-28 22:04:51,768 INFO   -> fluor: NO | tf_loc: NO | tps: 1 | tf: UNKNOWN | condition: Expression test. | channels: GFP_Z;GFP;mTurquoise2;mCherry_Z;mCherry
2026-07-28 22:04:51,968 INFO [1739/1845] Dataset 3606: plate1_1_cAMPsensor_1702_00
2026-07-28 22:04:51,976 INFO   Reading metadata annotations...
2026-07-28 22:04:52,039 INFO   Classifying metadata...
2026-07-28 22:04:55,141 INFO   -> fluor: NO | tf_loc: NO | tps: 1 | tf: UNKNOWN | condition: Expression test. | channels: GFP_Z;GFP;mTurquoise2;mCherry_Z;mCherry
2026-07-28 22:04:55,341 INFO [1740/1845] Dataset 3607: plate1_1_cAMPsensor_1702_00
2026-07-28 22:04:55,354 INFO   Reading metadata annotations...
2026-07-28 22:04:55,441 INFO   Classifying metadata...
2026-07-28 22:04:58,382 INFO   -> fluor: NO | tf_loc: NO | tps: 1 | tf: UNKNOWN | condition: Expression test. | channels: GFP_Z;GFP;mTurquoise2;mCherry_Z;mCherry
2026-07-28 22:04:58,582 INFO [1741/1845] Dataset 3608: plate1_1_cAMPsensor_1702_00
2026-07-28 22:04:58,595 INFO   Reading metadata annotations...
2026-07-28 22:04:58,725 INFO   Classifying metadata...
2026-07-28 22:05:01,559 INFO   -> fluor: NO | tf_loc: NO | tps: 1 | tf: UNKNOWN | condition: Expression test. | channels: GFP_Z;GFP;mTurquoise2;mCherry_Z;mCherry
2026-07-28 22:05:01,759 INFO [1742/1845] Dataset 3609: plate1_1_cAMPsensor_1702_00
2026-07-28 22:05:01,766 INFO   Reading metadata annotations...
2026-07-28 22:05:01,888 INFO   Classifying metadata...
2026-07-28 22:05:04,710 INFO   -> fluor: NO | tf_loc: NO | tps: 1 | tf: UNKNOWN | condition: Expression test. | channels: GFP_Z;GFP;mTurquoise2;mCherry_Z;mCherry
2026-07-28 22:05:04,911 INFO [1743/1845] Dataset 3610: plate1_1_cAMPsensor_1702_00
2026-07-28 22:05:04,924 INFO   Reading metadata annotations...
2026-07-28 22:05:05,055 INFO   Classifying metadata...
2026-07-28 22:05:07,943 INFO   -> fluor: NO | tf_loc: NO | tps: 1 | tf: UNKNOWN | condition: Expression test. | channels: GFP_Z;GFP;mTurquoise2;mCherry_Z;mCherry
2026-07-28 22:05:08,143 INFO [1744/1845] Dataset 3611: plate1_1_cAMPsensor_1702_00
2026-07-28 22:05:08,156 INFO   Reading metadata annotations...
2026-07-28 22:05:08,311 INFO   Classifying metadata...
2026-07-28 22:05:11,108 INFO   -> fluor: NO | tf_loc: NO | tps: 1 | tf: UNKNOWN | condition: Expression test. | channels: GFP_Z;GFP;mTurquoise2;mCherry_Z;mCherry
2026-07-28 22:05:11,308 INFO [1745/1845] Dataset 3651: cgMsn2_nosugar_01
2026-07-28 22:05:11,315 INFO   Reading metadata annotations...
2026-07-28 22:05:11,467 WARNING   Truncated large annotation(s): cgmsn2_nosugar.log
2026-07-28 22:05:11,467 INFO   Classifying metadata...
2026-07-28 22:05:14,957 INFO   -> fluor: YES | tf_loc: YES | tps: 200 | tf: Msn2 | condition: 2% glucose to 0% glucose | channels: GFP_Z;GFP;cy5;mCherry_Z;mCherry
2026-07-28 22:05:15,158 INFO [1746/1845] Dataset 3702: B2_WT1_mannose_05_00
2026-07-28 22:05:15,169 INFO   Reading metadata annotations...
2026-07-28 22:05:15,273 INFO   Classifying metadata...
2026-07-28 22:05:20,559 INFO   -> fluor: NO | tf_loc: NO | tps: 1 | tf: UNKNOWN | condition: TMRM imaging | channels: UNKNOWN
2026-07-28 22:05:20,759 INFO [1747/1845] Dataset 3703: B5_WT1_Gal_05_00
2026-07-28 22:05:20,766 INFO   Reading metadata annotations...
2026-07-28 22:05:20,861 INFO   Classifying metadata...
2026-07-28 22:05:25,511 INFO   -> fluor: NO | tf_loc: NO | tps: 1 | tf: UNKNOWN | condition: TMRM imaging | channels: UNKNOWN
2026-07-28 22:05:25,711 INFO [1748/1845] Dataset 3705: B5_WT1_MG_05_unstained_00
2026-07-28 22:05:25,724 INFO   Reading metadata annotations...
2026-07-28 22:05:25,869 INFO   Classifying metadata...
2026-07-28 22:05:29,740 INFO   -> fluor: NO | tf_loc: NO | tps: 1 | tf: UNKNOWN | condition: TMRM imaging | channels: Brightfield, TMRM
2026-07-28 22:05:29,941 INFO [1749/1845] Dataset 3706: B5_WT2_Gal_05_00
2026-07-28 22:05:29,953 INFO   Reading metadata annotations...
2026-07-28 22:05:30,062 INFO   Classifying metadata...
2026-07-28 22:05:35,143 INFO   -> fluor: NO | tf_loc: NO | tps: 1 | tf: UNKNOWN | condition: TMRM imaging | channels: UNKNOWN
2026-07-28 22:05:35,343 INFO [1750/1845] Dataset 3707: B5_WT2_Gal_05_unstained_00
2026-07-28 22:05:35,356 INFO   Reading metadata annotations...
2026-07-28 22:05:35,520 INFO   Classifying metadata...
2026-07-28 22:05:40,862 INFO   -> fluor: NO | tf_loc: NO | tps: 1 | tf: UNKNOWN | condition: TMRM imaging | channels: UNKNOWN
2026-07-28 22:05:41,062 INFO [1751/1845] Dataset 3708: B5_WT2_mannose_05_00
2026-07-28 22:05:41,069 INFO   Reading metadata annotations...
2026-07-28 22:05:41,163 INFO   Classifying metadata...
2026-07-28 22:05:45,394 INFO   -> fluor: NO | tf_loc: NO | tps: 1 | tf: UNKNOWN | condition: TMRM imaging | channels: UNKNOWN
2026-07-28 22:05:45,595 INFO [1752/1845] Dataset 3709: B5_WT2_mannose_05_01
2026-07-28 22:05:45,607 INFO   Reading metadata annotations...
2026-07-28 22:05:45,767 INFO   Classifying metadata...
2026-07-28 22:05:49,493 INFO   -> fluor: NO | tf_loc: NO | tps: 1 | tf: UNKNOWN | condition: TMRM imaging | channels: TMRM
2026-07-28 22:05:49,693 INFO [1753/1845] Dataset 3710: B5_WT2_mannose_05_Unstained_00
2026-07-28 22:05:49,706 INFO   Reading metadata annotations...
2026-07-28 22:05:49,838 INFO   Classifying metadata...
2026-07-28 22:05:59,379 INFO   -> fluor: NO | tf_loc: NO | tps: 1 | tf: UNKNOWN | condition: TMRM imaging | channels: TMRM
2026-07-28 22:05:59,579 INFO [1754/1845] Dataset 3711: B5_WT2_MG_05_00
2026-07-28 22:05:59,592 INFO   Reading metadata annotations...
2026-07-28 22:05:59,753 INFO   Classifying metadata...
2026-07-28 22:06:09,535 INFO   -> fluor: NO | tf_loc: NO | tps: 1 | tf: UNKNOWN | condition: TMRM imaging | channels: Brightfield, TMRM
2026-07-28 22:06:09,735 INFO [1755/1845] Dataset 3712: B5_WT2_MG_05_01
2026-07-28 22:06:09,748 INFO   Reading metadata annotations...
2026-07-28 22:06:09,909 INFO   Classifying metadata...
2026-07-28 22:06:15,818 INFO   -> fluor: NO | tf_loc: NO | tps: 1 | tf: UNKNOWN | condition: TMRM imaging | channels: UNKNOWN
2026-07-28 22:06:16,018 INFO [1756/1845] Dataset 3713: B5_WT2_MG_05_02
2026-07-28 22:06:16,030 INFO   Reading metadata annotations...
2026-07-28 22:06:16,120 INFO   Classifying metadata...
2026-07-28 22:06:22,983 INFO   -> fluor: NO | tf_loc: NO | tps: 1 | tf: UNKNOWN | condition: TMRM imaging | channels: UNKNOWN
2026-07-28 22:06:23,184 INFO [1757/1845] Dataset 3714: B5_WT2_MG_05_Unstained_00
2026-07-28 22:06:23,196 INFO   Reading metadata annotations...
2026-07-28 22:06:23,356 INFO   Classifying metadata...
2026-07-28 22:06:29,197 INFO   -> fluor: NO | tf_loc: NO | tps: 1 | tf: UNKNOWN | condition: TMRM imaging | channels: Brightfield, TMRM
2026-07-28 22:06:29,397 INFO [1758/1845] Dataset 3751: Aggregates_recovery_02
2026-07-28 22:06:29,408 INFO   Reading metadata annotations...
2026-07-28 22:06:29,426 WARNING   No .log/.txt/Acq.txt annotation found for dataset 3751.
2026-07-28 22:06:29,426 INFO   Classifying metadata...
2026-07-28 22:06:31,432 INFO   -> fluor: NO | tf_loc: NO | tps:  | tf: UNKNOWN | condition:  | channels: UNKNOWN
2026-07-28 22:06:31,633 INFO [1759/1845] Dataset 3752: Aggregates_recovery_02
2026-07-28 22:06:31,640 INFO   Reading metadata annotations...
2026-07-28 22:06:31,804 WARNING   Truncated large annotation(s): aggregates_recovery.log
2026-07-28 22:06:31,804 INFO   Classifying metadata...
2026-07-28 22:06:39,322 INFO   -> fluor: YES | tf_loc: YES | tps: 180 | tf: UNKNOWN | condition: SC + 2% glucose to water to SC + 2% glucose | channels: GFP_Z;GFP;cy5
2026-07-28 22:06:39,522 INFO [1760/1845] Dataset 3801: Aggregates_recovery_02
2026-07-28 22:06:39,535 INFO   Reading metadata annotations...
2026-07-28 22:06:39,771 WARNING   Truncated large annotation(s): aggregates_recovery.log
2026-07-28 22:06:39,771 INFO   Classifying metadata...
2026-07-28 22:06:45,817 INFO   -> fluor: YES | tf_loc: YES | tps: 180 | tf: UNKNOWN | condition: SC + 2% glucose to water | channels: GFP_Z;GFP;cy5
2026-07-28 22:06:46,018 INFO [1761/1845] Dataset 3851: TFScreen_plate1_A_B_lowN2_00
2026-07-28 22:06:46,030 INFO   Reading metadata annotations...
2026-07-28 22:06:46,241 WARNING   Truncated large annotation(s): tfscreen_plate1_a_b_lown2.log
2026-07-28 22:06:46,241 INFO   Classifying metadata...
2026-07-28 22:06:52,904 INFO   -> fluor: YES | tf_loc: YES | tps: 24 | tf: UNKNOWN | condition: high nitrogen media to low nitrogen mediaSorbitol replaces ammonium sulphate in the low N2 media | channels: GFP_Z;GFP;cy5
2026-07-28 22:06:53,104 INFO [1762/1845] Dataset 3852: Switch_2to0pGlc_Msn2_dIra12_00
2026-07-28 22:06:53,117 INFO   Reading metadata annotations...
2026-07-28 22:06:53,312 WARNING   Truncated large annotation(s): switch_2to0pglc_msn2_dira12.log
2026-07-28 22:06:53,312 INFO   Classifying metadata...
2026-07-28 22:06:56,851 INFO   -> fluor: YES | tf_loc: YES | tps: 192 | tf: Msn2 | condition: 2% glucose to 0% glucose | channels: GFP_Z;GFP;cy5;mCherry_Z;mCherry
2026-07-28 22:06:57,052 INFO [1763/1845] Dataset 3901: Haomiao_setA_00
2026-07-28 22:06:57,065 INFO   Reading metadata annotations...
2026-07-28 22:06:57,253 WARNING   Truncated large annotation(s): haomiao_seta.log
2026-07-28 22:06:57,254 INFO   Classifying metadata...
2026-07-28 22:07:05,637 INFO   -> fluor: YES | tf_loc: NO | tps: 600 | tf: UNKNOWN | condition: Comparison of kinetochore dwell times using various mutants generated by Haomiao (Hardwick lab) | channels: GFP_Z;GFP;cy5
2026-07-28 22:07:05,838 INFO [1764/1845] Dataset 3902: TFScreen_plate1_A_B_lowN2_00
2026-07-28 22:07:05,849 INFO   Reading metadata annotations...
2026-07-28 22:07:06,088 WARNING   Truncated large annotation(s): tfscreen_plate1_a_b_lown2.log
2026-07-28 22:07:06,088 INFO   Classifying metadata...
2026-07-28 22:07:12,949 INFO   -> fluor: YES | tf_loc: YES | tps: 24 | tf: UNKNOWN | condition: high nitrogen media to low nitrogen mediaSorbitol replaces ammonium sulphate in the low N2 media | channels: GFP_Z;GFP;cy5
2026-07-28 22:07:13,150 INFO [1765/1845] Dataset 3903: TFScreen_plate1_A_B_lowN2_00
2026-07-28 22:07:13,161 INFO   Reading metadata annotations...
2026-07-28 22:07:13,345 WARNING   Truncated large annotation(s): tfscreen_plate1_a_b_lown2.log
2026-07-28 22:07:13,345 INFO   Classifying metadata...
2026-07-28 22:07:18,776 INFO   -> fluor: YES | tf_loc: YES | tps: 24 | tf: UNKNOWN | condition: high nitrogen media to low nitrogen mediaSorbitol replaces ammonium sulphate in the low N2 media | channels: GFP_Z;GFP;cy5
2026-07-28 22:07:18,976 INFO [1766/1845] Dataset 3904: SetB_Haomiao_mutants_00
2026-07-28 22:07:18,988 INFO   Reading metadata annotations...
2026-07-28 22:07:19,148 WARNING   Truncated large annotation(s): setb_haomiao_mutants.log
2026-07-28 22:07:19,148 INFO   Classifying metadata...
2026-07-28 22:07:27,907 INFO   -> fluor: YES | tf_loc: NO | tps: 600 | tf: UNKNOWN | condition: Aim: Measure kinetochore dwell time in Haomiao strains | channels: GFP;GFPFast;cy5
2026-07-28 22:07:28,107 INFO [1767/1845] Dataset 3905: TFScreen_plate1_2_lowN2_00
2026-07-28 22:07:28,120 INFO   Reading metadata annotations...
2026-07-28 22:07:28,138 WARNING   No .log/.txt/Acq.txt annotation found for dataset 3905.
2026-07-28 22:07:28,138 INFO   Classifying metadata...
2026-07-28 22:07:30,888 INFO   -> fluor: NO | tf_loc: YES | tps:  | tf: UNKNOWN | condition:  | channels: UNKNOWN
2026-07-28 22:07:31,088 INFO [1768/1845] Dataset 3951: Switch_2to0pGlc_Msn2_dIra12_00
2026-07-28 22:07:31,095 INFO   Reading metadata annotations...
2026-07-28 22:07:31,236 WARNING   Truncated large annotation(s): switch_2to0pglc_msn2_dira12.log
2026-07-28 22:07:31,237 INFO   Classifying metadata...
2026-07-28 22:07:35,435 INFO   -> fluor: YES | tf_loc: YES | tps: 192 | tf: Msn2 | condition: 2% glucose to 0% glucose | channels: GFP_Z;GFP;cy5;mCherry_Z;mCherry
2026-07-28 22:07:35,636 INFO [1769/1845] Dataset 3952: Switch_2to0pGlc_Msn2_dIra12_00
2026-07-28 22:07:35,649 INFO   Reading metadata annotations...
2026-07-28 22:07:35,835 WARNING   Truncated large annotation(s): switch_2to0pglc_msn2_dira12.log
2026-07-28 22:07:35,835 INFO   Classifying metadata...
2026-07-28 22:07:39,206 INFO   -> fluor: YES | tf_loc: YES | tps: 192 | tf: Msn2 | condition: 2% glucose to 0% glucose | channels: GFP_Z;GFP;cy5;mCherry_Z;mCherry
2026-07-28 22:07:39,407 INFO [1770/1845] Dataset 4001: Switch_2to0pGlc_Msn2_dIra12_00
2026-07-28 22:07:39,420 INFO   Reading metadata annotations...
2026-07-28 22:07:39,445 WARNING   No .log/.txt/Acq.txt annotation found for dataset 4001.
2026-07-28 22:07:39,445 INFO   Classifying metadata...
2026-07-28 22:07:39,446 INFO   -> fluor: NO | tf_loc: YES | tps:  | tf: Msn2 | condition:  | channels: UNKNOWN
2026-07-28 22:07:39,646 INFO [1771/1845] Dataset 4002: Switch_2to0pGlc_Msn2_dIra12_00
2026-07-28 22:07:39,658 INFO   Reading metadata annotations...
2026-07-28 22:07:39,860 WARNING   Truncated large annotation(s): switch_2to0pglc_msn2_dira12.log
2026-07-28 22:07:39,860 INFO   Classifying metadata...
2026-07-28 22:07:43,300 INFO   -> fluor: YES | tf_loc: YES | tps: 192 | tf: Msn2 | condition: 2% glucose to 0% glucose | channels: GFP_Z;GFP;cy5;mCherry_Z;mCherry
2026-07-28 22:07:43,500 INFO [1772/1845] Dataset 4051: TFScreen_plate1_zeroGlc_00
2026-07-28 22:07:43,512 INFO   Reading metadata annotations...
2026-07-28 22:07:43,741 WARNING   Truncated large annotation(s): tfscreen_plate1_zeroglc.log
2026-07-28 22:07:43,741 INFO   Classifying metadata...
2026-07-28 22:07:48,772 INFO   -> fluor: YES | tf_loc: YES | tps: 24 | tf: Msn2 | condition: 2% glucose in SC to 0% | channels: GFP_Z;GFP;mCherry_Z;mCherry;cy5
2026-07-28 22:07:48,973 INFO [1773/1845] Dataset 4052: TFScreen_plate2_zeroGlc_00
2026-07-28 22:07:48,985 INFO   Reading metadata annotations...
2026-07-28 22:07:49,244 WARNING   Truncated large annotation(s): tfscreen_plate2_zeroglc.log
2026-07-28 22:07:49,244 INFO   Classifying metadata...
2026-07-28 22:07:53,450 INFO   -> fluor: YES | tf_loc: YES | tps: 24 | tf: Msn2 | condition: 2% glucose in SC to 0% | channels: GFP_Z;GFP;mCherry_Z;mCherry;cy5
2026-07-28 22:07:53,651 INFO [1774/1845] Dataset 4053: TFScreen_LowN2_switch_last5_00
2026-07-28 22:07:53,664 INFO   Reading metadata annotations...
2026-07-28 22:07:53,827 WARNING   Truncated large annotation(s): tfscreen_lown2_switch_last5.log
2026-07-28 22:07:53,827 INFO   Classifying metadata...
2026-07-28 22:07:58,740 INFO   -> fluor: YES | tf_loc: YES | tps: 24 | tf: UNKNOWN | condition: high nitrogen to low nitrogen media | channels: GFP_Z;GFP;cy5
2026-07-28 22:07:58,940 INFO [1775/1845] Dataset 4054: TFScreen_plate1_zeroGlc_00
2026-07-28 22:07:58,952 INFO   Reading metadata annotations...
2026-07-28 22:07:59,200 WARNING   Truncated large annotation(s): tfscreen_plate1_zeroglc.log
2026-07-28 22:07:59,200 INFO   Classifying metadata...
2026-07-28 22:08:03,139 INFO   -> fluor: YES | tf_loc: YES | tps: 24 | tf: Msn2 | condition: 2% glucose in SC to 0% | channels: GFP_Z;GFP;mCherry_Z;mCherry;cy5
2026-07-28 22:08:03,339 INFO [1776/1845] Dataset 4055: Haomiao_setB_00
2026-07-28 22:08:03,352 INFO   Reading metadata annotations...
2026-07-28 22:08:03,554 WARNING   Truncated large annotation(s): haomiao_setb.log
2026-07-28 22:08:03,555 INFO   Classifying metadata...
2026-07-28 22:08:09,170 INFO   -> fluor: YES | tf_loc: NO | tps: 600 | tf: UNKNOWN | condition: SC+glucose to SC+glc+nocodazole | channels: GFP_Z;GFP;cy5
2026-07-28 22:08:09,371 INFO [1777/1845] Dataset 4056: TFScreen_plate1_zeroGlc_00
2026-07-28 22:08:09,384 INFO   Reading metadata annotations...
2026-07-28 22:08:09,401 WARNING   No .log/.txt/Acq.txt annotation found for dataset 4056.
2026-07-28 22:08:09,402 INFO   Classifying metadata...
2026-07-28 22:08:12,192 INFO   -> fluor: NO | tf_loc: YES | tps:  | tf: UNKNOWN | condition:  | channels: UNKNOWN
2026-07-28 22:08:12,393 INFO [1778/1845] Dataset 4101: Haomiao_setB_00
2026-07-28 22:08:12,400 INFO   Reading metadata annotations...
2026-07-28 22:08:12,551 WARNING   Truncated large annotation(s): haomiao_setb.log
2026-07-28 22:08:12,552 INFO   Classifying metadata...
2026-07-28 22:08:18,343 INFO   -> fluor: YES | tf_loc: NO | tps: 600 | tf: UNKNOWN | condition: SC+glucose to SC+glc+nocodazole | channels: GFP_Z;GFP;cy5
2026-07-28 22:08:18,543 INFO [1779/1845] Dataset 4102: TFScreen_plate1_zeroGlc_00
2026-07-28 22:08:18,555 INFO   Reading metadata annotations...
2026-07-28 22:08:18,802 WARNING   Truncated large annotation(s): tfscreen_plate1_zeroglc.log
2026-07-28 22:08:18,802 INFO   Classifying metadata...
2026-07-28 22:08:22,827 INFO   -> fluor: YES | tf_loc: YES | tps: 24 | tf: Msn2 | condition: 2% glucose in SC to 0% | channels: GFP_Z;GFP;mCherry_Z;mCherry;cy5
2026-07-28 22:08:23,027 INFO [1780/1845] Dataset 4103: TFScreen_plate2_lowN2_00
2026-07-28 22:08:23,039 INFO   Reading metadata annotations...
2026-07-28 22:08:23,301 WARNING   Truncated large annotation(s): tfscreen_plate2_lown2.log
2026-07-28 22:08:23,302 INFO   Classifying metadata...
2026-07-28 22:08:28,572 INFO   -> fluor: YES | tf_loc: YES | tps: 24 | tf: UNKNOWN | condition: high nitrogen media to low nitrogen mediaSorbitol replaces ammonium sulphate in the low N2 media | channels: GFP_Z;GFP;mCherry_Z;mCherry;cy5
2026-07-28 22:08:28,773 INFO [1781/1845] Dataset 4104: TFScreen_plate2_lowN2_00
2026-07-28 22:08:28,786 INFO   Reading metadata annotations...
2026-07-28 22:08:29,029 WARNING   Truncated large annotation(s): tfscreen_plate2_lown2.log
2026-07-28 22:08:29,030 INFO   Classifying metadata...
2026-07-28 22:08:34,872 INFO   -> fluor: YES | tf_loc: YES | tps: 24 | tf: UNKNOWN | condition: high nitrogen media to low nitrogen mediaSorbitol replaces ammonium sulphate in the low N2 media | channels: GFP_Z;GFP;mCherry_Z;mCherry;cy5
2026-07-28 22:08:35,072 INFO [1782/1845] Dataset 4105: TFScreen_plate2_lowN2_00
2026-07-28 22:08:35,085 INFO   Reading metadata annotations...
2026-07-28 22:08:35,362 WARNING   Truncated large annotation(s): tfscreen_plate2_lown2.log
2026-07-28 22:08:35,363 INFO   Classifying metadata...
2026-07-28 22:08:40,804 INFO   -> fluor: YES | tf_loc: YES | tps: 24 | tf: UNKNOWN | condition: high nitrogen media to low nitrogen mediaSorbitol replaces ammonium sulphate in the low N2 media | channels: GFP_Z;GFP;mCherry_Z;mCherry;cy5
2026-07-28 22:08:41,004 INFO [1783/1845] Dataset 4106: TFScreen_plate2_lowN2_00
2026-07-28 22:08:41,011 INFO   Reading metadata annotations...
2026-07-28 22:08:41,157 WARNING   Truncated large annotation(s): tfscreen_plate2_lown2.log
2026-07-28 22:08:41,157 INFO   Classifying metadata...
2026-07-28 22:08:46,214 INFO   -> fluor: YES | tf_loc: YES | tps: 24 | tf: UNKNOWN | condition: high nitrogen media to low nitrogen mediaSorbitol replaces ammonium sulphate in the low N2 media | channels: GFP_Z;GFP;mCherry_Z;cy5
2026-07-28 22:08:46,414 INFO [1784/1845] Dataset 4107: TFScreen_plate2_lowN2_00
2026-07-28 22:08:46,427 INFO   Reading metadata annotations...
2026-07-28 22:08:46,698 WARNING   Truncated large annotation(s): tfscreen_plate2_lown2.log
2026-07-28 22:08:46,698 INFO   Classifying metadata...
2026-07-28 22:08:52,925 INFO   -> fluor: YES | tf_loc: YES | tps: 24 | tf: UNKNOWN | condition: high nitrogen media to low nitrogen mediaSorbitol replaces ammonium sulphate in the low N2 media | channels: GFP_Z;GFP;mCherry_Z;cy5
2026-07-28 22:08:53,125 INFO [1785/1845] Dataset 4108: TFScreen_plate1_lowN2_00
2026-07-28 22:08:53,137 INFO   Reading metadata annotations...
2026-07-28 22:08:53,389 WARNING   Truncated large annotation(s): tfscreen_plate1_lown2.log
2026-07-28 22:08:53,390 INFO   Classifying metadata...
2026-07-28 22:08:59,750 INFO   -> fluor: YES | tf_loc: YES | tps: 24 | tf: UNKNOWN | condition: high nitrogen media to low nitrogen mediaSorbitol replaces ammonium sulphate in the low N2 media | channels: GFP_Z;GFP;cy5
2026-07-28 22:08:59,950 INFO [1786/1845] Dataset 4109: TFScreen_plate1_lowN2_00
2026-07-28 22:08:59,963 INFO   Reading metadata annotations...
2026-07-28 22:09:00,117 WARNING   Truncated large annotation(s): tfscreen_plate1_lown2.log
2026-07-28 22:09:00,118 INFO   Classifying metadata...
2026-07-28 22:09:05,673 INFO   -> fluor: YES | tf_loc: YES | tps: 24 | tf: UNKNOWN | condition: high nitrogen media to low nitrogen mediaSorbitol replaces ammonium sulphate in the low N2 media | channels: GFP_Z;GFP;cy5
2026-07-28 22:09:05,873 INFO [1787/1845] Dataset 4110: TFScreen_plate1_2_lowN2_00
2026-07-28 22:09:05,885 INFO   Reading metadata annotations...
2026-07-28 22:09:06,110 WARNING   Truncated large annotation(s): tfscreen_plate1_2_lown2.log
2026-07-28 22:09:06,111 INFO   Classifying metadata...
2026-07-28 22:09:11,466 INFO   -> fluor: YES | tf_loc: YES | tps: 24 | tf: UNKNOWN | condition: high nitrogen media to low nitrogen mediaSorbitol replaces ammonium sulphate in the low N2 media | channels: GFP_Z;GFP;cy5
2026-07-28 22:09:11,666 INFO [1788/1845] Dataset 4151: Switchearly_2to0pGlc_Msn2_dIra12_00
2026-07-28 22:09:11,673 INFO   Reading metadata annotations...
2026-07-28 22:09:11,838 WARNING   Truncated large annotation(s): switchearly_2to0pglc_msn2_dira12.log
2026-07-28 22:09:11,839 INFO   Classifying metadata...
2026-07-28 22:09:15,062 INFO   -> fluor: YES | tf_loc: YES | tps: 192 | tf: Msn2 | condition: 2% glucose to 0% glucose | channels: GFP;cy5;mCherry_Z;mCherry
2026-07-28 22:09:15,262 INFO [1789/1845] Dataset 4201: Ramp_2to0pGlc_nofluor_dIra12_00
2026-07-28 22:09:15,274 INFO   Reading metadata annotations...
2026-07-28 22:09:15,479 WARNING   Truncated large annotation(s): ramp_2to0pglc_nofluor_dira12.log
2026-07-28 22:09:15,479 INFO   Classifying metadata...
2026-07-28 22:09:20,603 INFO   -> fluor: YES | tf_loc: NO | tps: 192 | tf: UNKNOWN | condition: 2% glucose to 0% glucose | channels: cy5
2026-07-28 22:09:20,804 INFO [1790/1845] Dataset 4202: Switch_2to0pGlc_nofluor_dIra12_00
2026-07-28 22:09:20,811 INFO   Reading metadata annotations...
2026-07-28 22:09:20,965 WARNING   Truncated large annotation(s): switch_2to0pglc_nofluor_dira12.log
2026-07-28 22:09:20,965 INFO   Classifying metadata...
2026-07-28 22:09:26,464 INFO   -> fluor: YES | tf_loc: NO | tps: 250 | tf: UNKNOWN | condition: Aim: Repeat Julien's switch measurement for growth rate only, eliminating most of the fluorescent imaging.Switch after 8 hours. | channels: cy5
2026-07-28 22:09:26,664 INFO [1791/1845] Dataset 4203: Aggregates_recovery_00
2026-07-28 22:09:26,677 INFO   Reading metadata annotations...
2026-07-28 22:09:26,920 WARNING   Truncated large annotation(s): aggregates_recovery.log
2026-07-28 22:09:26,920 INFO   Classifying metadata...
2026-07-28 22:09:32,536 INFO   -> fluor: YES | tf_loc: YES | tps: 180 | tf: UNKNOWN | condition: SC + 2% glucose to water | channels: GFP_Z;GFP;cy5
2026-07-28 22:09:32,737 INFO [1792/1845] Dataset 4204: TFScreen_plate1_A_B_lowN2_00
2026-07-28 22:09:32,745 INFO   Reading metadata annotations...
2026-07-28 22:09:32,766 WARNING   No .log/.txt/Acq.txt annotation found for dataset 4204.
2026-07-28 22:09:32,767 INFO   Classifying metadata...
2026-07-28 22:09:35,206 INFO   -> fluor: NO | tf_loc: YES | tps:  | tf: UNKNOWN | condition:  | channels: UNKNOWN
2026-07-28 22:09:35,406 INFO [1793/1845] Dataset 4251: TFScreen_plate1_A_B_lowN2_00
2026-07-28 22:09:35,419 INFO   Reading metadata annotations...
2026-07-28 22:09:35,632 WARNING   Truncated large annotation(s): tfscreen_plate1_a_b_lown2.log
2026-07-28 22:09:35,632 INFO   Classifying metadata...
2026-07-28 22:09:41,250 INFO   -> fluor: YES | tf_loc: YES | tps: 24 | tf: UNKNOWN | condition: high nitrogen media to low nitrogen mediaSorbitol replaces ammonium sulphate in the low N2 media | channels: GFP_Z;GFP;cy5
2026-07-28 22:09:41,451 INFO [1794/1845] Dataset 4301: Switch_2to0pGlc_nofluor_dIra12_00
2026-07-28 22:09:41,458 INFO   Reading metadata annotations...
2026-07-28 22:09:41,618 WARNING   Truncated large annotation(s): switch_2to0pglc_nofluor_dira12.log
2026-07-28 22:09:41,618 INFO   Classifying metadata...
2026-07-28 22:09:47,186 INFO   -> fluor: YES | tf_loc: NO | tps: 250 | tf: UNKNOWN | condition: Aim: Repeat Julien's switch measurement for growth rate only, eliminating most of the fluorescent imaging.Switch after 8 hours. | channels: cy5
2026-07-28 22:09:47,387 INFO [1795/1845] Dataset 4351: Switch_2to0pGlc_nofluor_dIra12_00
2026-07-28 22:09:47,399 INFO   Reading metadata annotations...
2026-07-28 22:09:47,423 WARNING   No .log/.txt/Acq.txt annotation found for dataset 4351.
2026-07-28 22:09:47,423 INFO   Classifying metadata...
2026-07-28 22:09:49,402 INFO   -> fluor: NO | tf_loc: NO | tps:  | tf: UNKNOWN | condition:  | channels: UNKNOWN
2026-07-28 22:09:49,602 INFO [1796/1845] Dataset 4401: pH_potassium_switch_00
2026-07-28 22:09:49,615 INFO   Reading metadata annotations...
2026-07-28 22:09:49,803 WARNING   Truncated large annotation(s): ph_potassium_switch.log
2026-07-28 22:09:49,804 INFO   Classifying metadata...
2026-07-28 22:09:54,329 INFO   -> fluor: YES | tf_loc: NO | tps: 120 | tf: UNKNOWN | condition: 7mm to 200mM KCl | channels: GFP;pHluorin405;cy5
2026-07-28 22:09:54,529 INFO [1797/1845] Dataset 4402: Switch_2to0pGlc_nofluor_dIra12_00
2026-07-28 22:09:54,542 INFO   Reading metadata annotations...
2026-07-28 22:09:54,740 WARNING   Truncated large annotation(s): switch_2to0pglc_nofluor_dira12.log
2026-07-28 22:09:54,740 INFO   Classifying metadata...
2026-07-28 22:10:00,162 INFO   -> fluor: YES | tf_loc: NO | tps: 250 | tf: UNKNOWN | condition: Aim: Repeat Julien's switch measurement for growth rate only, eliminating most of the fluorescent imaging.Switch after 8 hours. | channels: cy5
2026-07-28 22:10:00,363 INFO [1798/1845] Dataset 4403: Pdr5_pyr_switch_00
2026-07-28 22:10:00,370 INFO   Reading metadata annotations...
2026-07-28 22:10:00,531 WARNING   Truncated large annotation(s): pdr5_pyr_switch.log
2026-07-28 22:10:00,531 INFO   Classifying metadata...
2026-07-28 22:10:05,342 INFO   -> fluor: YES | tf_loc: NO | tps: 200 | tf: UNKNOWN | condition: 2% glucose (SC) to 2% pyruvate at 5 hours | channels: GFP_Z;GFP;cy5
2026-07-28 22:10:05,542 INFO [1799/1845] Dataset 4404: Switch_2to0pGlc_nofluor_dIra12_pyr_pregrowth_00
2026-07-28 22:10:05,555 INFO   Reading metadata annotations...
2026-07-28 22:10:05,749 WARNING   Truncated large annotation(s): switch_2to0pglc_nofluor_dira12_pyr_pregrowth.log
2026-07-28 22:10:05,750 INFO   Classifying metadata...
2026-07-28 22:10:10,526 INFO   -> fluor: YES | tf_loc: NO | tps: 250 | tf: UNKNOWN | condition: 2% glucose to 0% after 8 hours | channels: cy5
2026-07-28 22:10:10,727 INFO [1800/1845] Dataset 4405: pH_5_49_00
2026-07-28 22:10:10,734 INFO   Reading metadata annotations...
2026-07-28 22:10:10,799 INFO   Classifying metadata...
2026-07-28 22:10:14,003 INFO   -> fluor: NO | tf_loc: NO | tps: 1 | tf: UNKNOWN | condition: Calibration image for pHluorin pH measurement | channels: GFP;pHluorin405;cy5
2026-07-28 22:10:14,203 INFO [1801/1845] Dataset 4406: pH_5_75_00
2026-07-28 22:10:14,215 INFO   Reading metadata annotations...
2026-07-28 22:10:14,270 INFO   Classifying metadata...
2026-07-28 22:10:17,188 INFO   -> fluor: NO | tf_loc: NO | tps: 1 | tf: UNKNOWN | condition: Calibration image for pHluorin pH measurement | channels: GFP;pHluorin405;cy5
2026-07-28 22:10:17,388 INFO [1802/1845] Dataset 4407: pH_6_00_00
2026-07-28 22:10:17,400 INFO   Reading metadata annotations...
2026-07-28 22:10:17,458 INFO   Classifying metadata...
2026-07-28 22:10:20,821 INFO   -> fluor: NO | tf_loc: NO | tps: 1 | tf: UNKNOWN | condition: Calibration image for pHluorin pH measurement | channels: GFP;pHluorin405;cy5
2026-07-28 22:10:21,022 INFO [1803/1845] Dataset 4408: pH_6_51_00
2026-07-28 22:10:21,029 INFO   Reading metadata annotations...
2026-07-28 22:10:21,093 INFO   Classifying metadata...
2026-07-28 22:10:23,925 INFO   -> fluor: NO | tf_loc: NO | tps: 1 | tf: UNKNOWN | condition: Calibration image for pHluorin pH measurement | channels: GFP;pHluorin405;cy5
2026-07-28 22:10:24,125 INFO [1804/1845] Dataset 4410: pH_7_00_00
2026-07-28 22:10:24,134 INFO   Reading metadata annotations...
2026-07-28 22:10:24,235 INFO   Classifying metadata...
2026-07-28 22:10:27,342 INFO   -> fluor: NO | tf_loc: NO | tps: 1 | tf: UNKNOWN | condition: Calibration image for pHluorin pH measurement | channels: GFP;pHluorin405;cy5
2026-07-28 22:10:27,543 INFO [1805/1845] Dataset 4411: pH_7_25_00
2026-07-28 22:10:27,555 INFO   Reading metadata annotations...
2026-07-28 22:10:27,654 INFO   Classifying metadata...
2026-07-28 22:10:31,690 INFO   -> fluor: NO | tf_loc: NO | tps: 1 | tf: UNKNOWN | condition: Calibration image for pHluorin pH measurement | channels: GFP;pHluorin405;cy5
2026-07-28 22:10:31,890 INFO [1806/1845] Dataset 4412: WT_Swain_in_glucose_1_00
2026-07-28 22:10:31,897 INFO   Reading metadata annotations...
2026-07-28 22:10:31,962 INFO   Classifying metadata...
2026-07-28 22:10:36,673 INFO   -> fluor: NO | tf_loc: NO | tps: 1 | tf: UNKNOWN | condition: TMRM(50nM) staining in glucose for WT swain. | channels: UNKNOWN
2026-07-28 22:10:36,873 INFO [1807/1845] Dataset 4413: WT_Swain_in_glucose_1_01
2026-07-28 22:10:36,886 INFO   Reading metadata annotations...
2026-07-28 22:10:36,969 INFO   Classifying metadata...
2026-07-28 22:10:42,837 INFO   -> fluor: NO | tf_loc: NO | tps: 1 | tf: UNKNOWN | condition: TMRM(50nM) staining in glucose for WT swain. | channels: UNKNOWN
2026-07-28 22:10:43,037 INFO [1808/1845] Dataset 4414: WT_Swain_in_glucose_1_02
2026-07-28 22:10:43,049 INFO   Reading metadata annotations...
2026-07-28 22:10:43,157 INFO   Classifying metadata...
2026-07-28 22:10:47,055 INFO   -> fluor: NO | tf_loc: NO | tps: 1 | tf: UNKNOWN | condition: TMRM(50nM) staining in glucose for WT swain. | channels: TMRM
2026-07-28 22:10:47,256 INFO [1809/1845] Dataset 4415: WT_Swain_in_glucose_2_00
2026-07-28 22:10:47,267 INFO   Reading metadata annotations...
2026-07-28 22:10:47,366 INFO   Classifying metadata...
2026-07-28 22:10:51,614 INFO   -> fluor: NO | tf_loc: NO | tps: 1 | tf: UNKNOWN | condition: TMRM(50nM) staining in glucose for WT swain. | channels: UNKNOWN
2026-07-28 22:10:51,815 INFO [1810/1845] Dataset 4416: WT_Swain_in_glucose_3_00
2026-07-28 22:10:51,822 INFO   Reading metadata annotations...
2026-07-28 22:10:51,884 INFO   Classifying metadata...
2026-07-28 22:10:55,970 INFO   -> fluor: NO | tf_loc: NO | tps: 1 | tf: UNKNOWN | condition: TMRM(50nM) staining in glucose for WT swain. | channels: UNKNOWN
2026-07-28 22:10:56,170 INFO [1811/1845] Dataset 4417: WT_Swain_in_GLU_UN_00
2026-07-28 22:10:56,183 INFO   Reading metadata annotations...
2026-07-28 22:10:56,289 INFO   Classifying metadata...
2026-07-28 22:11:00,659 INFO   -> fluor: NO | tf_loc: NO | tps: 1 | tf: UNKNOWN | condition: TMRM(50nM) staining in glucose for WT swain. | channels: TMRM
2026-07-28 22:11:00,859 INFO [1812/1845] Dataset 4418: WT_Swain_in_GM_1_00
2026-07-28 22:11:00,865 INFO   Reading metadata annotations...
2026-07-28 22:11:00,926 INFO   Classifying metadata...
2026-07-28 22:11:04,897 INFO   -> fluor: NO | tf_loc: NO | tps: 1 | tf: UNKNOWN | condition: TMRM(50nM) staining in glucose for WT swain. | channels: UNKNOWN
2026-07-28 22:11:05,098 INFO [1813/1845] Dataset 4419: WT_Swain_in_GM_2_00
2026-07-28 22:11:05,110 INFO   Reading metadata annotations...
2026-07-28 22:11:05,205 INFO   Classifying metadata...
2026-07-28 22:11:09,687 INFO   -> fluor: NO | tf_loc: NO | tps: 1 | tf: UNKNOWN | condition: TMRM(50nM) staining in glucose for WT swain. | channels: UNKNOWN
2026-07-28 22:11:09,888 INFO [1814/1845] Dataset 4420: WT_Swain_in_PBS_1_00
2026-07-28 22:11:09,900 INFO   Reading metadata annotations...
2026-07-28 22:11:10,006 INFO   Classifying metadata...
2026-07-28 22:11:14,630 INFO   -> fluor: NO | tf_loc: NO | tps: 1 | tf: UNKNOWN | condition: TMRM(50nM) staining in glucose for WT swain. | channels: UNKNOWN
2026-07-28 22:11:14,831 INFO [1815/1845] Dataset 4421: WT_Swain_in_PBS_2_00
2026-07-28 22:11:14,842 INFO   Reading metadata annotations...
2026-07-28 22:11:14,939 INFO   Classifying metadata...
2026-07-28 22:11:18,641 INFO   -> fluor: NO | tf_loc: NO | tps: 1 | tf: UNKNOWN | condition: TMRM(50nM) staining in glucose for WT swain. | channels: UNKNOWN
2026-07-28 22:11:18,841 INFO [1816/1845] Dataset 4422: WT_Swain_in_PBS_3_00
2026-07-28 22:11:18,854 INFO   Reading metadata annotations...
2026-07-28 22:11:18,924 INFO   Classifying metadata...
2026-07-28 22:11:24,012 INFO   -> fluor: NO | tf_loc: NO | tps: 1 | tf: UNKNOWN | condition: TMRM(50nM) staining in glucose for WT swain. | channels: UNKNOWN
2026-07-28 22:11:24,213 INFO [1817/1845] Dataset 4423: WT_Swain_in_PBS_UN_00
2026-07-28 22:11:24,226 INFO   Reading metadata annotations...
2026-07-28 22:11:24,318 INFO   Classifying metadata...
2026-07-28 22:11:28,511 INFO   -> fluor: NO | tf_loc: NO | tps: 1 | tf: UNKNOWN | condition: TMRM(50nM) staining in glucose for WT swain. | channels: UNKNOWN
2026-07-28 22:11:28,712 INFO [1818/1845] Dataset 4424: WT_Swain_in_pyruvate_1_00
2026-07-28 22:11:28,724 INFO   Reading metadata annotations...
2026-07-28 22:11:28,827 INFO   Classifying metadata...
2026-07-28 22:11:33,601 INFO   -> fluor: NO | tf_loc: NO | tps: 1 | tf: UNKNOWN | condition: TMRM(50nM) staining in glucose for WT swain. | channels: UNKNOWN
2026-07-28 22:11:33,801 INFO [1819/1845] Dataset 4425: WT_Swain_in_pyruvate_2_00
2026-07-28 22:11:33,814 INFO   Reading metadata annotations...
2026-07-28 22:11:33,908 INFO   Classifying metadata...
2026-07-28 22:11:37,850 INFO   -> fluor: NO | tf_loc: NO | tps: 1 | tf: UNKNOWN | condition: TMRM(50nM) staining in glucose for WT swain. | channels: UNKNOWN
2026-07-28 22:11:38,051 INFO [1820/1845] Dataset 4426: WT_Swain_in_pyruvate_3_00
2026-07-28 22:11:38,064 INFO   Reading metadata annotations...
2026-07-28 22:11:38,162 INFO   Classifying metadata...
2026-07-28 22:11:42,014 INFO   -> fluor: NO | tf_loc: NO | tps: 1 | tf: UNKNOWN | condition: TMRM(50nM) staining in glucose for WT swain. | channels: UNKNOWN
2026-07-28 22:11:42,215 INFO [1821/1845] Dataset 4427: WT_Swain_in_PYRU_UN_00
2026-07-28 22:11:42,222 INFO   Reading metadata annotations...
2026-07-28 22:11:42,280 INFO   Classifying metadata...
2026-07-28 22:11:46,167 INFO   -> fluor: NO | tf_loc: NO | tps: 1 | tf: UNKNOWN | condition: TMRM(50nM) staining in glucose for WT swain. | channels: UNKNOWN
2026-07-28 22:11:46,368 INFO [1822/1845] Dataset 4428: ramp_2to0pGlc_nofluor_dIra12_pyr_pregrowth_00
2026-07-28 22:11:46,380 INFO   Reading metadata annotations...
2026-07-28 22:11:46,575 WARNING   Truncated large annotation(s): ramp_2to0pglc_nofluor_dira12_pyr_pregrowth.log
2026-07-28 22:11:46,575 INFO   Classifying metadata...
2026-07-28 22:11:50,817 INFO   -> fluor: YES | tf_loc: NO | tps: 250 | tf: UNKNOWN | condition: 2% glucose to 0% after 8 hours | channels: cy5
2026-07-28 22:11:51,017 INFO [1823/1845] Dataset 4451: ramp_2to0pGlc_nofluor_dIra12_pyr_pregrowth_00
2026-07-28 22:11:51,025 INFO   Reading metadata annotations...
2026-07-28 22:11:51,173 WARNING   Truncated large annotation(s): ramp_2to0pglc_nofluor_dira12_pyr_pregrowth.log
2026-07-28 22:11:51,173 INFO   Classifying metadata...
2026-07-28 22:11:56,548 INFO   -> fluor: YES | tf_loc: NO | tps: 217 | tf: UNKNOWN | condition: Aim: Repeat Julien's ramp measurement for growth rate only, eliminating most of the fluorescent imaging. | channels: cy5
2026-07-28 22:11:56,748 INFO [1824/1845] Dataset 4501: ramp_2to0pGlc_nofluor_dIra12_glc_pregrowth_00
2026-07-28 22:11:56,761 INFO   Reading metadata annotations...
2026-07-28 22:11:56,963 WARNING   Truncated large annotation(s): ramp_2to0pglc_nofluor_dira12_glc_pregrowth.log
2026-07-28 22:11:56,963 INFO   Classifying metadata...
2026-07-28 22:12:02,161 INFO   -> fluor: YES | tf_loc: NO | tps: 217 | tf: UNKNOWN | condition: Aim: Repeat Julien's ramp measurement for growth rate only, eliminating most of the fluorescent imaging. | channels: cy5
2026-07-28 22:12:02,361 INFO [1825/1845] Dataset 4551: ramp_2to0pGlc_nofluor_dIra12_glc_pregrowth_02
2026-07-28 22:12:02,368 INFO   Reading metadata annotations...
2026-07-28 22:12:02,534 WARNING   Truncated large annotation(s): ramp_2to0pglc_nofluor_dira12_glc_pregrowth.log
2026-07-28 22:12:02,534 INFO   Classifying metadata...
2026-07-28 22:12:07,760 INFO   -> fluor: YES | tf_loc: NO | tps: 217 | tf: UNKNOWN | condition: Aim: Repeat Julien's ramp measurement for growth rate only, eliminating most of the fluorescent imaging. | channels: cy5
2026-07-28 22:12:07,961 INFO [1826/1845] Dataset 4601: Titans_01
2026-07-28 22:12:07,974 INFO   Reading metadata annotations...
2026-07-28 22:12:08,151 WARNING   Truncated large annotation(s): titans.log
2026-07-28 22:12:08,151 INFO   Classifying metadata...
2026-07-28 22:12:16,925 INFO   -> fluor: NO | tf_loc: NO | tps: 500 | tf: UNKNOWN | condition: Aim: Image cryptococcus titan cell division. | channels: Brightfield
2026-07-28 22:12:17,125 INFO [1827/1845] Dataset 4651: pH_5_49_00
2026-07-28 22:12:17,138 INFO   Reading metadata annotations...
2026-07-28 22:12:17,244 INFO   Classifying metadata...
2026-07-28 22:12:19,871 INFO   -> fluor: NO | tf_loc: NO | tps: 1 | tf: UNKNOWN | condition: Calibration image for pHluorin pH measurement. | channels: GFP;pHluorin405
2026-07-28 22:12:20,072 INFO [1828/1845] Dataset 4652: pH_5_75_00
2026-07-28 22:12:20,079 INFO   Reading metadata annotations...
2026-07-28 22:12:20,140 INFO   Classifying metadata...
2026-07-28 22:12:22,980 INFO   -> fluor: NO | tf_loc: NO | tps: 1 | tf: UNKNOWN | condition: Calibration image for pHluorin pH measurement. | channels: GFP;pHluorin405
2026-07-28 22:12:23,180 INFO [1829/1845] Dataset 4653: pH_6_0_00
2026-07-28 22:12:23,192 INFO   Reading metadata annotations...
2026-07-28 22:12:23,316 INFO   Classifying metadata...
2026-07-28 22:12:26,089 INFO   -> fluor: NO | tf_loc: NO | tps: 1 | tf: UNKNOWN | condition: Calibration image for pHluorin pH measurement. | channels: GFP;pHluorin405
2026-07-28 22:12:26,290 INFO [1830/1845] Dataset 4654: pH_6_51_00
2026-07-28 22:12:26,303 INFO   Reading metadata annotations...
2026-07-28 22:12:26,402 INFO   Classifying metadata...
2026-07-28 22:12:29,405 INFO   -> fluor: NO | tf_loc: NO | tps: 1 | tf: UNKNOWN | condition: Calibration image for pHluorin pH measurement. | channels: GFP;pHluorin405
2026-07-28 22:12:29,606 INFO [1831/1845] Dataset 4655: pH_6_76_00
2026-07-28 22:12:29,619 INFO   Reading metadata annotations...
2026-07-28 22:12:29,719 INFO   Classifying metadata...
2026-07-28 22:12:32,513 INFO   -> fluor: NO | tf_loc: NO | tps: 1 | tf: UNKNOWN | condition: Calibration image for pHluorin pH measurement. | channels: GFP;pHluorin405
2026-07-28 22:12:32,714 INFO [1832/1845] Dataset 4656: pH_7_00_00
2026-07-28 22:12:32,721 INFO   Reading metadata annotations...
2026-07-28 22:12:32,828 INFO   Classifying metadata...
2026-07-28 22:12:35,979 INFO   -> fluor: NO | tf_loc: NO | tps: 1 | tf: UNKNOWN | condition: Calibration image for pHluorin pH measurement. | channels: GFP;pHluorin405
2026-07-28 22:12:36,179 INFO [1833/1845] Dataset 4657: pH_7_25_00
2026-07-28 22:12:36,192 INFO   Reading metadata annotations...
2026-07-28 22:12:36,284 INFO   Classifying metadata...
2026-07-28 22:12:38,827 INFO   -> fluor: NO | tf_loc: NO | tps: 1 | tf: UNKNOWN | condition: Calibration image for pHluorin pH measurement. | channels: GFP;pHluorin405
2026-07-28 22:12:39,028 INFO [1834/1845] Dataset 4658: pH_7_52_00
2026-07-28 22:12:39,042 INFO   Reading metadata annotations...
2026-07-28 22:12:39,153 INFO   Classifying metadata...
2026-07-28 22:12:41,883 INFO   -> fluor: NO | tf_loc: NO | tps: 1 | tf: UNKNOWN | condition: Calibration image for pHluorin pH measurement. | channels: GFP;pHluorin405
2026-07-28 22:12:42,084 INFO [1835/1845] Dataset 4659: Pdr5_pyr_switch_00
2026-07-28 22:12:42,091 INFO   Reading metadata annotations...
2026-07-28 22:12:42,155 INFO   Classifying metadata...
2026-07-28 22:12:45,607 INFO   -> fluor: NO | tf_loc: NO | tps: 1 | tf: UNKNOWN | condition: Aim - observe ability of high and low-expressing Pdr5 cells to grow in pyruvate | channels: GFP_Z;GFP;cy5
2026-07-28 22:12:45,808 INFO [1836/1845] Dataset 4660: ramp_2to0pGlc_nofluor_dIra12_glc_pregrowth_00
2026-07-28 22:12:45,820 INFO   Reading metadata annotations...
2026-07-28 22:12:46,013 WARNING   Truncated large annotation(s): ramp_2to0pglc_nofluor_dira12_glc_pregrowth.log
2026-07-28 22:12:46,013 INFO   Classifying metadata...
2026-07-28 22:12:51,557 INFO   -> fluor: YES | tf_loc: NO | tps: 217 | tf: UNKNOWN | condition: Aim: Repeat Julien's ramp measurement for growth rate only, eliminating most of the fluorescent imaging. | channels: cy5
2026-07-28 22:12:51,758 INFO [1837/1845] Dataset 4661: Msn2_greens_00
2026-07-28 22:12:51,765 INFO   Reading metadata annotations...
2026-07-28 22:12:51,914 WARNING   Truncated large annotation(s): msn2_greens.log
2026-07-28 22:12:51,915 INFO   Classifying metadata...
2026-07-28 22:12:55,152 INFO   -> fluor: YES | tf_loc: YES | tps: 300 | tf: Msn2 | condition: Aim: Demonstrate Msn2 relocalization in glabrata with strains marked with green FPs. | channels: GFP;GFPFast;mCherry;cy5
2026-07-28 22:12:55,352 INFO [1838/1845] Dataset 4662: greens_100x_00
2026-07-28 22:12:55,365 INFO   Reading metadata annotations...
2026-07-28 22:12:55,532 WARNING   Truncated large annotation(s): greens_100x.log
2026-07-28 22:12:55,533 INFO   Classifying metadata...
2026-07-28 22:13:00,884 INFO   -> fluor: YES | tf_loc: NO | tps: 180 | tf: UNKNOWN | condition: 2% glucose to 0% glucose | channels: GFP_Z;GFP
2026-07-28 22:13:01,085 INFO [1839/1845] Dataset 4663: Density_cell_cycle_01
2026-07-28 22:13:01,092 INFO   Reading metadata annotations...
2026-07-28 22:13:01,102 WARNING   No .log/.txt/Acq.txt annotation found for dataset 4663.
2026-07-28 22:13:01,102 INFO   Classifying metadata...
2026-07-28 22:13:03,111 INFO   -> fluor: NO | tf_loc: NO | tps:  | tf: UNKNOWN | condition:  | channels: UNKNOWN
2026-07-28 22:13:03,312 INFO [1840/1845] Dataset 4664: 0_5PC_glc_Rpl3_002
2026-07-28 22:13:03,324 INFO   Reading metadata annotations...
2026-07-28 22:13:03,896 WARNING   No .log/.txt/Acq.txt annotation found for dataset 4664.
2026-07-28 22:13:03,896 INFO   Classifying metadata...
2026-07-28 22:13:05,739 INFO   -> fluor: NO | tf_loc: NO | tps:  | tf: UNKNOWN | condition:  | channels: UNKNOWN
2026-07-28 22:13:05,939 INFO [1841/1845] Dataset 4665: Density_imaging_Rpl3_02
2026-07-28 22:13:05,960 INFO   Reading metadata annotations...
2026-07-28 22:13:06,195 WARNING   Truncated large annotation(s): density_imaging_rpl3.log
2026-07-28 22:13:06,195 INFO   Classifying metadata...
2026-07-28 22:13:11,472 INFO   -> fluor: YES | tf_loc: NO | tps: 300 | tf: UNKNOWN | condition: Aim: Measure changes in intracellular density across the cell cycle at different growth rates. | channels: GFP;GFPFast
2026-07-28 22:13:11,673 INFO [1842/1845] Dataset 4701: ramp_2to0pGlc_nofluor_dIra12_glc_pregrowth_00
2026-07-28 22:13:11,680 INFO   Reading metadata annotations...
2026-07-28 22:13:11,844 WARNING   Truncated large annotation(s): ramp_2to0pglc_nofluor_dira12_glc_pregrowth.log
2026-07-28 22:13:11,844 INFO   Classifying metadata...
2026-07-28 22:13:17,225 INFO   -> fluor: YES | tf_loc: NO | tps: 217 | tf: UNKNOWN | condition: Aim: Repeat Julien's ramp measurement for growth rate only, eliminating most of the fluorescent imaging. | channels: cy5
2026-07-28 22:13:17,425 INFO [1843/1845] Dataset 4702: pH_Regulation_potassium_switch_00
2026-07-28 22:13:17,437 INFO   Reading metadata annotations...
2026-07-28 22:13:17,645 WARNING   Truncated large annotation(s): ph_regulation_potassium_switch.log
2026-07-28 22:13:17,645 INFO   Classifying metadata...
2026-07-28 22:13:22,569 INFO   -> fluor: YES | tf_loc: NO | tps: 120 | tf: UNKNOWN | condition: 7mm to 200mM KCl | channels: GFP;pHluorin405;cy5
2026-07-28 22:13:22,769 INFO [1844/1845] Dataset 4703: Density_cell_cycle_01
2026-07-28 22:13:22,778 INFO   Reading metadata annotations...
2026-07-28 22:13:22,796 WARNING   No .log/.txt/Acq.txt annotation found for dataset 4703.
2026-07-28 22:13:22,796 INFO   Classifying metadata...
2026-07-28 22:13:25,054 INFO   -> fluor: NO | tf_loc: NO | tps:  | tf: UNKNOWN | condition:  | channels: UNKNOWN
2026-07-28 22:13:25,255 INFO [1845/1845] Dataset 4751: Density_cell_cycle_01
2026-07-28 22:13:25,266 INFO   Reading metadata annotations...
2026-07-28 22:13:25,283 WARNING   No .log/.txt/Acq.txt annotation found for dataset 4751.
2026-07-28 22:13:25,283 INFO   Classifying metadata...
2026-07-28 22:13:27,139 INFO   -> fluor: NO | tf_loc: NO | tps:  | tf: UNKNOWN | condition:  | channels: UNKNOWN
2026-07-28 22:13:27,376 INFO Finished. 1472/1845 experiments classified as fluorescence time-lapse.
2026-07-28 22:13:27,376 INFO Results saved to /home/ianyang/stochastic_simulations/experiments/EXP-26-IY026/results.csv
