sigma_b,sigma_u,rho,d,label
0.5,1.4149215936921358,40.77878566205262,2.1295276937042966,0
