Model,Test_Accuracy
SVM (Linear),1.0
Random Forest,1.0
MLP,0.9947089947089947
Transformer,0.9894179894179894
Logistic Regression,0.9894179894179894
SVM (RBF),0.9788359788359788
Random,0.4444444444444444
