epoch,train_loss,val_loss,lr,eval_epoch,eval/knn_train_cv,eval/svm_train_cv,eval/svm_test_acc,eval/knn_test_acc
1,8.198509216308594,7.441492080688477,0.0,10.0,0.6658378378378378,0.695135135135135,0.723404255319149,0.6914893617021277
2,8.19727954864502,7.440011501312256,5.9523809523809525e-06,20.0,0.6578378378378378,0.7032072072072072,0.7127659574468085,0.7127659574468085
3,8.197516059875488,7.437063694000244,1.1904761904761905e-05,30.0,0.6658738738738739,0.7165765765765765,0.723404255319149,0.7127659574468085
4,8.191583251953125,7.432726860046387,1.7857142857142855e-05,40.0,0.6765405405405406,0.7219099099099099,0.7340425531914894,0.7127659574468085
5,8.184372520446777,7.42660665512085,2.380952380952381e-05,50.0,0.69790990990991,0.7031711711711711,0.723404255319149,0.7340425531914894
6,8.179288482666015,7.418935775756836,2.9761904761904762e-05,60.0,0.69790990990991,0.7112432432432433,0.7340425531914894,0.7446808510638298
7,8.169991302490235,7.409253120422363,3.571428571428571e-05,70.0,0.7513153153153154,0.753945945945946,0.7446808510638298,0.776595744680851
8,8.157015228271485,7.397310256958008,4.1666666666666665e-05,80.0,0.7326486486486485,0.7325405405405405,0.7446808510638298,0.7872340425531915
9,8.146854972839355,7.3831467628479,4.761904761904762e-05,90.0,0.7593873873873873,0.729945945945946,0.7340425531914894,0.776595744680851
10,8.127666091918945,7.366481781005859,5.357142857142857e-05,100.0,0.7541261261261261,0.7406846846846846,0.7021276595744681,0.7978723404255319
11,8.112870788574218,7.347410202026367,5.9523809523809524e-05,110.0,0.7407207207207207,0.7433873873873873,0.7340425531914894,0.7872340425531915
12,8.0910493850708,7.327545642852783,6.547619047619048e-05,120.0,0.7433873873873873,0.7433873873873873,0.7446808510638298,0.7872340425531915
13,8.068009948730468,7.307736873626709,7.142857142857142e-05,130.0,0.7487927927927928,0.7406846846846846,0.7659574468085106,0.8085106382978723
14,8.047212600708008,7.288328170776367,7.738095238095239e-05,140.0,0.7460900900900901,0.7460180180180181,0.7553191489361702,0.8085106382978723
15,8.0262939453125,7.269686222076416,8.333333333333333e-05,150.0,0.7541261261261262,0.7407207207207207,0.7659574468085106,0.8085106382978723
16,8.00892505645752,7.252964496612549,8.928571428571429e-05,160.0,0.7567567567567568,0.7568288288288288,0.7659574468085106,0.8191489361702128
17,7.987746047973633,7.239107608795166,9.523809523809524e-05,170.0,0.7514954954954955,0.7676036036036036,0.776595744680851,0.8297872340425532
18,7.978089046478272,7.230190277099609,0.0001011904761904762,180.0,0.7461621621621621,0.7755675675675675,0.7872340425531915,0.8191489361702128
19,7.969693565368653,7.224708557128906,0.00010714285714285714,190.0,0.7407927927927928,0.7782702702702703,0.7872340425531915,0.8191489361702128
20,7.962274265289307,7.221556186676025,0.00011309523809523809,200.0,0.7487927927927929,0.772936936936937,0.7659574468085106,0.8191489361702128
21,7.959200859069824,7.218471050262451,0.00011904761904761905,210.0,0.7541261261261262,0.7836036036036036,0.7659574468085106,0.8085106382978723
22,7.960409450531006,7.213805198669434,0.000125,220.0,0.7541621621621621,0.7755675675675675,0.7659574468085106,0.8191489361702128
23,7.954720687866211,7.209864139556885,0.00013095238095238096,230.0,0.7595315315315316,0.7729009009009008,0.776595744680851,0.8085106382978723
24,7.955233478546143,7.2071852684021,0.0001369047619047619,240.0,0.7675315315315314,0.7755315315315316,0.776595744680851,0.7978723404255319
25,7.948692512512207,7.205158710479736,0.00014285714285714284,250.0,0.7648648648648649,0.7701981981981982,0.776595744680851,0.8191489361702128
26,7.946574115753174,7.20360803604126,0.00014880952380952382,260.0,0.7675315315315314,0.7621621621621621,0.776595744680851,0.8191489361702128
27,7.943603992462158,7.202117443084717,0.00015476190476190478,270.0,0.7674954954954956,0.7567567567567568,0.776595744680851,0.8191489361702128
28,7.942227077484131,7.200976371765137,0.00016071428571428573,280.0,0.7702342342342342,0.7567567567567568,0.7872340425531915,0.7978723404255319
29,7.943514442443847,7.199768543243408,0.00016666666666666666,290.0,0.780936936936937,0.7567567567567568,0.7872340425531915,0.8085106382978723
30,7.939818382263184,7.197795391082764,0.00017261904761904762,300.0,0.7862702702702703,0.7567567567567568,0.7872340425531915,0.7978723404255319
31,7.945133304595947,7.195654392242432,0.00017857142857142857,310.0,0.7862702702702703,0.7621261261261262,0.7872340425531915,0.8191489361702128
32,7.937274360656739,7.193968772888184,0.00018452380952380953,320.0,0.7835675675675675,0.7487567567567568,0.7872340425531915,0.8297872340425532
33,7.938141536712647,7.192984104156494,0.00019047619047619048,330.0,0.7916396396396397,0.756828828828829,0.7872340425531915,0.8191489361702128
34,7.933727264404297,7.191410064697266,0.00019642857142857144,340.0,0.7969369369369369,0.7487567567567568,0.7978723404255319,0.8297872340425532
35,7.934832763671875,7.18964147567749,0.0002023809523809524,350.0,0.8023063063063063,0.7461621621621621,0.7978723404255319,0.851063829787234
36,7.933297729492187,7.187250137329102,0.00020833333333333335,360.0,0.8023063063063063,0.7434954954954955,0.7978723404255319,0.851063829787234
37,7.932157897949219,7.1855597496032715,0.00021428571428571427,370.0,0.7942702702702703,0.7487927927927928,0.8085106382978723,0.851063829787234
38,7.92705135345459,7.1836161613464355,0.00022023809523809523,380.0,0.7942702702702703,0.7541621621621621,0.8085106382978723,0.851063829787234
39,7.927412319183349,7.18117094039917,0.00022619047619047618,390.0,0.7916036036036036,0.756828828828829,0.7978723404255319,0.8404255319148937
40,7.925159740447998,7.179173469543457,0.00023214285714285717,400.0,0.788936936936937,0.7514594594594595,0.7978723404255319,0.8404255319148937
41,7.923109531402588,7.1771392822265625,0.0002380952380952381,410.0,0.7862702702702703,0.7595315315315314,0.7978723404255319,0.8617021276595744
42,7.9195876121521,7.175097942352295,0.00024404761904761905,420.0,0.7916036036036036,0.7594594594594595,0.8085106382978723,0.8723404255319149
43,7.91523962020874,7.172543048858643,0.00025,430.0,0.7942702702702703,0.7567927927927929,0.8191489361702128,0.8723404255319149
44,7.9149456977844235,7.170378684997559,0.00025595238095238096,440.0,0.7835315315315314,0.7594954954954956,0.8191489361702128,0.8617021276595744
45,7.919064521789551,7.167285442352295,0.0002619047619047619,450.0,0.7755315315315314,0.7674954954954956,0.8191489361702128,0.8723404255319149
46,7.915387058258057,7.164280891418457,0.00026785714285714287,460.0,0.7809009009009008,0.7621981981981982,0.8191489361702128,0.8723404255319149
47,7.910239791870117,7.161250114440918,0.0002738095238095238,470.0,0.7862342342342343,0.7621981981981982,0.8191489361702128,0.8829787234042553
48,7.911555385589599,7.157882213592529,0.0002797619047619048,480.0,0.7889009009009008,0.7621621621621621,0.8191489361702128,0.8829787234042553
49,7.9105480194091795,7.154342174530029,0.0002857142857142857,490.0,0.7836036036036036,0.7568648648648649,0.8191489361702128,0.8723404255319149
50,7.90100212097168,7.150710582733154,0.0002916666666666667,500.0,0.7862342342342342,0.7595315315315314,0.8191489361702128,0.8617021276595744
51,7.900014400482178,7.1448564529418945,0.00029761904761904765,510.0,0.7809009009009009,0.7488648648648649,0.8085106382978723,0.851063829787234
52,7.890423965454102,7.138821601867676,0.00030357142857142855,520.0,0.7916036036036036,0.7595315315315316,0.8085106382978723,0.8617021276595744
53,7.884728622436524,7.131258010864258,0.00030952380952380956,530.0,0.7942342342342343,0.7595675675675675,0.8191489361702128,0.851063829787234
54,7.874272632598877,7.12420654296875,0.00031547619047619046,540.0,0.7996036036036036,0.7594954954954956,0.8085106382978723,0.851063829787234
55,7.8725837707519535,7.117903232574463,0.00032142857142857147,550.0,0.7996036036036036,0.7515315315315316,0.8085106382978723,0.851063829787234
56,7.856969165802002,7.110137462615967,0.00032738095238095237,560.0,0.8022702702702702,0.7595315315315314,0.8085106382978723,0.8723404255319149
57,7.842689418792725,7.1027069091796875,0.0003333333333333333,570.0,0.7969369369369369,0.7515315315315316,0.8191489361702128,0.8723404255319149
58,7.824269771575928,7.0950703620910645,0.00033928571428571433,580.0,0.7916036036036036,0.7595315315315314,0.8085106382978723,0.8617021276595744
59,7.812981033325196,7.086671352386475,0.00034523809523809523,590.0,0.7996396396396397,0.7648648648648649,0.8191489361702128,0.8723404255319149
60,7.796678161621093,7.075830459594727,0.0003511904761904762,600.0,0.796972972972973,0.764936936936937,0.8191489361702128,0.8723404255319149
61,7.789279937744141,7.058164596557617,0.00035714285714285714,610.0,0.7996396396396397,0.7595315315315316,0.8191489361702128,0.8723404255319149
62,7.76432523727417,7.035741329193115,0.0003630952380952381,620.0,0.7969369369369369,0.7729009009009008,0.8191489361702128,0.8723404255319149
63,7.7530721664428714,7.010998249053955,0.00036904761904761905,630.0,0.7916036036036036,0.7782342342342342,0.8191489361702128,0.8617021276595744
64,7.718098926544189,6.981207847595215,0.000375,640.0,0.7916396396396397,0.7755675675675675,0.8191489361702128,0.8723404255319149
65,7.70158109664917,6.9496331214904785,0.00038095238095238096,650.0,0.7916396396396397,0.7782342342342342,0.8191489361702128,0.8617021276595744
66,7.672641468048096,6.920409679412842,0.0003869047619047619,660.0,0.804972972972973,0.7835675675675675,0.8297872340425532,0.8723404255319149
67,7.640018463134766,6.885317802429199,0.0003928571428571429,670.0,0.7996036036036036,0.7782342342342343,0.8191489361702128,0.8723404255319149
68,7.611428737640381,6.859204292297363,0.00039880952380952383,680.0,0.7996036036036036,0.7835675675675675,0.8297872340425532,0.8617021276595744
69,7.572484970092773,6.831345081329346,0.0004047619047619048,690.0,0.8023063063063063,0.7809009009009009,0.8297872340425532,0.8617021276595744
70,7.54450044631958,6.813027858734131,0.0004107142857142857,700.0,0.7942702702702703,0.7809009009009008,0.8297872340425532,0.851063829787234
71,7.515991687774658,6.796497821807861,0.0004166666666666667,710.0,0.7942342342342342,0.7782342342342343,0.8297872340425532,0.851063829787234
72,7.496818733215332,6.77183198928833,0.00042261904761904765,720.0,0.7969369369369369,0.7836036036036036,0.8297872340425532,0.851063829787234
73,7.470011043548584,6.75459098815918,0.00042857142857142855,730.0,0.7969369369369369,0.7835675675675675,0.8297872340425532,0.851063829787234
74,7.446295738220215,6.7327961921691895,0.00043452380952380956,740.0,0.7995675675675675,0.7836036036036036,0.8297872340425532,0.851063829787234
75,7.434319591522216,6.7188944816589355,0.00044047619047619046,750.0,0.805009009009009,0.7836036036036036,0.8297872340425532,0.8723404255319149
76,7.414130115509034,6.701345920562744,0.00044642857142857147,760.0,0.8023423423423424,0.7863063063063063,0.8404255319148937,0.851063829787234
77,7.396784400939941,6.695871829986572,0.00045238095238095237,770.0,0.7996396396396397,0.7836036036036036,0.8297872340425532,0.851063829787234
78,7.384044551849366,6.682443141937256,0.0004583333333333333,780.0,0.8076756756756757,0.7862702702702703,0.8404255319148937,0.8404255319148937
79,7.366058349609375,6.656142711639404,0.00046428571428571433,790.0,0.8076756756756757,0.788972972972973,0.8404255319148937,0.851063829787234
80,7.3557130813598635,6.641851425170898,0.00047023809523809523,800.0,0.8076756756756757,0.7916396396396397,0.8404255319148937,0.8723404255319149
81,7.346755123138427,6.641106128692627,0.0004761904761904762,810.0,0.8050090090090091,0.7943063063063063,0.8404255319148937,0.851063829787234
82,7.3326897621154785,6.618524074554443,0.00048214285714285715,820.0,0.7996756756756758,0.7943063063063063,0.8404255319148937,0.851063829787234
83,7.31912670135498,6.597482204437256,0.0004880952380952381,830.0,0.797009009009009,0.7996396396396397,0.8404255319148937,0.851063829787234
84,7.309510707855225,6.591660022735596,0.0004940476190476191,840.0,0.8023423423423424,0.8023063063063063,0.8404255319148937,0.851063829787234
85,7.29376630783081,6.580902576446533,0.0005,850.0,0.805009009009009,0.8023063063063063,0.8404255319148937,0.8617021276595744
86,7.287802600860596,6.5547404289245605,0.0005059523809523809,860.0,0.805009009009009,0.8023063063063063,0.8404255319148937,0.8617021276595744
87,7.288154792785645,6.54595947265625,0.0005119047619047619,870.0,0.8023423423423424,0.7996396396396397,0.8404255319148937,0.8617021276595744
88,7.272652816772461,6.538483142852783,0.0005178571428571429,880.0,0.805009009009009,0.8103063063063063,0.8404255319148937,0.8617021276595744
89,7.257132816314697,6.525806903839111,0.0005238095238095238,890.0,0.805045045045045,0.7996396396396397,0.8404255319148937,0.8617021276595744
90,7.240931797027588,6.506640434265137,0.0005297619047619047,900.0,0.805009009009009,0.8023063063063063,0.8617021276595744,0.8617021276595744
91,7.238630771636963,6.477051258087158,0.0005357142857142857,910.0,0.7996756756756758,0.804972972972973,0.8404255319148937,0.8723404255319149
92,7.216537761688232,6.469011306762695,0.0005416666666666666,920.0,0.8023783783783784,0.8023063063063063,0.8617021276595744,0.8617021276595744
93,7.196171379089355,6.449793338775635,0.0005476190476190477,930.0,0.8077117117117117,0.7996396396396397,0.8617021276595744,0.8723404255319149
94,7.183328533172608,6.444087028503418,0.0005535714285714287,940.0,0.805045045045045,0.8023063063063063,0.8617021276595744,0.8617021276595744
95,7.168920993804932,6.427421569824219,0.0005595238095238096,950.0,0.8023783783783784,0.8023063063063063,0.8617021276595744,0.8723404255319149
96,7.161599445343017,6.423665523529053,0.0005654761904761905,960.0,0.8023783783783784,0.8103063063063065,0.8617021276595744,0.8723404255319149
97,7.152568340301514,6.4140801429748535,0.0005714285714285714,970.0,0.805045045045045,0.8076396396396397,0.8617021276595744,0.851063829787234
98,7.145828628540039,6.413997650146484,0.0005773809523809524,980.0,0.805045045045045,0.8103063063063065,0.851063829787234,0.8617021276595744
99,7.144788551330566,6.393514156341553,0.0005833333333333334,990.0,0.805045045045045,0.8103063063063063,0.851063829787234,0.8617021276595744
100,7.122920989990234,6.3888325691223145,0.0005892857142857143,1000.0,0.8077117117117117,0.8103423423423424,0.851063829787234,0.8617021276595744
101,7.113021945953369,6.395041465759277,0.0005952380952380953,1010.0,0.8077117117117117,0.8050090090090091,0.851063829787234,0.8723404255319149
102,7.1096748352050785,6.37785530090332,0.0006011904761904762,1020.0,0.8023783783783784,0.8103423423423424,0.851063829787234,0.8723404255319149
103,7.104459667205811,6.375010013580322,0.0006071428571428571,1030.0,0.805045045045045,0.8076756756756757,0.851063829787234,0.8617021276595744
104,7.095621490478516,6.361111164093018,0.0006130952380952381,1040.0,0.805045045045045,0.8076756756756757,0.851063829787234,0.8617021276595744
105,7.086283397674561,6.364897727966309,0.0006190476190476191,1050.0,0.813045045045045,0.8076756756756757,0.851063829787234,0.8723404255319149
106,7.080716800689697,6.35989236831665,0.000625,1060.0,0.8077477477477478,0.804972972972973,0.8404255319148937,0.8829787234042553
107,7.0710138320922855,6.352736473083496,0.0006309523809523809,1070.0,0.8077477477477478,0.8076756756756757,0.8404255319148937,0.8723404255319149
108,7.067049026489258,6.3448967933654785,0.0006369047619047619,1080.0,0.805045045045045,0.8050090090090091,0.8297872340425532,0.8723404255319149
109,7.061119079589844,6.338360786437988,0.0006428571428571429,1090.0,0.8077117117117117,0.804972972972973,0.8404255319148937,0.8723404255319149
110,7.062137699127197,6.326984882354736,0.0006488095238095238,1100.0,0.8077477477477478,0.804972972972973,0.8297872340425532,0.8829787234042553
111,7.050936603546143,6.330456733703613,0.0006547619047619047,1110.0,0.805045045045045,0.8076756756756757,0.8297872340425532,0.8723404255319149
112,7.051662158966065,6.325109958648682,0.0006607142857142857,1120.0,0.8077117117117117,0.8076756756756757,0.8297872340425532,0.8723404255319149
113,7.035140705108643,6.322546482086182,0.0006666666666666666,1130.0,0.813045045045045,0.8076756756756757,0.8404255319148937,0.8723404255319149
114,7.03732442855835,6.309746742248535,0.0006726190476190477,1140.0,0.8023423423423424,0.8076756756756757,0.8404255319148937,0.8723404255319149
115,7.025836849212647,6.313386917114258,0.0006785714285714287,1150.0,0.8077477477477478,0.8076756756756757,0.8404255319148937,0.8617021276595744
116,7.019648742675781,6.30925989151001,0.0006845238095238096,1160.0,0.805009009009009,0.805009009009009,0.8297872340425532,0.8617021276595744
117,7.017844104766846,6.305875301361084,0.0006904761904761905,1170.0,0.8077477477477478,0.8076756756756757,0.8404255319148937,0.8617021276595744
118,7.016529178619384,6.294445037841797,0.0006964285714285714,1180.0,0.8077477477477478,0.8023063063063063,0.8404255319148937,0.8617021276595744
119,7.006773567199707,6.292897701263428,0.0007023809523809524,1190.0,0.8077477477477478,0.8103423423423424,0.8404255319148937,0.8723404255319149
120,7.004444789886475,6.290688514709473,0.0007083333333333334,1200.0,0.7996756756756758,0.813009009009009,0.8297872340425532,0.8723404255319149
121,7.001122760772705,6.285453796386719,0.0007142857142857143,1210.0,0.8050810810810811,0.8076396396396397,0.8404255319148937,0.8617021276595744
122,7.002154731750489,6.278738975524902,0.0007202380952380953,1220.0,0.805045045045045,0.8103423423423424,0.8404255319148937,0.851063829787234
123,6.989268398284912,6.27075719833374,0.0007261904761904762,1230.0,0.8077477477477478,0.8076396396396397,0.8404255319148937,0.8617021276595744
124,6.983838748931885,6.263281345367432,0.0007321428571428571,1240.0,0.8077477477477478,0.8076036036036036,0.8404255319148937,0.8617021276595744
125,6.9828465461730955,6.264871120452881,0.0007380952380952381,1250.0,0.8050810810810811,0.8103063063063063,0.8404255319148937,0.8617021276595744
126,6.977221965789795,6.2586283683776855,0.0007440476190476191,1260.0,0.8077477477477478,0.8076396396396396,0.8404255319148937,0.851063829787234
127,6.977830123901367,6.248744010925293,0.00075,1270.0,0.8050810810810811,0.8049369369369369,0.8404255319148937,0.851063829787234
128,6.963693618774414,6.2484965324401855,0.0007559523809523809,1280.0,0.8104144144144143,0.8049369369369369,0.8404255319148937,0.851063829787234
129,6.957692241668701,6.24241304397583,0.0007619047619047619,1290.0,0.8104144144144143,0.8049369369369369,0.8404255319148937,0.8404255319148937
130,6.951912593841553,6.2396464347839355,0.0007678571428571429,1300.0,0.8104144144144143,0.8076396396396396,0.8404255319148937,0.8404255319148937
131,6.9469170570373535,6.233696937561035,0.0007738095238095238,1310.0,0.8104144144144143,0.8049369369369369,0.8404255319148937,0.8404255319148937
132,6.948144626617432,6.2242350578308105,0.0007797619047619047,1320.0,0.8077477477477478,0.8076036036036036,0.8404255319148937,0.8404255319148937
133,6.946962070465088,6.222488880157471,0.0007857142857142857,1330.0,0.8050810810810811,0.8049369369369369,0.8404255319148937,0.8404255319148937
134,6.938681507110596,6.216805934906006,0.0007916666666666666,1340.0,0.8104144144144143,0.8076396396396396,0.8297872340425532,0.8404255319148937
135,6.941530513763428,6.209187030792236,0.0007976190476190477,1350.0,0.8077477477477478,0.8049369369369369,0.8404255319148937,0.8404255319148937
136,6.928277587890625,6.206961631774902,0.0008035714285714287,1360.0,0.8104144144144143,0.8049369369369369,0.8404255319148937,0.8404255319148937
137,6.922134017944336,6.20378303527832,0.0008095238095238096,1370.0,0.8050810810810811,0.8049369369369369,0.8297872340425532,0.8404255319148937
138,6.923599433898926,6.191142559051514,0.0008154761904761905,1380.0,0.8104144144144145,0.8049369369369369,0.8297872340425532,0.8404255319148937
139,6.9109594345092775,6.192653179168701,0.0008214285714285714,1390.0,0.8104144144144145,0.8049369369369369,0.8297872340425532,0.8404255319148937
140,6.916724681854248,6.203153610229492,0.0008273809523809524,1400.0,0.8077477477477478,0.8049369369369369,0.8297872340425532,0.8404255319148937
141,6.920831871032715,6.190275192260742,0.0008333333333333334,1410.0,0.8104144144144145,0.8049369369369369,0.8297872340425532,0.851063829787234
142,6.9090046882629395,6.183459758758545,0.0008392857142857143,1420.0,0.8104144144144145,0.8076396396396396,0.8297872340425532,0.851063829787234
143,6.902293109893799,6.1829352378845215,0.0008452380952380953,1430.0,0.8104144144144145,0.8049369369369369,0.8297872340425532,0.851063829787234
144,6.9000168800354,6.179987907409668,0.0008511904761904762,1440.0,0.8077477477477478,0.8049369369369369,0.8297872340425532,0.851063829787234
145,6.895517635345459,6.167404651641846,0.0008571428571428571,1450.0,0.8104144144144145,0.8076396396396396,0.8297872340425532,0.851063829787234
146,6.888542652130127,6.168978691101074,0.0008630952380952381,1460.0,0.8104144144144145,0.8076396396396396,0.8297872340425532,0.851063829787234
147,6.892489910125732,6.179396152496338,0.0008690476190476191,1470.0,0.8077477477477478,0.8076396396396396,0.8297872340425532,0.851063829787234
148,6.885169506072998,6.162515163421631,0.000875,1480.0,0.8077477477477478,0.8076396396396396,0.8297872340425532,0.851063829787234
149,6.8924736976623535,6.1618804931640625,0.0008809523809523809,1490.0,0.8104144144144145,0.8076396396396396,0.8297872340425532,0.851063829787234
150,6.886551189422607,6.174623489379883,0.0008869047619047619,1500.0,0.8077477477477478,0.8076396396396396,0.8297872340425532,0.851063829787234
151,6.876819896697998,6.155369758605957,0.0008928571428571429,1510.0,0.8104144144144145,0.8049369369369369,0.8297872340425532,0.851063829787234
152,6.874022388458252,6.150354862213135,0.0008988095238095238,1520.0,0.8104144144144145,0.8076396396396396,0.8297872340425532,0.851063829787234
153,6.871403980255127,6.141960620880127,0.0009047619047619047,1530.0,0.8104144144144145,0.8049369369369369,0.8297872340425532,0.851063829787234
154,6.8668825149536135,6.13596248626709,0.0009107142857142857,1540.0,0.8104144144144145,0.8049369369369369,0.8297872340425532,0.851063829787234
155,6.8566975593566895,6.137596607208252,0.0009166666666666666,1550.0,0.8077477477477478,0.8049369369369369,0.8297872340425532,0.851063829787234
156,6.869247245788574,6.146035194396973,0.0009226190476190477,1560.0,0.8104144144144145,0.8049369369369369,0.8297872340425532,0.851063829787234
157,6.859728717803955,6.148380279541016,0.0009285714285714287,1570.0,0.8104144144144145,0.8049369369369369,0.8297872340425532,0.851063829787234
158,6.8674627304077145,6.133907794952393,0.0009345238095238096,1580.0,0.8104144144144145,0.8049369369369369,0.8297872340425532,0.851063829787234
159,6.860754108428955,6.150249481201172,0.0009404761904761905,1590.0,0.8104144144144145,0.8049369369369369,0.8297872340425532,0.851063829787234
160,6.850129318237305,6.1233320236206055,0.0009464285714285714,1600.0,0.8077477477477478,0.8049369369369369,0.8297872340425532,0.851063829787234
161,6.842621898651123,6.117092132568359,0.0009523809523809524,1610.0,0.8104144144144145,0.8049369369369369,0.8297872340425532,0.851063829787234
162,6.843451118469238,6.112293243408203,0.0009583333333333334,,,,,
163,6.839921569824218,6.115652084350586,0.0009642857142857143,,,,,
164,6.8299150466918945,6.112155437469482,0.0009702380952380953,,,,,
165,6.824325370788574,6.100362777709961,0.0009761904761904762,,,,,
166,6.824580478668213,6.1206889152526855,0.0009821428571428572,,,,,
167,6.824646472930908,6.131657123565674,0.0009880952380952382,,,,,
168,6.839702320098877,6.118534564971924,0.000994047619047619,,,,,
169,6.83290205001831,6.093459129333496,0.001,,,,,
170,6.816666030883789,6.106942176818848,0.0009999989207153126,,,,,
171,6.820774841308594,6.0929856300354,0.0009999956828659095,,,,,
172,6.8095296859741214,6.087743759155273,0.0009999902864657692,,,,,
173,6.807540416717529,6.084267616271973,0.0009999827315381885,,,,,
174,6.81472339630127,6.083315372467041,0.000999973018115783,,,,,
175,6.814362239837647,6.089031219482422,0.0009999611462404873,,,,,
176,6.805831623077393,6.079160690307617,0.0009999471159635538,,,,,
177,6.81009464263916,6.093676567077637,0.0009999309273455528,,,,,
178,6.8090691566467285,6.0835089683532715,0.0009999125804563732,,,,,
179,6.803600120544433,6.067026615142822,0.0009998920753752209,,,,,
180,6.797673892974854,6.077517986297607,0.0009998694121906191,,,,,
181,6.799333953857422,6.066652297973633,0.000999844591000408,,,,,
182,6.7920241355896,6.069962024688721,0.0009998176119117444,,,,,
183,6.79204158782959,6.058677673339844,0.0009997884750411004,,,,,
184,6.7878546714782715,6.060732841491699,0.0009997571805142637,,,,,
185,6.78314094543457,6.051844596862793,0.000999723728466338,,,,,
186,6.781109428405761,6.054122447967529,0.0009996881190417392,,,,,
187,6.782977676391601,6.068671226501465,0.0009996503523941993,,,,,
188,6.779074096679688,6.054591655731201,0.0009996104286867616,,,,,
189,6.780429649353027,6.0546770095825195,0.0009995683480917821,,,,,
190,6.772948741912842,6.051327228546143,0.000999524110790929,,,,,
191,6.7822339057922365,6.0610833168029785,0.0009994777169751805,,,,,
192,6.773221111297607,6.054188251495361,0.0009994291668448255,,,,,
193,6.7733758926391605,6.049224853515625,0.0009993784606094611,,,,,
194,6.762400531768799,6.045409679412842,0.0009993255984879939,,,,,
195,6.773447132110595,6.040132999420166,0.0009992705807086364,,,,,
196,6.772510242462158,6.043044567108154,0.0009992134075089082,,,,,
197,6.764127922058106,6.042990207672119,0.0009991540791356342,,,,,
198,6.761397838592529,6.036109924316406,0.0009990925958449426,,,,,
199,6.768525695800781,6.0419230461120605,0.000999028957902266,,,,,
200,6.75926513671875,6.029111862182617,0.0009989631655823376,,,,,
201,6.7624842643737795,6.029170989990234,0.0009988952191691924,,,,,
202,6.757290172576904,6.027901649475098,0.0009988251189561644,,,,,
203,6.762186908721924,6.0310378074646,0.000998752865245886,,,,,
204,6.758910179138184,6.029586315155029,0.0009986784583502861,,,,,
205,6.7569530487060545,6.036096572875977,0.00099860189859059,,,,,
206,6.758192443847657,6.041650295257568,0.0009985231862973168,,,,,
207,6.751858425140381,6.040083885192871,0.0009984423218102783,,,,,
208,6.749654865264892,6.040177345275879,0.0009983593054785776,,,,,
209,6.750967407226563,6.037381649017334,0.0009982741376606077,,,,,
210,6.750012683868408,6.0310492515563965,0.0009981868187240502,,,,,
211,6.753421115875244,6.021097660064697,0.0009980973490458728,,,,,
212,6.747001647949219,6.0219831466674805,0.0009980057290123285,,,,,
213,6.735918998718262,6.028256416320801,0.0009979119590189539,,,,,
214,6.742137145996094,6.01439094543457,0.000997816039470567,,,,,
215,6.742045211791992,6.019201755523682,0.0009977179707812657,,,,,
216,6.742260837554932,6.015256404876709,0.0009976177533744261,,,,,
217,6.736244010925293,6.01417875289917,0.0009975153876827009,,,,,
218,6.736729717254638,6.025022029876709,0.0009974108741480166,,,,,
219,6.742675685882569,6.011895656585693,0.0009973042132215728,,,,,
220,6.738753414154052,6.02385950088501,0.00099719540536384,,,,,
221,6.7351147651672365,6.017362117767334,0.000997084451044556,,,,,
222,6.7434698104858395,6.019418716430664,0.0009969713507427267,,,,,
223,6.736016082763672,6.018239498138428,0.0009968561049466214,,,,,
224,6.737282371520996,6.007753849029541,0.0009967387141537722,,,,,
225,6.727240943908692,6.00744104385376,0.0009966191788709714,,,,,
226,6.721294116973877,6.011600971221924,0.0009964974996142697,,,,,
227,6.727384471893311,6.015954494476318,0.0009963736769089734,,,,,
228,6.72881326675415,6.007054328918457,0.0009962477112896416,,,,,
229,6.72355842590332,6.0050859451293945,0.000996119603300086,,,,,
230,6.717624568939209,6.005508899688721,0.0009959893534933664,,,,,
231,6.722458934783935,6.008521556854248,0.0009958569624317893,,,,,
232,6.734726142883301,5.993666172027588,0.0009957224306869053,,,,,
233,6.722693824768067,6.003417015075684,0.0009955857588395064,,,,,
234,6.718720245361328,6.002317905426025,0.0009954469474796241,,,,,
235,6.720873546600342,6.001510143280029,0.0009953059972065263,,,,,
236,6.718994903564453,5.996140480041504,0.000995162908628715,,,,,
237,6.716704177856445,6.003537178039551,0.0009950176823639231,,,,,
238,6.713102054595947,5.994892120361328,0.000994870319039113,,,,,
239,6.720991134643555,5.999148368835449,0.0009947208192904722,,,,,
240,6.7219850540161135,5.989917755126953,0.000994569183763412,,,,,
241,6.717727184295654,5.993053436279297,0.0009944154131125641,,,,,
242,6.71587381362915,6.0058770179748535,0.000994259508001778,,,,,
243,6.722900772094727,5.996029376983643,0.000994101469104117,,,,,
244,6.725155830383301,5.992940902709961,0.0009939412971018574,,,,,
245,6.709795188903809,5.9969940185546875,0.0009937789926864836,,,,,
246,6.711718940734864,5.9815568923950195,0.000993614556558687,,,,,
247,6.702442359924317,5.991235256195068,0.0009934479894283606,,,,,
248,6.708573055267334,5.989750862121582,0.000993279292014598,,,,,
249,6.707489681243897,5.995643138885498,0.0009931084650456892,,,,,
250,6.700329113006592,5.9864888191223145,0.0009929355092591179,,,,,
251,6.707559967041016,5.98251485824585,0.0009927604254015585,,,,,
252,6.700788879394532,5.984063625335693,0.0009925832142288723,,,,,
253,6.696691989898682,5.991966724395752,0.000992403876506104,,,,,
254,6.703590011596679,5.973324298858643,0.00099222241300748,,,,,
255,6.699190425872803,5.983057498931885,0.0009920388245164033,,,,,
256,6.692700481414795,5.974784851074219,0.0009918531118254506,,,,,
257,6.689871788024902,5.980873107910156,0.0009916652757363698,,,,,
258,6.698436641693116,5.980039596557617,0.000991475317060075,,,,,
259,6.698188781738281,5.988152980804443,0.0009912832366166442,,,,,
260,6.6938401222229,5.984938621520996,0.0009910890352353154,,,,,
261,6.686635303497314,5.989595413208008,0.000990892713754483,,,,,
262,6.694077205657959,5.987528324127197,0.0009906942730216939,,,,,
263,6.69681453704834,5.972243309020996,0.0009904937138936443,,,,,
264,6.693047618865966,5.978435516357422,0.000990291037236176,,,,,
265,6.691423416137695,5.989611625671387,0.0009900862439242719,,,,,
266,6.686338615417481,5.983681678771973,0.0009898793348420535,,,,,
267,6.691652774810791,5.973036766052246,0.000989670310882776,,,,,
268,6.68725004196167,5.968129634857178,0.0009894591729488244,,,,,
269,6.685722732543946,5.9721503257751465,0.0009892459219517106,,,,,
270,6.68911075592041,5.9756622314453125,0.0009890305588120692,,,,,
271,6.6879112243652346,5.983675479888916,0.0009888130844596524,,,,,
272,6.685618305206299,5.9715447425842285,0.000988593499833327,,,,,
273,6.687948417663574,5.981219291687012,0.0009883718058810707,,,,,
274,6.6870650291442875,5.989017486572266,0.0009881480035599667,,,,,
275,6.689720726013183,5.97794246673584,0.000987922093836201,,,,,
276,6.6836997985839846,5.968327522277832,0.0009876940776850569,,,,,
277,6.680202579498291,5.9772868156433105,0.0009874639560909118,,,,,
278,6.677959728240967,5.97498083114624,0.0009872317300472328,,,,,
279,6.67322473526001,5.9804368019104,0.0009869974005565717,,,,,
280,6.679419994354248,5.97155237197876,0.0009867609686305615,,,,,
281,6.6753662109375,5.973172664642334,0.0009865224352899118,,,,,
282,6.688331604003906,5.97340202331543,0.0009862818015644041,,,,,
283,6.678542804718018,5.962037086486816,0.0009860390684928873,,,,,
284,6.67892894744873,5.977447032928467,0.000985794237123274,,,,,
285,6.6766410827636715,5.977363109588623,0.000985547308512535,,,,,
286,6.685927963256836,5.974481582641602,0.0009852982837266955,,,,,
287,6.661672306060791,5.961379051208496,0.00098504716384083,,,,,
288,6.68057918548584,5.969305038452148,0.000984793949939058,,,,,
289,6.670080852508545,5.969947814941406,0.000984538643114539,,,,,
290,6.670556354522705,5.954730033874512,0.000984281244469468,,,,,
291,6.672064208984375,5.959658622741699,0.0009840217551150706,,,,,
292,6.661766529083252,5.955333709716797,0.0009837601761715981,,,,,
293,6.666440010070801,5.9544997215271,0.0009834965087683236,,,,,
294,6.670401477813721,5.970609664916992,0.0009832307540435356,,,,,
295,6.662777519226074,5.963103771209717,0.0009829629131445341,,,,,
296,6.665969371795654,5.953649044036865,0.0009826929872276257,,,,,
297,6.65942153930664,5.957925319671631,0.0009824209774581174,,,,,
298,6.659865379333496,5.957126617431641,0.0009821468850103139,,,,,
299,6.657659530639648,5.959909439086914,0.0009818707110675097,,,,,
300,6.655252361297608,5.949364185333252,0.0009815924568219864,,,,,
301,6.656866931915284,5.963387489318848,0.000981312123475006,,,,,
302,6.658339595794677,5.948529243469238,0.0009810297122368067,,,,,
303,6.653863048553466,5.9492902755737305,0.0009807452243265967,,,,,
304,6.65409746170044,5.9516682624816895,0.00098045866097255,,,,,
305,6.6535571098327635,5.9482035636901855,0.0009801700234117999,,,,,
306,6.6491035461425785,5.952172756195068,0.0009798793128904355,,,,,
307,6.642473983764648,5.953460693359375,0.000979586530663494,,,,,
308,6.6519519805908205,5.944770336151123,0.000979291677994957,,,,,
309,6.646584701538086,5.956007957458496,0.0009789947561577445,,,,,
310,6.658891487121582,5.958536624908447,0.0009786957664337092,,,,,
311,6.656697750091553,5.9518632888793945,0.000978394710113631,,,,,
312,6.643896293640137,5.956907272338867,0.000978091588497212,,,,,
313,6.663724040985107,5.945418834686279,0.0009777864028930705,,,,,
314,6.647292518615723,5.940471649169922,0.0009774791546187345,,,,,
315,6.654241371154785,5.942218780517578,0.0009771698450006382,,,,,
316,6.646726036071778,5.939496040344238,0.0009768584753741135,,,,,
317,6.638513565063477,5.957298755645752,0.0009765450470833866,,,,,
318,6.643540096282959,5.932971477508545,0.0009762295614815709,,,,,
319,6.642925548553467,5.934620380401611,0.0009759120199306613,,,,,
320,6.634472179412842,5.931142330169678,0.0009755924238015288,,,,,
321,6.627394771575927,5.9314727783203125,0.0009752707744739146,,,,,
322,6.636378574371338,5.94611120223999,0.000974947073336423,,,,,
323,6.636247825622559,5.9349799156188965,0.000974621321786517,,,,,
324,6.629355716705322,5.930089950561523,0.0009742935212305111,,,,,
325,6.627458477020264,5.93989896774292,0.0009739636730835659,,,,,
326,6.630193996429443,5.93257474899292,0.0009736317787696815,,,,,
327,6.6309003829956055,5.933008193969727,0.0009732978397216918,,,,,
328,6.6213479995727536,5.944370746612549,0.000972961857381258,,,,,
329,6.626922702789306,5.937145233154297,0.0009726238331988624,,,,,
330,6.62134952545166,5.934480667114258,0.0009722837686338024,,,,,
331,6.626829147338867,5.931077480316162,0.0009719416651541838,,,,,
332,6.613341331481934,5.928971290588379,0.0009715975242369149,,,,,
333,6.625523281097412,5.923340320587158,0.0009712513473676996,,,,,
334,6.622173595428467,5.937727451324463,0.0009709031360410318,,,,,
335,6.629277992248535,5.931766986846924,0.0009705528917601878,,,,,
336,6.62295560836792,5.9283552169799805,0.0009702006160372209,,,,,
337,6.638674354553222,5.931870937347412,0.0009698463103929542,,,,,
338,6.624094295501709,5.931521415710449,0.0009694899763569745,,,,,
339,6.61635570526123,5.928631782531738,0.000969131615467625,,,,,
340,6.61825475692749,5.914103984832764,0.0009687712292719997,,,,,
341,6.622325897216797,5.930561542510986,0.0009684088193259355,,,,,
342,6.6188966751098635,5.936164379119873,0.0009680443871940066,,,,,
343,6.623736381530762,5.943603038787842,0.000967677934449517,,,,,
344,6.625039672851562,5.922485828399658,0.0009673094626744943,,,,,
345,6.618741226196289,5.928187847137451,0.0009669389734596819,,,,,
346,6.614598369598388,5.921144485473633,0.0009665664684045332,,,,,
347,6.610218715667725,5.925014972686768,0.0009661919491172046,,,,,
348,6.612759780883789,5.931957721710205,0.0009658154172145474,,,,,
349,6.6118494987487795,5.9168171882629395,0.0009654368743221021,,,,,
350,6.608022975921631,5.9256391525268555,0.0009650563220740911,,,,,
351,6.610577869415283,5.9117608070373535,0.0009646737621134112,,,,,
352,6.606680107116699,5.93314266204834,0.0009642891960916268,,,,,
353,6.600018119812011,5.9231953620910645,0.0009639026256689627,,,,,
354,6.595478534698486,5.910308837890625,0.0009635140525142971,,,,,
355,6.59806261062622,5.910905838012695,0.0009631234783051544,,,,,
356,6.602870655059815,5.920159816741943,0.0009627309047276975,,,,,
357,6.60768690109253,5.920002460479736,0.0009623363334767208,,,,,
358,6.601130199432373,5.9078288078308105,0.0009619397662556434,,,,,
359,6.601407623291015,5.912655353546143,0.000961541204776501,,,,,
360,6.5992279052734375,5.900306224822998,0.0009611406507599388,,,,,
361,6.597261524200439,5.903564453125,0.0009607381059352038,,,,,
362,6.591173934936523,5.906057834625244,0.0009603335720401383,,,,,
363,6.588485622406006,5.937280654907227,0.0009599270508211709,,,,,
364,6.5919084548950195,5.913720607757568,0.0009595185440333103,,,,,
365,6.591063499450684,5.905587196350098,0.000959108053440137,,,,,
366,6.590696907043457,5.894355297088623,0.0009586955808137958,,,,,
367,6.600232124328613,5.909765720367432,0.0009582811279349881,,,,,
368,6.586929130554199,5.911175727844238,0.0009578646965929647,,,,,
369,6.593913745880127,5.90785551071167,0.0009574462885855173,,,,,
370,6.589347076416016,5.92423152923584,0.0009570259057189716,,,,,
371,6.592928028106689,5.912222385406494,0.0009566035498081785,,,,,
372,6.596176528930664,5.922080993652344,0.0009561792226765072,,,,,
373,6.59054536819458,5.911217212677002,0.0009557529261558366,,,,,
374,6.594131755828857,5.909605503082275,0.0009553246620865481,,,,,
375,6.588328456878662,5.911600589752197,0.0009548944323175173,,,,,
376,6.584964847564697,5.9069037437438965,0.0009544622387061054,,,,,
377,6.587589263916016,5.886756420135498,0.0009540280831181524,,,,,
378,6.586772441864014,5.9137701988220215,0.0009535919674279684,,,,,
379,6.582815837860108,5.9136247634887695,0.0009531538935183251,,,,,
380,6.583360481262207,5.902907371520996,0.0009527138632804482,,,,,
381,6.586694717407227,5.895076274871826,0.0009522718786140096,,,,,
382,6.584769439697266,5.893397331237793,0.0009518279414271184,,,,,
383,6.575590324401856,5.916195869445801,0.0009513820536363128,,,,,
384,6.582368278503418,5.89335823059082,0.0009509342171665525,,,,,
385,6.575327014923095,5.882534503936768,0.0009504844339512095,,,,,
386,6.583635139465332,5.890107154846191,0.0009500327059320606,,,,,
387,6.582144165039063,5.913013458251953,0.0009495790350592782,,,,,
388,6.5831443786621096,5.881305694580078,0.0009491234232914221,,,,,
389,6.569239234924316,5.8750762939453125,0.000948665872595432,,,,,
390,6.57153959274292,5.897632122039795,0.0009482063849466175,,,,,
391,6.569899177551269,5.884979724884033,0.0009477449623286505,,,,,
392,6.566433715820312,5.899825096130371,0.0009472816067335565,,,,,
393,6.576648902893067,5.885377407073975,0.0009468163201617061,,,,,
394,6.565425109863281,5.881253242492676,0.0009463491046218058,,,,,
395,6.567213249206543,5.885583400726318,0.0009458799621308898,,,,,
396,6.575745868682861,5.8911237716674805,0.0009454088947143115,,,,,
397,6.56844654083252,5.884792804718018,0.0009449359044057344,,,,,
398,6.561585998535156,5.885507583618164,0.0009444609932471228,,,,,
399,6.560576629638672,5.89224910736084,0.0009439841632887347,,,,,
400,6.565091705322265,5.878490924835205,0.0009435054165891108,,,,,
401,6.560418605804443,5.882303714752197,0.0009430247552150672,,,,,
402,6.555680942535401,5.877837181091309,0.0009425421812416857,,,,,
403,6.554671764373779,5.875729560852051,0.0009420576967523049,,,,,
404,6.555132007598877,5.892198085784912,0.0009415713038385118,,,,,
405,6.557354354858399,5.866234302520752,0.0009410830046001321,,,,,
406,6.557771301269531,5.8811354637146,0.0009405928011452212,,,,,
407,6.5581413269042965,5.875665664672852,0.0009401006955900555,,,,,
408,6.556479358673096,5.8741021156311035,0.0009396066900591232,,,,,
409,6.550763511657715,5.8869123458862305,0.0009391107866851142,,,,,
410,6.549559593200684,5.871776103973389,0.0009386129876089126,,,,,
411,6.55059289932251,5.885694980621338,0.0009381132949795861,,,,,
412,6.54401388168335,5.874998092651367,0.0009376117109543769,,,,,
413,6.547407627105713,5.877544403076172,0.0009371082376986928,,,,,
414,6.547354125976563,5.875380516052246,0.0009366028773860979,,,,,
415,6.54390172958374,5.878615379333496,0.0009360956321983028,,,,,
416,6.548111820220948,5.880978107452393,0.0009355865043251551,,,,,
417,6.550090694427491,5.883734226226807,0.0009350754959646306,,,,,
418,6.5502008438110355,5.866122722625732,0.0009345626093228232,,,,,
419,6.540312480926514,5.875896453857422,0.000934047846613936,,,,,
420,6.545671844482422,5.866007328033447,0.0009335312100602709,,,,,
421,6.546521949768066,5.87973690032959,0.0009330127018922195,,,,,
422,6.543350696563721,5.869572162628174,0.0009324923243482533,,,,,
423,6.540031814575196,5.868119716644287,0.0009319700796749148,,,,,
424,6.5387321472167965,5.867492198944092,0.0009314459701268065,,,,,
425,6.5371979713439945,5.858367443084717,0.000930919997966582,,,,,
426,6.538004970550537,5.882080078125,0.0009303921654649361,,,,,
427,6.528851890563965,5.869533538818359,0.0009298624749005951,,,,,
428,6.542814159393311,5.8672919273376465,0.0009293309285603067,,,,,
429,6.539382362365723,5.867452621459961,0.0009287975287388297,,,,,
430,6.536818408966065,5.864496231079102,0.0009282622777389258,,,,,
431,6.533581924438477,5.879721164703369,0.0009277251778713473,,,,,
432,6.53587236404419,5.876787185668945,0.0009271862314548291,,,,,
433,6.525480175018311,5.869778156280518,0.0009266454408160778,,,,,
434,6.532617378234863,5.867185592651367,0.0009261028082897614,,,,,
435,6.523237895965576,5.871206760406494,0.0009255583362184998,,,,,
436,6.5303754806518555,5.866816520690918,0.0009250120269528546,,,,,
437,6.524330806732178,5.882500171661377,0.0009244638828513188,,,,,
438,6.541717624664306,5.8609161376953125,0.0009239139062803062,,,,,
439,6.52944507598877,5.865904808044434,0.0009233620996141421,,,,,
440,6.521005058288575,5.875396251678467,0.0009228084652350525,,,,,
441,6.525593185424805,5.868343353271484,0.000922253005533154,,,,,
442,6.518610095977783,5.855767726898193,0.0009216957229064429,,,,,
443,6.5224932670593265,5.8662333488464355,0.0009211366197607858,,,,,
444,6.526090812683106,5.867980003356934,0.0009205756985099084,,,,,
445,6.521772384643555,5.85804557800293,0.0009200129615753858,,,,,
446,6.5229236602783205,5.854439735412598,0.0009194484113866313,,,,,
447,6.51691780090332,5.852621078491211,0.0009188820503808861,,,,,
448,6.518813037872315,5.8562092781066895,0.0009183138810032099,,,,,
449,6.522888851165772,5.86733341217041,0.0009177439057064682,,,,,
450,6.527865409851074,5.87193489074707,0.0009171721269513236,,,,,
451,6.519398307800293,5.863945007324219,0.0009165985472062245,,,,,
452,6.519325542449951,5.86098575592041,0.0009160231689473939,,,,,
453,6.514124965667724,5.854789733886719,0.0009154459946588198,,,,,
454,6.515523529052734,5.856873035430908,0.0009148670268322438,,,,,
455,6.515179634094238,5.857996463775635,0.0009142862679671499,,,,,
456,6.510989761352539,5.863045692443848,0.0009137037205707553,,,,,
457,6.523397159576416,5.852786064147949,0.0009131193871579975,,,,,
458,6.5136336326599125,5.858402252197266,0.000912533270251525,,,,,
459,6.515526485443115,5.860574245452881,0.0009119453723816858,,,,,
460,6.5172889709472654,5.8754496574401855,0.0009113556960865167,,,,,
461,6.512129116058349,5.855626106262207,0.0009107642439117321,,,,,
462,6.509671592712403,5.8488898277282715,0.0009101710184107128,,,,,
463,6.504953765869141,5.86158561706543,0.0009095760221444959,,,,,
464,6.50990858078003,5.85537052154541,0.0009089792576817628,,,,,
465,6.513660907745361,5.857769966125488,0.0009083807275988284,,,,,
466,6.516146183013916,5.842888832092285,0.0009077804344796301,,,,,
467,6.501758098602295,5.848052978515625,0.0009071783809157167,,,,,
468,6.504801845550537,5.865240573883057,0.0009065745695062368,,,,,
469,6.5006553649902346,5.844585418701172,0.0009059690028579284,,,,,
470,6.507221126556397,5.853808879852295,0.0009053616835851062,,,,,
471,6.502590274810791,5.831407070159912,0.0009047526143096521,,,,,
472,6.5026449203491214,5.850259304046631,0.0009041417976610027,,,,,
473,6.504762649536133,5.856280326843262,0.000903529236276138,,,,,
474,6.503128337860107,5.852537631988525,0.0009029149327995709,,,,,
475,6.499461936950683,5.835324764251709,0.0009022988898833342,,,,,
476,6.5053526878356935,5.841061115264893,0.000901681110186971,,,,,
477,6.5056970596313475,5.8511576652526855,0.0009010615963775219,,,,,
478,6.505148315429688,5.856595039367676,0.0009004403511295141,,,,,
479,6.518847560882568,5.872978210449219,0.0008998173771249491,,,,,
480,6.509711360931396,5.855859279632568,0.0008991926770532926,,,,,
481,6.497427558898925,5.842201232910156,0.0008985662536114613,,,,,
482,6.501311206817627,5.848628044128418,0.0008979381095038121,,,,,
483,6.492578220367432,5.843183517456055,0.0008973082474421301,,,,,
484,6.500361919403076,5.844921588897705,0.0008966766701456176,,,,,
485,6.491027545928955,5.832596778869629,0.0008960433803408812,,,,,
486,6.501759433746338,5.847502708435059,0.0008954083807619208,,,,,
487,6.499572086334228,5.863027095794678,0.0008947716741501177,,,,,
488,6.503874492645264,5.86030912399292,0.0008941332632542228,,,,,
489,6.504617977142334,5.844189643859863,0.0008934931508303445,,,,,
490,6.500490379333496,5.835618019104004,0.0008928513396419369,,,,,
491,6.5071690559387205,5.846878528594971,0.0008922078324597878,,,,,
492,6.497353267669678,5.846222400665283,0.0008915626320620074,,,,,
493,6.5007484436035154,5.836193084716797,0.000890915741234015,,,,,
494,6.492400741577148,5.831923007965088,0.0008902671627685281,,,,,
495,6.494699001312256,5.837945938110352,0.0008896168994655499,,,,,
496,6.4884082794189455,5.834895610809326,0.0008889649541323574,,,,,
497,6.493569374084473,5.845134735107422,0.0008883113295834892,,,,,
498,6.496057033538818,5.834938049316406,0.0008876560286407329,,,,,
499,6.47650260925293,5.840424060821533,0.0008869990541331138,,,,,
500,6.486483383178711,5.835578918457031,0.0008863404088968818,,,,,
501,6.484166145324707,5.83674430847168,0.0008856800957754999,,,,,
502,6.483812427520752,5.839667797088623,0.0008850181176196315,,,,,
503,6.477262020111084,5.844503879547119,0.000884354477287128,,,,,
504,6.485065555572509,5.830463886260986,0.0008836891776430169,,,,,
505,6.485235500335693,5.833866596221924,0.000883022221559489,,,,,
506,6.478880786895752,5.839546203613281,0.0008823536119158863,,,,,
507,6.480500888824463,5.845317363739014,0.0008816833515986896,,,,,
508,6.477222156524658,5.835558891296387,0.0008810114435015054,,,,,
509,6.483660125732422,5.833271026611328,0.0008803378905250543,,,,,
510,6.483826732635498,5.8333024978637695,0.0008796626955771579,,,,,
511,6.490502071380615,5.827929496765137,0.0008789858615727266,,,,,
512,6.477865314483642,5.8360276222229,0.0008783073914337465,,,,,
513,6.483087730407715,5.828731536865234,0.0008776272880892675,,,,,
514,6.483340072631836,5.8262739181518555,0.0008769455544753899,,,,,
515,6.471627426147461,5.821527004241943,0.0008762621935352527,,,,,
516,6.470583534240722,5.840616703033447,0.0008755772082190194,,,,,
517,6.48596601486206,5.8134636878967285,0.0008748906014838671,,,,,
518,6.4790425300598145,5.841665744781494,0.0008742023762939721,,,,,
519,6.482488441467285,5.825716495513916,0.000873512535620498,,,,,
520,6.485426616668701,5.817320823669434,0.0008728210824415827,,,,,
521,6.472289276123047,5.830423355102539,0.0008721280197423258,,,,,
522,6.482204818725586,5.83072566986084,0.0008714333505147749,,,,,
523,6.485710334777832,5.84751033782959,0.0008707370777579133,,,,,
524,6.481169605255127,5.839344501495361,0.0008700392044776473,,,,,
525,6.476813793182373,5.842113018035889,0.0008693397336867929,,,,,
526,6.478106307983398,5.850480079650879,0.000868638668405062,,,,,
527,6.484860038757324,5.82687520980835,0.0008679360116590511,,,,,
528,6.482724189758301,5.831529140472412,0.0008672317664822267,,,,,
529,6.475379276275635,5.822098731994629,0.0008665259359149131,,,,,
530,6.4713059425354,5.828265190124512,0.0008658185230042787,,,,,
531,6.471164226531982,5.824792385101318,0.0008651095308043232,,,,,
532,6.4695634841918945,5.827033042907715,0.0008643989623758643,,,,,
533,6.464931488037109,5.828723907470703,0.0008636868207865244,,,,,
534,6.468365001678467,5.83677339553833,0.0008629731091107176,,,,,
535,6.471038055419922,5.810088157653809,0.0008622578304296364,,,,,
536,6.473563003540039,5.825690269470215,0.0008615409878312379,,,,,
537,6.469646072387695,5.825270175933838,0.0008608225844102311,,,,,
538,6.46972541809082,5.826549053192139,0.0008601026232680633,,,,,
539,6.474415397644043,5.832816123962402,0.0008593811075129066,,,,,
540,6.471653461456299,5.844283103942871,0.0008586580402596447,,,,,
541,6.463105010986328,5.811931610107422,0.0008579334246298592,,,,,
542,6.472208690643311,5.817659854888916,0.0008572072637518164,,,,,
543,6.473639965057373,5.8256611824035645,0.0008564795607604534,,,,,
544,6.47608585357666,5.8254594802856445,0.0008557503187973651,,,,,
545,6.47252836227417,5.820768356323242,0.0008550195410107901,,,,,
546,6.474715900421143,5.825625419616699,0.0008542872305555977,,,,,
547,6.466884136199951,5.837619304656982,0.0008535533905932737,,,,,
548,6.4692048072814945,5.832425117492676,0.000852818024291907,,,,,
549,6.463042545318603,5.820642948150635,0.0008520811348261759,,,,,
550,6.467948341369629,5.81174898147583,0.0008513427253773346,,,,,
551,6.459438991546631,5.816284656524658,0.000850602799133199,,,,,
552,6.467411231994629,5.837388515472412,0.0008498613592881334,,,,,
553,6.467879390716552,5.807950496673584,0.0008491184090430364,,,,,
554,6.458501815795898,5.812124729156494,0.0008483739516053274,,,,,
555,6.4595049858093265,5.814243316650391,0.0008476279901889328,,,,,
556,6.45824785232544,5.815967559814453,0.0008468805280142708,,,,,
557,6.458049774169922,5.8126606941223145,0.0008461315683082397,,,,,
558,6.460165405273438,5.8040008544921875,0.0008453811143042027,,,,,
559,6.456886577606201,5.820192337036133,0.0008446291692419736,,,,,
560,6.4504931449890135,5.826930522918701,0.0008438757363678035,,,,,
561,6.452252578735352,5.820774078369141,0.0008431208189343669,,,,,
562,6.460883045196534,5.8052191734313965,0.0008423644202007468,,,,,
563,6.465999889373779,5.81405782699585,0.0008416065434324216,,,,,
564,6.464728164672851,5.808732986450195,0.0008408471919012507,,,,,
565,6.454500389099121,5.810007095336914,0.0008400863688854596,,,,,
566,6.456669044494629,5.796123027801514,0.0008393240776696274,,,,,
567,6.459990978240967,5.813320636749268,0.0008385603215446705,,,,,
568,6.470842170715332,5.80006742477417,0.0008377951038078302,,,,,
569,6.448342990875244,5.809427261352539,0.0008370284277626576,,,,,
570,6.449271297454834,5.8030781745910645,0.0008362602967189999,,,,,
571,6.45041675567627,5.81831169128418,0.000835490713992985,,,,,
572,6.444107723236084,5.806968688964844,0.0008347196829070088,,,,,
573,6.450477409362793,5.803709506988525,0.0008339472067897187,,,,,
574,6.449777603149414,5.799525737762451,0.000833173288976002,,,,,
575,6.45253963470459,5.814062595367432,0.0008323979328069688,,,,,
576,6.449007415771485,5.807246208190918,0.0008316211416299397,,,,,
577,6.449907875061035,5.8078932762146,0.0008308429187984297,,,,,
578,6.449010562896729,5.815536975860596,0.0008300632676721348,,,,,
579,6.444120025634765,5.815162181854248,0.0008292821916169171,,,,,
580,6.44547815322876,5.801672458648682,0.0008284996940047903,,,,,
581,6.442355632781982,5.815200328826904,0.0008277157782139051,,,,,
582,6.444061946868897,5.8099260330200195,0.0008269304476285349,,,,,
583,6.445036220550537,5.793282508850098,0.0008261437056390606,,,,,
584,6.443158721923828,5.802889347076416,0.0008253555556419568,,,,,
585,6.436665058135986,5.801101207733154,0.000824566001039776,,,,,
586,6.43958854675293,5.814059734344482,0.0008237750452411352,,,,,
587,6.44216251373291,5.8136887550354,0.0008229826916607005,,,,,
588,6.43644905090332,5.7923455238342285,0.0008221889437191721,,,,,
589,6.436944961547852,5.786329746246338,0.0008213938048432696,,,,,
590,6.441462230682373,5.8114213943481445,0.0008205972784657185,,,,,
591,6.443761157989502,5.797908306121826,0.0008197993680252334,,,,,
592,6.4439377784729,5.803928375244141,0.0008190000769665043,,,,,
593,6.442999076843262,5.816030025482178,0.0008181994087401818,,,,,
594,6.442898750305176,5.81037712097168,0.0008173973668028615,,,,,
595,6.440818214416504,5.8257012367248535,0.00081659395461707,,,,,
596,6.4437575340271,5.805438995361328,0.0008157891756512488,,,,,
597,6.436333656311035,5.82810115814209,0.0008149830333797406,,,,,
598,6.44098482131958,5.849668502807617,0.0008141755312827736,,,,,
599,6.445894622802735,5.808501243591309,0.000813366672846446,,,,,
600,6.440586948394776,5.799089431762695,0.0008125564615627124,,,,,
601,6.437380790710449,5.808025360107422,0.0008117449009293668,,,,,
602,6.431496047973633,5.831485271453857,0.0008109319944500292,,,,,
603,6.448647212982178,5.8014044761657715,0.00081011774563413,,,,,
604,6.440972995758057,5.797275066375732,0.0008093021579968941,,,,,
605,6.440394592285156,5.797388076782227,0.0008084852350593263,,,,,
606,6.441179466247559,5.805402755737305,0.0008076669803481966,,,,,
607,6.437242412567139,5.787631034851074,0.0008068473973960237,,,,,
608,6.435993003845215,5.819382667541504,0.0008060264897410614,,,,,
609,6.43562421798706,5.805756092071533,0.0008052042609272816,,,,,
610,6.439968204498291,5.799633979797363,0.0008043807145043603,,,,,
611,6.4319226264953615,5.8317670822143555,0.0008035558540276617,,,,,
612,6.4293722152709964,5.8004679679870605,0.0008027296830582229,,,,,
613,6.4263739585876465,5.787353992462158,0.0008019022051627387,,,,,
614,6.429101371765137,5.7890849113464355,0.0008010734239135458,,,,,
615,6.422979831695557,5.7910261154174805,0.000800243342888608,,,,,
616,6.4324156761169435,5.789763450622559,0.0007994119656715002,,,,,
617,6.429643058776856,5.8023810386657715,0.0007985792958513931,,,,,
618,6.432696723937989,5.8091816902160645,0.000797745337023038,,,,,
619,6.431284809112549,5.8218793869018555,0.0007969100927867508,,,,,
620,6.433656692504883,5.812625408172607,0.0007960735667483969,,,,,
621,6.430160808563232,5.835347652435303,0.0007952357625193749,,,,,
622,6.440841960906982,5.809492111206055,0.0007943966837166024,,,,,
623,6.428522300720215,5.81425666809082,0.0007935563339624987,,,,,
624,6.426890182495117,5.806081771850586,0.0007927147168849704,,,,,
625,6.422230815887451,5.799757957458496,0.000791871836117395,,,,,
626,6.423920726776123,5.808044910430908,0.0007910276952986059,,,,,
627,6.421954154968262,5.8068342208862305,0.0007901822980728761,,,,,
628,6.418466567993164,5.7867560386657715,0.000789335648089903,,,,,
629,6.422741985321045,5.788479804992676,0.0007884877490047915,,,,,
630,6.430408573150634,5.786442756652832,0.0007876386044780399,,,,,
631,6.427556705474854,5.802542209625244,0.0007867882181755231,,,,,
632,6.426051425933838,5.788418292999268,0.0007859365937684763,,,,,
633,6.423116779327392,5.7886176109313965,0.0007850837349334809,,,,,
634,6.4272863388061525,5.781940460205078,0.0007842296453524462,,,,,
635,6.425268363952637,5.792725086212158,0.0007833743287125958,,,,,
636,6.424213409423828,5.789944171905518,0.0007825177887064499,,,,,
637,6.421197986602783,5.784920692443848,0.000781660029031811,,,,,
638,6.422202014923096,5.7712507247924805,0.0007808010533917464,,,,,
639,6.411627101898193,5.7972259521484375,0.0007799408654945732,,,,,
640,6.4117073059082035,5.797229766845703,0.0007790794690538421,,,,,
641,6.424656105041504,5.790778160095215,0.0007782168677883206,,,,,
642,6.423694896697998,5.7884039878845215,0.0007773530654219782,,,,,
643,6.424681186676025,5.797472953796387,0.0007764880656839696,,,,,
644,6.425261116027832,5.798162460327148,0.000775621872308619,,,,,
645,6.418834686279297,5.7823166847229,0.000774754489035403,,,,,
646,6.422400379180909,5.788781642913818,0.0007738859196089357,,,,,
647,6.421184921264649,5.797776222229004,0.0007730161677789518,,,,,
648,6.416075611114502,5.77833890914917,0.0007721452373002905,,,,,
649,6.414859676361084,5.786561965942383,0.0007712731319328797,,,,,
650,6.415511989593506,5.801204681396484,0.0007703998554417192,,,,,
651,6.414519119262695,5.813796043395996,0.0007695254115968648,,,,,
652,6.418330955505371,5.793439865112305,0.000768649804173412,,,,,
653,6.412883377075195,5.802964210510254,0.0007677730369514792,,,,,
654,6.418483829498291,5.8043084144592285,0.0007668951137161926,,,,,
655,6.419054126739502,5.800381183624268,0.0007660160382576683,,,,,
656,6.4199505805969235,5.823413372039795,0.0007651358143709972,,,,,
657,6.412483024597168,5.808983325958252,0.0007642544458562277,,,,,
658,6.420484447479248,5.802342414855957,0.0007633719365183504,,,,,
659,6.416019439697266,5.786202430725098,0.00076248829016728,,,,,
660,6.414206218719483,5.777421951293945,0.0007616035106178411,,,,,
661,6.417065620422363,5.7736592292785645,0.000760717601689749,,,,,
662,6.40983943939209,5.788644790649414,0.0007598305672075961,,,,,
663,6.414776611328125,5.7915167808532715,0.000758942411000833,,,,,
664,6.413030338287354,5.772157669067383,0.0007580531369037534,,,,,
665,6.409405994415283,5.787440299987793,0.0007571627487554768,,,,,
666,6.409786891937256,5.786794662475586,0.0007562712503999327,,,,,
667,6.423007965087891,5.77446985244751,0.0007553786456858429,,,,,
668,6.410805416107178,5.768831729888916,0.0007544849384667059,,,,,
669,6.407752609252929,5.782177448272705,0.0007535901326007796,,,,,
670,6.411237716674805,5.782811164855957,0.0007526942319510655,,,,,
671,6.417580509185791,5.771107196807861,0.0007517972403852905,,,,,
672,6.4118626594543455,5.772860050201416,0.0007508991617758922,,,,,
673,6.403260612487793,5.787216663360596,0.00075,,,,,
674,6.40998477935791,5.774273872375488,0.0007490997589394203,,,,,
675,6.403485298156738,5.786332607269287,0.0007481984424806189,,,,,
676,6.400373649597168,5.781709671020508,0.0007472960545147037,,,,,
677,6.397850418090821,5.795491695404053,0.0007463925989374088,,,,,
678,6.401580333709717,5.785192012786865,0.0007454880796490775,,,,,
679,6.402356815338135,5.762129783630371,0.0007445825005546448,,,,,
680,6.399194812774658,5.773189544677734,0.0007436758655636212,,,,,
681,6.400463008880616,5.76072359085083,0.0007427681785900761,,,,,
682,6.404109764099121,5.78004264831543,0.00074185944355262,,,,,
683,6.403135776519775,5.780709743499756,0.0007409496643743879,,,,,
684,6.398695755004883,5.775647163391113,0.000740038844983023,,,,,
685,6.408624267578125,5.75466775894165,0.0007391269893106591,,,,,
686,6.4018473625183105,5.77813196182251,0.0007382141012939034,,,,,
687,6.40165605545044,5.773777961730957,0.0007373001848738202,,,,,
688,6.402966690063477,5.774400234222412,0.0007363852439959135,,,,,
689,6.403472805023194,5.764583110809326,0.0007354692826101101,,,,,
690,6.404389953613281,5.766438007354736,0.0007345523046707422,,,,,
691,6.399181175231933,5.787205219268799,0.0007336343141365311,,,,,
692,6.399835205078125,5.783529281616211,0.0007327153149705689,,,,,
693,6.396084594726562,5.76625919342041,0.0007317953111403028,,,,,
694,6.394586658477783,5.784569263458252,0.000730874306617517,,,,,
695,6.3977516174316404,5.767326354980469,0.0007299523053783157,,,,,
696,6.394552993774414,5.774464130401611,0.0007290293114031062,,,,,
697,6.394376373291015,5.772796630859375,0.0007281053286765816,,,,,
698,6.3949071884155275,5.7595319747924805,0.0007271803611877032,,,,,
699,6.3940166473388675,5.78518009185791,0.0007262544129296848,,,,,
700,6.3999275207519535,5.769636631011963,0.0007253274878999727,,,,,
701,6.392859363555909,5.776679039001465,0.0007243995901002312,,,,,
702,6.398720741271973,5.779829978942871,0.0007234707235363237,,,,,
703,6.397626876831055,5.7611494064331055,0.0007225408922182961,,,,,
704,6.396826648712159,5.763379096984863,0.0007216101001603595,,,,,
705,6.391175937652588,5.770333766937256,0.000720678351380872,,,,,
706,6.398335552215576,5.771535873413086,0.0007197456499023225,,,,,
707,6.397925758361817,5.787192344665527,0.0007188119997513126,,,,,
708,6.402043724060059,5.764115333557129,0.0007178774049585397,,,,,
709,6.388365650177002,5.768545150756836,0.0007169418695587791,,,,,
710,6.394226932525635,5.778774261474609,0.0007160053975908669,,,,,
711,6.395333671569825,5.770750999450684,0.0007150679930976825,,,,,
712,6.388902473449707,5.767117977142334,0.0007141296601261314,,,,,
713,6.382958126068115,5.775309085845947,0.000713190402727127,,,,,
714,6.381487941741943,5.764330863952637,0.0007122502249555738,,,,,
715,6.380387306213379,5.777972221374512,0.0007113091308703497,,,,,
716,6.382915592193603,5.779878616333008,0.0007103671245342886,,,,,
717,6.392465972900391,5.788666248321533,0.0007094242100141625,,,,,
718,6.393370628356934,5.782578468322754,0.0007084803913806641,,,,,
719,6.3902815818786625,5.763744354248047,0.0007075356727083893,,,,,
720,6.380707931518555,5.767518997192383,0.0007065900580758201,,,,,
721,6.380193424224854,5.773162364959717,0.000705643551565306,,,,,
722,6.3855311393737795,5.777250289916992,0.0007046961572630462,,,,,
723,6.384646415710449,5.75803279876709,0.0007037478792590743,,,,,
724,6.39424409866333,5.767751216888428,0.0007027987216472375,,,,,
725,6.38559923171997,5.7761359214782715,0.0007018486885251811,,,,,
726,6.391659259796143,5.785616874694824,0.0007008977839943299,,,,,
727,6.381674766540527,5.786144733428955,0.0006999460121598705,,,,,
728,6.394496726989746,5.762910842895508,0.0006989933771307342,,,,,
729,6.383074474334717,5.761711120605469,0.0006980398830195785,,,,,
730,6.377867794036865,5.7829179763793945,0.0006970855339427697,,,,,
731,6.3837706565856935,5.797325611114502,0.0006961303340203653,,,,,
732,6.386646366119384,5.777127742767334,0.0006951742873760959,,,,,
733,6.383956527709961,5.768286228179932,0.0006942173981373474,,,,,
734,6.372046566009521,5.75606632232666,0.0006932596704351435,,,,,
735,6.378592109680175,5.7642693519592285,0.0006923011084041277,,,,,
736,6.379697704315186,5.768631935119629,0.000691341716182545,,,,,
737,6.372817134857177,5.7605814933776855,0.0006903814979122248,,,,,
738,6.381044197082519,5.7780351638793945,0.0006894204577385628,,,,,
739,6.383214378356934,5.762968063354492,0.0006884585998105027,,,,,
740,6.382649707794189,5.752493858337402,0.0006874959282805185,,,,,
741,6.381503009796143,5.765801429748535,0.000686532447304597,,,,,
742,6.386568832397461,5.767788410186768,0.000685568161042219,,,,,
743,6.390943908691407,5.772411346435547,0.0006846030736563422,,,,,
744,6.386152553558349,5.767615795135498,0.0006836371893133829,,,,,
745,6.373571491241455,5.768064498901367,0.0006826705121831977,,,,,
746,6.383233737945557,5.758903980255127,0.0006817030464390656,,,,,
747,6.373849773406983,5.764338493347168,0.000680734796257671,,,,,
748,6.371748542785644,5.755147933959961,0.0006797657658190837,,,,,
749,6.371961975097657,5.756681442260742,0.0006787959593067431,,,,,
750,6.366320610046387,5.757229804992676,0.0006778253809074384,,,,,
751,6.380634403228759,5.767637252807617,0.0006768540348112907,,,,,
752,6.371925258636475,5.768919944763184,0.0006758819252117366,,,,,
753,6.374185562133789,5.766697883605957,0.0006749090563055075,,,,,
754,6.37311019897461,5.753602027893066,0.0006739354322926136,,,,,
755,6.37755937576294,5.767402172088623,0.0006729610573763252,,,,,
756,6.373051166534424,5.7544145584106445,0.0006719859357631535,,,,,
757,6.371379852294922,5.775691032409668,0.0006710100716628344,,,,,
758,6.370714950561523,5.750223636627197,0.0006700334692883081,,,,,
759,6.375158977508545,5.757508277893066,0.0006690561328557029,,,,,
760,6.376103496551513,5.781662940979004,0.0006680780665843154,,,,,
761,6.367094039916992,5.757717609405518,0.0006670992746965938,,,,,
762,6.37493896484375,5.751051902770996,0.0006661197614181183,,,,,
763,6.377544498443603,5.756191730499268,0.0006651395309775837,,,,,
764,6.373802375793457,5.762394428253174,0.0006641585876067806,,,,,
765,6.376546382904053,5.769827842712402,0.0006631769355405779,,,,,
766,6.378866672515869,5.75814962387085,0.0006621945790169036,,,,,
767,6.370231628417969,5.750497817993164,0.0006612115222767272,,,,,
768,6.3681103706359865,5.74899959564209,0.0006602277695640412,,,,,
769,6.366322326660156,5.755437850952148,0.0006592433251258423,,,,,
770,6.375169849395752,5.752312183380127,0.0006582581932121137,,,,,
771,6.37742338180542,5.76682710647583,0.0006572723780758069,,,,,
772,6.379540061950683,5.756544589996338,0.0006562858839728223,,,,,
773,6.37493486404419,5.7434401512146,0.0006552987151619919,,,,,
774,6.369581794738769,5.751259803771973,0.0006543108759050606,,,,,
775,6.365827369689941,5.766439914703369,0.0006533223704666672,,,,,
776,6.363977241516113,5.754347801208496,0.0006523332031143272,,,,,
777,6.363704681396484,5.755030155181885,0.0006513433781184131,,,,,
778,6.370005035400391,5.75460958480835,0.0006503528997521365,,,,,
779,6.3741857528686525,5.754473686218262,0.0006493617722915306,,,,,
780,6.363936710357666,5.7550458908081055,0.0006483700000154295,,,,,
781,6.372631168365478,5.7555060386657715,0.0006473775872054521,,,,,
782,6.382241535186767,5.784421920776367,0.0006463845381459822,,,,,
783,6.376064872741699,5.7533135414123535,0.00064539085712415,,,,,
784,6.361942481994629,5.75942325592041,0.000644396548429815,,,,,
785,6.377113246917725,5.75402307510376,0.0006434016163555452,,,,,
786,6.368830585479737,5.749467849731445,0.0006424060651966006,,,,,
787,6.371147727966308,5.773207664489746,0.0006414098992509138,,,,,
788,6.373363494873047,5.749434947967529,0.0006404131228190713,,,,,
789,6.360825920104981,5.739102363586426,0.0006394157402042952,,,,,
790,6.3719583511352536,5.757534980773926,0.0006384177557124247,,,,,
791,6.3622759819030765,5.754372596740723,0.0006374191736518974,,,,,
792,6.36175765991211,5.759669303894043,0.0006364199983337305,,,,,
793,6.36387939453125,5.770495414733887,0.0006354202340715027,,,,,
794,6.361003112792969,5.7730712890625,0.0006344198851813345,,,,,
795,6.37178897857666,5.775408744812012,0.0006334189559818715,,,,,
796,6.362523365020752,5.7645978927612305,0.0006324174507942636,,,,,
797,6.371889400482178,5.764456748962402,0.0006314153739421476,,,,,
798,6.363815975189209,5.7514495849609375,0.0006304127297516287,,,,,
799,6.363704681396484,5.760881423950195,0.0006294095225512603,,,,,
800,6.355933570861817,5.762166500091553,0.0006284057566720278,,,,,
801,6.360597229003906,5.747337341308594,0.0006274014364473274,,,,,
802,6.35681676864624,5.750931262969971,0.0006263965662129487,,,,,
803,6.362271976470947,5.752955436706543,0.0006253911503070564,,,,,
804,6.361171245574951,5.739177227020264,0.0006243851930701701,,,,,
805,6.34923152923584,5.752387046813965,0.0006233786988451467,,,,,
806,6.358751964569092,5.741799831390381,0.0006223716719771619,,,,,
807,6.363108062744141,5.750903129577637,0.00062136411681369,,,,,
808,6.3585809707641605,5.747465133666992,0.0006203560377044865,,,,,
809,6.3567070960998535,5.765535354614258,0.000619347439001569,,,,,
810,6.356077384948731,5.749859809875488,0.0006183383250591976,,,,,
811,6.354888439178467,5.729067802429199,0.0006173287002338577,,,,,
812,6.365917778015136,5.743856430053711,0.0006163185688842393,,,,,
813,6.35817699432373,5.758117198944092,0.0006153079353712201,,,,,
814,6.353374004364014,5.744748115539551,0.0006142968040578448,,,,,
815,6.354094123840332,5.757206916809082,0.0006132851793093078,,,,,
816,6.362901020050049,5.758449077606201,0.0006122730654929333,,,,,
817,6.3596266746521,5.755040168762207,0.0006112604669781572,,,,,
818,6.360998439788818,5.747740745544434,0.0006102473881365078,,,,,
819,6.34976978302002,5.7433905601501465,0.000609233833341587,,,,,
820,6.3604100227355955,5.756467342376709,0.0006082198069690515,,,,,
821,6.359439468383789,5.760442733764648,0.0006072053133965938,,,,,
822,6.3615086555480955,5.738111972808838,0.0006061903570039233,,,,,
823,6.358952522277832,5.74281644821167,0.0006051749421727479,,,,,
824,6.3583942413330075,5.746871471405029,0.000604159073286754,,,,,
825,6.350478744506836,5.748007774353027,0.0006031427547315888,,,,,
826,6.359718894958496,5.747474670410156,0.0006021259908948403,,,,,
827,6.361279010772705,5.745441436767578,0.000601108786166019,,,,,
828,6.356059932708741,5.7315497398376465,0.0006000911449365391,,,,,
829,6.365390586853027,5.74592399597168,0.0005990730715996988,,,,,
830,6.360204219818115,5.749145984649658,0.0005980545705506622,,,,,
831,6.351853942871093,5.744715690612793,0.0005970356461864391,,,,,
832,6.349348258972168,5.730138778686523,0.0005960163029058681,,,,,
833,6.344465255737305,5.734645843505859,0.0005949965451095951,,,,,
834,6.356760311126709,5.7419233322143555,0.0005939763772000559,,,,,
835,6.353217601776123,5.739569664001465,0.0005929558035814574,,,,,
836,6.361246013641358,5.764962196350098,0.0005919348286597569,,,,,
837,6.357295131683349,5.74759578704834,0.0005909134568426454,,,,,
838,6.340531253814698,5.749902725219727,0.0005898916925395263,,,,,
839,6.356503868103028,5.757199764251709,0.0005888695401614982,,,,,
840,6.348313045501709,5.750688552856445,0.0005878470041213345,,,,,
841,6.352936553955078,5.745081901550293,0.0005868240888334653,,,,,
842,6.356535720825195,5.7717366218566895,0.0005858007987139576,,,,,
843,6.3512983322143555,5.743845462799072,0.0005847771381804972,,,,,
844,6.361855125427246,5.759788990020752,0.0005837531116523682,,,,,
845,6.358251285552979,5.743649005889893,0.0005827287235504356,,,,,
846,6.35003080368042,5.724340915679932,0.0005817039782971249,,,,,
847,6.334129810333252,5.728219985961914,0.0005806788803164034,,,,,
848,6.34586534500122,5.737681865692139,0.0005796534340337614,,,,,
849,6.343502330780029,5.732827186584473,0.0005786276438761927,,,,,
850,6.346329879760742,5.738650798797607,0.0005776015142721758,,,,,
851,6.357228851318359,5.740136623382568,0.0005765750496516546,,,,,
852,6.349656486511231,5.737407207489014,0.0005755482544460193,,,,,
853,6.340763187408447,5.733719348907471,0.0005745211330880871,,,,,
854,6.337228012084961,5.724776744842529,0.0005734936900120839,,,,,
855,6.340171432495117,5.73201847076416,0.0005724659296536234,,,,,
856,6.338592624664306,5.747321605682373,0.0005714378564496901,,,,,
857,6.346267795562744,5.758030891418457,0.0005704094748386184,,,,,
858,6.342620182037353,5.742599964141846,0.0005693807892600744,,,,,
859,6.356667232513428,5.73207950592041,0.0005683518041550368,,,,,
860,6.347167682647705,5.754201889038086,0.0005673225239657767,,,,,
861,6.355444812774659,5.7505316734313965,0.0005662929531358397,,,,,
862,6.342931270599365,5.744905948638916,0.000565263096110026,,,,,
863,6.34889783859253,5.731224060058594,0.0005642329573343708,,,,,
864,6.344204998016357,5.737549781799316,0.0005632025412561268,,,,,
865,6.341676807403564,5.757706642150879,0.0005621718523237427,,,,,
866,6.345259189605713,5.745499610900879,0.0005611408949868457,,,,,
867,6.3534095764160154,5.743010520935059,0.0005601096736962219,,,,,
868,6.342055988311768,5.756572723388672,0.0005590781929037964,,,,,
869,6.339884948730469,5.737687587738037,0.0005580464570626152,,,,,
870,6.3459125518798825,5.734856128692627,0.0005570144706268247,,,,,
871,6.344765090942383,5.740966320037842,0.0005559822380516539,,,,,
872,6.348275375366211,5.735184669494629,0.0005549497637933939,,,,,
873,6.340096187591553,5.7377848625183105,0.0005539170523093794,,,,,
874,6.346291446685791,5.738577842712402,0.0005528841080579689,,,,,
875,6.342399787902832,5.71796989440918,0.0005518509354985264,,,,,
876,6.340372562408447,5.730685234069824,0.000550817539091401,,,,,
877,6.338887405395508,5.740869522094727,0.0005497839232979084,,,,,
878,6.347826099395752,5.736878395080566,0.0005487500925803114,,,,,
879,6.34089298248291,5.726922512054443,0.0005477160514018006,,,,,
880,6.342902660369873,5.746585369110107,0.0005466818042264753,,,,,
881,6.3336223602294925,5.756523609161377,0.0005456473555193242,,,,,
882,6.351784133911133,5.747518539428711,0.0005446127097462056,,,,,
883,6.344493007659912,5.7420334815979,0.0005435778713738292,,,,,
884,6.347357940673828,5.734605312347412,0.0005425428448697354,,,,,
885,6.343977928161621,5.729094505310059,0.0005415076347022776,,,,,
886,6.345378494262695,5.727251052856445,0.0005404722453406016,,,,,
887,6.355194568634033,5.734093189239502,0.000539436681254627,,,,,
888,6.3359678268432615,5.734804153442383,0.0005384009469150276,,,,,
889,6.336104011535644,5.745543003082275,0.0005373650467932121,,,,,
890,6.3414253234863285,5.747496128082275,0.0005363289853613053,,,,,
891,6.3396477699279785,5.738231658935547,0.0005352927670921281,,,,,
892,6.339387226104736,5.732476711273193,0.0005342563964591783,,,,,
893,6.3339203834533695,5.7227091789245605,0.0005332198779366122,,,,,
894,6.33744707107544,5.741604804992676,0.0005321832159992236,,,,,
895,6.335971164703369,5.747296333312988,0.0005311464151224262,,,,,
896,6.336929512023926,5.717903137207031,0.000530109479782233,,,,,
897,6.33339147567749,5.740113258361816,0.0005290724144552379,,,,,
898,6.338792610168457,5.741451740264893,0.0005280352236185959,,,,,
899,6.3341926574707035,5.726473331451416,0.0005269979117500037,,,,,
900,6.339510345458985,5.722230434417725,0.0005259604833276804,,,,,
901,6.3286356925964355,5.7517595291137695,0.0005249229428303486,,,,,
902,6.335961818695068,5.743662357330322,0.0005238852947372145,,,,,
903,6.330098438262939,5.735893726348877,0.0005228475435279491,,,,,
904,6.333444309234619,5.737880229949951,0.0005218096936826681,,,,,
905,6.327696704864502,5.7421979904174805,0.0005207717496819134,,,,,
906,6.334018421173096,5.730078220367432,0.0005197337160066331,,,,,
907,6.328647327423096,5.740696907043457,0.0005186955971381629,,,,,
908,6.3320207595825195,5.737456321716309,0.0005176573975582057,,,,,
909,6.328555774688721,5.743541717529297,0.0005166191217488134,,,,,
910,6.340588665008545,5.729182720184326,0.0005155807741923666,,,,,
911,6.332188320159912,5.741099834442139,0.0005145423593715557,,,,,
912,6.3258898735046385,5.7256245613098145,0.0005135038817693619,,,,,
913,6.331665992736816,5.732298851013184,0.0005124653458690365,,,,,
914,6.329780960083008,5.73918342590332,0.0005114267561540835,,,,,
915,6.322255039215088,5.74959659576416,0.0005103881171082389,,,,,
916,6.334423637390136,5.725846290588379,0.0005093494332154511,,,,,
917,6.31974229812622,5.7409281730651855,0.0005083107089598632,,,,,
918,6.3260705947875975,5.7309699058532715,0.0005072719488257914,,,,,
919,6.332884025573731,5.723116874694824,0.0005062331572977076,,,,,
920,6.326040267944336,5.728919982910156,0.0005051943388602188,,,,,
921,6.329611206054688,5.739727973937988,0.0005041554979980486,,,,,
922,6.324411487579345,5.732029438018799,0.0005031166391960168,,,,,
923,6.323505020141601,5.7402167320251465,0.0005020777669390213,,,,,
924,6.328238391876221,5.743226528167725,0.0005010388857120175,,,,,
925,6.329995918273926,5.730679512023926,0.0005,,,,,
926,6.329524326324463,5.763704299926758,0.0004989611142879825,,,,,
927,6.326333618164062,5.742266654968262,0.0004979222330609789,,,,,
928,6.332353019714356,5.752508163452148,0.0004968833608039832,,,,,
929,6.327808284759522,5.728484630584717,0.0004958445020019516,,,,,
930,6.321804714202881,5.738824844360352,0.0004948056611397813,,,,,
931,6.336618137359619,5.750117778778076,0.0004937668427022925,,,,,
932,6.335347747802734,5.737846851348877,0.0004927280511742086,,,,,
933,6.330312347412109,5.7420148849487305,0.0004916892910401369,,,,,
934,6.3219602584838865,5.743738174438477,0.000490650566784549,,,,,
935,6.334873008728027,5.725883483886719,0.0004896118828917613,,,,,
936,6.32897834777832,5.733052730560303,0.0004885732438459165,,,,,
937,6.3284461975097654,5.732180595397949,0.00048753465413096367,,,,,
938,6.328481006622314,5.733846187591553,0.0004864961182306383,,,,,
939,6.3284248352050785,5.726818561553955,0.0004854576406284443,,,,,
940,6.316942882537842,5.717244625091553,0.00048441922580763354,,,,,
941,6.321207046508789,5.741971969604492,0.0004833808782511867,,,,,
942,6.325689601898193,5.732830047607422,0.0004823426024417943,,,,,
943,6.319456672668457,5.72446346282959,0.00048130440286183726,,,,,
944,6.322829151153565,5.729465484619141,0.00048026628399336704,,,,,
945,6.32041482925415,5.736557960510254,0.0004792282503180867,,,,,
946,6.329720687866211,5.73844051361084,0.0004781903063173321,,,,,
947,6.3266044616699215,5.725460529327393,0.000477152456472051,,,,,
948,6.318971920013428,5.738689422607422,0.00047611470526278554,,,,,
949,6.31968412399292,5.742883205413818,0.0004750770571696514,,,,,
950,6.325325298309326,5.72739839553833,0.0004740395166723197,,,,,
951,6.3215651512146,5.743161678314209,0.00047300208824999643,,,,,
952,6.3172351837158205,5.725520610809326,0.00047196477638140405,,,,,
953,6.319229412078857,5.723885536193848,0.0004709275855447621,,,,,
954,6.321695137023926,5.7331390380859375,0.00046989052021776713,,,,,
955,6.321997833251953,5.747403144836426,0.000468853584877574,,,,,
956,6.321783828735351,5.718623161315918,0.00046781678400077665,,,,,
957,6.321671867370606,5.730963230133057,0.00046678012206338796,,,,,
958,6.317569351196289,5.751120567321777,0.00046574360354082167,,,,,
959,6.319907760620117,5.723293781280518,0.0004647072329078721,,,,,
960,6.327455329895019,5.733798027038574,0.0004636710146386947,,,,,
961,6.3169739723205565,5.7311692237854,0.0004626349532067879,,,,,
962,6.316775894165039,5.732118606567383,0.0004615990530849726,,,,,
963,6.322235584259033,5.723458290100098,0.00046056331874537313,,,,,
964,6.325296115875244,5.740458965301514,0.00045952775465939833,,,,,
965,6.316934490203858,5.723424911499023,0.00045849236529772237,,,,,
966,6.319735908508301,5.735762119293213,0.0004574571551302647,,,,,
967,6.32597541809082,5.735847473144531,0.00045642212862617086,,,,,
968,6.311875534057617,5.740574836730957,0.0004553872902537944,,,,,
969,6.313168525695801,5.734457969665527,0.0004543526444806759,,,,,
970,6.324992752075195,5.716578006744385,0.00045331819577352475,,,,,
971,6.323198318481445,5.72361946105957,0.0004522839485981994,,,,,
972,6.319334888458252,5.733438968658447,0.00045124990741968874,,,,,
973,6.316985416412353,5.724610328674316,0.00045021607670209175,,,,,
974,6.3260753631591795,5.724274158477783,0.00044918246090859906,,,,,
975,6.317839050292969,5.706381320953369,0.00044814906450147367,,,,,
976,6.318593120574951,5.735012531280518,0.0004471158919420312,,,,,
977,6.321367835998535,5.719834804534912,0.00044608294769062074,,,,,
978,6.320499610900879,5.7379069328308105,0.00044505023620660625,,,,,
979,6.315510559082031,5.7188286781311035,0.0004440177619483461,,,,,
980,6.319638347625732,5.738171100616455,0.00044298552937317525,,,,,
981,6.315114212036133,5.723932266235352,0.0004419535429373848,,,,,
982,6.317900276184082,5.740627288818359,0.0004409218070962036,,,,,
983,6.323940467834473,5.737534046173096,0.00043989032630377823,,,,,
984,6.3024582862854,5.718865871429443,0.00043885910501315436,,,,,
985,6.317163562774658,5.731746673583984,0.0004378281476762576,,,,,
986,6.310018730163574,5.7271013259887695,0.00043679745874387335,,,,,
987,6.312335109710693,5.725776195526123,0.0004357670426656292,,,,,
988,6.315705966949463,5.730774402618408,0.00043473690388997434,,,,,
989,6.312787437438965,5.73258113861084,0.00043370704686416037,,,,,
990,6.309791088104248,5.725737571716309,0.00043267747603422334,,,,,
991,6.3119255065917965,5.730498790740967,0.00043164819584496337,,,,,
992,6.3082348823547365,5.718076229095459,0.0004306192107399257,,,,,
993,6.3179097175598145,5.732173919677734,0.0004295905251613817,,,,,
994,6.30310754776001,5.719130516052246,0.0004285621435503101,,,,,
995,6.31015567779541,5.724693775177002,0.0004275340703463767,,,,,
996,6.309488201141358,5.74451208114624,0.0004265063099879162,,,,,
997,6.312270259857177,5.721108913421631,0.0004254788669119127,,,,,
998,6.3159708976745605,5.7335100173950195,0.0004244517455539808,,,,,
999,6.309573173522949,5.716460704803467,0.0004234249503483455,,,,,
1000,6.304841423034668,5.71870231628418,0.00042239848572782416,,,,,
1001,6.313879776000976,5.722111225128174,0.0004213723561238074,,,,,
1002,6.31028995513916,5.719187259674072,0.00042034656596623876,,,,,
1003,6.31795711517334,5.734216690063477,0.00041932111968359664,,,,,
1004,6.306958866119385,5.727075576782227,0.00041829602170287525,,,,,
1005,6.3074049949646,5.729849338531494,0.0004172712764495644,,,,,
1006,6.305695629119873,5.720706939697266,0.00041624688834763184,,,,,
1007,6.314794921875,5.7353010177612305,0.0004152228618195031,,,,,
1008,6.302847957611084,5.711636543273926,0.0004141992012860425,,,,,
1009,6.308096408843994,5.717281341552734,0.00041317591116653486,,,,,
1010,6.306282901763916,5.7140045166015625,0.00041215299587866566,,,,,
1011,6.307748889923095,5.741743564605713,0.00041113045983850186,,,,,
1012,6.31595458984375,5.715925693511963,0.00041010830746047365,,,,,
1013,6.30390100479126,5.72203254699707,0.00040908654315735467,,,,,
1014,6.312798404693604,5.7278056144714355,0.00040806517134024314,,,,,
1015,6.307386970520019,5.721554279327393,0.00040704419641854274,,,,,
1016,6.311045932769775,5.721550464630127,0.0004060236227999441,,,,,
1017,6.308719635009766,5.731790065765381,0.00040500345489040515,,,,,
1018,6.297594738006592,5.741375923156738,0.00040398369709413194,,,,,
1019,6.307977867126465,5.725450038909912,0.00040296435381356077,,,,,
1020,6.305411243438721,5.717228412628174,0.00040194542944933803,,,,,
1021,6.307340908050537,5.72993278503418,0.0004009269284003013,,,,,
1022,6.3113658905029295,5.727093696594238,0.00039990885506346093,,,,,
1023,6.308506679534912,5.7355804443359375,0.00039889121383398113,,,,,
1024,6.306899929046631,5.719998359680176,0.0003978740091051599,,,,,
1025,6.305000877380371,5.733676910400391,0.0003968572452684113,,,,,
1026,6.308473014831543,5.726315021514893,0.0003958409267132461,,,,,
1027,6.300427341461182,5.730151653289795,0.0003948250578272522,,,,,
1028,6.303429794311524,5.723140239715576,0.00039380964299607675,,,,,
1029,6.295446109771729,5.724750995635986,0.0003927946866034062,,,,,
1030,6.3069673538208,5.736866474151611,0.0003917801930309486,,,,,
1031,6.306170558929443,5.721324443817139,0.00039076616665841305,,,,,
1032,6.305285358428955,5.736607074737549,0.00038975261186349216,,,,,
1033,6.3085047721862795,5.729338645935059,0.00038873953302184284,,,,,
1034,6.308490180969239,5.714410781860352,0.00038772693450706675,,,,,
1035,6.304280567169189,5.729814529418945,0.0003867148206906923,,,,,
1036,6.307306003570557,5.733027458190918,0.0003857031959421553,,,,,
1037,6.310008430480957,5.733701229095459,0.00038469206462877993,,,,,
1038,6.30679178237915,5.718728065490723,0.0003836814311157606,,,,,
1039,6.31015043258667,5.72235107421875,0.00038267129976614253,,,,,
1040,6.30297622680664,5.7346930503845215,0.0003816616749408024,,,,,
1041,6.309433078765869,5.7277445793151855,0.00038065256099843113,,,,,
1042,6.298818492889405,5.712033271789551,0.0003796439622955136,,,,,
1043,6.304018592834472,5.724628925323486,0.00037863588318631016,,,,,
1044,6.296528911590576,5.726895332336426,0.0003776283280228381,,,,,
1045,6.2971490859985355,5.721833229064941,0.00037662130115485317,,,,,
1046,6.3015416145324705,5.738090991973877,0.00037561480692983006,,,,,
1047,6.306311702728271,5.732423782348633,0.0003746088496929436,,,,,
1048,6.306490516662597,5.728631973266602,0.00037360343378705117,,,,,
1049,6.2976149559021,5.732151508331299,0.00037259856355267276,,,,,
1050,6.301601982116699,5.7148637771606445,0.0003715942433279723,,,,,
1051,6.308987331390381,5.711808204650879,0.0003705904774487396,,,,,
1052,6.308409976959228,5.71954345703125,0.0003695872702483715,,,,,
1053,6.30711555480957,5.743384838104248,0.00036858462605785235,,,,,
1054,6.299292469024659,5.712251663208008,0.00036758254920573637,,,,,
1055,6.304644680023193,5.7178263664245605,0.00036658104401812854,,,,,
1056,6.300100040435791,5.734163284301758,0.0003655801148186655,,,,,
1057,6.294308280944824,5.742834568023682,0.0003645797659284975,,,,,
1058,6.3012998580932615,5.724459171295166,0.0003635800016662696,,,,,
1059,6.297916603088379,5.717810153961182,0.0003625808263481026,,,,,
1060,6.297824287414551,5.706888198852539,0.00036158224428757535,,,,,
1061,6.296156978607177,5.721593856811523,0.0003605842597957048,,,,,
1062,6.300838851928711,5.7219648361206055,0.00035958687718092887,,,,,
1063,6.2993427276611325,5.740650177001953,0.00035859010074908626,,,,,
1064,6.29303503036499,5.707690238952637,0.00035759393480339947,,,,,
1065,6.295705127716064,5.711246490478516,0.00035659838364445503,,,,,
1066,6.300903224945069,5.735249996185303,0.0003556034515701851,,,,,
1067,6.29013500213623,5.719423294067383,0.0003546091428758499,,,,,
1068,6.301598644256591,5.7154974937438965,0.00035361546185401797,,,,,
1069,6.295211982727051,5.710672378540039,0.00035262241279454787,,,,,
1070,6.296688365936279,5.729935169219971,0.0003516299999845705,,,,,
1071,6.292999649047852,5.723399639129639,0.00035063822770846966,,,,,
1072,6.300566482543945,5.731575012207031,0.0003496471002478635,,,,,
1073,6.299768447875977,5.7164812088012695,0.0003486566218815871,,,,,
1074,6.298399543762207,5.737550258636475,0.000347666796885673,,,,,
1075,6.301812267303466,5.733826637268066,0.00034667762953333295,,,,,
1076,6.289903259277343,5.719569683074951,0.00034568912409493945,,,,,
1077,6.294175148010254,5.716423988342285,0.0003447012848380081,,,,,
1078,6.295462703704834,5.733797550201416,0.00034371411602717784,,,,,
1079,6.295669174194336,5.72579288482666,0.00034272762192419327,,,,,
1080,6.296196842193604,5.715992450714111,0.00034174180678788623,,,,,
1081,6.297588062286377,5.707855701446533,0.00034075667487415786,,,,,
1082,6.298401260375977,5.722799777984619,0.00033977223043595896,,,,,
1083,6.300965213775635,5.733738899230957,0.0003387884777232727,,,,,
1084,6.2961503028869625,5.734187602996826,0.0003378054209830965,,,,,
1085,6.288665676116944,5.729279518127441,0.0003368230644594222,,,,,
1086,6.296860694885254,5.72066068649292,0.00033584141239321953,,,,,
1087,6.302771663665771,5.715979099273682,0.00033486046902241664,,,,,
1088,6.3026659965515135,5.722450256347656,0.00033388023858188184,,,,,
1089,6.291543769836426,5.71958065032959,0.00033290072530340627,,,,,
1090,6.30113525390625,5.716772556304932,0.0003319219334156847,,,,,
1091,6.2961297035217285,5.7354559898376465,0.0003309438671442972,,,,,
1092,6.29576301574707,5.72494649887085,0.00032996653071169194,,,,,
1093,6.293335342407227,5.716615676879883,0.0003289899283371657,,,,,
1094,6.286525440216065,5.724129676818848,0.00032801406423684654,,,,,
1095,6.295631027221679,5.719879150390625,0.00032703894262367484,,,,,
1096,6.296273994445801,5.733040809631348,0.00032606456770738635,,,,,
1097,6.287365913391113,5.73398494720459,0.00032509094369449277,,,,,
1098,6.296304416656494,5.727802753448486,0.0003241180747882636,,,,,
1099,6.291092300415039,5.713746070861816,0.00032314596518870934,,,,,
1100,6.294713497161865,5.718446731567383,0.0003221746190925618,,,,,
1101,6.295838356018066,5.731267929077148,0.00032120404069325693,,,,,
1102,6.293575096130371,5.710061550140381,0.0003202342341809162,,,,,
1103,6.297902393341064,5.730014324188232,0.00031926520374232927,,,,,
1104,6.295985126495362,5.728110313415527,0.0003182969535609345,,,,,
1105,6.291316509246826,5.723620891571045,0.0003173294878168025,,,,,
1106,6.2888157844543455,5.733882904052734,0.0003163628106866172,,,,,
1107,6.290886783599854,5.7144775390625,0.00031539692634365783,,,,,
1108,6.292890357971191,5.724201202392578,0.00031443183895778107,,,,,
1109,6.30123291015625,5.71906042098999,0.000313467552695403,,,,,
1110,6.29092845916748,5.70461368560791,0.00031250407171948155,,,,,
1111,6.289996719360351,5.715885162353516,0.0003115414001894974,,,,,
1112,6.291319370269775,5.730246067047119,0.00031057954226143715,,,,,
1113,6.288713359832764,5.715946674346924,0.0003096185020877753,,,,,
1114,6.290729904174805,5.725008487701416,0.0003086582838174551,,,,,
1115,6.289974689483643,5.714896202087402,0.0003076988915958725,,,,,
1116,6.293567371368408,5.714768409729004,0.00030674032956485664,,,,,
1117,6.295270824432373,5.700700283050537,0.00030578260186265265,,,,,
1118,6.289704704284668,5.709914207458496,0.0003048257126239042,,,,,
1119,6.293735122680664,5.732419967651367,0.00030386966597963484,,,,,
1120,6.286577606201172,5.727636337280273,0.0003029144660572304,,,,,
1121,6.289119625091553,5.711287975311279,0.0003019601169804216,,,,,
1122,6.295576095581055,5.725067138671875,0.00030100662286926586,,,,,
1123,6.294025039672851,5.732659816741943,0.0003000539878401296,,,,,
1124,6.290426445007324,5.716668128967285,0.00029910221600567015,,,,,
1125,6.291898918151856,5.729982852935791,0.0002981513114748189,,,,,
1126,6.288572883605957,5.717286109924316,0.0002972012783527626,,,,,
1127,6.282981872558594,5.717709064483643,0.00029625212074092566,,,,,
1128,6.28931770324707,5.736117839813232,0.0002953038427369537,,,,,
1129,6.28599100112915,5.725953578948975,0.00029435644843469434,,,,,
1130,6.287966632843018,5.731002330780029,0.00029340994192418,,,,,
1131,6.281897735595703,5.719048500061035,0.0002924643272916105,,,,,
1132,6.290523719787598,5.733608722686768,0.00029151960861933615,,,,,
1133,6.287113857269287,5.7180986404418945,0.00029057578998583765,,,,,
1134,6.28492956161499,5.724196910858154,0.0002896328754657114,,,,,
1135,6.2906242370605465,5.731409072875977,0.0002886908691296504,,,,,
1136,6.28760175704956,5.706552505493164,0.00028774977504442644,,,,,
1137,6.287134075164795,5.705941200256348,0.00028680959727287315,,,,,
1138,6.286520385742188,5.719751834869385,0.00028587033987386855,,,,,
1139,6.288698291778564,5.7230682373046875,0.0002849320069023175,,,,,
1140,6.291113758087159,5.740675449371338,0.0002839946024091331,,,,,
1141,6.291079998016357,5.721372127532959,0.00028305813044122096,,,,,
1142,6.295762729644776,5.713111400604248,0.00028212259504146043,,,,,
1143,6.285296630859375,5.7241716384887695,0.0002811880002486874,,,,,
1144,6.287676811218262,5.7026753425598145,0.0002802543500976775,,,,,
1145,6.2926301002502445,5.714372158050537,0.000279321648619128,,,,,
1146,6.288063049316406,5.7203803062438965,0.00027838989983964066,,,,,
1147,6.28898344039917,5.719417095184326,0.0002774591077817038,,,,,
1148,6.288317108154297,5.717008113861084,0.0002765292764636764,,,,,
1149,6.294777774810791,5.733291149139404,0.00027560040989976894,,,,,
1150,6.2953338623046875,5.715576648712158,0.0002746725121000273,,,,,
1151,6.289228820800782,5.7331342697143555,0.00027374558707031547,,,,,
1152,6.285691165924073,5.72776460647583,0.0002728196388122968,,,,,
1153,6.289571952819824,5.722240447998047,0.0002718946713234185,,,,,
1154,6.285896587371826,5.722153663635254,0.0002709706885968938,,,,,
1155,6.2810813903808596,5.734701156616211,0.0002700476946216843,,,,,
1156,6.290993690490723,5.722788333892822,0.00026912569338248315,,,,,
1157,6.290438461303711,5.723145484924316,0.00026820468885969717,,,,,
1158,6.289804744720459,5.71179723739624,0.00026728468502943114,,,,,
1159,6.288368988037109,5.706308841705322,0.000266365685863469,,,,,
1160,6.288669681549072,5.728460788726807,0.00026544769532925786,,,,,
1161,6.284943962097168,5.710033416748047,0.0002645307173898901,,,,,
1162,6.288246822357178,5.7149338722229,0.00026361475600408655,,,,,
1163,6.28149299621582,5.711996555328369,0.0002626998151261798,,,,,
1164,6.289161109924317,5.709915637969971,0.00026178589870609663,,,,,
1165,6.282820701599121,5.704581260681152,0.0002608730106893411,,,,,
1166,6.282742881774903,5.741277694702148,0.0002599611550169769,,,,,
1167,6.285259437561035,5.711027145385742,0.0002590503356256122,,,,,
1168,6.28403148651123,5.725986003875732,0.0002581405564473801,,,,,
1169,6.2768370628356935,5.729219913482666,0.0002572318214099239,,,,,
1170,6.285825443267822,5.715269088745117,0.00025632413443637885,,,,,
1171,6.277360916137695,5.7275590896606445,0.00025541749944535554,,,,,
1172,6.282988452911377,5.717294692993164,0.0002545119203509226,,,,,
1173,6.289000606536865,5.7035813331604,0.00025360740106259106,,,,,
1174,6.2811134338378904,5.722388744354248,0.0002527039454852963,,,,,
1175,6.283649635314942,5.705602169036865,0.00025180155751938115,,,,,
1176,6.279087734222412,5.724139213562012,0.0002509002410605796,,,,,
1177,6.281241035461425,5.725980758666992,0.0002500000000000001,,,,,
1178,6.28705997467041,5.731421947479248,0.0002491008382241079,,,,,
1179,6.284654808044434,5.714129447937012,0.00024820275961470934,,,,,
1180,6.283725929260254,5.711674690246582,0.0002473057680489348,,,,,
1181,6.287972545623779,5.697814464569092,0.0002464098673992205,,,,,
1182,6.283103370666504,5.716209411621094,0.0002455150615332942,,,,,
1183,6.277611160278321,5.740310192108154,0.0002446213543141573,,,,,
1184,6.282766437530517,5.729876518249512,0.00024372874960006742,,,,,
1185,6.279907512664795,5.727507591247559,0.00024283725124452327,,,,,
1186,6.29113073348999,5.726085662841797,0.00024194686309624664,,,,,
1187,6.282948303222656,5.713799476623535,0.00024105758899916713,,,,,
1188,6.290209102630615,5.723891258239746,0.00024016943279240395,,,,,
1189,6.286375236511231,5.718869209289551,0.000239282398310251,,,,,
1190,6.285272598266602,5.7090559005737305,0.00023839648938215919,,,,,
1191,6.291436195373535,5.7256035804748535,0.00023751170983271996,,,,,
1192,6.285121059417724,5.7236104011535645,0.0002366280634816496,,,,,
1193,6.284719848632813,5.708528995513916,0.0002357455541437723,,,,,
1194,6.287150859832764,5.723199367523193,0.00023486418562900302,,,,,
1195,6.277699756622314,5.721615314483643,0.00023398396174233177,,,,,
1196,6.283428955078125,5.719235420227051,0.00023310488628380756,,,,,
1197,6.2748490333557125,5.714341163635254,0.00023222696304852082,,,,,
1198,6.284861660003662,5.73234748840332,0.000231350195826588,,,,,
1199,6.289344406127929,5.715762615203857,0.00023047458840313523,,,,,
1200,6.290316486358643,5.7091827392578125,0.00022960014455828087,,,,,
1201,6.2862194061279295,5.7290544509887695,0.00022872686806712033,,,,,
1202,6.275793170928955,5.709730625152588,0.0002278547626997094,,,,,
1203,6.280324268341064,5.712933540344238,0.0002269838322210483,,,,,
1204,6.284244251251221,5.709549903869629,0.0002261140803910644,,,,,
1205,6.280594825744629,5.7006425857543945,0.000225245510964597,,,,,
1206,6.282398796081543,5.724055767059326,0.0002243781276913811,,,,,
1207,6.279779052734375,5.710626125335693,0.00022351193431603027,,,,,
1208,6.284947872161865,5.719692707061768,0.0002226469345780217,,,,,
1209,6.283067798614502,5.712695598602295,0.00022178313221167967,,,,,
1210,6.281256294250488,5.729153156280518,0.0002209205309461581,,,,,
1211,6.275481796264648,5.705772399902344,0.0002200591345054267,,,,,
1212,6.275956439971924,5.708372592926025,0.00021919894660825363,,,,,
1213,6.276797962188721,5.71022891998291,0.00021833997096818897,,,,,
1214,6.288402462005616,5.723334789276123,0.00021748221129355016,,,,,
1215,6.28240556716919,5.715287685394287,0.0002166256712874045,,,,,
1216,6.279364967346192,5.719359874725342,0.0002157703546475539,,,,,
1217,6.283727931976318,5.722062110900879,0.00021491626506651914,,,,,
1218,6.280710887908936,5.714472770690918,0.00021406340623152359,,,,,
1219,6.276208114624024,5.706430912017822,0.00021321178182447708,,,,,
1220,6.280102252960205,5.710103511810303,0.0002123613955219601,,,,,
1221,6.2822881698608395,5.723474502563477,0.0002115122509952085,,,,,
1222,6.273972511291504,5.722738265991211,0.00021066435191009715,,,,,
1223,6.275717735290527,5.697394847869873,0.0002098177019271238,,,,,
1224,6.287568092346191,5.721822261810303,0.00020897230470139417,,,,,
1225,6.281057739257813,5.726356506347656,0.00020812816388260518,,,,,
1226,6.2764379501342775,5.722431182861328,0.00020728528311502974,,,,,
1227,6.281547927856446,5.715281963348389,0.0002064436660375013,,,,,
1228,6.273889064788818,5.726469993591309,0.00020560331628339767,,,,,
1229,6.2843015670776365,5.717528820037842,0.00020476423748062516,,,,,
1230,6.272681045532226,5.704294681549072,0.0002039264332516032,,,,,
1231,6.281802749633789,5.7266669273376465,0.00020308990721324926,,,,,
1232,6.283973693847656,5.710914611816406,0.00020225466297696206,,,,,
1233,6.273162078857422,5.72102165222168,0.00020142070414860702,,,,,
1234,6.274839591979981,5.7285542488098145,0.00020058803432849987,,,,,
1235,6.282748126983643,5.722134113311768,0.00019975665711139212,,,,,
1236,6.284593391418457,5.731795310974121,0.00019892657608645422,,,,,
1237,6.275385189056396,5.713596820831299,0.0001980977948372612,,,,,
1238,6.283175659179688,5.722245216369629,0.00019727031694177723,,,,,
1239,6.274011039733887,5.723540306091309,0.00019644414597233835,,,,,
1240,6.2738182067871096,5.7141032218933105,0.00019561928549563967,,,,,
1241,6.275253963470459,5.7351508140563965,0.00019479573907271847,,,,,
1242,6.281976222991943,5.695862293243408,0.00019397351025893868,,,,,
1243,6.275619125366211,5.723480701446533,0.00019315260260397639,,,,,
1244,6.272644805908203,5.737477779388428,0.00019233301965180367,,,,,
1245,6.275054168701172,5.724244594573975,0.00019151476494067376,,,,,
1246,6.276793003082275,5.711104393005371,0.00019069784200310592,,,,,
1247,6.278034019470215,5.723530292510986,0.00018988225436587002,,,,,
1248,6.27332878112793,5.728014945983887,0.00018906800554997083,,,,,
1249,6.284493446350098,5.700218200683594,0.00018825509907063325,,,,,
1250,6.278609085083008,5.72627592086792,0.00018744353843728762,,,,,
1251,6.272483444213867,5.697694778442383,0.00018663332715355396,,,,,
1252,6.282918071746826,5.72009801864624,0.00018582446871722637,,,,,
1253,6.273974990844726,5.699136257171631,0.00018501696662025934,,,,,
1254,6.279883289337159,5.722337245941162,0.00018421082434875132,,,,,
1255,6.27783842086792,5.718684196472168,0.00018340604538293016,,,,,
1256,6.2736287117004395,5.718223571777344,0.00018260263319713844,,,,,
1257,6.269550132751465,5.711958885192871,0.00018180059125981823,,,,,
1258,6.275072956085205,5.713808059692383,0.00018099992303349577,,,,,
1259,6.280705833435059,5.726574897766113,0.00018020063197476667,,,,,
1260,6.2766460418701175,5.7132720947265625,0.00017940272153428154,,,,,
1261,6.273951816558838,5.707304000854492,0.0001786061951567303,,,,,
1262,6.281490135192871,5.714558124542236,0.00017781105628082817,,,,,
1263,6.275694942474365,5.6978759765625,0.0001770173083392997,,,,,
1264,6.276266288757324,5.72706937789917,0.00017622495475886485,,,,,
1265,6.285507106781006,5.697612285614014,0.00017543399896022404,,,,,
1266,6.27494535446167,5.7349724769592285,0.00017464444435804328,,,,,
1267,6.270585727691651,5.718038082122803,0.00017385629436093958,,,,,
1268,6.275643253326416,5.722012042999268,0.00017306955237146522,,,,,
1269,6.283751010894775,5.717201232910156,0.00017228422178609487,,,,,
1270,6.271775817871093,5.715689659118652,0.00017150030599520982,,,,,
1271,6.2832342147827145,5.731581687927246,0.00017071780838308288,,,,,
1272,6.278963088989258,5.709346771240234,0.00016993673232786527,,,,,
1273,6.273508548736572,5.732861042022705,0.00016915708120157042,,,,,
1274,6.282484149932861,5.712918758392334,0.00016837885837006034,,,,,
1275,6.26973180770874,5.729112148284912,0.00016760206719303107,,,,,
1276,6.2783537864685055,5.720076560974121,0.00016682671102399805,,,,,
1277,6.273289489746094,5.7071919441223145,0.0001660527932102814,,,,,
1278,6.271306800842285,5.714724540710449,0.0001652803170929914,,,,,
1279,6.2739945411682125,5.717565059661865,0.00016450928600701505,,,,,
1280,6.276198196411133,5.713388919830322,0.00016373970328100013,,,,,
1281,6.277556037902832,5.719822406768799,0.00016297157223734226,,,,,
1282,6.277425861358642,5.714052677154541,0.0001622048961921699,,,,,
1283,6.27720193862915,5.707377910614014,0.0001614396784553297,,,,,
1284,6.271336555480957,5.716241836547852,0.0001606759223303727,,,,,
1285,6.275005722045899,5.712992191314697,0.0001599136311145402,,,,,
1286,6.272329807281494,5.72105073928833,0.00015915280809874932,,,,,
1287,6.274869537353515,5.718825817108154,0.00015839345656757842,,,,,
1288,6.275663375854492,5.73612642288208,0.00015763557979925325,,,,,
1289,6.271869850158692,5.708589553833008,0.00015687918106563326,,,,,
1290,6.267837238311768,5.712554931640625,0.0001561242636321965,,,,,
1291,6.276025772094727,5.698161602020264,0.0001553708307580265,,,,,
1292,6.276046848297119,5.7377705574035645,0.00015461888569579741,,,,,
1293,6.278853511810302,5.706938743591309,0.00015386843169176023,,,,,
1294,6.2778552055358885,5.730418682098389,0.00015311947198572918,,,,,
1295,6.280752182006836,5.713777542114258,0.00015237200981106742,,,,,
1296,6.269144439697266,5.709149360656738,0.00015162604839467266,,,,,
1297,6.272800922393799,5.723876953125,0.00015088159095696363,,,,,
1298,6.275807952880859,5.729353427886963,0.00015013864071186666,,,,,
1299,6.280779647827148,5.721779823303223,0.00014939720086680114,,,,,
1300,6.272600269317627,5.723321437835693,0.00014865727462266544,,,,,
1301,6.282625007629394,5.712888240814209,0.00014791886517382413,,,,,
1302,6.270631122589111,5.717540740966797,0.0001471819757080931,,,,,
1303,6.269526958465576,5.725201606750488,0.00014644660940672628,,,,,
1304,6.27114953994751,5.712188720703125,0.00014571276944440214,,,,,
1305,6.269647693634033,5.715555191040039,0.00014498045898920985,,,,,
1306,6.272648715972901,5.72702169418335,0.00014424968120263504,,,,,
1307,6.273432445526123,5.718922138214111,0.00014352043923954665,,,,,
1308,6.271722602844238,5.703320026397705,0.00014279273624818374,,,,,
1309,6.2722855567932125,5.727043628692627,0.0001420665753701408,,,,,
1310,6.270749473571778,5.7225661277771,0.00014134195974035524,,,,,
1311,6.2753777503967285,5.724488258361816,0.0001406188924870934,,,,,
1312,6.27803144454956,5.716701984405518,0.00013989737673193682,,,,,
1313,6.26694622039795,5.7258124351501465,0.00013917741558976894,,,,,
1314,6.274560356140137,5.726350784301758,0.0001384590121687621,,,,,
1315,6.272557926177979,5.723177909851074,0.00013774216957036366,,,,,
1316,6.277976417541504,5.72484827041626,0.00013702689088928248,,,,,
1317,6.266269969940185,5.702313423156738,0.00013631317921347562,,,,,
1318,6.272824001312256,5.72650146484375,0.00013560103762413583,,,,,
1319,6.270419502258301,5.713308334350586,0.00013489046919567684,,,,,
1320,6.27247428894043,5.707090854644775,0.0001341814769957213,,,,,
1321,6.267075443267823,5.713338375091553,0.00013347406408508694,,,,,
1322,6.2652815818786625,5.7208075523376465,0.00013276823351777327,,,,,
1323,6.274160099029541,5.724346160888672,0.00013206398834094885,,,,,
1324,6.2758612632751465,5.712530612945557,0.000131361331594938,,,,,
1325,6.267096042633057,5.717235088348389,0.00013066026631320733,,,,,
1326,6.279219722747802,5.722232818603516,0.00012996079552235262,,,,,
1327,6.257773780822754,5.719776630401611,0.00012926292224208662,,,,,
1328,6.27002649307251,5.7176313400268555,0.00012856664948522517,,,,,
1329,6.27347354888916,5.714176654815674,0.00012787198025767415,,,,,
1330,6.274152755737305,5.7288055419921875,0.0001271789175584172,,,,,
1331,6.275782299041748,5.7176899909973145,0.00012648746437950208,,,,,
1332,6.270568084716797,5.715665340423584,0.000125797623706028,,,,,
1333,6.267728710174561,5.723560810089111,0.00012510939851613284,,,,,
1334,6.266672229766845,5.721062660217285,0.00012442279178098052,,,,,
1335,6.272889232635498,5.717259883880615,0.00012373780646474748,,,,,
1336,6.265401172637939,5.7186360359191895,0.0001230544455246101,,,,,
1337,6.271687126159668,5.721443176269531,0.0001223727119107327,,,,,
1338,6.270335960388183,5.728816986083984,0.00012169260856625358,,,,,
1339,6.277990436553955,5.698211193084717,0.00012101413842727343,,,,,
1340,6.26805944442749,5.727104187011719,0.00012033730442284229,,,,,
1341,6.272552490234375,5.711275100708008,0.00011966210947494583,,,,,
1342,6.271480369567871,5.711662292480469,0.0001189885564984946,,,,,
1343,6.2656759262084964,5.715581893920898,0.00011831664840131034,,,,,
1344,6.27791109085083,5.710280418395996,0.0001176463880841136,,,,,
1345,6.269056224822998,5.726845741271973,0.00011697777844051105,,,,,
1346,6.270887088775635,5.723147869110107,0.00011631082235698314,,,,,
1347,6.270426464080811,5.7129106521606445,0.00011564552271287215,,,,,
1348,6.277789783477783,5.72121524810791,0.0001149818823803686,,,,,
1349,6.266997146606445,5.717536449432373,0.00011431990422450017,,,,,
1350,6.265010261535645,5.702897548675537,0.00011365959110311835,,,,,
1351,6.276451873779297,5.699639320373535,0.0001130009458668863,,,,,
1352,6.270140552520752,5.718310356140137,0.00011234397135926705,,,,,
1353,6.273191165924072,5.713986396789551,0.00011168867041651082,,,,,
1354,6.263737487792969,5.722038269042969,0.00011103504586764262,,,,,
1355,6.265920734405517,5.711410045623779,0.00011038310053445011,,,,,
1356,6.268534374237061,5.719387531280518,0.0001097328372314721,,,,,
1357,6.266576480865479,5.722873687744141,0.0001090842587659851,,,,,
1358,6.269987678527832,5.723935604095459,0.00010843736793799263,,,,,
1359,6.271596240997314,5.707020282745361,0.00010779216754021215,,,,,
1360,6.267032718658447,5.720549583435059,0.00010714866035806326,,,,,
1361,6.266177368164063,5.720197677612305,0.00010650684916965559,,,,,
1362,6.265944480895996,5.7253217697143555,0.00010586673674577713,,,,,
1363,6.269828796386719,5.714020729064941,0.00010522832584988234,,,,,
1364,6.266704940795899,5.7251811027526855,0.00010459161923807937,,,,,
1365,6.264045906066895,5.7162041664123535,0.0001039566196591189,,,,,
1366,6.2752659797668455,5.7166948318481445,0.00010332332985438247,,,,,
1367,6.263799953460693,5.7206268310546875,0.00010269175255786983,,,,,
1368,6.2707164764404295,5.724979877471924,0.00010206189049618791,,,,,
1369,6.2625936508178714,5.708467960357666,0.00010143374638853892,,,,,
1370,6.273866462707519,5.723542213439941,0.00010080732294670747,,,,,
1371,6.2802831649780275,5.712593078613281,0.00010018262287505086,,,,,
1372,6.268897819519043,5.708303451538086,9.955964887048607e-05,,,,,
1373,6.271376323699951,5.7213826179504395,9.893840362247809e-05,,,,,
1374,6.261568641662597,5.712752819061279,9.831888981302906e-05,,,,,
1375,6.269954013824463,5.710330009460449,9.770111011666583e-05,,,,,
1376,6.2731396675109865,5.723020553588867,9.708506720042931e-05,,,,,
1377,6.2732462882995605,5.715790271759033,9.647076372386193e-05,,,,,
1378,6.264351177215576,5.7172088623046875,9.58582023389974e-05,,,,,
1379,6.267978477478027,5.7246198654174805,9.524738569034802e-05,,,,,
1380,6.26892204284668,5.709309101104736,9.46383164148939e-05,,,,,
1381,6.273581027984619,5.709523677825928,9.403099714207175e-05,,,,,
1382,6.2711913108825685,5.725398540496826,9.342543049376318e-05,,,,,
1383,6.271538829803466,5.7099833488464355,9.282161908428344e-05,,,,,
1384,6.266600799560547,5.7093377113342285,9.221956552036992e-05,,,,,
1385,6.265568256378174,5.725306510925293,9.161927240117173e-05,,,,,
1386,6.265480041503906,5.715756893157959,9.102074231823725e-05,,,,,
1387,6.271709346771241,5.709267616271973,9.042397785550405e-05,,,,,
1388,6.272667121887207,5.722858428955078,8.982898158928726e-05,,,,,
1389,6.268035984039306,5.722888946533203,8.923575608826812e-05,,,,,
1390,6.264010334014893,5.714941024780273,8.864430391348333e-05,,,,,
1391,6.26338939666748,5.721083641052246,8.805462761831418e-05,,,,,
1392,6.257307815551758,5.723195552825928,8.746672974847509e-05,,,,,
1393,6.269401359558105,5.725255966186523,8.688061284200266e-05,,,,,
1394,6.274122524261474,5.716764450073242,8.629627942924473e-05,,,,,
1395,6.2661844253540036,5.722401142120361,8.571373203285004e-05,,,,,
1396,6.267125797271729,5.710651874542236,8.513297316775626e-05,,,,,
1397,6.264397048950196,5.714117527008057,8.455400534118007e-05,,,,,
1398,6.2549052238464355,5.716824054718018,8.397683105260618e-05,,,,,
1399,6.26124382019043,5.731821060180664,8.340145279377559e-05,,,,,
1400,6.266465187072754,5.726979732513428,8.282787304867633e-05,,,,,
1401,6.266946411132812,5.719794750213623,8.225609429353187e-05,,,,,
1402,6.267760944366455,5.7197794914245605,8.168611899679013e-05,,,,,
1403,6.259436416625976,5.712632656097412,8.111794961911384e-05,,,,,
1404,6.2729058265686035,5.706325531005859,8.055158861336892e-05,,,,,
1405,6.267589569091797,5.711402893066406,7.99870384246143e-05,,,,,
1406,6.261030673980713,5.705851078033447,7.942430149009162e-05,,,,,
1407,6.2619305610656735,5.710790157318115,7.88633802392143e-05,,,,,
1408,6.265723991394043,5.713642120361328,7.830427709355725e-05,,,,,
1409,6.269160652160645,5.724526882171631,7.774699446684608e-05,,,,,
1410,6.268587684631347,5.709131717681885,7.719153476494745e-05,,,,,
1411,6.271091079711914,5.7132463455200195,7.663790038585794e-05,,,,,
1412,6.269088459014893,5.712035655975342,7.608609371969389e-05,,,,,
1413,6.264613628387451,5.720768451690674,7.553611714868136e-05,,,,,
1414,6.267409324645996,5.7184319496154785,7.498797304714544e-05,,,,,
1415,6.261437797546387,5.714916229248047,7.444166378150013e-05,,,,,
1416,6.2649304389953615,5.7204461097717285,7.389719171023856e-05,,,,,
1417,6.268108654022217,5.714778423309326,7.335455918392219e-05,,,,,
1418,6.262150859832763,5.708072185516357,7.281376854517086e-05,,,,,
1419,6.267245769500732,5.721320152282715,7.227482212865266e-05,,,,,
1420,6.262450790405273,5.709545135498047,7.173772226107433e-05,,,,,
1421,6.268938732147217,5.707642078399658,7.120247126117024e-05,,,,,
1422,6.265244102478027,5.724251747131348,7.066907143969353e-05,,,,,
1423,6.265156650543213,5.707297325134277,7.013752509940486e-05,,,,,
1424,6.256526374816895,5.720076560974121,6.960783453506392e-05,,,,,
1425,6.25703649520874,5.717123985290527,6.908000203341803e-05,,,,,
1426,6.271611022949219,5.712602615356445,6.855402987319349e-05,,,,,
1427,6.26673698425293,5.740664005279541,6.802992032508537e-05,,,,,
1428,6.26856050491333,5.71397590637207,6.750767565174675e-05,,,,,
1429,6.2678601264953615,5.717851161956787,6.698729810778065e-05,,,,,
1430,6.258815097808838,5.719264984130859,6.646878993972927e-05,,,,,
1431,6.270382022857666,5.700172424316406,6.595215338606398e-05,,,,,
1432,6.259303951263428,5.71618127822876,6.54373906771768e-05,,,,,
1433,6.2637683868408205,5.705329418182373,6.49245040353696e-05,,,,,
1434,6.267532825469971,5.721590042114258,6.441349567484506e-05,,,,,
1435,6.275643444061279,5.726357936859131,6.390436780169733e-05,,,,,
1436,6.261698532104492,5.704843521118164,6.339712261390212e-05,,,,,
1437,6.260715675354004,5.7222771644592285,6.289176230130727e-05,,,,,
1438,6.275806999206543,5.720122337341309,6.238828904562316e-05,,,,,
1439,6.2664237976074215,5.710960865020752,6.188670502041389e-05,,,,,
1440,6.263147449493408,5.720881938934326,6.138701239108734e-05,,,,,
1441,6.261100769042969,5.716177463531494,6.088921331488567e-05,,,,,
1442,6.262805080413818,5.725196361541748,6.039330994087688e-05,,,,,
1443,6.261987400054932,5.7058939933776855,5.989930440994451e-05,,,,,
1444,6.2693352699279785,5.7047247886657715,5.9407198854778796e-05,,,,,
1445,6.269157981872558,5.718780517578125,5.891699539986789e-05,,,,,
1446,6.261025428771973,5.722837924957275,5.8428696161488215e-05,,,,,
1447,6.26694688796997,5.7075629234313965,5.794230324769517e-05,,,,,
1448,6.260578250885009,5.718320369720459,5.7457818758314405e-05,,,,,
1449,6.261057949066162,5.725983142852783,5.697524478493288e-05,,,,,
1450,6.266083812713623,5.72622013092041,5.649458341088914e-05,,,,,
1451,6.269259834289551,5.717501640319824,5.6015836711265314e-05,,,,,
1452,6.2617066383361815,5.716784477233887,5.5539006752877206e-05,,,,,
1453,6.264285850524902,5.710334300994873,5.5064095594265725e-05,,,,,
1454,6.26511926651001,5.72403621673584,5.4591105285688445e-05,,,,,
1455,6.262861537933349,5.717025279998779,5.412003786911013e-05,,,,,
1456,6.261001777648926,5.724930763244629,5.365089537819434e-05,,,,,
1457,6.257263660430908,5.711153984069824,5.318367983829392e-05,,,,,
1458,6.256612300872803,5.711400508880615,5.2718393266443396e-05,,,,,
1459,6.256038951873779,5.719677448272705,5.2255037671349533e-05,,,,,
1460,6.266175079345703,5.717292785644531,5.1793615053382536e-05,,,,,
1461,6.258224296569824,5.715947151184082,5.1334127404568056e-05,,,,,
1462,6.264801788330078,5.7102532386779785,5.087657670857798e-05,,,,,
1463,6.265857696533203,5.716046333312988,5.042096494072196e-05,,,,,
1464,6.268569850921631,5.725142955780029,4.996729406793943e-05,,,,,
1465,6.2612227439880375,5.723484516143799,4.9515566048790485e-05,,,,,
1466,6.264941692352295,5.7132954597473145,4.9065782833447594e-05,,,,,
1467,6.268262004852295,5.7093682289123535,4.8617946363687216e-05,,,,,
1468,6.256366729736328,5.719696998596191,4.817205857288176e-05,,,,,
1469,6.264692783355713,5.7033371925354,4.772812138599042e-05,,,,,
1470,6.267723655700683,5.7172465324401855,4.7286136719551785e-05,,,,,
1471,6.268856048583984,5.714733600616455,4.684610648167503e-05,,,,,
1472,6.260867881774902,5.7109055519104,4.640803257203169e-05,,,,,
1473,6.269673442840576,5.718073844909668,4.597191688184754e-05,,,,,
1474,6.26081018447876,5.71665620803833,4.553776129389453e-05,,,,,
1475,6.264513206481934,5.713327407836914,4.510556768248275e-05,,,,,
1476,6.261459827423096,5.714653491973877,4.467533791345191e-05,,,,,
1477,6.267527389526367,5.714146137237549,4.4247073844163435e-05,,,,,
1478,6.26381368637085,5.722854137420654,4.382077732349299e-05,,,,,
1479,6.270183277130127,5.720147132873535,4.339645019182159e-05,,,,,
1480,6.259801769256592,5.714940071105957,4.29740942810285e-05,,,,,
1481,6.258256149291992,5.727128982543945,4.255371141448272e-05,,,,,
1482,6.259375095367432,5.716042995452881,4.2135303407035365e-05,,,,,
1483,6.270018482208252,5.717363357543945,4.17188720650119e-05,,,,,
1484,6.267990684509277,5.7193803787231445,4.130441918620431e-05,,,,,
1485,6.270939350128174,5.705693244934082,4.0891946559863055e-05,,,,,
1486,6.271987628936768,5.715270519256592,4.048145596668967e-05,,,,,
1487,6.271231842041016,5.728204250335693,4.007294917882903e-05,,,,,
1488,6.264174461364746,5.707651138305664,3.966642795986175e-05,,,,,
1489,6.263155460357666,5.714426517486572,3.926189406479613e-05,,,,,
1490,6.257196712493896,5.716215133666992,3.885934924006135e-05,,,,,
1491,6.257172012329102,5.715230464935303,3.84587952234991e-05,,,,,
1492,6.265215682983398,5.718029975891113,3.806023374435663e-05,,,,,
1493,6.266593551635742,5.715808391571045,3.766366652327924e-05,,,,,
1494,6.261607551574707,5.71860408782959,3.726909527230265e-05,,,,,
1495,6.267672538757324,5.709405422210693,3.687652169484568e-05,,,,,
1496,6.262148189544678,5.72227668762207,3.648594748570283e-05,,,,,
1497,6.2593889236450195,5.716648101806641,3.609737433103732e-05,,,,,
1498,6.265242862701416,5.716633319854736,3.571080390837322e-05,,,,,
1499,6.260915374755859,5.7028117179870605,3.532623788658873e-05,,,,,
1500,6.265492916107178,5.706409454345703,3.494367792590886e-05,,,,,
1501,6.2707921981811525,5.702019691467285,3.456312567789793e-05,,,,,
1502,6.269752120971679,5.72060489654541,3.4184582785452665e-05,,,,,
1503,6.261384582519531,5.70460319519043,3.3808050882795426e-05,,,,,
1504,6.2646839141845705,5.712230682373047,3.3433531595466746e-05,,,,,
1505,6.267031574249268,5.7212748527526855,3.306102654031823e-05,,,,,
1506,6.268595218658447,5.711859226226807,3.2690537325505806e-05,,,,,
1507,6.259609413146973,5.714545249938965,3.2322065550483003e-05,,,,,
1508,6.265182018280029,5.704559326171875,3.1955612805993404e-05,,,,,
1509,6.2647802352905275,5.719925403594971,3.159118067406458e-05,,,,,
1510,6.2574258804321286,5.707365989685059,3.122877072800046e-05,,,,,
1511,6.262795925140381,5.71842098236084,3.086838453237506e-05,,,,,
1512,6.262008380889893,5.71467924118042,3.0510023643025574e-05,,,,,
1513,6.263959884643555,5.709724426269531,3.0153689607045842e-05,,,,,
1514,6.258841609954834,5.703818321228027,2.97993839627792e-05,,,,,
1515,6.259724807739258,5.717309474945068,2.9447108239812283e-05,,,,,
1516,6.258589458465576,5.710354804992676,2.9096863958968268e-05,,,,,
1517,6.260210609436035,5.710537910461426,2.8748652632300364e-05,,,,,
1518,6.2670512199401855,5.7195515632629395,2.8402475763085134e-05,,,,,
1519,6.262038040161133,5.729229927062988,2.8058334845816213e-05,,,,,
1520,6.260087394714356,5.7187981605529785,2.7716231366197665e-05,,,,,
1521,6.266538429260254,5.722286224365234,2.737616680113758e-05,,,,,
1522,6.265017890930176,5.720012664794922,2.703814261874199e-05,,,,,
1523,6.260386371612549,5.713007926940918,2.6702160278308186e-05,,,,,
1524,6.263169479370117,5.7165608406066895,2.636822123031851e-05,,,,,
1525,6.2576910018920895,5.721552848815918,2.603632691643415e-05,,,,,
1526,6.2601625442504885,5.716361999511719,2.570647876948895e-05,,,,,
1527,6.257114601135254,5.720178604125977,2.537867821348305e-05,,,,,
1528,6.264810085296631,5.714054584503174,2.5052926663577e-05,,,,,
1529,6.256130027770996,5.708844184875488,2.4729225526085586e-05,,,,,
1530,6.265369129180908,5.722540855407715,2.440757619847117e-05,,,,,
1531,6.26651964187622,5.69520378112793,2.408798006933882e-05,,,,,
1532,6.26592264175415,5.708899021148682,2.377043851842925e-05,,,,,
1533,6.2581218719482425,5.728447914123535,2.3454952916613482e-05,,,,,
1534,6.268294048309326,5.716441631317139,2.314152462588659e-05,,,,,
1535,6.257751941680908,5.717893600463867,2.2830154999361917e-05,,,,,
1536,6.2682116508483885,5.716976165771484,2.252084538126542e-05,,,,,
1537,6.264498233795166,5.705342769622803,2.2213597106929607e-05,,,,,
1538,6.265351295471191,5.7183051109313965,2.1908411502787995e-05,,,,,
1539,6.267349052429199,5.7135162353515625,2.1605289886369118e-05,,,,,
1540,6.274486446380616,5.718013286590576,2.1304233566290964e-05,,,,,
1541,6.261529636383057,5.717732906341553,2.100524384225555e-05,,,,,
1542,6.27178430557251,5.7141008377075195,2.0708322005043024e-05,,,,,
1543,6.263963890075684,5.696691989898682,2.0413469336506117e-05,,,,,
1544,6.259267044067383,5.70975923538208,2.0120687109564606e-05,,,,,
1545,6.257383632659912,5.721966743469238,1.982997658820013e-05,,,,,
1546,6.266645622253418,5.716558456420898,1.9541339027450256e-05,,,,,
1547,6.266238689422607,5.718945026397705,1.925477567340339e-05,,,,,
1548,6.271841907501221,5.703901290893555,1.8970287763193428e-05,,,,,
1549,6.266158103942871,5.708287715911865,1.8687876524993984e-05,,,,,
1550,6.267801189422608,5.7140703201293945,1.840754317801363e-05,,,,,
1551,6.265051078796387,5.686471939086914,1.8129288932490274e-05,,,,,
1552,6.263238143920899,5.709830284118652,1.785311498968617e-05,,,,,
1553,6.261939811706543,5.7132248878479,1.7579022541882537e-05,,,,,
1554,6.263007640838623,5.719566345214844,1.7307012772374452e-05,,,,,
1555,6.266742897033692,5.706938743591309,1.70370868554659e-05,,,,,
1556,6.26534423828125,5.7261881828308105,1.6769245956464395e-05,,,,,
1557,6.2637184143066404,5.710486888885498,1.6503491231676383e-05,,,,,
1558,6.2711896896362305,5.724030017852783,1.6239823828401945e-05,,,,,
1559,6.256295013427734,5.716261863708496,1.5978244884929604e-05,,,,,
1560,6.267471504211426,5.709753036499023,1.5718755530532093e-05,,,,,
1561,6.263242435455322,5.718251705169678,1.5461356885461074e-05,,,,,
1562,6.26256685256958,5.707296371459961,1.5206050060942001e-05,,,,,
1563,6.261482238769531,5.719841957092285,1.495283615916998e-05,,,,,
1564,6.265296745300293,5.722514629364014,1.4701716273304522e-05,,,,,
1565,6.259621906280517,5.7180657386779785,1.4452691487465086e-05,,,,,
1566,6.263011169433594,5.709076404571533,1.4205762876726092e-05,,,,,
1567,6.2666219711303714,5.702167987823486,1.396093150711275e-05,,,,,
1568,6.267846298217774,5.715713024139404,1.3718198435595963e-05,,,,,
1569,6.265986442565918,5.711475372314453,1.3477564710088097e-05,,,,,
1570,6.255682468414307,5.7101826667785645,1.3239031369438326e-05,,,,,
1571,6.260377216339111,5.706992149353027,1.3002599443428242e-05,,,,,
1572,6.264990139007568,5.71951150894165,1.2768269952767253e-05,,,,,
1573,6.26417121887207,5.712325572967529,1.2536043909088191e-05,,,,,
1574,6.263958930969238,5.713496208190918,1.2305922314943262e-05,,,,,
1575,6.261480712890625,5.7127156257629395,1.2077906163799168e-05,,,,,
1576,6.258223533630371,5.717497825622559,1.185199644003332e-05,,,,,
1577,6.261969470977784,5.722622871398926,1.1628194118929403e-05,,,,,
1578,6.259384250640869,5.7125983238220215,1.140650016667305e-05,,,,,
1579,6.261742973327637,5.721169948577881,1.118691554034773e-05,,,,,
1580,6.2621557235717775,5.7128400802612305,1.0969441187930862e-05,,,,,
1581,6.267214679718018,5.7076096534729,1.0754078048289373e-05,,,,,
1582,6.265509796142578,5.7206597328186035,1.0540827051175816e-05,,,,,
1583,6.259369373321533,5.714855670928955,1.0329689117224261e-05,,,,,
1584,6.265345573425293,5.723944187164307,1.0120665157946573e-05,,,,,
1585,6.259035110473633,5.729780197143555,9.913756075728086e-06,,,,,
1586,6.263326930999756,5.705385208129883,9.708962763824048e-06,,,,,
1587,6.26016092300415,5.712284088134766,9.506286106355733e-06,,,,,
1588,6.262246417999267,5.711831092834473,9.305726978306172e-06,,,,,
1589,6.269639587402343,5.715641021728516,9.1072862455171e-06,,,,,
1590,6.267042922973633,5.714542865753174,8.91096476468467e-06,,,,,
1591,6.259156608581543,5.707249641418457,8.716763383355863e-06,,,,,
1592,6.2669366836547855,5.7124857902526855,8.524682939925144e-06,,,,,
1593,6.256536197662354,5.713387966156006,8.3347242636303e-06,,,,,
1594,6.266202831268311,5.709794044494629,8.146888174549339e-06,,,,,
1595,6.263086891174316,5.708244800567627,7.96117548359676e-06,,,,,
1596,6.262164783477783,5.716433525085449,7.777586992519958e-06,,,,,
1597,6.268721294403076,5.724473476409912,7.59612349389599e-06,,,,,
1598,6.260914516448975,5.714405536651611,7.416785771127866e-06,,,,,
1599,6.269118595123291,5.7141289710998535,7.239574598441489e-06,,,,,
1600,6.264951515197754,5.719661712646484,7.064490740882057e-06,,,,,
1601,6.271731567382813,5.712515354156494,6.891534954310885e-06,,,,,
1602,6.264288520812988,5.710141181945801,6.720707985402086e-06,,,,,
1603,6.268034172058106,5.724648952484131,6.552010571639455e-06,,,,,
1604,6.262483406066894,5.7157135009765625,6.385443441312977e-06,,,,,
1605,6.267665004730224,5.7133893966674805,6.221007313516158e-06,,,,,
1606,6.267776107788086,5.707266330718994,6.058702898142643e-06,,,,,
1607,6.257361698150635,5.729198932647705,5.898530895883103e-06,,,,,
1608,6.254747581481934,5.704578876495361,5.7404919982221305e-06,,,,,
1609,6.260698223114014,5.722335338592529,5.5845868874357386e-06,,,,,
1610,6.251814365386963,5.7226243019104,5.430816236587865e-06,,,,,
