epoch,train_loss,val_loss,lr,eval_epoch,eval/knn_val_acc_smooth,eval/knn_val_acc,eval/svm_val_acc,eval/knn_train_acc,eval/svm_train_acc
1,8.901072978973389,6.088158409368901,0.0,10.0,0.6533333333333333,0.6533333333333333,0.68,0.7391304347826086,0.725752508361204
2,8.897646427154541,6.088048831869114,0.014285714285714284,20.0,0.6666666666666667,0.68,0.6533333333333333,0.7224080267558528,0.7123745819397993
3,8.89824390411377,6.082086392668137,0.028571428571428567,30.0,0.6666666666666666,0.6666666666666666,0.6933333333333334,0.7357859531772575,0.7357859531772575
4,8.880470752716064,6.0622602948829645,0.04285714285714285,40.0,0.6888888888888888,0.72,0.72,0.7357859531772575,0.7290969899665551
5,8.842724800109863,6.006643863161439,0.057142857142857134,50.0,0.7155555555555555,0.76,0.7466666666666667,0.7558528428093646,0.7558528428093646
6,8.800195693969727,5.947801316456197,0.07142857142857142,60.0,0.7511111111111112,0.7733333333333333,0.7733333333333333,0.7625418060200669,0.7525083612040134
7,8.734648704528809,5.891822569905659,0.0857142857142857,70.0,0.7688888888888888,0.7733333333333333,0.8133333333333334,0.7591973244147158,0.7625418060200669
8,8.699304580688477,5.88296328200524,0.09999999999999999,80.0,0.7688888888888888,0.76,0.7866666666666666,0.7692307692307693,0.7591973244147158
9,8.685340881347656,5.869795971702787,0.11428571428571427,90.0,0.7733333333333333,0.7866666666666666,0.76,0.7625418060200669,0.7725752508361204
10,8.68259048461914,5.866160907697236,0.12857142857142856,100.0,0.7777777777777777,0.7866666666666666,0.7466666666666667,0.7625418060200669,0.7725752508361204
11,8.676549911499023,5.858426488679031,0.14285714285714285,110.0,0.7866666666666666,0.7866666666666666,0.72,0.7591973244147158,0.7725752508361204
12,8.669160842895508,5.854063856591689,0.15714285714285714,120.0,0.7777777777777777,0.76,0.76,0.7525083612040134,0.7558528428093646
13,8.669585704803467,5.8499815405868905,0.1714285714285714,130.0,0.7511111111111112,0.7066666666666667,0.7466666666666667,0.7525083612040134,0.7558528428093646
14,8.663697242736816,5.845731848723955,0.18571428571428572,140.0,0.7466666666666667,0.7733333333333333,0.7866666666666666,0.7692307692307693,0.7892976588628763
15,8.658596992492676,5.839898391367509,0.19999999999999998,150.0,0.7377777777777778,0.7333333333333333,0.76,0.7658862876254181,0.782608695652174
16,8.668671607971191,5.852032375095069,0.21428571428571427,160.0,0.7599999999999999,0.7733333333333333,0.8266666666666667,0.7725752508361204,0.7993311036789298
17,8.664349555969238,5.839744648079194,0.22857142857142854,170.0,0.7377777777777778,0.7066666666666667,0.7733333333333333,0.782608695652174,0.7993311036789298
18,8.660829067230225,5.842784609686336,0.24285714285714285,180.0,0.7377777777777778,0.7333333333333333,0.76,0.7692307692307693,0.7993311036789298
19,8.653892517089844,5.83931062239574,0.2571428571428571,190.0,0.7022222222222222,0.6666666666666666,0.7466666666666667,0.7591973244147158,0.782608695652174
20,8.654300689697266,5.842600652006516,0.2714285714285714,200.0,0.6977777777777777,0.6933333333333334,0.7466666666666667,0.7625418060200669,0.7792642140468228
21,8.656654357910156,5.83251627119175,0.2857142857142857,210.0,0.6844444444444444,0.6933333333333334,0.7466666666666667,0.7725752508361204,0.7859531772575251
22,8.64992094039917,5.83197621681592,0.3,220.0,0.6977777777777777,0.7066666666666667,0.76,0.7658862876254181,0.7759197324414716
23,8.648953437805176,5.828474789933059,0.3142857142857143,230.0,0.7155555555555555,0.7466666666666667,0.76,0.7725752508361204,0.7692307692307693
24,8.642810821533203,5.826184048985512,0.32857142857142857,240.0,0.7422222222222222,0.7733333333333333,0.7866666666666666,0.7625418060200669,0.7993311036789298
25,8.646263599395752,5.820938383059104,0.3428571428571428,250.0,0.7600000000000001,0.76,0.7866666666666666,0.7692307692307693,0.782608695652174
26,8.640836238861084,5.825235819194977,0.35714285714285715,260.0,0.7555555555555555,0.7333333333333333,0.7866666666666666,0.7725752508361204,0.782608695652174
27,8.631850242614746,5.821447279796168,0.37142857142857144,270.0,0.7644444444444444,0.8,0.8,0.7725752508361204,0.7725752508361204
28,8.63529920578003,5.809179260712696,0.38571428571428573,280.0,0.7733333333333333,0.7866666666666666,0.7866666666666666,0.7625418060200669,0.7658862876254181
29,8.62594747543335,5.808851490710541,0.39999999999999997,290.0,0.7822222222222223,0.76,0.7866666666666666,0.7625418060200669,0.7959866220735786
30,8.622911930084229,5.806614198837088,0.41428571428571426,300.0,0.7866666666666666,0.8133333333333334,0.84,0.7558528428093646,0.7692307692307693
31,8.623003005981445,5.80336946113657,0.42857142857142855,310.0,0.791111111111111,0.8,0.7866666666666666,0.7959866220735786,0.8260869565217391
32,8.617568016052246,5.801277926230852,0.4428571428571429,320.0,0.8044444444444444,0.8,0.8133333333333334,0.7692307692307693,0.7993311036789298
33,8.612961292266846,5.793930534558501,0.4571428571428571,330.0,0.8044444444444445,0.8133333333333334,0.8133333333333334,0.7759197324414716,0.8060200668896321
34,8.611408710479736,5.799193859501382,0.4714285714285714,340.0,0.8088888888888889,0.8133333333333334,0.84,0.782608695652174,0.8294314381270903
35,8.625204086303711,5.8128845926289605,0.4857142857142857,350.0,0.8222222222222223,0.84,0.84,0.7759197324414716,0.8394648829431438
36,8.612481117248535,5.79925213509793,0.5,360.0,0.8222222222222223,0.8133333333333334,0.7733333333333333,0.7759197324414716,0.8294314381270903
37,8.618740558624268,5.792962185368005,0.5142857142857142,370.0,0.8177777777777777,0.8,0.8133333333333334,0.7558528428093646,0.8093645484949833
38,8.631715774536133,5.899790409736216,0.5285714285714286,380.0,0.8088888888888889,0.8133333333333334,0.8133333333333334,0.7658862876254181,0.8160535117056856
39,8.723679065704346,5.85288831062734,0.5428571428571428,390.0,0.8177777777777777,0.84,0.7733333333333333,0.7591973244147158,0.8160535117056856
40,8.6367826461792,5.815712796829647,0.5571428571428572,400.0,0.7999999999999999,0.7466666666666667,0.7866666666666666,0.7625418060200669,0.8160535117056856
41,8.630208969116211,5.82026849863808,0.5714285714285714,410.0,0.7866666666666666,0.7733333333333333,0.76,0.7892976588628763,0.8494983277591973
42,8.634931564331055,5.82753647306168,0.5857142857142856,420.0,0.7866666666666666,0.84,0.8133333333333334,0.7926421404682275,0.8260869565217391
43,8.628818988800049,5.825842058087117,0.6,430.0,0.8133333333333334,0.8266666666666667,0.8266666666666667,0.7993311036789298,0.842809364548495
44,8.627071857452393,5.812542785006075,0.6142857142857142,440.0,0.8355555555555555,0.84,0.8,0.7892976588628763,0.842809364548495
45,8.627240180969238,5.800142228051932,0.6285714285714286,450.0,0.8355555555555555,0.84,0.8,0.7859531772575251,0.8327759197324415
46,8.616680145263672,5.79615939736266,0.6428571428571428,460.0,0.831111111111111,0.8133333333333334,0.8266666666666667,0.782608695652174,0.8494983277591973
47,8.608857154846191,5.801929820776988,0.6571428571428571,470.0,0.8222222222222223,0.8133333333333334,0.8,0.7725752508361204,0.8294314381270903
48,8.59692668914795,5.792062199145831,0.6714285714285714,480.0,0.8222222222222223,0.84,0.84,0.782608695652174,0.8294314381270903
49,8.602582454681396,5.781888533480735,0.6857142857142856,490.0,0.8266666666666667,0.8266666666666667,0.8533333333333334,0.782608695652174,0.8528428093645485
50,8.597039222717285,5.778391974026461,0.7000000000000001,500.0,0.8266666666666667,0.8133333333333334,0.8,0.7692307692307693,0.8361204013377926
51,8.593981742858887,5.770132930264742,0.7142857142857143,510.0,0.8177777777777778,0.8133333333333334,0.8266666666666667,0.8160535117056856,0.8394648829431438
52,8.584357261657715,5.773131040087059,0.7285714285714285,520.0,0.8088888888888889,0.8,0.8533333333333334,0.7859531772575251,0.8394648829431438
53,8.587199687957764,5.771794757891143,0.7428571428571429,530.0,0.8177777777777777,0.84,0.8666666666666667,0.7859531772575251,0.842809364548495
54,8.587686538696289,5.772506804903382,0.7571428571428571,540.0,0.8222222222222223,0.8266666666666667,0.8266666666666667,0.802675585284281,0.8494983277591973
55,8.57640027999878,5.766379029536267,0.7714285714285715,550.0,0.831111111111111,0.8266666666666667,0.8266666666666667,0.7892976588628763,0.8361204013377926
56,8.578850746154785,5.764051036337427,0.7857142857142857,560.0,0.8266666666666667,0.8266666666666667,0.8133333333333334,0.7993311036789298,0.8528428093645485
57,8.574097633361816,5.767294722910785,0.7999999999999999,570.0,0.8355555555555556,0.8533333333333334,0.8133333333333334,0.7959866220735786,0.842809364548495
58,8.581146717071533,5.7549658162539705,0.8142857142857143,580.0,0.84,0.84,0.8533333333333334,0.8160535117056856,0.8528428093645485
59,8.578707695007324,5.763980547052356,0.8285714285714285,590.0,0.84,0.8266666666666667,0.8,0.7993311036789298,0.8461538461538461
60,8.567931652069092,5.756348140305887,0.8428571428571427,600.0,0.84,0.8533333333333334,0.8533333333333334,0.7892976588628763,0.8461538461538461
61,8.567136764526367,5.744892879932041,0.8571428571428571,610.0,0.8266666666666668,0.8,0.8266666666666667,0.7993311036789298,0.842809364548495
62,8.566959857940674,5.748904665344598,0.8714285714285713,620.0,0.8222222222222223,0.8133333333333334,0.8266666666666667,0.7959866220735786,0.8528428093645485
63,8.57237958908081,5.756580359199851,0.8857142857142858,630.0,0.8177777777777777,0.84,0.8666666666666667,0.8093645484949833,0.8361204013377926
64,8.569828510284424,5.7487816722379,0.8999999999999999,640.0,0.8088888888888889,0.7733333333333333,0.84,0.7959866220735786,0.8394648829431438
65,8.563124179840088,5.740533159398752,0.9142857142857141,650.0,0.8133333333333334,0.8266666666666667,0.84,0.7993311036789298,0.862876254180602
66,8.564848899841309,5.742213659069937,0.9285714285714286,660.0,0.8133333333333334,0.84,0.8266666666666667,0.802675585284281,0.8729096989966555
67,8.559010982513428,5.751553745205609,0.9428571428571428,670.0,0.831111111111111,0.8266666666666667,0.8266666666666667,0.802675585284281,0.8494983277591973
68,8.559528350830078,5.741490229726138,0.9571428571428572,680.0,0.831111111111111,0.8266666666666667,0.84,0.7993311036789298,0.8561872909698997
69,8.556438446044922,5.733293431861948,0.9714285714285714,690.0,0.831111111111111,0.84,0.8133333333333334,0.7959866220735786,0.8528428093645485
70,8.556111812591553,5.740685396779977,0.9857142857142857,700.0,0.8355555555555555,0.84,0.7866666666666666,0.7959866220735786,0.8494983277591973
71,8.56930923461914,5.760619203617234,1.0,710.0,0.8488888888888889,0.8666666666666667,0.8133333333333334,0.8060200668896321,0.8327759197324415
72,8.562532424926758,5.790290948420236,1.0142857142857142,720.0,0.8577777777777778,0.8666666666666667,0.8266666666666667,0.7859531772575251,0.8327759197324415
73,8.590149402618408,5.7686128483989645,1.0285714285714285,730.0,0.8488888888888889,0.8133333333333334,0.7866666666666666,0.8193979933110368,0.8528428093645485
74,8.574548244476318,5.755187484173337,1.042857142857143,740.0,0.8266666666666668,0.8,0.8266666666666667,0.7859531772575251,0.8160535117056856
75,8.580421924591064,5.75916943778703,1.0571428571428572,750.0,0.831111111111111,0.88,0.8666666666666667,0.8060200668896321,0.8528428093645485
76,8.569855690002441,5.747184591397605,1.0714285714285714,760.0,0.84,0.84,0.8533333333333334,0.7926421404682275,0.842809364548495
77,8.56506633758545,5.736333261526764,1.0857142857142856,770.0,0.8622222222222223,0.8666666666666667,0.84,0.802675585284281,0.8528428093645485
78,8.559582233428955,5.738742633864496,1.0999999999999999,780.0,0.8533333333333334,0.8533333333333334,0.84,0.7792642140468228,0.8294314381270903
79,8.566425800323486,5.7348861586055,1.1142857142857143,790.0,0.8444444444444446,0.8133333333333334,0.8266666666666667,0.7959866220735786,0.862876254180602
80,8.542994499206543,5.732825127241489,1.1285714285714286,800.0,0.831111111111111,0.8266666666666667,0.8533333333333334,0.8127090301003345,0.8461538461538461
81,8.556171417236328,5.738763250955722,1.1428571428571428,810.0,0.8311111111111112,0.8533333333333334,0.8133333333333334,0.8260869565217391,0.842809364548495
82,8.557779312133789,5.725727387693772,1.157142857142857,820.0,0.84,0.84,0.8533333333333334,0.8093645484949833,0.8595317725752508
83,8.548360347747803,5.721983815362416,1.1714285714285713,830.0,0.8444444444444444,0.84,0.8266666666666667,0.7892976588628763,0.8595317725752508
84,8.539901733398438,5.729910041626208,1.1857142857142857,840.0,0.84,0.84,0.8,0.8093645484949833,0.862876254180602
85,8.546160221099854,5.733396166407631,1.2,850.0,0.8444444444444444,0.8533333333333334,0.8133333333333334,0.7892976588628763,0.8561872909698997
86,8.542799472808838,5.716772568336147,1.2142857142857142,860.0,0.831111111111111,0.8,0.8266666666666667,0.8060200668896321,0.8561872909698997
87,8.540909767150879,5.708853235156522,1.2285714285714284,870.0,0.8177777777777777,0.8,0.8,0.7959866220735786,0.8327759197324415
88,8.5287504196167,5.726223959253053,1.2428571428571429,880.0,0.8177777777777778,0.8533333333333334,0.84,0.7692307692307693,0.842809364548495
89,8.531985759735107,5.7072881914368185,1.2571428571428571,890.0,0.8355555555555556,0.8533333333333334,0.84,0.8093645484949833,0.8494983277591973
90,8.535186290740967,5.719125869998018,1.2714285714285714,900.0,0.8533333333333334,0.8533333333333334,0.84,0.8093645484949833,0.862876254180602
91,8.528228282928467,5.719037748967228,1.2857142857142856,910.0,0.8444444444444444,0.8266666666666667,0.8266666666666667,0.7959866220735786,0.8528428093645485
92,8.515137195587158,5.711459079642974,1.2999999999999998,920.0,0.8355555555555556,0.8266666666666667,0.84,0.7959866220735786,0.8361204013377926
93,8.54550838470459,5.708794686852432,1.3142857142857143,930.0,0.84,0.8666666666666667,0.8666666666666667,0.7892976588628763,0.8361204013377926
94,8.544337272644043,5.735103182074801,1.3285714285714285,940.0,0.84,0.8266666666666667,0.84,0.802675585284281,0.8729096989966555
95,8.55419111251831,5.717547182479358,1.3428571428571427,950.0,0.84,0.8266666666666667,0.84,0.7859531772575251,0.842809364548495
96,8.537638187408447,5.721295934248813,1.357142857142857,960.0,0.8355555555555556,0.8533333333333334,0.8533333333333334,0.802675585284281,0.8695652173913043
97,8.541683197021484,5.706625611968557,1.3714285714285712,970.0,0.84,0.84,0.88,0.7959866220735786,0.862876254180602
98,8.53258991241455,5.719643642162454,1.3857142857142855,980.0,0.8577777777777778,0.88,0.8666666666666667,0.7926421404682275,0.8160535117056856
99,8.53219985961914,5.7093169635038,1.4000000000000001,990.0,0.8533333333333334,0.84,0.84,0.7926421404682275,0.8561872909698997
100,8.524606227874756,5.708875309628935,1.4142857142857144,1000.0,0.8577777777777778,0.8533333333333334,0.8533333333333334,0.802675585284281,0.8361204013377926
101,8.527687549591064,5.695815332603615,1.4285714285714286,1010.0,0.8533333333333334,0.8666666666666667,0.8266666666666667,0.8294314381270903,0.8695652173913043
102,8.519032955169678,5.698208905549687,1.4428571428571428,1020.0,0.8622222222222223,0.8666666666666667,0.8933333333333333,0.8193979933110368,0.8662207357859532
103,8.517764568328857,5.680070726685007,1.457142857142857,1030.0,0.8577777777777778,0.84,0.8533333333333334,0.8260869565217391,0.8595317725752508
104,8.518425941467285,5.694475171944993,1.4714285714285715,1040.0,0.8533333333333334,0.8533333333333334,0.8266666666666667,0.7892976588628763,0.8595317725752508
105,8.51705026626587,5.6990182233317945,1.4857142857142858,1050.0,0.831111111111111,0.8,0.8533333333333334,0.8294314381270903,0.8595317725752508
106,8.506973266601562,5.689411745239848,1.5,1060.0,0.8488888888888889,0.8933333333333333,0.8666666666666667,0.8093645484949833,0.8662207357859532
107,8.506757736206055,5.68040566167679,1.5142857142857142,1070.0,0.8488888888888889,0.8533333333333334,0.88,0.8193979933110368,0.8762541806020067
108,8.509071350097656,5.679697404096265,1.5285714285714285,1080.0,0.8622222222222221,0.84,0.84,0.8060200668896321,0.8461538461538461
109,8.506150245666504,5.699114000225789,1.542857142857143,1090.0,0.8444444444444444,0.84,0.8666666666666667,0.8127090301003345,0.8528428093645485
110,8.511985778808594,5.675213511397199,1.5571428571428572,1100.0,0.8488888888888889,0.8666666666666667,0.8533333333333334,0.8093645484949833,0.8729096989966555
111,8.495266914367676,5.68665686688371,1.5714285714285714,1110.0,0.8355555555555556,0.8,0.7866666666666666,0.8060200668896321,0.8662207357859532
112,8.49251651763916,5.686346341623189,1.5857142857142856,1120.0,0.84,0.8533333333333334,0.8266666666666667,0.8060200668896321,0.8729096989966555
113,8.509250164031982,5.698636499746594,1.5999999999999999,1130.0,0.8355555555555556,0.8533333333333334,0.84,0.8093645484949833,0.8862876254180602
114,8.527737617492676,5.6936870347160164,1.6142857142857143,1140.0,0.8533333333333334,0.8533333333333334,0.8666666666666667,0.8260869565217391,0.8762541806020067
115,8.510039329528809,5.685684218940061,1.6285714285714286,1150.0,0.8488888888888889,0.84,0.88,0.822742474916388,0.8662207357859532
116,8.511149406433105,5.6950841667874705,1.6428571428571428,1160.0,0.8488888888888889,0.8533333333333334,0.8266666666666667,0.7926421404682275,0.8494983277591973
117,8.505508422851562,5.692251044226054,1.657142857142857,1170.0,0.8577777777777778,0.88,0.8666666666666667,0.8294314381270903,0.8695652173913043
118,8.498258590698242,5.664108774860533,1.6714285714285713,1180.0,0.8577777777777778,0.84,0.8533333333333334,0.8327759197324415,0.862876254180602
119,8.493866443634033,5.686051359088407,1.6857142857142855,1190.0,0.8577777777777778,0.8533333333333334,0.8266666666666667,0.7993311036789298,0.8461538461538461
120,8.505550384521484,5.689922335169915,1.7,1200.0,0.8577777777777778,0.88,0.88,0.8193979933110368,0.882943143812709
121,8.504217147827148,5.677593154602436,1.7142857142857142,1210.0,0.8577777777777778,0.84,0.84,0.8160535117056856,0.8595317725752508
122,8.51079797744751,5.692147252938645,1.7285714285714284,1220.0,0.8488888888888889,0.8266666666666667,0.8533333333333334,0.8093645484949833,0.8561872909698997
123,8.49041223526001,5.652507377733595,1.7428571428571427,1230.0,0.84,0.8533333333333334,0.8666666666666667,0.8193979933110368,0.8762541806020067
124,8.480690002441406,5.6732891726834715,1.757142857142857,1240.0,0.8266666666666668,0.8,0.8266666666666667,0.8294314381270903,0.8762541806020067
125,8.483996868133545,5.6651019384321595,1.7714285714285716,1250.0,0.84,0.8666666666666667,0.8666666666666667,0.8127090301003345,0.8896321070234113
126,8.477630138397217,5.670896352490424,1.7857142857142858,1260.0,0.84,0.8533333333333334,0.8533333333333334,0.8127090301003345,0.8662207357859532
127,8.479113578796387,5.672302841638897,1.7999999999999998,1270.0,0.8577777777777779,0.8533333333333334,0.8666666666666667,0.8060200668896321,0.8561872909698997
128,8.474141597747803,5.6579587890682745,1.814285714285714,1280.0,0.8488888888888889,0.84,0.8133333333333334,0.8193979933110368,0.8528428093645485
129,8.484808444976807,5.656400939614157,1.8285714285714283,1290.0,0.8533333333333334,0.8666666666666667,0.84,0.8127090301003345,0.8528428093645485
130,8.480507850646973,5.653782099410202,1.842857142857143,1300.0,0.8488888888888888,0.84,0.8533333333333334,0.8160535117056856,0.8595317725752508
131,8.47160530090332,5.649502428967578,1.8571428571428572,1310.0,0.8488888888888888,0.84,0.8266666666666667,0.7859531772575251,0.8595317725752508
132,8.463663101196289,5.632372313131295,1.8714285714285714,1320.0,0.8533333333333334,0.88,0.8533333333333334,0.8160535117056856,0.8528428093645485
133,8.464234828948975,5.629001726915698,1.8857142857142857,1330.0,0.8533333333333334,0.84,0.84,0.8160535117056856,0.8762541806020067
134,8.449758529663086,5.622415504503691,1.9,1340.0,0.8577777777777778,0.8533333333333334,0.8533333333333334,0.8260869565217391,0.8662207357859532
135,8.441987037658691,5.6258873141443555,1.9142857142857144,1350.0,0.8444444444444444,0.84,0.84,0.8160535117056856,0.8729096989966555
136,8.442378044128418,5.62001995523002,1.9285714285714286,1360.0,0.8444444444444444,0.84,0.8533333333333334,0.8193979933110368,0.8662207357859532
137,8.427321910858154,5.615293184381458,1.9428571428571428,1370.0,0.8533333333333334,0.88,0.8533333333333334,0.8060200668896321,0.8729096989966555
138,8.438992500305176,5.607838290593923,1.957142857142857,1380.0,0.8533333333333334,0.84,0.84,0.8093645484949833,0.8729096989966555
139,8.428335189819336,5.591513713936128,1.9714285714285713,1390.0,0.8622222222222223,0.8666666666666667,0.88,0.8127090301003345,0.882943143812709
140,8.41439962387085,5.595876588652974,1.9857142857142855,1400.0,0.8533333333333334,0.8533333333333334,0.8133333333333334,0.8260869565217391,0.8795986622073578
141,8.413342475891113,5.592467949709238,2.0,1410.0,0.8666666666666667,0.88,0.8533333333333334,0.822742474916388,0.882943143812709
142,8.413374900817871,5.584300097344401,2.0142857142857142,1420.0,0.8666666666666667,0.8666666666666667,0.84,0.8294314381270903,0.8662207357859532
143,8.41462516784668,5.59183325538924,2.0285714285714285,1430.0,0.8666666666666667,0.8533333333333334,0.8666666666666667,0.822742474916388,0.8896321070234113
144,8.41810655593872,5.615608189264399,2.0428571428571427,1440.0,0.8577777777777779,0.8533333333333334,0.8,0.8093645484949833,0.8762541806020067
145,8.433243751525879,5.596251660981431,2.057142857142857,1450.0,0.8577777777777778,0.8666666666666667,0.8933333333333333,0.8127090301003345,0.862876254180602
146,8.42469596862793,5.62720733334579,2.0714285714285716,1460.0,0.8533333333333334,0.84,0.8533333333333334,0.8127090301003345,0.8662207357859532
147,8.414823055267334,5.590310114386504,2.085714285714286,1470.0,0.8622222222222221,0.88,0.84,0.8294314381270903,0.8963210702341137
148,8.421181678771973,5.586336857737163,2.1,1480.0,0.8444444444444444,0.8133333333333334,0.8666666666666667,0.8260869565217391,0.8896321070234113
149,8.417945384979248,5.589904056064615,2.1142857142857143,1490.0,0.8444444444444444,0.84,0.88,0.7993311036789298,0.8394648829431438
150,8.40542984008789,5.577062271942704,2.1285714285714286,1500.0,0.8533333333333334,0.9066666666666666,0.84,0.8160535117056856,0.8662207357859532
151,8.392371654510498,5.561976499373016,2.142857142857143,1510.0,0.8666666666666667,0.8533333333333334,0.8666666666666667,0.8127090301003345,0.8762541806020067
152,8.395910263061523,5.568407612953796,2.157142857142857,1520.0,0.8711111111111111,0.8533333333333334,0.8266666666666667,0.822742474916388,0.8729096989966555
153,8.393118858337402,5.5949512454418695,2.1714285714285713,1530.0,0.8488888888888889,0.84,0.8,0.8060200668896321,0.8494983277591973
154,8.401317596435547,5.575805356865475,2.1857142857142855,1540.0,0.8488888888888889,0.8533333333333334,0.8133333333333334,0.802675585284281,0.862876254180602
155,8.388297080993652,5.587306959474658,2.1999999999999997,1550.0,0.84,0.8266666666666667,0.8666666666666667,0.822742474916388,0.862876254180602
156,8.393449783325195,5.567987928077692,2.2142857142857144,1560.0,0.8444444444444446,0.8533333333333334,0.8533333333333334,0.8260869565217391,0.8762541806020067
157,8.387539863586426,5.570541440788891,2.2285714285714286,1570.0,0.84,0.84,0.84,0.8060200668896321,0.8795986622073578
158,8.380849361419678,5.563171205448443,2.242857142857143,1580.0,0.8533333333333334,0.8666666666666667,0.8266666666666667,0.8394648829431438,0.8695652173913043
159,8.356832027435303,5.558619998501969,2.257142857142857,1590.0,0.8533333333333334,0.8533333333333334,0.8666666666666667,0.8127090301003345,0.8595317725752508
160,8.371432304382324,5.551939493071843,2.2714285714285714,1600.0,0.8622222222222223,0.8666666666666667,0.84,0.8093645484949833,0.8729096989966555
161,8.400275230407715,5.55006845344306,2.2857142857142856,1610.0,0.8577777777777779,0.8533333333333334,0.8666666666666667,0.8361204013377926,0.882943143812709
162,8.405915260314941,5.666785473578913,2.3,1620.0,0.8577777777777779,0.8533333333333334,0.8533333333333334,0.8260869565217391,0.8729096989966555
163,8.481107234954834,5.632846354636151,2.314285714285714,1630.0,0.8533333333333334,0.8533333333333334,0.8533333333333334,0.8327759197324415,0.8762541806020067
164,8.440918922424316,5.584717114098038,2.3285714285714283,1640.0,0.8622222222222223,0.88,0.84,0.8060200668896321,0.8762541806020067
165,8.420210361480713,5.602868447492261,2.3428571428571425,1650.0,0.8666666666666667,0.8666666666666667,0.8666666666666667,0.822742474916388,0.8862876254180602
166,8.411553382873535,5.584231707105324,2.3571428571428568,1660.0,0.8711111111111111,0.8666666666666667,0.8266666666666667,0.8127090301003345,0.8929765886287625
167,8.385999202728271,5.569076757856133,2.3714285714285714,1670.0,0.8666666666666667,0.8666666666666667,0.8133333333333334,0.8294314381270903,0.8795986622073578
168,8.388457775115967,5.5549582392353285,2.3857142857142857,1680.0,0.8755555555555556,0.8933333333333333,0.88,0.8260869565217391,0.8862876254180602
169,8.37020206451416,5.5525844091121845,2.4,1690.0,0.8711111111111111,0.8533333333333334,0.8666666666666667,0.8060200668896321,0.8795986622073578
170,8.372445106506348,5.531988486409488,2.414285714285714,1700.0,0.8533333333333334,0.8133333333333334,0.8266666666666667,0.8060200668896321,0.8662207357859532
171,8.365983009338379,5.559493758279401,2.4285714285714284,1710.0,0.8355555555555556,0.84,0.84,0.8294314381270903,0.8695652173913043
172,8.366711616516113,5.528560989739215,2.4428571428571426,1720.0,0.8444444444444444,0.88,0.8666666666666667,0.8394648829431438,0.8795986622073578
173,8.36049222946167,5.542526694282551,2.457142857142857,1730.0,0.8533333333333334,0.84,0.8266666666666667,0.8327759197324415,0.8795986622073578
174,8.356212615966797,5.538631464073496,2.471428571428571,1740.0,0.8711111111111111,0.8933333333333333,0.88,0.8294314381270903,0.8929765886287625
175,8.35688304901123,5.546871902764194,2.4857142857142858,1750.0,0.8577777777777778,0.84,0.8666666666666667,0.8260869565217391,0.882943143812709
176,8.362360000610352,5.537025297660603,2.5,1760.0,0.8666666666666667,0.8666666666666667,0.8533333333333334,0.8093645484949833,0.862876254180602
177,8.350780487060547,5.530751407998665,2.5142857142857142,1770.0,0.8622222222222221,0.88,0.8533333333333334,0.8093645484949833,0.8729096989966555
178,8.35194206237793,5.537871061201553,2.5285714285714285,1780.0,0.8622222222222221,0.84,0.8533333333333334,0.8260869565217391,0.8862876254180602
179,8.351932048797607,5.518913258615916,2.5428571428571427,1790.0,0.8666666666666667,0.88,0.88,0.8060200668896321,0.8695652173913043
180,8.353338241577148,5.5369808326958605,2.557142857142857,1800.0,0.8577777777777778,0.8533333333333334,0.8533333333333334,0.8093645484949833,0.8795986622073578
181,8.352456092834473,5.531790561692067,2.571428571428571,1810.0,0.8622222222222223,0.8533333333333334,0.9066666666666666,0.8327759197324415,0.8862876254180602
182,8.375489234924316,5.52184230405007,2.5857142857142854,1820.0,0.84,0.8133333333333334,0.84,0.8093645484949833,0.8795986622073578
183,8.379335880279541,5.517769749772158,2.5999999999999996,1830.0,0.84,0.8533333333333334,0.88,0.822742474916388,0.882943143812709
184,8.379706382751465,5.550830823418671,2.614285714285714,1840.0,0.8444444444444444,0.8666666666666667,0.88,0.8160535117056856,0.8795986622073578
185,8.379202365875244,5.53252918726261,2.6285714285714286,1850.0,0.8622222222222223,0.8666666666666667,0.88,0.8327759197324415,0.882943143812709
186,8.347329139709473,5.514388920180029,2.642857142857143,1860.0,0.8533333333333334,0.8266666666666667,0.88,0.8394648829431438,0.8729096989966555
187,8.357940196990967,5.537655313041052,2.657142857142857,1870.0,0.84,0.8266666666666667,0.8266666666666667,0.8193979933110368,0.882943143812709
188,8.346232891082764,5.520918812844009,2.6714285714285713,1880.0,0.8266666666666667,0.8266666666666667,0.8933333333333333,0.8260869565217391,0.8762541806020067
189,8.349241733551025,5.566086162730763,2.6857142857142855,1890.0,0.8488888888888889,0.8933333333333333,0.84,0.8160535117056856,0.8695652173913043
190,8.368305206298828,5.543164533963216,2.6999999999999997,1900.0,0.8533333333333334,0.84,0.8666666666666667,0.842809364548495,0.8729096989966555
191,8.366742134094238,5.537560736060243,2.714285714285714,1910.0,0.8666666666666667,0.8666666666666667,0.8533333333333334,0.8294314381270903,0.8729096989966555
192,8.369340896606445,5.5240045648547556,2.728571428571428,1920.0,0.8622222222222221,0.88,0.8666666666666667,0.8294314381270903,0.8862876254180602
193,8.356943130493164,5.5441332404808,2.7428571428571424,1930.0,0.8622222222222221,0.84,0.8533333333333334,0.8193979933110368,0.8862876254180602
194,8.359947204589844,5.523028509269952,2.7571428571428567,1940.0,0.8711111111111111,0.8933333333333333,0.88,0.8193979933110368,0.8896321070234113
195,8.342913627624512,5.5414831407737895,2.771428571428571,1950.0,0.8711111111111111,0.88,0.88,0.8127090301003345,0.882943143812709
196,8.38396406173706,5.584730127862364,2.785714285714286,1960.0,0.8622222222222223,0.8133333333333334,0.8666666666666667,0.8093645484949833,0.8762541806020067
197,8.386234760284424,5.559808949646175,2.8000000000000003,1970.0,0.8266666666666667,0.7866666666666666,0.76,0.8327759197324415,0.8729096989966555
198,8.38245153427124,5.5675880445764285,2.8142857142857145,1980.0,0.8222222222222223,0.8666666666666667,0.88,0.8160535117056856,0.8862876254180602
199,8.372613906860352,5.541923897922089,2.8285714285714287,1990.0,0.831111111111111,0.84,0.8266666666666667,0.822742474916388,0.882943143812709
200,8.39018201828003,5.512424989544714,2.842857142857143,2000.0,0.8577777777777778,0.8666666666666667,0.8933333333333333,0.8294314381270903,0.8729096989966555
201,8.336916446685791,5.514803203842638,2.857142857142857,2010.0,0.8533333333333334,0.8533333333333334,0.88,0.8294314381270903,0.8862876254180602
202,8.34053659439087,5.496957072698338,2.8714285714285714,2020.0,0.8533333333333334,0.84,0.8266666666666667,0.822742474916388,0.882943143812709
203,8.334925651550293,5.510295456051325,2.8857142857142857,2030.0,0.8533333333333334,0.8666666666666667,0.8266666666666667,0.7993311036789298,0.8896321070234113
204,8.32980728149414,5.484184636099184,2.9,2040.0,0.8444444444444444,0.8266666666666667,0.8266666666666667,0.8127090301003345,0.8795986622073578
205,8.324910163879395,5.493941892988047,2.914285714285714,2050.0,0.8533333333333334,0.8666666666666667,0.8666666666666667,0.8127090301003345,0.8896321070234113
206,8.313997268676758,5.476781225886237,2.928571428571429,2060.0,0.84,0.8266666666666667,0.8533333333333334,0.8127090301003345,0.8762541806020067
207,8.32283353805542,5.479522018496784,2.942857142857143,2070.0,0.8533333333333334,0.8666666666666667,0.8266666666666667,0.8160535117056856,0.8929765886287625
208,8.344491481781006,5.4878360182422865,2.9571428571428573,2080.0,0.8533333333333334,0.8666666666666667,0.88,0.8193979933110368,0.8762541806020067
209,8.3292875289917,5.508211088942519,2.9714285714285715,2090.0,0.8622222222222223,0.8533333333333334,0.8266666666666667,0.8127090301003345,0.8795986622073578
210,8.325493335723877,5.501301789103284,2.9857142857142858,2100.0,0.8577777777777779,0.8533333333333334,0.88,0.8294314381270903,0.8729096989966555
211,8.323071479797363,5.480659593545258,3.0,2110.0,0.8577777777777778,0.8666666666666667,0.8666666666666667,0.8294314381270903,0.8795986622073578
212,8.313397407531738,5.479512241530358,3.0142857142857142,2120.0,0.8533333333333334,0.84,0.8666666666666667,0.8127090301003345,0.8729096989966555
213,8.308760166168213,5.481601742358645,3.0285714285714285,2130.0,0.8444444444444444,0.8266666666666667,0.8666666666666667,0.8294314381270903,0.882943143812709
214,8.307812690734863,5.510740925826577,3.0428571428571427,2140.0,0.8444444444444444,0.8666666666666667,0.8666666666666667,0.8260869565217391,0.8695652173913043
215,8.31516170501709,5.502687299020958,3.057142857142857,2150.0,0.8444444444444444,0.84,0.8666666666666667,0.822742474916388,0.8729096989966555
216,8.321161270141602,5.492379862285643,3.071428571428571,2160.0,0.8533333333333334,0.8533333333333334,0.8533333333333334,0.822742474916388,0.8762541806020067
217,8.326893329620361,5.48351815611099,3.085714285714286,2170.0,0.8444444444444444,0.84,0.8666666666666667,0.8160535117056856,0.8729096989966555
218,8.30810546875,5.457528292781872,3.1,2180.0,0.8533333333333334,0.8666666666666667,0.8533333333333334,0.8127090301003345,0.8862876254180602
219,8.309710502624512,5.476658367930188,3.1142857142857143,2190.0,0.8533333333333334,0.8533333333333334,0.8533333333333334,0.8093645484949833,0.8695652173913043
220,8.31862211227417,5.4826175599062115,3.1285714285714286,2200.0,0.8577777777777779,0.8533333333333334,0.8666666666666667,0.8193979933110368,0.8662207357859532
221,8.316117286682129,5.484015921567848,3.142857142857143,2210.0,0.8533333333333334,0.8533333333333334,0.8666666666666667,0.8361204013377926,0.8795986622073578
222,8.330687522888184,5.478750086512457,3.157142857142857,2220.0,0.8577777777777778,0.8666666666666667,0.8933333333333333,0.822742474916388,0.8729096989966555
223,8.30328369140625,5.492833523714212,3.1714285714285713,2230.0,0.8622222222222223,0.8666666666666667,0.8666666666666667,0.8127090301003345,0.8762541806020067
224,8.330285549163818,5.452764187067672,3.1857142857142855,2240.0,0.8577777777777778,0.84,0.8666666666666667,0.8193979933110368,0.8729096989966555
225,8.322111129760742,5.513211543866824,3.1999999999999997,2250.0,0.8488888888888888,0.84,0.8666666666666667,0.8160535117056856,0.882943143812709
226,8.327412128448486,5.481136724265109,3.214285714285714,2260.0,0.8444444444444444,0.8533333333333334,0.8666666666666667,0.8193979933110368,0.882943143812709
227,8.314730644226074,5.470946576236375,3.2285714285714286,2270.0,0.8444444444444444,0.84,0.84,0.8193979933110368,0.882943143812709
228,8.293148040771484,5.463708134836465,3.242857142857143,2280.0,0.8488888888888889,0.8533333333333334,0.8533333333333334,0.8260869565217391,0.8695652173913043
229,8.292915344238281,5.509033954273862,3.257142857142857,2290.0,0.8488888888888889,0.8533333333333334,0.8666666666666667,0.8127090301003345,0.8595317725752508
230,8.327264785766602,5.507563299446972,3.2714285714285714,2300.0,0.8533333333333334,0.8533333333333334,0.8533333333333334,0.8294314381270903,0.882943143812709
231,8.308838367462158,5.465186842556657,3.2857142857142856,2310.0,0.8488888888888889,0.84,0.88,0.8327759197324415,0.8762541806020067
232,8.28993272781372,5.441408581649485,3.3,2320.0,0.8577777777777778,0.88,0.88,0.8294314381270903,0.882943143812709
233,8.285038948059082,5.431673980340725,3.314285714285714,2330.0,0.8577777777777778,0.8533333333333334,0.8666666666666667,0.8294314381270903,0.8695652173913043
234,8.272943496704102,5.464772499941096,3.3285714285714283,2340.0,0.8622222222222223,0.8533333333333334,0.8666666666666667,0.8193979933110368,0.8729096989966555
235,8.287032127380371,5.490214146115982,3.3428571428571425,2350.0,0.8622222222222223,0.88,0.88,0.8327759197324415,0.882943143812709
236,8.290153503417969,5.46378821741141,3.3571428571428568,2360.0,0.8622222222222223,0.8533333333333334,0.88,0.822742474916388,0.8729096989966555
237,8.319833755493164,5.44849868378186,3.371428571428571,2370.0,0.8622222222222223,0.8533333333333334,0.8933333333333333,0.8260869565217391,0.8762541806020067
238,8.297028064727783,5.450093589779507,3.3857142857142857,2380.0,0.8577777777777778,0.8666666666666667,0.8933333333333333,0.822742474916388,0.8695652173913043
239,8.273868083953857,5.436033198370263,3.4,2390.0,0.8533333333333334,0.84,0.8666666666666667,0.8193979933110368,0.8729096989966555
240,8.279755115509033,5.429027410993263,3.414285714285714,2400.0,0.8577777777777778,0.8666666666666667,0.8533333333333334,0.8127090301003345,0.8762541806020067
241,8.270307540893555,5.432657130532549,3.4285714285714284,2410.0,0.8533333333333334,0.8533333333333334,0.8666666666666667,0.8127090301003345,0.8795986622073578
242,8.272539138793945,5.438510622468889,3.4428571428571426,2420.0,0.8622222222222223,0.8666666666666667,0.8666666666666667,0.822742474916388,0.8695652173913043
243,8.290964603424072,5.46644580895606,3.457142857142857,2430.0,0.8577777777777779,0.8533333333333334,0.8666666666666667,0.8127090301003345,0.8862876254180602
244,8.28090763092041,5.468102030838308,3.471428571428571,2440.0,0.8577777777777779,0.8533333333333334,0.8666666666666667,0.802675585284281,0.8729096989966555
245,8.311806678771973,5.510648226116364,3.4857142857142853,2450.0,0.8488888888888889,0.84,0.8666666666666667,0.822742474916388,0.882943143812709
246,8.340083122253418,5.491931006926464,3.4999999999999996,2460.0,0.8533333333333334,0.8666666666666667,0.8666666666666667,0.7993311036789298,0.8729096989966555
247,8.297022819519043,5.461181367917458,3.514285714285714,2470.0,0.8533333333333334,0.8533333333333334,0.8533333333333334,0.8160535117056856,0.862876254180602
248,8.28604507446289,5.468560296612893,3.528571428571429,2480.0,0.8577777777777779,0.8533333333333334,0.8666666666666667,0.8193979933110368,0.8762541806020067
249,8.272677898406982,5.472413717146377,3.542857142857143,2490.0,0.8533333333333334,0.8533333333333334,0.8533333333333334,0.8160535117056856,0.8762541806020067
250,8.278210163116455,5.451822548778845,3.5571428571428574,2500.0,0.8533333333333334,0.8533333333333334,0.8666666666666667,0.8193979933110368,0.8662207357859532
251,8.28931999206543,5.436180096699271,3.5714285714285716,2510.0,0.8533333333333334,0.8533333333333334,0.8666666666666667,0.822742474916388,0.862876254180602
252,8.296232223510742,5.532277995944525,3.585714285714286,2520.0,0.8533333333333334,0.8533333333333334,0.88,0.822742474916388,0.8729096989966555
253,8.330857276916504,5.473197567252375,3.5999999999999996,2530.0,0.8533333333333334,0.8533333333333334,0.8666666666666667,0.8193979933110368,0.8762541806020067
254,8.342746257781982,5.488927477041747,3.614285714285714,2540.0,0.8488888888888889,0.84,0.88,0.8294314381270903,0.862876254180602
255,8.3199782371521,5.508264471443889,3.628571428571428,2550.0,0.8577777777777778,0.88,0.8666666666666667,0.822742474916388,0.8795986622073578
256,8.320412635803223,5.48317691074689,3.6428571428571423,2560.0,0.8577777777777778,0.8533333333333334,0.8666666666666667,0.8193979933110368,0.8762541806020067
257,8.29915714263916,5.443287651312261,3.6571428571428566,2570.0,0.8622222222222223,0.8533333333333334,0.88,0.822742474916388,0.8762541806020067
258,8.29758358001709,5.471588594358042,3.671428571428571,2580.0,0.8577777777777778,0.8666666666666667,0.88,0.8193979933110368,0.862876254180602
259,8.335339069366455,5.480447810472211,3.685714285714286,2590.0,0.8577777777777779,0.8533333333333334,0.88,0.8093645484949833,0.8695652173913043
260,8.308475494384766,5.5004220085047795,3.7,2600.0,0.8577777777777779,0.8533333333333334,0.8666666666666667,0.8260869565217391,0.8662207357859532
261,8.313359260559082,5.482899224286926,3.7142857142857144,2610.0,0.8577777777777778,0.8666666666666667,0.8666666666666667,0.8127090301003345,0.8595317725752508
262,8.298019409179688,5.468162570709537,3.7285714285714286,2620.0,0.8622222222222223,0.8666666666666667,0.88,0.8127090301003345,0.8729096989966555
263,8.28816843032837,5.421334465779207,3.742857142857143,2630.0,0.8711111111111111,0.88,0.8666666666666667,0.8260869565217391,0.8729096989966555
264,8.266160011291504,5.433912134852301,3.757142857142857,2640.0,0.8666666666666667,0.8533333333333334,0.8666666666666667,0.8193979933110368,0.8762541806020067
265,8.267436027526855,5.454929545509204,3.7714285714285714,2650.0,0.8577777777777778,0.84,0.88,0.822742474916388,0.8662207357859532
266,8.25931978225708,5.436195394790303,3.7857142857142856,2660.0,0.8444444444444444,0.84,0.8533333333333334,0.8127090301003345,0.8762541806020067
267,8.277156829833984,5.449537840683586,3.8,2670.0,0.8444444444444444,0.8533333333333334,0.88,0.8193979933110368,0.8762541806020067
268,8.305456638336182,5.434943143413085,3.814285714285714,2680.0,0.8533333333333334,0.8666666666666667,0.8666666666666667,0.8160535117056856,0.8695652173913043
269,8.27847146987915,5.433636941260104,3.8285714285714287,2690.0,0.8577777777777779,0.8533333333333334,0.8533333333333334,0.8260869565217391,0.862876254180602
270,8.26766300201416,5.417423956528544,3.842857142857143,2700.0,0.8577777777777779,0.8533333333333334,0.8666666666666667,0.8193979933110368,0.8695652173913043
271,8.28169059753418,5.446358550386934,3.857142857142857,2710.0,0.8533333333333334,0.8533333333333334,0.8666666666666667,0.8127090301003345,0.8662207357859532
272,8.273573398590088,5.3939638161879815,3.8714285714285714,2720.0,0.8533333333333334,0.8533333333333334,0.88,0.8160535117056856,0.8729096989966555
273,8.261618614196777,5.419504208961788,3.8857142857142857,2730.0,0.8488888888888889,0.84,0.8666666666666667,0.8193979933110368,0.8695652173913043
274,8.25665283203125,5.464314810060673,3.9,2740.0,0.8533333333333334,0.8666666666666667,0.8666666666666667,0.822742474916388,0.8729096989966555
275,8.27087926864624,5.438258353153931,3.914285714285714,2750.0,0.8533333333333334,0.8533333333333334,0.8666666666666667,0.822742474916388,0.8729096989966555
276,8.263076782226562,5.413133669942241,3.9285714285714284,2760.0,0.8711111111111111,0.8933333333333333,0.8666666666666667,0.8160535117056856,0.8662207357859532
277,8.232645511627197,5.417404883844297,3.9428571428571426,2770.0,0.8711111111111111,0.8666666666666667,0.8666666666666667,0.8260869565217391,0.862876254180602
278,8.231359481811523,5.409489304002741,3.957142857142857,2780.0,0.8711111111111111,0.8533333333333334,0.8666666666666667,0.8160535117056856,0.8695652173913043
279,8.220938682556152,5.402171707434048,3.971428571428571,2790.0,0.8577777777777779,0.8533333333333334,0.88,0.8193979933110368,0.8695652173913043
280,8.251439571380615,5.460438103511415,3.9857142857142858,2800.0,0.8533333333333334,0.8533333333333334,0.88,0.8093645484949833,0.8662207357859532
281,8.325480937957764,5.469046808472193,4.0,,,,,,
282,8.321110725402832,5.541320795968764,4.014285714285714,,,,,,
283,8.30454683303833,5.478120793004914,4.0285714285714285,,,,,,
284,8.311893463134766,5.437912626563249,4.042857142857143,,,,,,
285,8.286604881286621,5.465533670404561,4.057142857142857,,,,,,
286,8.277583122253418,5.460940756047845,4.071428571428571,,,,,,
287,8.306727886199951,5.428122924695605,4.085714285714285,,,,,,
288,8.276163101196289,5.454466387842562,4.1,,,,,,
289,8.279047966003418,5.449807445776372,4.114285714285714,,,,,,
290,8.287095069885254,5.469165397753126,4.128571428571429,,,,,,
291,8.284682273864746,5.422056207344049,4.142857142857143,,,,,,
292,8.247099876403809,5.471250082887051,4.1571428571428575,,,,,,
293,8.274730205535889,5.425424674060587,4.171428571428572,,,,,,
294,8.265645027160645,5.4086546797628055,4.185714285714286,,,,,,
295,8.241048812866211,5.403603720203781,4.2,,,,,,
296,8.24501895904541,5.464272458980422,4.214285714285714,,,,,,
297,8.285845279693604,5.435125426347763,4.228571428571429,,,,,,
298,8.274899005889893,5.429765026342778,4.242857142857143,,,,,,
299,8.234119415283203,5.382467850203069,4.257142857142857,,,,,,
300,8.233518600463867,5.395969426962786,4.271428571428571,,,,,,
301,8.230098724365234,5.407950225650412,4.285714285714286,,,,,,
302,8.202795028686523,5.409242993347578,4.3,,,,,,
303,8.248189926147461,5.425438967946199,4.314285714285714,,,,,,
304,8.232100486755371,5.428910650457024,4.328571428571428,,,,,,
305,8.261977195739746,5.395209517771702,4.3428571428571425,,,,,,
306,8.240809917449951,5.41253800027204,4.357142857142857,,,,,,
307,8.23432731628418,5.39619235174309,4.371428571428571,,,,,,
308,8.21918535232544,5.384789373415473,4.385714285714285,,,,,,
309,8.223907470703125,5.472944628400297,4.3999999999999995,,,,,,
310,8.278799057006836,5.535538382245473,4.414285714285714,,,,,,
311,8.324353694915771,5.585159118482302,4.428571428571429,,,,,,
312,8.390843868255615,5.498908631234133,4.442857142857143,,,,,,
313,8.319580078125,5.48850468129446,4.457142857142857,,,,,,
314,8.321389198303223,5.491027008294057,4.4714285714285715,,,,,,
315,8.290528774261475,5.462780363325114,4.485714285714286,,,,,,
316,8.259273529052734,5.413501222961785,4.5,,,,,,
317,8.253076553344727,5.419598114600795,4.514285714285714,,,,,,
318,8.240347385406494,5.423300857199051,4.5285714285714285,,,,,,
319,8.263120174407959,5.4484208049244796,4.542857142857143,,,,,,
320,8.275242328643799,5.472273209798828,4.557142857142857,,,,,,
321,8.30029821395874,5.4885817372167285,4.571428571428571,,,,,,
322,8.303164005279541,5.478678357210152,4.585714285714285,,,,,,
323,8.289966106414795,5.426404228723781,4.6,,,,,,
324,8.259461402893066,5.403485928592409,4.614285714285714,,,,,,
325,8.229661464691162,5.392033251320443,4.628571428571428,,,,,,
326,8.21389102935791,5.401021124035296,4.642857142857142,,,,,,
327,8.224878311157227,5.390886021422378,4.657142857142857,,,,,,
328,8.216455459594727,5.443391119361024,4.671428571428571,,,,,,
329,8.237249374389648,5.376681845563113,4.685714285714285,,,,,,
330,8.232800483703613,5.40618431016715,4.699999999999999,,,,,,
331,8.251108169555664,5.410868188330263,4.7142857142857135,,,,,,
332,8.264878749847412,5.447050803243061,4.728571428571429,,,,,,
333,8.239848613739014,5.425957562243668,4.742857142857143,,,,,,
334,8.24022626876831,5.364118290709487,4.757142857142857,,,,,,
335,8.213470458984375,5.374937006964013,4.771428571428571,,,,,,
336,8.255644798278809,5.462483810716762,4.785714285714286,,,,,,
337,8.281142234802246,5.444647439294146,4.8,,,,,,
338,8.278279781341553,5.372832459898131,4.799998704858026,,,,,,
339,8.205916404724121,5.392803404690139,4.7999948194335,,,,,,
340,8.211024284362793,5.407200031264476,4.799988343730616,,,,,,
341,8.222789764404297,5.33773010954123,4.799979277756365,,,,,,
342,8.198842525482178,5.378704642928679,4.79996762152053,,,,,,
343,8.201300144195557,5.37779309350568,4.799953375035691,,,,,,
344,8.198528289794922,5.433107570603277,4.799936538317226,,,,,,
345,8.241156578063965,5.36260061709193,4.799917111383304,,,,,,
346,8.222328186035156,5.45896283671874,4.799895094254895,,,,,,
347,8.28662633895874,5.3999235944852195,4.799870486955759,,,,,,
348,8.244617938995361,5.421979404879378,4.799843289512456,,,,,,
349,8.245563983917236,5.394557066982388,4.799813501954339,,,,,,
350,8.221723079681396,5.375606328324173,4.799781124313559,,,,,,
351,8.222943782806396,5.506958349097968,4.799746156625058,,,,,,
352,8.304938316345215,5.493477329674441,4.7997085989265775,,,,,,
353,8.281434059143066,5.439111565220146,4.799668451258653,,,,,,
354,8.26734972000122,5.489912678756265,4.799625713664616,,,,,,
355,8.269298553466797,5.396792918117835,4.799580386190591,,,,,,
356,8.23136568069458,5.396237039686352,4.7995324688855,,,,,,
357,8.231322765350342,5.405160450754895,4.79948196180106,,,,,,
358,8.231730461120605,5.365823817513789,4.799428864991781,,,,,,
359,8.211867332458496,5.378778071439597,4.799373178514972,,,,,,
360,8.219440937042236,5.367829423075067,4.799314902430732,,,,,,
361,8.208330154418945,5.360173783651212,4.799254036801959,,,,,,
362,8.188064575195312,5.355316893206212,4.799190581694344,,,,,,
363,8.20195722579956,5.4160719932479156,4.799124537176373,,,,,,
364,8.207066535949707,5.359175861734016,4.799055903319327,,,,,,
365,8.196349143981934,5.392557592929362,4.7989846801972815,,,,,,
366,8.227990627288818,5.412097932111324,4.798910867887106,,,,,,
367,8.239019870758057,5.476778415795431,4.798834466468466,,,,,,
368,8.26097822189331,5.385712791632162,4.79875547602382,,,,,,
369,8.245723724365234,5.491213071035476,4.798673896638421,,,,,,
370,8.29866361618042,5.423233362683937,4.798589728400317,,,,,,
371,8.26910400390625,5.371293995538813,4.798502971400349,,,,,,
372,8.237337112426758,5.378045623898005,4.798413625732152,,,,,,
373,8.202686786651611,5.403385903676885,4.7983216914921565,,,,,,
374,8.23411512374878,5.376902181626971,4.798227168779586,,,,,,
375,8.19898796081543,5.351639781708072,4.798130057696455,,,,,,
376,8.178621292114258,5.357904077478574,4.798030358347576,,,,,,
377,8.188806533813477,5.384193537112942,4.797928070840554,,,,,,
378,8.206906795501709,5.442627540649337,4.797823195285784,,,,,,
379,8.2836012840271,5.398467350447248,4.797715731796459,,,,,,
380,8.215144634246826,5.388026317695894,4.7976056804885605,,,,,,
381,8.221747398376465,5.391675881320834,4.797493041480866,,,,,,
382,8.229570865631104,5.372848583731559,4.797377814894945,,,,,,
383,8.218067169189453,5.374814327069949,4.797260000855162,,,,,,
384,8.191291809082031,5.377300788616312,4.797139599488668,,,,,,
385,8.183481693267822,5.36224676080869,4.7970166109254135,,,,,,
386,8.160269260406494,5.336176874659661,4.796891035298136,,,,,,
387,8.167253494262695,5.340563746838132,4.79676287274237,,,,,,
388,8.15633487701416,5.333213530838038,4.796632123396438,,,,,,
389,8.181317806243896,5.439698830886083,4.796498787401455,,,,,,
390,8.319599151611328,5.416957411473293,4.796362864901329,,,,,,
391,8.226364612579346,5.429420786409242,4.796224356042759,,,,,,
392,8.228234767913818,5.359368815153361,4.796083260975237,,,,,,
393,8.209983348846436,5.3527156322116705,4.795939579851043,,,,,,
394,8.191254615783691,5.436971146685422,4.795793312825251,,,,,,
395,8.221642017364502,5.467753936103455,4.795644460055724,,,,,,
396,8.267940998077393,5.4252561801015275,4.795493021703118,,,,,,
397,8.268047332763672,5.3765270134498335,4.795338997930877,,,,,,
398,8.216192245483398,5.428429194515347,4.795182388905236,,,,,,
399,8.209650993347168,5.398528042914388,4.79502319479522,,,,,,
400,8.216588020324707,5.371139781829988,4.794861415772648,,,,,,
401,8.202019214630127,5.377122809247273,4.794697052012124,,,,,,
402,8.17746877670288,5.336110983504479,4.794530103691042,,,,,,
403,8.16705322265625,5.342545959105303,4.794360570989589,,,,,,
404,8.192864418029785,5.313520790850846,4.794188454090738,,,,,,
405,8.16907787322998,5.331458519646056,4.794013753180252,,,,,,
406,8.200031757354736,5.352237506309811,4.793836468446684,,,,,,
407,8.153893947601318,5.406555556769728,4.793656600081373,,,,,,
408,8.269216537475586,5.329887069103796,4.793474148278451,,,,,,
409,8.21785593032837,5.386286612014193,4.793289113234832,,,,,,
410,8.237740993499756,5.450427963715626,4.793101495150224,,,,,,
411,8.237782001495361,5.408473040498135,4.79291129422712,,,,,,
412,8.220906734466553,5.347391037102804,4.7927185106708015,,,,,,
413,8.178414821624756,5.361376307810726,4.792523144689335,,,,,,
414,8.206721782684326,5.326791184403698,4.792325196493578,,,,,,
415,8.173783779144287,5.388608860307826,4.792124666297172,,,,,,
416,8.201342105865479,5.323464501896659,4.791921554316547,,,,,,
417,8.159223079681396,5.365879418972263,4.791715860770917,,,,,,
418,8.173465728759766,5.327877384359041,4.791507585882286,,,,,,
419,8.152049541473389,5.334119202210384,4.79129672987544,,,,,,
420,8.198304176330566,5.310214815268104,4.791083292977955,,,,,,
421,8.143104076385498,5.310107402384432,4.790867275420189,,,,,,
422,8.16493844985962,5.300398179119229,4.7906486774352866,,,,,,
423,8.129024505615234,5.316661932570679,4.790427499259176,,,,,,
424,8.162506580352783,5.308476915271268,4.790203741130575,,,,,,
425,8.147869110107422,5.368080216159933,4.789977403290979,,,,,,
426,8.183459758758545,5.558142469548899,4.7897484859846715,,,,,,
427,8.360854148864746,5.407643567823983,4.789516989458721,,,,,,
428,8.229900360107422,5.411594091692925,4.789282913962977,,,,,,
429,8.246792793273926,5.425092197447087,4.789046259750075,,,,,,
430,8.204570293426514,5.35114111250644,4.78880702707543,,,,,,
431,8.173746585845947,5.352853533598031,4.788565216197245,,,,,,
432,8.20436716079712,5.392398172912726,4.7883208273765,,,,,,
433,8.208416938781738,5.363065917718501,4.788073860876963,,,,,,
434,8.187699794769287,5.333722990234927,4.787824316965179,,,,,,
435,8.147765636444092,5.360802051297148,4.787572195910479,,,,,,
436,8.176717281341553,5.32740898308782,4.787317497984971,,,,,,
437,8.17969274520874,5.3529478110015845,4.78706022346355,,,,,,
438,8.21371603012085,5.3568617521563535,4.786800372623886,,,,,,
439,8.204676628112793,5.3387208656667156,4.786537945746431,,,,,,
440,8.187411308288574,5.382743743610943,4.7862729431144215,,,,,,
441,8.24217414855957,5.364909192511171,4.786005365013868,,,,,,
442,8.193539142608643,5.448271009879918,4.7857352117335665,,,,,,
443,8.270748615264893,5.3764854454011655,4.785462483565088,,,,,,
444,8.218780517578125,5.383707820115919,4.785187180802782,,,,,,
445,8.217528343200684,5.340985915759113,4.784909303743782,,,,,,
446,8.182486534118652,5.406879224929617,4.7846288526879945,,,,,,
447,8.199246406555176,5.366208216640707,4.784345827938106,,,,,,
448,8.206999778747559,5.400719329627047,4.784060229799581,,,,,,
449,8.208264350891113,5.317846609826244,4.783772058580663,,,,,,
450,8.154758930206299,5.352408814971642,4.783481314592369,,,,,,
451,8.17473316192627,5.325081149904141,4.783187998148494,,,,,,
452,8.179115295410156,5.468069108621326,4.782892109565613,,,,,,
453,8.24937105178833,5.401327788879933,4.782593649163071,,,,,,
454,8.221368312835693,5.305828408697656,4.782292617262994,,,,,,
455,8.161396503448486,5.316185788410466,4.781989014190279,,,,,,
456,8.148533344268799,5.40040687756743,4.781682840272603,,,,,,
457,8.225560188293457,5.407922928828567,4.781374095840413,,,,,,
458,8.204824924468994,5.392009676154468,4.781062781226932,,,,,,
459,8.210034370422363,5.334830799656219,4.780748896768158,,,,,,
460,8.161576747894287,5.360226556771537,4.780432442802863,,,,,,
461,8.205374717712402,5.406461569518979,4.780113419672588,,,,,,
462,8.228559494018555,5.390386113807672,4.7797918277216525,,,,,,
463,8.17469835281372,5.345640012854984,4.779467667297145,,,,,,
464,8.200202465057373,5.467580244659475,4.7791409387489265,,,,,,
465,8.283994674682617,5.410261455757263,4.7788116424296305,,,,,,
466,8.194900512695312,5.3373403382762525,4.778479778694662,,,,,,
467,8.17786693572998,5.430013060469503,4.778145347902195,,,,,,
468,8.224895000457764,5.387206255236626,4.777808350413179,,,,,,
469,8.192300796508789,5.354712051940225,4.777468786591326,,,,,,
470,8.194145202636719,5.3026667990736644,4.777126656803126,,,,,,
471,8.168546199798584,5.435098510514396,4.776781961417832,,,,,,
472,8.213595390319824,5.3169811427643365,4.776434700807469,,,,,,
473,8.168262958526611,5.3541179166509885,4.7760848753468315,,,,,,
474,8.178176879882812,5.384352023908328,4.775732485413479,,,,,,
475,8.222504138946533,5.359498804411635,4.7753775313877425,,,,,,
476,8.204288005828857,5.392432013111419,4.775020013652717,,,,,,
477,8.186243534088135,5.356639712071399,4.7746599325942665,,,,,,
478,8.170243263244629,5.299359014196693,4.774297288601022,,,,,,
479,8.139107704162598,5.293220506785195,4.773932082064378,,,,,,
480,8.156507015228271,5.336184059701314,4.773564313378498,,,,,,
481,8.167837619781494,5.2930887689903265,4.773193982940308,,,,,,
482,8.105589389801025,5.276158971481708,4.772821091149502,,,,,,
483,8.105813980102539,5.283950027846006,4.772445638408533,,,,,,
484,8.10783052444458,5.352991038154814,4.7720676251226255,,,,,,
485,8.16277027130127,5.299826087021247,4.771687051699762,,,,,,
486,8.147047996520996,5.300915696221906,4.7713039185506885,,,,,,
487,8.131291389465332,5.287060753049922,4.770918226088915,,,,,,
488,8.138509750366211,5.304885183692079,4.7705299747307155,,,,,,
489,8.107997417449951,5.242122437795538,4.770139164895122,,,,,,
490,8.09685230255127,5.293893724654882,4.769745797003931,,,,,,
491,8.112419605255127,5.315811826563162,4.7693498714816975,,,,,,
492,8.152003288269043,5.261789209407553,4.768951388755738,,,,,,
493,8.098204612731934,5.292900452601799,4.76855034925613,,,,,,
494,8.087551593780518,5.284511042603732,4.768146753415709,,,,,,
495,8.103638172149658,5.253328947784321,4.767740601670069,,,,,,
496,8.083671569824219,5.222886325733516,4.767331894457565,,,,,,
497,8.083321571350098,5.265221649102547,4.766920632219308,,,,,,
498,8.091640949249268,5.291689758846196,4.766506815399166,,,,,,
499,8.109797477722168,5.391119164514181,4.7660904444437655,,,,,,
500,8.239054679870605,5.443302889247217,4.765671519802491,,,,,,
501,8.228271007537842,5.341617928521788,4.765250041927481,,,,,,
502,8.188096046447754,5.353790206403868,4.7648260112736285,,,,,,
503,8.158333778381348,5.292487006111242,4.764399428298586,,,,,,
504,8.125226020812988,5.357369408475139,4.763970293462757,,,,,,
505,8.225602149963379,5.364179100280453,4.763538607229299,,,,,,
506,8.22642469406128,5.375734402814565,4.763104370064126,,,,,,
507,8.189244747161865,5.3671842459573575,4.762667582435904,,,,,,
508,8.185882568359375,5.334349767614353,4.7622282448160504,,,,,,
509,8.169115543365479,5.299080044006078,4.761786357678735,,,,,,
510,8.149000644683838,5.308869971057965,4.761341921500882,,,,,,
511,8.120392799377441,5.340127270396163,4.760894936762163,,,,,,
512,8.192302703857422,5.315275053099688,4.760445403945002,,,,,,
513,8.135050773620605,5.266123219434708,4.759993323534575,,,,,,
514,8.094305992126465,5.286148538300728,4.759538696018803,,,,,,
515,8.123887062072754,5.340779479358054,4.759081521888359,,,,,,
516,8.177384376525879,5.318432081437492,4.758621801636666,,,,,,
517,8.187995433807373,5.381802878127166,4.758159535759892,,,,,,
518,8.15975570678711,5.3618589801082495,4.757694724756953,,,,,,
519,8.174850940704346,5.414055594483576,4.757227369129513,,,,,,
520,8.199381828308105,5.31083054438271,4.756757469381983,,,,,,
521,8.167113304138184,5.462774151007201,4.756285026021518,,,,,,
522,8.221729755401611,5.333689215004795,4.7558100395580185,,,,,,
523,8.182781219482422,5.325631417377943,4.755332510504131,,,,,,
524,8.116646766662598,5.297024665107438,4.754852439375243,,,,,,
525,8.110356330871582,5.2903456880426685,4.7543698266894925,,,,,,
526,8.133793354034424,5.254776924973882,4.753884672967753,,,,,,
527,8.06870412826538,5.227184225873249,4.753396978733645,,,,,,
528,8.055423259735107,5.239767449758352,4.752906744513528,,,,,,
529,8.076880931854248,5.294923382511251,4.752413970836505,,,,,,
530,8.093810081481934,5.237104838189205,4.751918658234421,,,,,,
531,8.126194953918457,5.319492454183914,4.751420807241857,,,,,,
532,8.120345115661621,5.412583645699503,4.750920418396137,,,,,,
533,8.16277551651001,5.296876578495421,4.7504174922373235,,,,,,
534,8.087461948394775,5.278648565555441,4.749912029308217,,,,,,
535,8.084943771362305,5.30298492405172,4.7494040301543565,,,,,,
536,8.08899974822998,5.256724505388406,4.748893495324016,,,,,,
537,8.071133136749268,5.242086413530265,4.748380425368211,,,,,,
538,8.065340042114258,5.231499494074572,4.747864820840688,,,,,,
539,8.058030605316162,5.238841030756098,4.747346682297931,,,,,,
540,8.050087928771973,5.206257685379786,4.746826010299161,,,,,,
541,8.032508373260498,5.217308644791227,4.746302805406331,,,,,,
542,8.090669631958008,5.211361528144753,4.745777068184126,,,,,,
543,8.05380630493164,5.2129585911387455,4.7452487991999694,,,,,,
544,8.056675910949707,5.219909092676148,4.744717999024012,,,,,,
545,8.032617568969727,5.292015226474823,4.744184668229139,,,,,,
546,8.125944137573242,5.314867922796533,4.743648807390966,,,,,,
547,8.11039924621582,5.391278576510007,4.7431104170878395,,,,,,
548,8.156820297241211,5.360114617744747,4.7425694979008375,,,,,,
549,8.190136909484863,5.3566309340968665,4.742026050413764,,,,,,
550,8.212713241577148,5.332908550363514,4.741480075213155,,,,,,
551,8.147220611572266,5.333221179883554,4.740931572888273,,,,,,
552,8.133568286895752,5.284430297910917,4.740380544031107,,,,,,
553,8.116634845733643,5.2949976469910975,4.739826989236376,,,,,,
554,8.108725547790527,5.257050127217106,4.739270909101523,,,,,,
555,8.116960525512695,5.322270955429847,4.738712304226717,,,,,,
556,8.154372692108154,5.261373986508087,4.738151175214852,,,,,,
557,8.125760555267334,5.282494472394579,4.737587522671545,,,,,,
558,8.12900447845459,5.236577596255367,4.737021347205138,,,,,,
559,8.06510066986084,5.245658934868314,4.736452649426695,,,,,,
560,8.089278221130371,5.225855385384908,4.735881429950006,,,,,,
561,8.029374122619629,5.250341161747155,4.735307689391577,,,,,,
562,8.090927124023438,5.226904045743437,4.7347314283706385,,,,,,
563,8.045981407165527,5.288634768246201,4.7341526475091396,,,,,,
564,8.089546203613281,5.325404023201752,4.73357134743175,,,,,,
565,8.11736011505127,5.2607261733511494,4.732987528765858,,,,,,
566,8.086041927337646,5.236056398202432,4.732401192141572,,,,,,
567,8.109051704406738,5.315847905570464,4.731812338191715,,,,,,
568,8.108120918273926,5.317215420800763,4.731220967551827,,,,,,
569,8.136910438537598,5.296309763889939,4.730627080860168,,,,,,
570,8.070590019226074,5.294770447319551,4.730030678757709,,,,,,
571,8.123474597930908,5.257284863241788,4.729431761888138,,,,,,
572,8.068407535552979,5.298631550786473,4.728830330897858,,,,,,
573,8.12070608139038,5.2292797890303016,4.728226386435984,,,,,,
574,8.060769081115723,5.325625101992621,4.7276199291543435,,,,,,
575,8.107879638671875,5.276585135367661,4.727010959707478,,,,,,
576,8.083846092224121,5.230407410454008,4.726399478752638,,,,,,
577,8.040257453918457,5.270631273219924,4.725785486949787,,,,,,
578,8.085649490356445,5.249029498425124,4.725168984961596,,,,,,
579,8.117414474487305,5.310628165909981,4.724549973453446,,,,,,
580,8.100204944610596,5.269309802452389,4.723928453093428,,,,,,
581,8.08083438873291,5.237218992563734,4.723304424552338,,,,,,
582,8.068735599517822,5.294357212979419,4.722677888503682,,,,,,
583,8.094480514526367,5.218187852102332,4.722048845623671,,,,,,
584,8.0943603515625,5.276592270479772,4.721417296591221,,,,,,
585,8.11862564086914,5.336738956586165,4.720783242087953,,,,,,
586,8.122014045715332,5.241283680231658,4.720146682798194,,,,,,
587,8.081048488616943,5.24646041511587,4.719507619408971,,,,,,
588,8.07221794128418,5.341958283575971,4.718866052610016,,,,,,
589,8.117834568023682,5.314100227805122,4.7182219830937635,,,,,,
590,8.113288402557373,5.287645217848987,4.717575411555347,,,,,,
591,8.14153003692627,5.270481520886176,4.716926338692603,,,,,,
592,8.083723068237305,5.228321883736587,4.716274765206063,,,,,,
593,8.077366828918457,5.277933285755706,4.715620691798963,,,,,,
594,8.138287544250488,5.3653849841567824,4.714964119177235,,,,,,
595,8.22411584854126,5.292686162624568,4.714305048049506,,,,,,
596,8.135002136230469,5.265411574666093,4.713643479127103,,,,,,
597,8.104339599609375,5.285477596335896,4.712979413124047,,,,,,
598,8.072507381439209,5.237236689478535,4.712312850757053,,,,,,
599,8.079465389251709,5.206629661274517,4.711643792745535,,,,,,
600,8.034821510314941,5.222589002926877,4.710972239811594,,,,,,
601,8.040868759155273,5.256453661682026,4.710298192680028,,,,,,
602,8.06080150604248,5.238753464564844,4.709621652078328,,,,,,
603,8.040008068084717,5.2053132564506175,4.708942618736671,,,,,,
604,8.047481536865234,5.253483703699906,4.70826109338793,,,,,,
605,8.039655685424805,5.193702247786462,4.707577076767664,,,,,,
606,8.00204086303711,5.195138435387832,4.706890569614121,,,,,,
607,8.060878276824951,5.260406808155339,4.706201572668239,,,,,,
608,8.095742225646973,5.467369965087275,4.705510086673641,,,,,,
609,8.324069023132324,5.501907141294873,4.70481611237664,,,,,,
610,8.336878776550293,5.36005652602527,4.704119650526229,,,,,,
611,8.201361656188965,5.366106653333813,4.70342070187409,,,,,,
612,8.165738105773926,5.347193175950303,4.702719267174587,,,,,,
613,8.179335594177246,5.411128496903146,4.70201534718477,,,,,,
614,8.204298973083496,5.3599039890667886,4.701308942664369,,,,,,
615,8.159564018249512,5.30794631682894,4.700600054375793,,,,,,
616,8.14841365814209,5.3093714517540445,4.699888683084137,,,,,,
617,8.112651824951172,5.255268095921227,4.699174829557173,,,,,,
618,8.092511653900146,5.331333072372,4.698458494565352,,,,,,
619,8.11970853805542,5.264946070511467,4.6977396788818035,,,,,,
620,8.130868911743164,5.326204176807323,4.697018383282334,,,,,,
621,8.154343128204346,5.312308232858464,4.696294608545428,,,,,,
622,8.123489379882812,5.27170351796836,4.695568355452244,,,,,,
623,8.098204612731934,5.246777277618421,4.694839624786617,,,,,,
624,8.069703578948975,5.214612534108334,4.6941084173350545,,,,,,
625,8.046690464019775,5.208443429111131,4.6933747338867375,,,,,,
626,8.025401592254639,5.178546956048682,4.69263857523352,,,,,,
627,8.030463218688965,5.278576916862276,4.6918999421699255,,,,,,
628,8.06639289855957,5.197901617688627,4.691158835493152,,,,,,
629,7.992523193359375,5.201837440014287,4.690415256003063,,,,,,
630,8.04423475265503,5.274430516790802,4.689669204502193,,,,,,
631,8.06424617767334,5.28568205961768,4.688920681795744,,,,,,
632,8.124162673950195,5.266501975921746,4.688169688691587,,,,,,
633,8.075915336608887,5.271178711352978,4.687416226000255,,,,,,
634,8.141253471374512,5.375871652109067,4.686660294534951,,,,,,
635,8.162976264953613,5.3307575507761555,4.68590189511154,,,,,,
636,8.136674880981445,5.251938038257314,4.68514102854855,,,,,,
637,8.08524227142334,5.327014391717037,4.684377695667174,,,,,,
638,8.135137557983398,5.408177468834854,4.683611897291264,,,,,,
639,8.168553829193115,5.277070470774645,4.682843634247338,,,,,,
640,8.113350868225098,5.256452995954791,4.682072907364568,,,,,,
641,8.07377290725708,5.2522262329810605,4.68129971747479,,,,,,
642,8.102956771850586,5.309404550428848,4.680524065412493,,,,,,
643,8.166176795959473,5.277193346576995,4.67974595201483,,,,,,
644,8.09176778793335,5.2994753602575715,4.678965378121606,,,,,,
645,8.119977474212646,5.27711687517126,4.678182344575281,,,,,,
646,8.08200216293335,5.255764670688832,4.677396852220974,,,,,,
647,8.077155590057373,5.235281198740607,4.6766089019064525,,,,,,
648,8.049625396728516,5.271427887643055,4.675818494482143,,,,,,
649,8.077635288238525,5.208019903069088,4.675025630801116,,,,,,
650,8.016413688659668,5.215459491145821,4.6742303117191,,,,,,
651,8.059945106506348,5.320086668077089,4.673432538094471,,,,,,
652,8.072325706481934,5.238751773778083,4.672632310788254,,,,,,
653,8.040690898895264,5.197742862797666,4.671829630664121,,,,,,
654,8.015990734100342,5.2787757296838915,4.671024498588393,,,,,,
655,8.064537525177002,5.293771090679955,4.670216915430038,,,,,,
656,8.051771402359009,5.221438271945218,4.669406882060668,,,,,,
657,8.015793800354004,5.202368608535689,4.668594399354539,,,,,,
658,8.012372493743896,5.244504979521011,4.667779468188552,,,,,,
659,8.082426071166992,5.236562387596368,4.666962089442252,,,,,,
660,8.020992755889893,5.193439943636035,4.666142263997819,,,,,,
661,7.995661020278931,5.212277503049704,4.665319992740082,,,,,,
662,8.010801553726196,5.193048686315474,4.664495276556505,,,,,,
663,8.038042068481445,5.176939496280166,4.663668116337191,,,,,,
664,8.000357151031494,5.244336039203872,4.662838512974882,,,,,,
665,8.068771362304688,5.244398796227522,4.662006467364958,,,,,,
666,8.0499587059021,5.212061673678502,4.661171980405431,,,,,,
667,8.059208393096924,5.192311808679964,4.6603350529969525,,,,,,
668,8.05954122543335,5.293449977950152,4.659495686042803,,,,,,
669,8.090700626373291,5.317257715935863,4.6586538804489015,,,,,,
670,8.106070518493652,5.231334137856408,4.657809637123793,,,,,,
671,8.042052745819092,5.211606515767295,4.65696295697866,,,,,,
672,8.02846384048462,5.243905126396801,4.6561138409273095,,,,,,
673,8.074047088623047,5.205881477906185,4.65526228988618,,,,,,
674,8.01119351387024,5.208904116368274,4.654408304774338,,,,,,
675,8.039327621459961,5.240703354371106,4.653551886513477,,,,,,
676,8.034170866012573,5.191724055549295,4.652693036027916,,,,,,
677,7.995770215988159,5.205900636212579,4.6518317542446,,,,,,
678,8.037075519561768,5.336128359185837,4.650968042093097,,,,,,
679,8.101294040679932,5.211558789140142,4.650101900505598,,,,,,
680,8.039095878601074,5.295478841454367,4.6492333304169176,,,,,,
681,8.078242778778076,5.233227593443592,4.64836233276449,,,,,,
682,8.112356662750244,5.250402046713737,4.64748890848837,,,,,,
683,8.058876037597656,5.1692781578702425,4.646613058531231,,,,,,
684,8.043309211730957,5.2259490044804755,4.645734783838366,,,,,,
685,8.05364179611206,5.1830630938078395,4.644854085357681,,,,,,
686,8.018554210662842,5.260480385853324,4.6439709640397036,,,,,,
687,8.052407264709473,5.166833279211046,4.643085420837572,,,,,,
688,8.024725914001465,5.2252847649050524,4.642197456707039,,,,,,
689,8.024317741394043,5.204040952647204,4.641307072606472,,,,,,
690,8.045748233795166,5.153612642753415,4.6404142694968495,,,,,,
691,8.00167465209961,5.165581286705472,4.639519048341759,,,,,,
692,8.0338454246521,5.289698019861874,4.638621410107401,,,,,,
693,8.094586849212646,5.23622582317702,4.637721355762581,,,,,,
694,8.061015605926514,5.264796385352004,4.636818886278717,,,,,,
695,8.049451351165771,5.182038662912868,4.635914002629827,,,,,,
696,8.071004867553711,5.3877329924609905,4.635006705792541,,,,,,
697,8.133553981781006,5.2844541929066935,4.63409699674609,,,,,,
698,8.089058876037598,5.294473534175786,4.63318487647231,,,,,,
699,8.209409713745117,5.344900662403733,4.632270345955637,,,,,,
700,8.125141620635986,5.291757446261792,4.631353406183113,,,,,,
701,8.115912914276123,5.238605180841419,4.630434058144373,,,,,,
702,8.065558910369873,5.2207619041029,4.62951230283166,,,,,,
703,8.012893199920654,5.218137505277052,4.628588141239808,,,,,,
704,8.01707649230957,5.210137344389226,4.627661574366252,,,,,,
705,8.037476539611816,5.187769858149343,4.62673260321102,,,,,,
706,8.012389898300171,5.18769694397287,4.62580122877674,,,,,,
707,8.047747611999512,5.265183745962517,4.624867452068626,,,,,,
708,8.049484252929688,5.216586735591456,4.623931274094493,,,,,,
709,8.023313999176025,5.219039084632623,4.622992695864741,,,,,,
710,8.025953769683838,5.255302974814823,4.622051718392365,,,,,,
711,8.117084503173828,5.208171326739133,4.621108342692947,,,,,,
712,8.093082427978516,5.285431886140392,4.62016256978466,,,,,,
713,8.117592334747314,5.240108230316508,4.61921440068826,,,,,,
714,8.042460918426514,5.2362534402297065,4.618263836427093,,,,,,
715,8.024370193481445,5.246704102364581,4.617310878027088,,,,,,
716,8.050966262817383,5.189737882405595,4.6163555265167595,,,,,,
717,7.997620582580566,5.170905739444961,4.615397782927205,,,,,,
718,7.981303691864014,5.141194377053776,4.6144376482921,,,,,,
719,7.970935344696045,5.19324541873948,4.613475123647706,,,,,,
720,8.02556324005127,5.174863040296845,4.61251021003286,,,,,,
721,7.994339466094971,5.192320600289873,4.611542908488978,,,,,,
722,8.013648986816406,5.157450573899547,4.610573220060056,,,,,,
723,7.979527711868286,5.1535112861829,4.609601145792664,,,,,,
724,7.990467071533203,5.1315307932004295,4.6086266867359456,,,,,,
725,7.938598155975342,5.168255124601424,4.60764984394162,,,,,,
726,7.972903490066528,5.244996174530787,4.606670618463981,,,,,,
727,8.138821125030518,5.287594832523817,4.605689011359889,,,,,,
728,8.108167171478271,5.518620111242476,4.604705023688781,,,,,,
729,8.19427490234375,5.326215168926473,4.603718656512657,,,,,,
730,8.178235054016113,5.277943834925621,4.602729910896091,,,,,,
731,8.108280181884766,5.2370944710916785,4.6017387879062195,,,,,,
732,8.063053131103516,5.190480346134272,4.600745288612747,,,,,,
733,8.04585075378418,5.327182194683309,4.599749414087943,,,,,,
734,8.192131519317627,5.34841708880297,4.598751165406639,,,,,,
735,8.149841785430908,5.337401036759,4.597750543646231,,,,,,
736,8.142577171325684,5.2797961852648765,4.596747549886673,,,,,,
737,8.08626937866211,5.299188600256224,4.595742185210483,,,,,,
738,8.239891052246094,5.3917295240974905,4.5947344507027355,,,,,,
739,8.242210388183594,5.540657886845209,4.593724347451063,,,,,,
740,8.298707485198975,5.3566641210005805,4.592711876545655,,,,,,
741,8.186287879943848,5.373401563241765,4.591697039079256,,,,,,
742,8.15706729888916,5.311728644912438,4.590679836147165,,,,,,
743,8.145920276641846,5.290589470137459,4.589660268847234,,,,,,
744,8.140504837036133,5.277095016057598,4.588638338279865,,,,,,
745,8.11023473739624,5.263517956858026,4.587614045548015,,,,,,
746,8.0801682472229,5.2807254574697895,4.586587391757186,,,,,,
747,8.08811330795288,5.218094993580079,4.58555837801543,,,,,,
748,8.067365646362305,5.229250681109544,4.5845270054333485,,,,,,
749,8.018816947937012,5.253956646554304,4.5834932751240824,,,,,,
750,8.058053970336914,5.23458782978876,4.582457188203324,,,,,,
751,8.036392211914062,5.292833671738261,4.581418745789306,,,,,,
752,8.071695804595947,5.2923088883832285,4.580377949002803,,,,,,
753,8.044581890106201,5.302256690443214,4.579334798967132,,,,,,
754,8.11730146408081,5.293701433553928,4.578289296808149,,,,,,
755,8.112927436828613,5.224106118496573,4.577241443654248,,,,,,
756,8.056685447692871,5.270075471988739,4.576191240636363,,,,,,
757,8.070891857147217,5.260027195647346,4.57513868888796,,,,,,
758,8.072795867919922,5.203500093182563,4.5740837895450435,,,,,,
759,8.026432037353516,5.181003084896592,4.573026543746151,,,,,,
760,7.999622583389282,5.19383357952782,4.571966952632351,,,,,,
761,8.058856964111328,5.232559501673616,4.570905017347246,,,,,,
762,8.04962968826294,5.1751289349628955,4.569840739036965,,,,,,
763,8.004291534423828,5.20438956833367,4.568774118850168,,,,,,
764,8.010189771652222,5.208454964840683,4.567705157938042,,,,,,
765,8.059224605560303,5.205515769672955,4.566633857454301,,,,,,
766,8.0109281539917,5.2455079617672755,4.565560218555183,,,,,,
767,8.072091102600098,5.192178763693576,4.564484242399452,,,,,,
768,8.037786483764648,5.226996949583267,4.563405930148391,,,,,,
769,8.022215366363525,5.242219378709593,4.562325282965806,,,,,,
770,8.024537086486816,5.157570880235395,4.561242302018024,,,,,,
771,7.996593475341797,5.213556441466682,4.56015698847389,,,,,,
772,8.009116172790527,5.157369606829772,4.559069343504768,,,,,,
773,7.987369775772095,5.146697463259364,4.557979368284535,,,,,,
774,7.959189414978027,5.197629670318783,4.556887063989585,,,,,,
775,7.980858087539673,5.146435673643903,4.555792431798825,,,,,,
776,7.981263875961304,5.227806689460504,4.554695472893679,,,,,,
777,8.009524822235107,5.246939441153139,4.553596188458074,,,,,,
778,8.026423931121826,5.2041146059413235,4.552494579678451,,,,,,
779,8.006651878356934,5.227409373420542,4.551390647743764,,,,,,
780,7.993765830993652,5.176934988183871,4.550284393845466,,,,,,
781,8.00016975402832,5.224295524311627,4.549175819177522,,,,,,
782,8.029726505279541,5.153275935563648,4.5480649249364005,,,,,,
783,7.946717262268066,5.150234474867106,4.546951712321071,,,,,,
784,7.94954252243042,5.158666129268649,4.54583618253301,,,,,,
785,7.987378358840942,5.2119894763619286,4.54471833677619,,,,,,
786,7.999592304229736,5.171566384093314,4.543598176257084,,,,,,
787,7.969550848007202,5.141576887279925,4.542475702184667,,,,,,
788,7.9626288414001465,5.15444222892203,4.541350915770408,,,,,,
789,7.974694728851318,5.11981150179575,4.540223818228271,,,,,,
790,7.976426124572754,5.178823808143878,4.539094410774716,,,,,,
791,7.965590715408325,5.2026870050181655,4.537962694628695,,,,,,
792,7.973436594009399,5.157004564724819,4.536828671011653,,,,,,
793,7.950763940811157,5.280547433585254,4.5356923411475245,,,,,,
794,8.064558506011963,5.152073507453334,4.534553706262733,,,,,,
795,7.992157936096191,5.119185162553073,4.5334127675861895,,,,,,
796,7.994630336761475,5.235508553815349,4.532269526349293,,,,,,
797,8.070655822753906,5.187170597762997,4.5311239837859265,,,,,,
798,8.038357734680176,5.348766708293815,4.529976141132456,,,,,,
799,8.183157920837402,5.277647351296235,4.528825999627732,,,,,,
800,8.135700225830078,5.349598084907757,4.527673560513084,,,,,,
801,8.097872734069824,5.290878262812596,4.526518825032323,,,,,,
802,8.089142799377441,5.259750506575114,4.525361794431736,,,,,,
803,8.041451454162598,5.288192023942208,4.524202469960091,,,,,,
804,8.053995132446289,5.181428746880354,4.523040852868628,,,,,,
805,8.03346586227417,5.188544068043727,4.521876944411063,,,,,,
806,8.008174896240234,5.141171625223953,4.520710745843586,,,,,,
807,7.978655815124512,5.230867510186814,4.519542258424857,,,,,,
808,8.047022342681885,5.156254223959099,4.518371483416005,,,,,,
809,8.02746295928955,5.230793769064824,4.517198422080634,,,,,,
810,8.022216796875,5.2196678800478615,4.516023075684807,,,,,,
811,8.041527509689331,5.238900648434689,4.514845445497062,,,,,,
812,8.03774881362915,5.196156547689157,4.513665532788394,,,,,,
813,8.008028984069824,5.191916800227057,4.512483338832266,,,,,,
814,8.000048637390137,5.152415120571576,4.511298864904604,,,,,,
815,8.004499435424805,5.16805414555953,4.510112112283791,,,,,,
816,8.004286289215088,5.195685056801901,4.508923082250671,,,,,,
817,7.994461536407471,5.147136870505331,4.507731776088549,,,,,,
818,7.993771553039551,5.1744298421604675,4.50653819508318,,,,,,
819,7.980682611465454,5.163801176594124,4.50534234052278,,,,,,
820,7.955216884613037,5.15588256167804,4.5041442136980185,,,,,,
821,7.978187799453735,5.168259749801546,4.502943815902013,,,,,,
822,7.973088264465332,5.160236219481524,4.5017411484303365,,,,,,
823,7.969385147094727,5.201925554427908,4.500536212581009,,,,,,
824,7.975590705871582,5.120749899877832,4.4993290096545,,,,,,
825,7.93466854095459,5.178674952536696,4.498119540953725,,,,,,
826,7.98640251159668,5.28987503994203,4.496907807784047,,,,,,
827,8.13093090057373,5.312545920340728,4.49569381145327,,,,,,
828,8.119897842407227,5.282190968350666,4.494477553271642,,,,,,
829,8.074954986572266,5.2140782627365585,4.493259034551853,,,,,,
830,8.072321891784668,5.222735405168782,4.492038256609031,,,,,,
831,8.021736145019531,5.24139309450796,4.4908152207607435,,,,,,
832,8.017152309417725,5.1903564797618795,4.489589928326995,,,,,,
833,7.989471435546875,5.20436816600514,4.488362380630226,,,,,,
834,7.998422622680664,5.180571821179081,4.487132578995309,,,,,,
835,7.994969606399536,5.210159242604338,4.485900524749551,,,,,,
836,7.982081651687622,5.214456876854219,4.48466621922269,,,,,,
837,8.006413221359253,5.2164862719376215,4.483429663746892,,,,,,
838,7.995874404907227,5.1345648019628625,4.482190859656755,,,,,,
839,7.991838693618774,5.292427224808124,4.4809498082893,,,,,,
840,8.070194959640503,5.256462848717872,4.479706510983975,,,,,,
841,8.048298358917236,5.256392625322655,4.478460969082653,,,,,,
842,8.0244779586792,5.1388873759190306,4.477213183929628,,,,,,
843,7.969812393188477,5.14555401316804,4.475963156871615,,,,,,
844,7.983583688735962,5.1391849938914795,4.474710889257753,,,,,,
845,7.9594714641571045,5.158980298984742,4.473456382439591,,,,,,
846,7.9746198654174805,5.1552387370694275,4.4721996377711015,,,,,,
847,7.997859239578247,5.147967829235068,4.470940656608671,,,,,,
848,7.957086086273193,5.138074077007849,4.469679440311097,,,,,,
849,7.940908432006836,5.191678317280955,4.468415990239594,,,,,,
850,8.016987323760986,5.183742873502239,4.467150307757781,,,,,,
851,8.026931762695312,5.55928723244631,4.465882394231693,,,,,,
852,8.394962787628174,5.524128701728968,4.464612251029769,,,,,,
853,8.260335922241211,5.3424533414078725,4.463339879522857,,,,,,
854,8.184300899505615,5.376205642449946,4.462065281084206,,,,,,
855,8.172525405883789,5.304623862692446,4.460788457089472,,,,,,
856,8.132925987243652,5.324103998075121,4.459509408916711,,,,,,
857,8.186729907989502,5.390040185493617,4.458228137946382,,,,,,
858,8.160536289215088,5.398298615663366,4.456944645561342,,,,,,
859,8.212428569793701,5.353046792008678,4.455658933146844,,,,,,
860,8.143383502960205,5.289214783300363,4.454371002090537,,,,,,
861,8.140448093414307,5.236286600664747,4.453080853782467,,,,,,
862,8.067565441131592,5.2295121192130045,4.451788489615072,,,,,,
863,8.062621593475342,5.253546817449084,4.450493910983179,,,,,,
864,8.074873447418213,5.246505956473323,4.449197119284012,,,,,,
865,8.030567646026611,5.194965489478148,4.447898115917173,,,,,,
866,8.035335540771484,5.2055498817771095,4.446596902284661,,,,,,
867,8.03134298324585,5.173747366872327,4.4452934797908545,,,,,,
868,8.021905660629272,5.214909614485989,4.443987849842518,,,,,,
869,8.00210952758789,5.218098600538364,4.442680013848799,,,,,,
870,8.034532070159912,5.163227411355162,4.441369973221224,,,,,,
871,7.998361110687256,5.141681428112033,4.440057729373701,,,,,,
872,7.974918842315674,5.137937276477669,4.438743283722516,,,,,,
873,8.000842094421387,5.198524751214043,4.43742663768633,,,,,,
874,7.997437000274658,5.141684747323757,4.436107792686177,,,,,,
875,7.973138332366943,5.159878158689648,4.434786750145469,,,,,,
876,7.98421049118042,5.166251608060126,4.433463511489987,,,,,,
877,7.998110771179199,5.180156046447882,4.432138078147882,,,,,,
878,7.994476795196533,5.182931016732706,4.430810451549674,,,,,,
879,7.964846611022949,5.1339354448904,4.429480633128252,,,,,,
880,7.966275453567505,5.236008512362199,4.428148624318868,,,,,,
881,8.001311302185059,5.183982445273307,4.4268144265591385,,,,,,
882,8.041044235229492,5.289415253622377,4.425478041289044,,,,,,
883,8.078669548034668,5.226468114315511,4.4241394699509256,,,,,,
884,8.040114879608154,5.185307061602028,4.422798713989482,,,,,,
885,8.010614395141602,5.195611546679241,4.421455774851771,,,,,,
886,7.998220920562744,5.1200939857027326,4.420110653987208,,,,,,
887,7.952754974365234,5.191667602080273,4.41876335284756,,,,,,
888,8.005375385284424,5.158515834327101,4.41741387288695,,,,,,
889,7.97402286529541,5.135404352985379,4.416062215561852,,,,,,
890,7.932576894760132,5.107967257399435,4.414708382331088,,,,,,
891,7.922839641571045,5.12802232023645,4.41335237465583,,,,,,
892,7.959765434265137,5.1812135896530345,4.411994193999598,,,,,,
893,7.986938714981079,5.149621590533308,4.410633841828253,,,,,,
894,7.957537412643433,5.180787032747389,4.409271319610007,,,,,,
895,8.013584613800049,5.322467532250137,4.407906628815407,,,,,,
896,8.095629692077637,5.209723765154262,4.406539770917344,,,,,,
897,8.021259784698486,5.192528154190295,4.405170747391048,,,,,,
898,7.9895689487457275,5.190321839487382,4.403799559714083,,,,,,
899,7.9847540855407715,5.169551557608268,4.402426209366354,,,,,,
900,7.979145765304565,5.117283096826808,4.401050697830096,,,,,,
901,7.991912364959717,5.227965260474395,4.399673026589877,,,,,,
902,8.03810739517212,5.209054796308705,4.398293197132599,,,,,,
903,7.990433692932129,5.218059133540892,4.396911210947491,,,,,,
904,8.06278657913208,5.21539709987111,4.395527069526109,,,,,,
905,7.994472980499268,5.19189871570661,4.394140774362335,,,,,,
906,8.083700180053711,5.2153355758464865,4.392752326952379,,,,,,
907,8.02704119682312,5.237180029874694,4.39136172879477,,,,,,
908,8.068527698516846,5.24079509038099,4.38996898139036,,,,,,
909,8.031636714935303,5.211593756864209,4.388574086242319,,,,,,
910,8.011254787445068,5.149823489161075,4.3871770448561405,,,,,,
911,7.991203308105469,5.176980264052511,4.385777858739625,,,,,,
912,7.987969160079956,5.136384408347641,4.384376529402896,,,,,,
913,7.970592975616455,5.179405630487068,4.382973058358387,,,,,,
914,7.956311464309692,5.174832127894344,4.381567447120844,,,,,,
915,7.978337526321411,5.153322343168588,4.380159697207319,,,,,,
916,7.958398103713989,5.159170835533495,4.378749810137179,,,,,,
917,7.953005313873291,5.166601316581963,4.377337787432091,,,,,,
918,8.00855541229248,5.159892658108518,4.375923630616033,,,,,,
919,8.006864070892334,5.1464690003102325,4.3745073412152795,,,,,,
920,7.972020626068115,5.187108255014187,4.373088920758414,,,,,,
921,8.019469976425171,5.191971736158815,4.371668370776313,,,,,,
922,8.00499153137207,5.1571639496504105,4.370245692802158,,,,,,
923,8.008411884307861,5.185697720971199,4.368820888371421,,,,,,
924,7.989642381668091,5.128509201253533,4.367393959021874,,,,,,
925,7.966120481491089,5.197925951021674,4.365964906293581,,,,,,
926,8.007231712341309,5.118593416262114,4.364533731728894,,,,,,
927,7.982084274291992,5.134223822087576,4.363100436872461,,,,,,
928,8.014661073684692,5.111208687718923,4.361665023271215,,,,,,
929,7.950901985168457,5.157597987565601,4.360227492474376,,,,,,
930,7.952876329421997,5.149610346961763,4.358787846033449,,,,,,
931,7.93148398399353,5.194408485727013,4.357346085502225,,,,,,
932,7.992307662963867,5.126841347993573,4.355902212436771,,,,,,
933,7.9853575229644775,5.212774820945361,4.35445622839544,,,,,,
934,8.003867149353027,5.2036995230049925,4.35300813493886,,,,,,
935,7.997939825057983,5.1918468717971304,4.351557933629937,,,,,,
936,8.02322769165039,5.2286761502842625,4.350105626033851,,,,,,
937,8.014688968658447,5.119904745116366,4.348651213718056,,,,,,
938,7.976706266403198,5.187449852692369,4.3471946982522764,,,,,,
939,7.980649471282959,5.1603692875277405,4.34573608120851,,,,,,
940,7.966269254684448,5.165401013986316,4.3442753641610174,,,,,,
941,7.99433970451355,5.131881432336755,4.34281254868633,,,,,,
942,7.951051712036133,5.193065087067369,4.341347636363242,,,,,,
943,7.962027072906494,5.157093290725207,4.339880628772812,,,,,,
944,7.93925142288208,5.129140719332747,4.3384115274983595,,,,,,
945,7.93927264213562,5.235493805951887,4.336940334125463,,,,,,
946,8.010997295379639,5.13307142758991,4.3354670502419586,,,,,,
947,7.9462034702301025,5.230988707233618,4.33399167743794,,,,,,
948,8.02818250656128,5.126234155226596,4.3325142173057545,,,,,,
949,7.9659764766693115,5.183315530557207,4.331034671440004,,,,,,
950,8.016119956970215,5.219624989568135,4.329553041437539,,,,,,
951,8.016804695129395,5.203413704045186,4.3280693288974605,,,,,,
952,8.007588148117065,5.1601113228360775,4.3265835354211175,,,,,,
953,7.961985349655151,5.148398708956296,4.325095662612105,,,,,,
954,7.96107816696167,5.162971465501392,4.323605712076261,,,,,,
955,7.989527940750122,5.153788630154275,4.322113685421667,,,,,,
956,7.978738307952881,5.171605197996327,4.320619584258645,,,,,,
957,7.9805707931518555,5.182649826181346,4.319123410199755,,,,,,
958,7.958950519561768,5.130650141541952,4.317625164859797,,,,,,
959,7.929834604263306,5.151527493615628,4.316124849855804,,,,,,
960,7.950908184051514,5.1303586352262505,4.314622466807044,,,,,,
961,7.954696416854858,5.118599111438299,4.313118017335014,,,,,,
962,7.92187762260437,5.200864467027309,4.311611503063445,,,,,,
963,7.994326829910278,5.1437487423770865,4.310102925618297,,,,,,
964,8.007672548294067,5.219470055791087,4.3085922866277535,,,,,,
965,8.063669681549072,5.227111613078715,4.3070795877222245,,,,,,
966,8.025880336761475,5.237858526239483,4.305564830534343,,,,,,
967,8.03161334991455,5.157729531256866,4.304048016698964,,,,,,
968,7.9974143505096436,5.22433731152893,4.3025291478531615,,,,,,
969,8.061554908752441,5.256642976260366,4.301008225636229,,,,,,
970,8.029643058776855,5.196550968818247,4.299485251689674,,,,,,
971,7.9883551597595215,5.184309503027529,4.297960227657219,,,,,,
972,7.971339702606201,5.152163716702024,4.2964331551848005,,,,,,
973,7.967289447784424,5.144374877490147,4.294904035920565,,,,,,
974,7.974802732467651,5.166779456166684,4.293372871514867,,,,,,
975,7.99006462097168,5.235272508593945,4.2918396636202685,,,,,,
976,8.01943063735962,5.171057469509949,4.2903044138915405,,,,,,
977,7.993940353393555,5.183365924304227,4.288767123985654,,,,,,
978,8.04057788848877,5.258057878436513,4.287227795561781,,,,,,
979,8.026302099227905,5.226233794570872,4.285686430281297,,,,,,
980,8.012630939483643,5.20323999154658,4.284143029807773,,,,,,
981,7.980262279510498,5.197240331575989,4.2825975958069815,,,,,,
982,7.977188348770142,5.213151555586704,4.281050129946883,,,,,,
983,7.9726808071136475,5.1690461850146265,4.279500633897635,,,,,,
984,7.989100694656372,5.133345779197571,4.277949109331585,,,,,,
985,7.947755336761475,5.1353548796263135,4.276395557923272,,,,,,
986,7.954711198806763,5.163120334743952,4.274839981349418,,,,,,
987,7.955520868301392,5.115803172550249,4.273282381288935,,,,,,
988,7.952467203140259,5.182632933553274,4.271722759422916,,,,,,
989,7.994463205337524,5.197235520293073,4.27016111743464,,,,,,
990,7.966418504714966,5.210355484756328,4.268597457009561,,,,,,
991,7.9696173667907715,5.180970603623643,4.267031779835316,,,,,,
992,7.998168706893921,5.174368398343946,4.265464087601716,,,,,,
993,7.9465789794921875,5.130314462018474,4.263894382000748,,,,,,
994,7.961058616638184,5.093880129822971,4.262322664726572,,,,,,
995,7.938899517059326,5.24171846929571,4.260748937475518,,,,,,
996,8.002926349639893,5.161912900645558,4.259173201946087,,,,,,
997,7.958069801330566,5.090392940078491,4.257595459838946,,,,,,
998,7.925819158554077,5.171802600960054,4.256015712856929,,,,,,
999,8.01509952545166,5.121780593621821,4.254433962705033,,,,,,
1000,7.921646595001221,5.0887674114301085,4.252850211090417,,,,,,
1001,7.943212985992432,5.28374978711968,4.2512644597224,,,,,,
1002,8.070500373840332,5.201282144495176,4.2496767103124595,,,,,,
1003,8.034732818603516,5.163396607335622,4.248086964574231,,,,,,
1004,7.987982749938965,5.164535541109321,4.2464952242235015,,,,,,
1005,7.970144271850586,5.146468490387233,4.244901490978214,,,,,,
1006,7.9574294090271,5.113327185179227,4.24330576655846,,,,,,
1007,7.954620122909546,5.16212817918763,4.241708052686481,,,,,,
1008,7.960047483444214,5.159429114841433,4.240108351086665,,,,,,
1009,7.939892768859863,5.148512192189543,4.238506663485547,,,,,,
1010,7.949739456176758,5.152940395000705,4.236902991611804,,,,,,
1011,7.955603361129761,5.103128194207399,4.235297337196254,,,,,,
1012,7.927507400512695,5.169317249694323,4.233689701971858,,,,,,
1013,7.940521478652954,5.13284746190898,4.23208008767371,,,,,,
1014,7.946038722991943,5.2067148350586505,4.230468496039044,,,,,,
1015,7.9676477909088135,5.112554372309435,4.228854928807226,,,,,,
1016,7.943577289581299,5.105109654924667,4.227239387719755,,,,,,
1017,7.906047105789185,5.135269566280086,4.22562187452026,,,,,,
1018,7.941064834594727,5.152159030343225,4.2240023909544995,,,,,,
1019,7.931760787963867,5.131697388834268,4.222380938770358,,,,,,
1020,8.008827686309814,5.155271307774409,4.220757519717843,,,,,,
1021,7.969582557678223,5.127860339175161,4.219132135549087,,,,,,
1022,7.9199910163879395,5.129375845569839,4.217504788018343,,,,,,
1023,7.920455455780029,5.131056713596726,4.2158754788819826,,,,,,
1024,7.933316469192505,5.148358049464887,4.214244209898495,,,,,,
1025,7.950998067855835,5.159511134241487,4.212610982828484,,,,,,
1026,7.959370136260986,5.114574103720354,4.210975799434666,,,,,,
1027,7.938831090927124,5.194346615002875,4.209338661481872,,,,,,
1028,8.01653528213501,5.231590408954027,4.207699570737039,,,,,,
1029,8.022365093231201,5.189079816447676,4.206058528969212,,,,,,
1030,7.963034391403198,5.1662603449280065,4.204415537949545,,,,,,
1031,7.965453386306763,5.132685273309232,4.202770599451293,,,,,,
1032,7.98005485534668,5.185577911123495,4.201123715249813,,,,,,
1033,7.9648332595825195,5.150320839340492,4.199474887122562,,,,,,
1034,7.96305775642395,5.158754164677292,4.1978241168490955,,,,,,
1035,7.9347240924835205,5.108638601808412,4.196171406211066,,,,,,
1036,7.927277565002441,5.150144334396863,4.1945167569922175,,,,,,
1037,7.945130348205566,5.087389118436809,4.19286017097839,,,,,,
1038,7.901463508605957,5.148287073918207,4.191201649957511,,,,,,
1039,7.943986892700195,5.058447693856049,4.189541195719597,,,,,,
1040,7.894685983657837,5.121738498605932,4.187878810056753,,,,,,
1041,7.904088020324707,5.079472983154155,4.186214494763163,,,,,,
1042,7.91790771484375,5.091077747617678,4.1845482516351025,,,,,,
1043,7.91858983039856,5.111093506680706,4.182880082470919,,,,,,
1044,7.8956828117370605,5.088321181482583,4.181209989071044,,,,,,
1045,7.900698900222778,5.131605941172504,4.179537973237983,,,,,,
1046,7.927122592926025,5.13975081110923,4.17786403677632,,,,,,
1047,7.913412809371948,5.115001622922687,4.176188181492707,,,,,,
1048,7.916623830795288,5.070022072082211,4.174510409195871,,,,,,
1049,7.88840651512146,5.087160078791433,4.172830721696606,,,,,,
1050,7.907255411148071,5.16176361010995,4.171149120807772,,,,,,
1051,7.970975160598755,5.126310541411224,4.169465608344297,,,,,,
1052,7.942464828491211,5.132860136994601,4.167780186123172,,,,,,
1053,7.931778907775879,5.112160827654365,4.166092855963445,,,,,,
1054,7.930685520172119,5.189600275784004,4.164403619686229,,,,,,
1055,7.945863485336304,5.092708836091076,4.162712479114688,,,,,,
1056,7.921230792999268,5.1381242563987195,4.1610194360740484,,,,,,
1057,7.926402807235718,5.1086077780358625,4.159324492391582,,,,,,
1058,7.9360504150390625,5.063923214542656,4.157627649896621,,,,,,
1059,7.895371198654175,5.103937805350635,4.1559289104205375,,,,,,
1060,7.919790744781494,5.07495074135802,4.154228275796759,,,,,,
1061,7.924106597900391,5.1050455135092,4.152525747860751,,,,,,
1062,7.932936906814575,5.109136531491356,4.1508213284500295,,,,,,
1063,7.87736701965332,5.10152666983833,4.149115019404148,,,,,,
1064,7.893465280532837,5.078925906358595,4.1474068225647,,,,,,
1065,7.905191898345947,5.063200391171057,4.145696739775317,,,,,,
1066,7.876108884811401,5.099979851203771,4.143984772881665,,,,,,
1067,7.9237141609191895,5.14673219817942,4.142270923731444,,,,,,
1068,7.923994064331055,5.218740889362371,4.140555194174387,,,,,,
1069,7.975489139556885,5.211454314880756,4.138837586062254,,,,,,
1070,8.047624111175537,5.187363416232213,4.137118101248834,,,,,,
1071,8.043468475341797,5.371030659511171,4.1353967415899415,,,,,,
1072,8.273468017578125,5.299656119839899,4.133673508943413,,,,,,
1073,8.111035346984863,5.440833264985337,4.131948405169109,,,,,,
1074,8.178873538970947,5.283934253318857,4.130221432128907,,,,,,
1075,8.077573299407959,5.254048833935275,4.128492591686704,,,,,,
1076,8.080674648284912,5.347323765967251,4.126761885708411,,,,,,
1077,8.145872116088867,5.31141587422614,4.125029316061951,,,,,,
1078,8.130460739135742,5.273164720872153,4.123294884617265,,,,,,
1079,8.096258163452148,5.233758205320777,4.121558593246294,,,,,,
1080,8.060041427612305,5.2069719393179135,4.119820443822995,,,,,,
1081,8.0171537399292,5.202547684549985,4.118080438223324,,,,,,
1082,8.042502403259277,5.216196089657141,4.116338578325244,,,,,,
1083,8.006963729858398,5.178165922052625,4.114594866008718,,,,,,
1084,7.98215913772583,5.127164799992631,4.112849303155709,,,,,,
1085,7.963988542556763,5.142597082986663,4.1111018916501765,,,,,,
1086,7.954083204269409,5.087849687788044,4.109352633378075,,,,,,
1087,7.906422138214111,5.170224458254918,4.1076015302273525,,,,,,
1088,7.935647487640381,5.089966464383548,4.105848584087949,,,,,,
1089,7.899243354797363,5.0976473196300764,4.104093796851792,,,,,,
1090,7.941512584686279,5.190636489248957,4.1023371704128,,,,,,
1091,7.983502388000488,5.130341505182201,4.100578706666869,,,,,,
1092,7.94975471496582,5.154363647842728,4.098818407511886,,,,,,
1093,7.948341131210327,5.109082056355136,4.097056274847714,,,,,,
1094,7.927590370178223,5.13229004669029,4.0952923105761965,,,,,,
1095,7.913101673126221,5.106831840951469,4.093526516601154,,,,,,
1096,7.924001455307007,5.13147104157431,4.09175889482838,,,,,,
1097,7.915086269378662,5.1475293141037,4.089989447165644,,,,,,
1098,7.903318405151367,5.090824270368725,4.088218175522684,,,,,,
1099,7.921210765838623,5.109311582663161,4.086445081811206,,,,,,
1100,7.95825457572937,5.078245647621316,4.084670167944883,,,,,,
1101,7.921109914779663,5.073968606199709,4.082893435839354,,,,,,
1102,7.979321002960205,5.458271063908095,4.08111488741222,,,,,,
1103,8.169416427612305,5.142790762690359,4.0793345245830395,,,,,,
1104,7.992786169052124,5.184536089708667,4.077552349273333,,,,,,
1105,8.02243447303772,5.2528419115645635,4.075768363406574,,,,,,
1106,8.039325714111328,5.171721246084112,4.073982568908194,,,,,,
1107,7.975949287414551,5.139572339061933,4.072194967705571,,,,,,
1108,7.934411525726318,5.099561076088048,4.07040556172804,,,,,,
1109,7.923611640930176,5.208847444131657,4.068614352906877,,,,,,
1110,7.99701452255249,5.120813973116413,4.066821343175307,,,,,,
1111,7.976122856140137,5.1491908545851,4.0650265344685,,,,,,
1112,7.945109605789185,5.122442619854708,4.0632299287235645,,,,,,
1113,7.921813011169434,5.0889484657772055,4.0614315278795505,,,,,,
1114,7.911947965621948,5.053668796966014,4.059631333877447,,,,,,
1115,7.906137943267822,5.118131442266517,4.057829348660173,,,,,,
1116,7.90895414352417,5.0771038955354815,4.056025574172586,,,,,,
1117,7.879615783691406,5.084872903294479,4.054220012361473,,,,,,
1118,7.871851682662964,5.092702137712073,4.052412665175549,,,,,,
1119,7.920717239379883,5.070592294128328,4.0506035345654565,,,,,,
1120,7.888918399810791,5.11216529584713,4.048792622483764,,,,,,
1121,7.951540946960449,5.118696234625262,4.0469799308849606,,,,,,
1122,7.927839517593384,5.067339543438038,4.045165461725458,,,,,,
1123,7.876521110534668,5.04973190285961,4.043349216963584,,,,,,
1124,7.906810522079468,5.1059495149488905,4.0415311985595865,,,,,,
1125,7.903099536895752,5.107112633069089,4.039711408475624,,,,,,
1126,7.884477138519287,5.083152975727271,4.037889848675769,,,,,,
1127,7.904211521148682,5.102104018775227,4.036066521126003,,,,,,
1128,7.926374912261963,5.062191004107437,4.034241427794217,,,,,,
1129,7.912931203842163,5.10893864286758,4.032414570650206,,,,,,
1130,7.906680345535278,5.114430193143096,4.030585951665671,,,,,,
1131,7.896963834762573,5.165398625790121,4.0287555728142115,,,,,,
1132,7.9336981773376465,5.096688187553464,4.0269234360713275,,,,,,
1133,7.891404151916504,5.103885328599242,4.025089543414418,,,,,,
1134,7.934647798538208,5.162760206788803,4.023253896822775,,,,,,
1135,7.963471174240112,5.154545406015908,4.021416498277585,,,,,,
1136,7.9344401359558105,5.133731480101962,4.019577349761923,,,,,,
1137,7.955565690994263,5.104726310734793,4.017736453260756,,,,,,
1138,7.939515590667725,5.097856730949588,4.015893810760937,,,,,,
1139,7.91842794418335,5.14133559644874,4.014049424251199,,,,,,
1140,7.925970554351807,5.098526209317104,4.012203295722164,,,,,,
1141,7.890316486358643,5.121255656267235,4.010355427166328,,,,,,
1142,7.885016202926636,5.068411619749463,4.00850582057807,,,,,,
1143,7.858053684234619,5.085709123074056,4.006654477953641,,,,,,
1144,7.897531509399414,5.075404216102235,4.004801401291169,,,,,,
1145,7.871993780136108,5.055486757079526,4.002946592590649,,,,,,
1146,7.862349510192871,5.076839234470017,4.001090053853952,,,,,,
1147,7.863718271255493,5.07174603291376,3.9992317870848093,,,,,,
1148,7.85359525680542,5.061927715803616,3.9973717942888216,,,,,,
1149,7.847031116485596,5.070490962823365,3.99551007747345,,,,,,
1150,7.871601104736328,5.124543187796719,3.99364663864802,,,,,,
1151,7.889934301376343,5.073152588634956,3.9917814798237106,,,,,,
1152,7.857024431228638,5.076180860713513,3.989914603013561,,,,,,
1153,7.902201414108276,5.097300542112756,3.9880460102324626,,,,,,
1154,7.890836715698242,5.0831606478326155,3.9861757034971603,,,,,,
1155,7.898741960525513,5.102139151928503,3.984303684826247,,,,,,
1156,7.889559745788574,5.095597997846675,3.982429956240165,,,,,,
1157,7.917080879211426,5.0832817813145,3.980554519761202,,,,,,
1158,7.886363983154297,5.083532539508842,3.9786773774134874,,,,,,
1159,7.902170181274414,5.166499684095583,3.976798531222993,,,,,,
1160,7.951553821563721,5.0754822387326355,3.9749179832175296,,,,,,
1161,7.909410715103149,5.100994708860893,3.9730357354267443,,,,,,
1162,7.924111604690552,5.1040028721670625,3.9711517898821187,,,,,,
1163,7.926493883132935,5.092714703915197,3.969266148616967,,,,,,
1164,7.913554668426514,5.143468604757567,3.967378813666434,,,,,,
1165,7.918644428253174,5.109292035347479,3.9654897870674906,,,,,,
1166,7.897526741027832,5.081453936555187,3.963599070858936,,,,,,
1167,7.8808112144470215,5.064962433405139,3.9617066670813923,,,,,,
1168,7.880423307418823,5.086414848885885,3.9598125777773,,,,,,
1169,7.898798942565918,5.106346373401639,3.9579168049909246,,,,,,
1170,7.905610084533691,5.044419386689657,3.9560193507683423,,,,,,
1171,7.89513635635376,5.073213094016702,3.954120217157449,,,,,,
1172,7.883152008056641,5.0972185189028165,3.9522194062079503,,,,,,
1173,7.876180648803711,5.107128547358854,3.950316919971362,,,,,,
1174,7.970264911651611,5.22232014617567,3.9484127605010104,,,,,,
1175,8.014608144760132,5.213162793142641,3.946506929852026,,,,,,
1176,8.004875659942627,5.137768749432769,3.9445994300813414,,,,,,
1177,7.9525840282440186,5.153023376697448,3.942690263247694,,,,,,
1178,7.971460819244385,5.096373670135254,3.9407794314116193,,,,,,
1179,7.906622886657715,5.108802123867834,3.9388669366354487,,,,,,
1180,7.884953022003174,5.102257567157857,3.936952780983309,,,,,,
1181,7.936956405639648,5.124574439479485,3.93503696652112,,,,,,
1182,7.917693853378296,5.1963468807098545,3.9331194953165918,,,,,,
1183,7.972322463989258,5.203530922369159,3.9312003694392206,,,,,,
1184,7.944243431091309,5.112443165181563,3.929279590960292,,,,,,
1185,7.897174835205078,5.121119135663327,3.9273571619528727,,,,,,
1186,7.926998615264893,5.135659390281889,3.925433084491811,,,,,,
1187,7.911154747009277,5.099578911762864,3.9235073606537347,,,,,,
1188,7.885523319244385,5.090096233270066,3.9215799925170503,,,,,,
1189,7.888644218444824,5.1414766337713145,3.9196509821619356,,,,,,
1190,7.95992374420166,5.140856974459777,3.917720331670342,,,,,,
1191,7.948026180267334,5.135772769846167,3.915788043125994,,,,,,
1192,7.975472927093506,5.089109533869789,3.91385411861438,,,,,,
1193,7.918722152709961,5.116682323114124,3.911918560222755,,,,,,
1194,7.917773962020874,5.111903640379717,3.9099813700401396,,,,,,
1195,7.96026611328125,5.1551750588557415,3.9080425501573135,,,,,,
1196,7.941115617752075,5.1351546058141455,3.906102102666815,,,,,,
1197,7.922160863876343,5.1507007211471825,3.9041600296629406,,,,,,
1198,7.937744617462158,5.149746509637023,3.902216333241742,,,,,,
1199,7.944751501083374,5.088038520516219,3.900271015501019,,,,,,
1200,7.901546478271484,5.099047510437448,3.898324078540325,,,,,,
1201,7.889848470687866,5.102285777148928,3.8963755244609604,,,,,,
1202,7.880691051483154,5.090659156379026,3.8944253553659696,,,,,,
1203,7.87158465385437,5.054874816795073,3.8924735733601405,,,,,,
1204,7.8694915771484375,5.070792341152091,3.8905201805500034,,,,,,
1205,7.9254982471466064,5.098835700294168,3.8885651790438236,,,,,,
1206,7.904184818267822,5.127560682312795,3.8866085709516076,,,,,,
1207,7.951505899429321,5.128384245855654,3.8846503583850915,,,,,,
1208,7.960833311080933,5.082230962957024,3.882690543457745,,,,,,
1209,7.901421785354614,5.107250166901828,3.8807291282847665,,,,,,
1210,7.893306732177734,5.133222024113917,3.8787661149830823,,,,,,
1211,7.879815101623535,5.1115211259426445,3.876801505671343,,,,,,
1212,7.961092948913574,5.150501532751136,3.874835302469922,,,,,,
1213,7.906125068664551,5.096146044759213,3.8728675075009136,,,,,,
1214,7.892814874649048,5.120792658816274,3.8708981228881285,,,,,,
1215,7.9058518409729,5.078086236828611,3.8689271507570946,,,,,,
1216,7.917435169219971,5.123878939598924,3.8669545932350515,,,,,,
1217,7.930506467819214,5.107545835215871,3.8649804524509515,,,,,,
1218,7.902629375457764,5.104024867032936,3.863004730535455,,,,,,
1219,7.885717153549194,5.073125201378478,3.8610274296209295,,,,,,
1220,7.879631757736206,5.121509194073304,3.859048551841445,,,,,,
1221,7.921698808670044,5.129843533590524,3.857068099332776,,,,,,
1222,7.914429426193237,5.0982182487106,3.8550860742323945,,,,,,
1223,7.892172813415527,5.059332102662481,3.8531024786794696,,,,,,
1224,7.892270088195801,5.103076998980933,3.851117314814868,,,,,,
1225,7.896176338195801,5.0836543302961115,3.8491305847811454,,,,,,
1226,7.906904935836792,5.07472239912208,3.8471422907225508,,,,,,
1227,7.905785083770752,5.075288806671451,3.8451524347850192,,,,,,
1228,7.867682456970215,5.10387604872252,3.843161019116174,,,,,,
1229,7.889650344848633,5.0843773596020085,3.8411680458653183,,,,,,
1230,7.889386892318726,5.106807534087095,3.8391735171834385,,,,,,
1231,7.897521495819092,5.103689701041822,3.8371774352232006,,,,,,
1232,7.910294771194458,5.09558349321428,3.8351798021389443,,,,,,
1233,7.865962743759155,5.086494583157154,3.8331806200866865,,,,,,
1234,7.860754489898682,5.080601740725608,3.8311798912241137,,,,,,
1235,7.8910956382751465,5.137587057030231,3.8291776177105827,,,,,,
1236,8.019745349884033,5.181888577314462,3.827173801707116,,,,,,
1237,7.981178045272827,5.145387359984889,3.8251684453764034,,,,,,
1238,7.97442626953125,5.173395809954811,3.823161550882796,,,,,,
1239,7.970103025436401,5.174209175037676,3.821153120392305,,,,,,
1240,7.968790054321289,5.126194221417978,3.819143156072598,,,,,,
1241,7.929700136184692,5.110995487569259,3.817131660092999,,,,,,
1242,7.959070920944214,5.114109435534658,3.815118634624488,,,,,,
1243,7.906100749969482,5.120219845647467,3.813104081839691,,,,,,
1244,7.948397159576416,5.1114133649558156,3.8110880039128854,,,,,,
1245,7.897084712982178,5.142562083179355,3.8090704030199936,,,,,,
1246,7.931622743606567,5.093059248238476,3.8070512813385817,,,,,,
1247,7.872503042221069,5.093770293251018,3.8050306410478574,,,,,,
1248,7.877846956253052,5.047369818611242,3.8030084843286676,,,,,,
1249,7.853252410888672,5.056497507680856,3.800984813363496,,,,,,
1250,7.855917930603027,5.130367592465888,3.7989596303364594,,,,,,
1251,7.899052381515503,5.042213526365635,3.7969329374333083,,,,,,
1252,7.858991861343384,5.126040653985925,3.7949047368414215,,,,,,
1253,7.925354957580566,5.0669062502550615,3.792875030749805,,,,,,
1254,7.901985168457031,5.063170244956438,3.790843821349092,,,,,,
1255,7.87155294418335,5.053171534814987,3.788811110831534,,,,,,
1256,7.876132488250732,5.066242322288109,3.7867769013910055,,,,,,
1257,7.864210844039917,5.094101260147544,3.784741195222999,,,,,,
1258,7.89677882194519,5.042861770641112,3.7827039945246206,,,,,,
1259,7.878783464431763,5.114691712657778,3.7806653014945915,,,,,,
1260,7.876612901687622,5.105683131213946,3.7786251183332418,,,,,,
1261,7.902933835983276,5.073605195527522,3.77658344724251,,,,,,
1262,7.897819519042969,5.156760127530367,3.774540290425943,,,,,,
1263,7.942038297653198,5.224221480003017,3.772495650088686,,,,,,
1264,7.938100576400757,5.112493490350658,3.770449528437492,,,,,,
1265,7.904400110244751,5.077264580634385,3.768401927680708,,,,,,
1266,7.8813982009887695,5.095792627815843,3.766352850028278,,,,,,
1267,7.930849552154541,5.109972340003897,3.7643022976917417,,,,,,
1268,7.936014175415039,5.099301391333667,3.762250272884229,,,,,,
1269,7.960753917694092,5.182344947370589,3.7601967778204592,,,,,,
1270,7.975048065185547,5.139034509458293,3.7581418147167387,,,,,,
1271,7.919924736022949,5.105348874782694,3.7560853857909597,,,,,,
1272,7.920090913772583,5.109763071254284,3.754027493262593,,,,,,
1273,7.883574962615967,5.09904717677175,3.7519681393526927,,,,,,
1274,7.934192419052124,5.111511978810329,3.7499073262838873,,,,,,
1275,7.928777694702148,5.107164727829403,3.747845056280383,,,,,,
1276,7.918415784835815,5.142219543055991,3.745781331567955,,,,,,
1277,7.897379636764526,5.0990747695614855,3.743716154373951,,,,,,
1278,7.895852327346802,5.120072045979929,3.741649526927287,,,,,,
1279,7.899443626403809,5.106386538009066,3.7395814514584416,,,,,,
1280,7.880848407745361,5.145756267518733,3.737511930199457,,,,,,
1281,7.882837533950806,5.0921836976146775,3.7354409653839387,,,,,,
1282,7.916218280792236,5.083816710392701,3.733368559247045,,,,,,
1283,7.871600866317749,5.135737415719574,3.7312947140254953,,,,,,
1284,7.910871744155884,5.063574558150578,3.7292194319575582,,,,,,
1285,7.856791973114014,5.090791001051188,3.7271427152830543,,,,,,
1286,7.88931131362915,5.054566973492917,3.7250645662433537,,,,,,
1287,7.888330698013306,5.059035497317302,3.722984987081371,,,,,,
1288,7.850806713104248,5.051280440955327,3.720903980041565,,,,,,
1289,7.858275890350342,5.122625190335427,3.7188215473699344,,,,,,
1290,7.91379451751709,5.078694362616319,3.716737691314018,,,,,,
1291,7.897848129272461,5.081576119359548,3.714652414122891,,,,,,
1292,7.865367650985718,5.071121434587907,3.712565718047161,,,,,,
1293,7.888372182846069,5.057120699156624,3.7104776053389683,,,,,,
1294,7.873071670532227,5.045753702985027,3.708388078251981,,,,,,
1295,7.851496696472168,5.074178663996511,3.706297139041394,,,,,,
1296,7.865551948547363,5.103798111313226,3.704204789963928,,,,,,
1297,7.897275686264038,5.0273940192239435,3.7021110332778226,,,,,,
1298,7.836436748504639,5.065755260000718,3.7000158712428384,,,,,,
1299,7.847882986068726,5.0468210004978165,3.697919306120252,,,,,,
1300,7.855085372924805,5.072526858773323,3.6958213401728557,,,,,,
1301,7.852720499038696,5.066774003940836,3.693721975664951,,,,,,
1302,7.84453272819519,5.062444482760032,3.6916212148623515,,,,,,
1303,7.866308212280273,5.115454754576751,3.6895190600323775,,,,,,
1304,7.86955451965332,5.1094575698281455,3.687415513443851,,,,,,
1305,7.870698928833008,5.095369792566067,3.6853105773671,,,,,,
1306,7.88822340965271,5.073436448110864,3.68320425407395,,,,,,
1307,7.91581130027771,5.209836161166705,3.681096545837724,,,,,,
1308,7.961009502410889,5.205660782510037,3.67898745493324,,,,,,
1309,7.97988224029541,5.116096169934542,3.6768769836368076,,,,,,
1310,7.9170005321502686,5.139873918913511,3.6747651342262273,,,,,,
1311,7.908859491348267,5.1154721015837135,3.6726519089807863,,,,,,
1312,7.893459796905518,5.082271644505661,3.670537310181256,,,,,,
1313,7.9068381786346436,5.071186646179957,3.6684213401098926,,,,,,
1314,7.888876676559448,5.062146698556295,3.6663040010504306,,,,,,
1315,7.855504035949707,5.11037184151408,3.6641852952880813,,,,,,
1316,7.900014877319336,5.106919041794824,3.662065225109533,,,,,,
1317,7.906679391860962,5.050998083175582,3.659943792802944,,,,,,
1318,7.847201108932495,5.083113446969561,3.657821000657946,,,,,,
1319,7.913761377334595,5.112888396538236,3.655696850965637,,,,,,
1320,7.909378528594971,5.094643094140607,3.653571346018578,,,,,,
1321,7.897027969360352,5.152548916907347,3.651444488110795,,,,,,
1322,7.945761442184448,5.091631842221003,3.649316279537775,,,,,,
1323,7.885988235473633,5.107948312647108,3.6471867225964605,,,,,,
1324,7.867253303527832,5.082355155776387,3.6450558195852514,,,,,,
1325,7.918532133102417,5.132223402581563,3.6429235728039977,,,,,,
1326,7.912121772766113,5.161386296566642,3.6407899845540026,,,,,,
1327,7.925449371337891,5.08849419316291,3.6386550571380156,,,,,,
1328,7.897275447845459,5.0674420173073935,3.636518792860232,,,,,,
1329,7.895743370056152,5.053951619551701,3.6343811940262887,,,,,,
1330,7.87072229385376,5.116129553147582,3.6322422629432647,,,,,,
1331,7.885773181915283,5.123175827568574,3.6301020019196764,,,,,,
1332,7.89677095413208,5.072643875774964,3.627960413265475,,,,,,
1333,7.892431735992432,5.032108932908991,3.6258174992920456,,,,,,
1334,7.840726375579834,5.037133077496335,3.623673262312202,,,,,,
1335,7.869923830032349,5.095957433204876,3.621527704640188,,,,,,
1336,7.87521505355835,5.115801533297193,3.6193808285916704,,,,,,
1337,7.911728143692017,5.059779612931812,3.6172326364837417,,,,,,
1338,7.885415077209473,5.055685955501585,3.6150831306349134,,,,,,
1339,7.860342979431152,5.074953496506276,3.612932313365114,,,,,,
1340,7.885001182556152,5.077264515465303,3.6107801869956884,,,,,,
1341,7.856423377990723,5.016934438950881,3.608626753849394,,,,,,
1342,7.831287384033203,5.035670845522612,3.6064720162504003,,,,,,
1343,7.83663272857666,5.06167205228236,3.6043159765242825,,,,,,
1344,7.854520797729492,5.020729742298816,3.60215863699802,,,,,,
1345,7.873154163360596,5.125713125610672,3.5999999999999996,,,,,,
1346,7.879649877548218,5.1107293873699495,3.5978400678600053,,,,,,
1347,7.8699140548706055,5.1308850927248635,3.595678842909218,,,,,,
1348,7.88107967376709,5.074964569635608,3.593516327480217,,,,,,
1349,7.87239408493042,5.058253462120101,3.591352523906971,,,,,,
1350,7.853851318359375,5.039928445503229,3.5891874345248413,,,,,,
1351,7.83673357963562,5.063790444870572,3.5870210616705775,,,,,,
1352,7.8752617835998535,5.064411807000085,3.584853407682312,,,,,,
1353,7.845353841781616,5.054249218875766,3.5826844748995623,,,,,,
1354,7.834380626678467,5.0917254378557,3.5805142656632243,,,,,,
1355,7.881968975067139,5.08500223604945,3.578342782315572,,,,,,
1356,7.879810571670532,5.081346544325101,3.576170027200254,,,,,,
1357,7.876818895339966,5.089845601604003,3.5739960026622946,,,,,,
1358,7.861493110656738,5.05235145671514,3.5718207110480837,,,,,,
1359,7.860135793685913,5.110075920344,3.5696441547053817,,,,,,
1360,7.906128644943237,5.057662899901227,3.5674663359833128,,,,,,
1361,7.844844341278076,5.063713802020023,3.565287257232365,,,,,,
1362,7.837479591369629,5.067559120933783,3.5631069208043846,,,,,,
1363,7.853615760803223,5.070181617424005,3.5609253290525755,,,,,,
1364,7.858105659484863,5.065406641306448,3.5587424843314976,,,,,,
1365,7.848406791687012,5.039772377784158,3.556558388997062,,,,,,
1366,7.843789339065552,5.052096662248655,3.5543730454065305,,,,,,
1367,7.841253280639648,5.038205699022323,3.552186455918511,,,,,,
1368,7.842731237411499,5.0240872044639495,3.549998622892957,,,,,,
1369,7.827942132949829,5.026437118135649,3.5478095486911636,,,,,,
1370,7.847769021987915,5.011484315557777,3.545619235675766,,,,,,
1371,7.829723596572876,5.075976171244885,3.543427686210736,,,,,,
1372,7.858571290969849,5.060180268837084,3.541234902661381,,,,,,
1373,7.836952209472656,5.061445249239871,3.539040887394337,,,,,,
1374,7.84353494644165,5.05567886490497,3.536845642777574,,,,,,
1375,7.867136716842651,5.110775207049512,3.534649171180385,,,,,,
1376,7.903607368469238,5.108778168314941,3.532451474973389,,,,,,
1377,7.887259483337402,5.052388107205159,3.5302525565285285,,,,,,
1378,7.870691537857056,5.080520606822984,3.5280524182190605,,,,,,
1379,7.84540581703186,5.073501039894817,3.5258510624195623,,,,,,
1380,7.844128608703613,5.098716074524054,3.5236484915059245,,,,,,
1381,7.896897315979004,5.061174193182545,3.521444707855349,,,,,,
1382,7.846257209777832,5.053113880630699,3.519239713846345,,,,,,
1383,7.858240127563477,5.046157913512799,3.517033511858731,,,,,,
1384,7.855124235153198,5.023828329009304,3.514826104273626,,,,,,
1385,7.8525097370147705,5.082723195057541,3.5126174934734533,,,,,,
1386,7.877987861633301,5.035507588350442,3.510407681841933,,,,,,
1387,7.830760955810547,5.079819511224283,3.508196671764082,,,,,,
1388,7.864176511764526,5.070560695946567,3.5059844656262085,,,,,,
1389,7.8412652015686035,5.0397972108136715,3.5037710658159154,,,,,,
1390,7.8487770557403564,5.092764814126582,3.5015564747220904,,,,,,
1391,7.860547065734863,5.05061316189393,3.4993406947349093,,,,,,
1392,7.849358320236206,5.025024941029721,3.49712372824583,,,,,,
1393,7.86768913269043,5.103998815040813,3.4949055776475912,,,,,,
1394,7.888017177581787,5.089723643582844,3.492686245334209,,,,,,
1395,7.85003662109375,5.063809843600748,3.4904657337009755,,,,,,
1396,7.824936628341675,5.128662164518069,3.4882440451444565,,,,,,
1397,7.864936828613281,5.0439809938756435,3.4860211820624865,,,,,,
1398,7.841660976409912,5.055240255930125,3.4837971468541675,,,,,,
1399,7.846112489700317,5.094869274367196,3.481571941919869,,,,,,
1400,7.874711513519287,5.045745800682433,3.479345569661219,,,,,,
1401,7.820091247558594,5.033623712217237,3.4771180324811093,,,,,,
1402,7.807718753814697,5.031339631750365,3.4748893327836865,,,,,,
1403,7.820070266723633,5.057295213134676,3.4726594729743536,,,,,,
1404,7.842355966567993,5.062637727735822,3.4704284554597638,,,,,,
1405,7.875215530395508,5.058020755761405,3.468196282647821,,,,,,
1406,7.828879117965698,5.04332382504533,3.4659629569476778,,,,,,
1407,7.828627586364746,5.051218136104843,3.4637284807697255,,,,,,
1408,7.787504196166992,5.0095755889497955,3.461492856525603,,,,,,
1409,7.81861424446106,4.9976132944715035,3.4592560866281854,,,,,,
1410,7.800759792327881,5.026012414237649,3.4570181734915852,,,,,,
1411,7.805962085723877,5.046117441507826,3.454779119531148,,,,,,
1412,7.850059986114502,5.033484408993798,3.4525389271634515,,,,,,
1413,7.848498821258545,5.0835445584922,3.4502975988063005,,,,,,
1414,7.8680946826934814,5.07585440832993,3.4480551368787284,,,,,,
1415,7.8315229415893555,5.023749868041633,3.4458115438009904,,,,,,
1416,7.806189060211182,5.092602169944821,3.4435668219945628,,,,,,
1417,7.900854110717773,5.120309256424515,3.441320973882139,,,,,,
1418,7.859363555908203,5.046950593728594,3.4390740018876307,,,,,,
1419,7.812381029129028,5.094213964359614,3.436825908436161,,,,,,
1420,7.863038778305054,5.027508670086616,3.434576695954062,,,,,,
1421,7.829538583755493,5.081210795523641,3.432326366868876,,,,,,
1422,7.845839738845825,5.049597216815483,3.4300749236093497,,,,,,
1423,7.856935024261475,5.021089333461251,3.42782236860543,,,,,,
1424,7.821013927459717,5.014897840979522,3.425568704288268,,,,,,
1425,7.804264068603516,5.073130412097735,3.4233139330902094,,,,,,
1426,7.879438877105713,5.111722112804827,3.4210580574447937,,,,,,
1427,7.907121896743774,5.0680991472367785,3.418801079786754,,,,,,
1428,7.8798112869262695,5.0848213148478,3.4165430025520127,,,,,,
1429,7.908918142318726,5.021003461465603,3.4142838281776786,,,,,,
1430,7.852757453918457,5.050047060538983,3.4120235591020447,,,,,,
1431,7.866093635559082,5.070440234007005,3.4097621977645853,,,,,,
1432,7.914430379867554,5.1713171550664105,3.407499746605954,,,,,,
1433,7.990943670272827,5.2548750269001925,3.4052362080679797,,,,,,
1434,7.999783277511597,5.168033214052552,3.402971584593666,,,,,,
1435,7.988308906555176,5.075550655440386,3.4007058786271878,,,,,,
1436,7.87418532371521,5.045565336265917,3.398439092613886,,,,,,
1437,7.85103702545166,5.076261123155124,3.396171229000269,,,,,,
1438,7.864583969116211,5.082938285311097,3.393902290234009,,,,,,
1439,7.876801490783691,5.068134682834199,3.3916322787639364,,,,,,
1440,7.8612635135650635,5.0309978401691,3.3893611970400417,,,,,,
1441,7.846644878387451,5.039760015510129,3.3870890475134683,,,,,,
1442,7.834404945373535,5.037773142951792,3.3848158326365123,,,,,,
1443,7.857743740081787,5.09109179366026,3.382541554862622,,,,,,
1444,7.853591442108154,5.075824067811188,3.380266216646391,,,,,,
1445,7.863170146942139,5.03144071781906,3.3779898204435566,,,,,,
1446,7.850777864456177,5.073811602051063,3.375712368711,,,,,,
1447,7.864350080490112,5.093065395788348,3.3734338639067403,,,,,,
1448,7.858077764511108,5.052243118430507,3.3711543084899334,,,,,,
1449,7.823385000228882,5.035429112343752,3.3688737049208695,,,,,,
1450,7.838263511657715,5.068327475436301,3.3665920556609694,,,,,,
1451,7.83704948425293,5.031258525319015,3.3643093631727834,,,,,,
1452,7.809864521026611,5.0739818631951,3.3620256299199864,,,,,,
1453,7.8373048305511475,5.032437213235186,3.359740858367378,,,,,,
1454,7.799994230270386,5.01149629884853,3.357455050980878,,,,,,
1455,7.79338002204895,5.015454435869864,3.3551682102275238,,,,,,
1456,7.803690433502197,5.00915063420096,3.352880338575468,,,,,,
1457,7.816303491592407,5.036683438704533,3.3505914384939763,,,,,,
1458,7.822152137756348,5.023668333499546,3.3483015124534243,,,,,,
1459,7.834338665008545,5.039399149239414,3.3460105629252945,,,,,,
1460,7.83097505569458,4.992097461594565,3.343718592382175,,,,,,
1461,7.822136402130127,5.040219770949663,3.341425603297753,,,,,,
1462,7.823223114013672,5.056057046500447,3.3391315981468197,,,,,,
1463,7.846993446350098,5.144160294352307,3.33683657940526,,,,,,
1464,7.877178192138672,5.04483649528157,3.3345405495500526,,,,,,
1465,7.855466365814209,5.05041084598352,3.3322435110592674,,,,,,
1466,7.822291612625122,5.082248726444549,3.3299454664120645,,,,,,
1467,7.832627296447754,5.029679142797164,3.3276464180886887,,,,,,
1468,7.831469535827637,5.051940559839581,3.325346368570468,,,,,,
1469,7.8237199783325195,5.065735762013017,3.3230453203398125,,,,,,
1470,7.834258794784546,5.087054488636848,3.3207432758802073,,,,,,
1471,7.887501239776611,5.110724464196734,3.3184402376762154,,,,,,
1472,7.89849853515625,5.0426639489911,3.316136208213471,,,,,,
1473,7.883209466934204,5.079514653869192,3.313831189978679,,,,,,
1474,7.913295745849609,5.081359901580618,3.311525185459611,,,,,,
1475,7.857808351516724,5.113456790040179,3.309218197145101,,,,,,
1476,7.8621649742126465,5.11312965468462,3.30691022752505,,,,,,
1477,7.920386552810669,5.102632327677323,3.3046012790904125,,,,,,
1478,7.873532056808472,5.0386148786424485,3.302291354333203,,,,,,
1479,7.872496128082275,5.088367128091464,3.2999804557464887,,,,,,
1480,7.8727099895477295,5.098679243164768,3.2976685858243875,,,,,,
1481,7.863075017929077,5.080736348967877,3.2953557470620654,,,,,,
1482,7.856007814407349,5.081948631445433,3.2930419419557344,,,,,,
1483,7.913722038269043,5.051583294912584,3.290727173002651,,,,,,
1484,7.865036725997925,5.07651211555712,3.2884114427011095,,,,,,
1485,8.000184059143066,5.108048834050774,3.2860947535504423,,,,,,
1486,7.932937383651733,5.110905453374749,3.2837771080510185,,,,,,
1487,7.9412522315979,5.149139857472644,3.281458508704237,,,,,,
1488,7.923946857452393,5.141025052339315,3.279138958012529,,,,,,
1489,7.926037073135376,5.0589857424278035,3.2768184584793487,,,,,,
1490,7.864317893981934,5.12558190255129,3.2744970126091766,,,,,,
1491,7.876973628997803,5.042042893657572,3.2721746229075146,,,,,,
1492,7.86991024017334,5.076091555410117,3.2698512918808835,,,,,,
1493,7.881725788116455,5.022901815160971,3.2675270220368207,,,,,,
1494,7.850054025650024,5.046124321157136,3.265201815883873,,,,,,
1495,7.858016490936279,5.124617444055235,3.262875675931602,,,,,,
1496,7.918370723724365,5.168226060594602,3.260548604690576,,,,,,
1497,7.969836235046387,5.097393224377709,3.2582206046723665,,,,,,
1498,7.918654680252075,5.11805574206167,3.2558916783895513,,,,,,
1499,7.8803391456604,5.122739008638015,3.253561828355704,,,,,,
1500,7.8813512325286865,5.07855467700076,3.251231057085396,,,,,,
1501,7.857142686843872,5.048444334251526,3.2488993670941952,,,,,,
1502,7.864712238311768,5.028193472813316,3.2465667608986597,,,,,,
1503,7.834850788116455,5.049808180161742,3.2442332410163353,,,,,,
1504,7.815875291824341,5.037193732065148,3.241898809965755,,,,,,
1505,7.7933831214904785,5.028172382895339,3.2395634702664355,,,,,,
1506,7.831473112106323,5.057971220040542,3.237227224438874,,,,,,
1507,7.829558372497559,5.043118668966077,3.234890075004545,,,,,,
1508,7.825549125671387,5.053280013463796,3.2325520244859005,,,,,,
1509,7.840686798095703,5.0000338929355195,3.2302130754063607,,,,,,
1510,7.802212476730347,5.019905558346299,3.22787323029032,,,,,,
1511,7.818915128707886,5.052859708378554,3.225532491663137,,,,,,
1512,7.818819999694824,5.05645149329613,3.2231908620511374,,,,,,
1513,7.824368715286255,4.959505278288165,3.220848343981605,,,,,,
1514,7.809226036071777,5.009630160536257,3.2185049399827848,,,,,,
1515,7.806252956390381,5.010366288827586,3.216160652583879,,,,,,
1516,7.807624340057373,5.032858915345021,3.21381548431504,,,,,,
1517,7.844111204147339,5.086051266969403,3.2114694377073736,,,,,,
1518,7.87195086479187,5.110438034853281,3.209122515292932,,,,,,
1519,7.888621807098389,5.098050013422665,3.2067747196047143,,,,,,
1520,7.8585100173950195,5.088402521520026,3.2044260531766597,,,,,,
1521,7.873264312744141,5.080002770893106,3.20207651854365,,,,,,
1522,7.838494062423706,5.043366277187787,3.1997261182415024,,,,,,
1523,7.817025661468506,5.07415620051481,3.1973748548069674,,,,,,
1524,7.842191219329834,5.021053808290884,3.19502273077773,,,,,,
1525,7.79517936706543,5.007638511184487,3.1926697486924014,,,,,,
1526,7.81660270690918,5.077761886097785,3.190315911090519,,,,,,
1527,7.8319690227508545,5.031203365205616,3.187961220512547,,,,,,
1528,7.819822072982788,5.061238414204552,3.1856056794998646,,,,,,
1529,7.849201679229736,5.093345904370333,3.1832492905947736,,,,,,
1530,7.928084135055542,5.052368771438342,3.1808920563404883,,,,,,
1531,7.879869222640991,5.086956608285415,3.1785339792811373,,,,,,
1532,7.9013895988464355,5.06296715784514,3.1761750619617564,,,,,,
1533,7.89924955368042,5.083022326757368,3.1738153069282906,,,,,,
1534,7.835103511810303,5.04692569633208,3.1714547167275877,,,,,,
1535,7.837281227111816,5.068540850439625,3.1690932939073977,,,,,,
1536,7.842182159423828,5.04411360794401,3.1667310410163676,,,,,,
1537,7.807074785232544,5.063248261771752,3.164367960604043,,,,,,
1538,7.852770805358887,5.071291491401807,3.1620040552208595,,,,,,
1539,7.854398012161255,5.05081273609094,3.159639327418146,,,,,,
1540,7.830708980560303,5.072345706371824,3.157273779748117,,,,,,
1541,7.900571823120117,5.129372806484906,3.1549074147638727,,,,,,
1542,7.889394283294678,5.050319128822538,3.152540235019396,,,,,,
1543,7.847689867019653,5.079094250930067,3.1501722430695467,,,,,,
1544,7.840117931365967,5.017692833813025,3.147803441470065,,,,,,
1545,7.821978807449341,5.018172052550256,3.145433832777561,,,,,,
1546,7.80598258972168,5.026024694699415,3.143063419549519,,,,,,
1547,7.832038402557373,5.022747764475111,3.1406922043442904,,,,,,
1548,7.7989821434021,5.024692843600017,3.138320189721092,,,,,,
1549,7.8612964153289795,5.075745632109069,3.1359473782400022,,,,,,
1550,7.895596504211426,5.066744408154307,3.1335737724619634,,,,,,
1551,7.847046613693237,5.051839563804479,3.1311993749487703,,,,,,
1552,7.8244993686676025,5.064946659880591,3.128824188263075,,,,,,
1553,7.836114883422852,5.065812536805893,3.1264482149683825,,,,,,
1554,7.815210819244385,5.0120717061478315,3.124071457629043,,,,,,
1555,7.8048858642578125,4.9995866144675984,3.121693918810255,,,,,,
1556,7.7923853397369385,5.021083757795137,3.1193156010780623,,,,,,
1557,7.801035642623901,5.019063552955903,3.116936506999347,,,,,,
1558,7.774386644363403,4.976929252743219,3.1145566391418273,,,,,,
1559,7.782379150390625,4.9864870318853125,3.112176000074061,,,,,,
1560,7.742920875549316,5.015115724279662,3.1097945923654366,,,,,,
1561,7.7674782276153564,4.996502029685236,3.1074124185861702,,,,,,
1562,7.8458240032196045,5.084925741182845,3.105029481307306,,,,,,
1563,7.869499206542969,5.145613301993419,3.1026457831007144,,,,,,
1564,7.9269304275512695,5.057193100602813,3.1002613265390826,,,,,,
1565,7.867527484893799,5.035042874045088,3.09787611419592,,,,,,
1566,7.837892055511475,5.0347590847512675,3.0954901486455513,,,,,,
1567,7.83082914352417,5.077883954806123,3.0931034324631117,,,,,,
1568,7.839789867401123,5.030975630144996,3.0907159682245484,,,,,,
1569,7.803191423416138,5.0429636974912215,3.0883277585066167,,,,,,
1570,7.850108623504639,5.008672950646775,3.0859388058868746,,,,,,
1571,7.806796550750732,5.036289020583246,3.083549112943683,,,,,,
1572,7.857386827468872,5.050806062375928,3.0811586822562016,,,,,,
1573,7.846122980117798,5.041263078420076,3.078767516404386,,,,,,
1574,7.840518474578857,5.044282344532574,3.0763756179689854,,,,,,
1575,7.82780385017395,4.9930878636012865,3.073982989531542,,,,,,
1576,7.7857208251953125,5.000416661231231,3.0715896336743813,,,,,,
1577,7.808910846710205,5.010610007156937,3.0691955529806165,,,,,,
1578,7.806982040405273,5.0733253751310405,3.0668007500341443,,,,,,
1579,7.823893308639526,4.996872387782579,3.064405227419638,,,,,,
1580,7.778941631317139,4.9872301553256175,3.062008987722551,,,,,,
1581,7.75604510307312,4.984733513967644,3.0596120335291075,,,,,,
1582,7.7993340492248535,4.9998919432458,3.057214367426304,,,,,,
1583,7.792885780334473,5.0077635169129495,3.0548159920019065,,,,,,
1584,7.778175354003906,5.005091590777077,3.0524169098444442,,,,,,
1585,7.780853748321533,5.0189343858306605,3.0500171235432125,,,,,,
1586,7.7887632846832275,5.0130683798264615,3.0476166356882626,,,,,,
1587,7.783669948577881,5.016559009896897,3.0452154488704055,,,,,,
1588,7.7679970264434814,5.003657737030915,3.042813565681208,,,,,,
1589,7.7921462059021,4.9965737399381185,3.040410988712983,,,,,,
1590,7.77559232711792,5.04217483036853,3.0380077205587988,,,,,,
1591,7.875742673873901,5.011050180189744,3.0356037638124653,,,,,,
1592,7.86249566078186,5.012783978745354,3.0331991210685367,,,,,,
1593,7.816159963607788,5.007825462832182,3.0307937949223085,,,,,,
1594,7.8131725788116455,5.016787891933355,3.028387787969813,,,,,,
1595,7.837197303771973,5.064352133175824,3.0259811028078176,,,,,,
1596,7.8148112297058105,5.032453472820825,3.02357374203382,,,,,,
1597,7.8080854415893555,5.041130700364045,3.0211657082460497,,,,,,
1598,7.82363224029541,5.015084024634654,3.0187570040434615,,,,,,
1599,7.781607389450073,5.021648567198103,3.016347632025733,,,,,,
1600,7.819813013076782,5.002114223371142,3.0139375947932643,,,,,,
1601,7.78486704826355,4.996895835417675,3.0115268949471714,,,,,,
1602,7.782739877700806,4.984663985174579,3.009115535089286,,,,,,
1603,7.8233911991119385,5.012271446576131,3.0067035178221535,,,,,,
1604,7.799230098724365,5.015669884453109,3.0042908457490287,,,,,,
1605,7.783155679702759,4.999021295743193,3.0018775214738707,,,,,,
1606,7.800682783126831,4.992457951889808,2.9994635476013447,,,,,,
1607,7.786683082580566,4.995745922157602,2.997048926736816,,,,,,
1608,7.806031227111816,4.969370954070801,2.99463366148635,,,,,,
1609,7.7814085483551025,5.025193030940474,2.9922177544567043,,,,,,
1610,7.84460711479187,5.044890488567625,2.9898012082553334,,,,,,
1611,7.814860820770264,5.034812162662375,2.987384025490377,,,,,,
1612,7.804290533065796,5.025192019115284,2.9849662087706657,,,,,,
1613,7.823369979858398,4.980640769105082,2.9825477607057116,,,,,,
1614,7.770522117614746,4.994747617447246,2.9801286839057104,,,,,,
1615,7.790247917175293,4.997862874609368,2.9777089809815354,,,,,,
1616,7.782492637634277,5.001146192807325,2.9752886545447343,,,,,,
1617,7.797330379486084,4.971504051811661,2.972867707207531,,,,,,
1618,7.766559839248657,5.049705952731775,2.970446141582815,,,,,,
1619,7.811131000518799,4.964597330662861,2.9680239602841483,,,,,,
1620,7.761179685592651,5.051831115886281,2.9656011659257544,,,,,,
1621,7.795350790023804,4.9941746075680715,2.9631777611225165,,,,,,
1622,7.805112600326538,4.989842412249193,2.960753748489982,,,,,,
1623,7.831289291381836,5.0758353739450515,2.9583291306443487,,,,,,
1624,7.876065254211426,5.172793632199325,2.955903910202473,,,,,,
1625,7.932548999786377,5.047899936607046,2.953478089781856,,,,,,
1626,7.852411508560181,5.120595666116983,2.9510516720006517,,,,,,
1627,7.867862224578857,5.093161053974354,2.948624659477655,,,,,,
1628,7.8647472858428955,5.0222380267561135,2.946197054832304,,,,,,
1629,7.81856894493103,5.077479809647954,2.9437688606846772,,,,,,
1630,7.867840766906738,5.033188022817254,2.941340079655487,,,,,,
1631,7.844972372055054,5.010943235520859,2.93891071436608,,,,,,
1632,7.8179450035095215,5.059386492377073,2.9364807674384337,,,,,,
1633,7.8624587059021,5.09118157299353,2.934050241495154,,,,,,
1634,7.838003635406494,5.019573419408903,2.9316191391594715,,,,,,
1635,7.796106815338135,5.019868614695672,2.9291874630552375,,,,,,
1636,7.82534384727478,5.004928873004384,2.926755215806924,,,,,,
1637,7.782489061355591,5.042812369469337,2.9243224000396175,,,,,,
1638,7.816388130187988,5.020537999620751,2.9218890183790207,,,,,,
1639,7.810549020767212,5.0680812409788345,2.919455073451447,,,,,,
1640,7.85458779335022,5.093967090844106,2.917020567883815,,,,,,
1641,7.87969970703125,5.067572311757491,2.91458550430365,,,,,,
1642,7.891292333602905,5.192945674450283,2.91214988533908,,,,,,
1643,8.006720066070557,5.135506689498363,2.909713713618832,,,,,,
1644,7.913687467575073,5.103916772380408,2.9072769917722296,,,,,,
1645,7.894515752792358,5.061626275113092,2.9048397224291898,,,,,,
1646,7.847259998321533,5.065951270752338,2.9024019082202206,,,,,,
1647,7.846690654754639,5.0480176786899165,2.8999635517764193,,,,,,
1648,7.839626789093018,5.005546477584903,2.8975246557294665,,,,,,
1649,7.777383327484131,4.978071239237228,2.8950852227116264,,,,,,
1650,7.7995688915252686,5.058065845948292,2.8926452553557414,,,,,,
1651,7.850170850753784,5.060993784510658,2.890204756295233,,,,,,
1652,7.863039255142212,5.024059995670495,2.8877637281640944,,,,,,
1653,7.819112062454224,5.009838340460903,2.8853221735968915,,,,,,
1654,7.7983317375183105,5.011137482496347,2.882880095228756,,,,,,
1655,7.802757501602173,5.049061898527475,2.880437495695387,,,,,,
1656,7.864495515823364,5.080277355304779,2.8779943776330468,,,,,,
1657,7.8073952198028564,5.076318738639004,2.8755507436785543,,,,,,
1658,7.83551549911499,5.045417038305554,2.8731065964692877,,,,,,
1659,7.836361885070801,4.9997794092754235,2.870661938643178,,,,,,
1660,7.799193859100342,5.025411391278292,2.868216772838708,,,,,,
1661,7.839812517166138,5.058141841920511,2.8657711016949077,,,,,,
1662,7.849078416824341,4.987025897978132,2.863324927851355,,,,,,
1663,7.801096677780151,5.0228233040632375,2.860878253948167,,,,,,
1664,7.799332618713379,4.982331940063014,2.858431082626002,,,,,,
1665,7.758398532867432,4.991865105745269,2.8559834165260565,,,,,,
1666,7.791311502456665,5.010824269261853,2.853535258290058,,,,,,
1667,7.784278631210327,4.977271616208243,2.851086610560268,,,,,,
1668,7.772694826126099,5.0164630306779685,2.8486374759794764,,,,,,
1669,7.790480136871338,5.033505945269855,2.8461878571909955,,,,,,
1670,7.798346042633057,5.001180947177845,2.8437377568386615,,,,,,
1671,7.749942302703857,5.001137122073225,2.841287177566833,,,,,,
1672,7.784637928009033,5.003916817818298,2.838836122020383,,,,,,
1673,7.7806150913238525,4.969103146842591,2.836384592844698,,,,,,
1674,7.773655891418457,4.9770183174223135,2.833932592685677,,,,,,
1675,7.787806510925293,4.9689023825578875,2.8314801241897265,,,,,,
1676,7.760181427001953,5.001072607890611,2.82902719000376,,,,,,
1677,7.758880615234375,5.026064398711824,2.826573792775191,,,,,,
1678,7.794593811035156,5.009234534681495,2.8241199351519364,,,,,,
1679,7.774209976196289,4.993435473077131,2.8216656197824057,,,,,,
1680,7.774498701095581,5.0108411881580786,2.8192108493155055,,,,,,
1681,7.801570177078247,5.0241104535839956,2.8167556264006333,,,,,,
1682,7.778705358505249,4.983848078898565,2.8142999536876734,,,,,,
1683,7.775676488876343,4.992655329387462,2.8118438338269964,,,,,,
1684,7.819826126098633,5.026604564777435,2.809387269469456,,,,,,
1685,7.808901786804199,5.058790245810108,2.8069302632663864,,,,,,
1686,7.838398218154907,5.074502716553723,2.8044728178695943,,,,,,
1687,7.834083318710327,5.026775112865952,2.8020149359313673,,,,,,
1688,7.797603607177734,4.996264001519064,2.799556620104459,,,,,,
1689,7.812836647033691,5.022398337283186,2.7970978730420906,,,,,,
1690,7.8027732372283936,5.018769825477375,2.7946386973979536,,,,,,
1691,7.788891792297363,5.011331889286474,2.792179095826199,,,,,,
1692,7.792101621627808,5.026600603098825,2.7897190709814375,,,,,,
1693,7.807699680328369,4.989232779351275,2.787258625518736,,,,,,
1694,7.809136390686035,5.132124329335154,2.7847977620936173,,,,,,
1695,7.922814607620239,5.1254656435162005,2.7823364833620543,,,,,,
1696,7.923537492752075,5.09783097793316,2.7798747919804674,,,,,,
1697,7.871168613433838,5.103002875065783,2.777412690605725,,,,,,
1698,7.912883281707764,5.033338700551963,2.774950181895134,,,,,,
1699,7.828053712844849,5.015973327137824,2.7724872685064437,,,,,,
1700,7.817538738250732,5.098887864434489,2.77002395309784,,,,,,
1701,7.8488311767578125,5.000766546812451,2.7675602383279423,,,,,,
1702,7.782851457595825,5.01732680194011,2.7650961268558,,,,,,
1703,7.801947832107544,5.003040162728953,2.762631621340893,,,,,,
1704,7.803753614425659,5.018217992742489,2.7601667244431236,,,,,,
1705,7.8241119384765625,5.086565334321673,2.7577014388228185,,,,,,
1706,7.8342485427856445,5.0826777202728115,2.755235767140724,,,,,,
1707,7.840275526046753,5.074079306813426,2.752769712058003,,,,,,
1708,7.809144973754883,5.034355173600232,2.750303276236229,,,,,,
1709,7.851068496704102,5.033479531138158,2.747836462337392,,,,,,
1710,7.826647996902466,5.03772401468808,2.745369273023887,,,,,,
1711,7.8076722621917725,5.0034035174559905,2.742901710958512,,,,,,
1712,7.820348024368286,4.998834684779405,2.7404337788044715,,,,,,
1713,7.804595708847046,5.041197684354597,2.7379654792253683,,,,,,
1714,7.804045915603638,5.031308597632072,2.735496814885199,,,,,,
1715,7.835371971130371,5.053591305112718,2.733027788448357,,,,,,
1716,7.8375654220581055,5.0128493138578785,2.7305584025796255,,,,,,
1717,7.82337498664856,5.016006922902331,2.7280886599441763,,,,,,
1718,7.77941370010376,5.030746498861866,2.725618563207564,,,,,,
1719,7.788680553436279,4.987912498871953,2.7231481150357277,,,,,,
1720,7.767737627029419,4.982801215602532,2.7206773180949853,,,,,,
1721,7.805581569671631,4.986458874029507,2.7182061750520305,,,,,,
1722,7.812642574310303,4.975775465832927,2.7157346885739306,,,,,,
1723,7.788118362426758,5.006848542002492,2.713262861328124,,,,,,
1724,7.805636167526245,5.049770489974218,2.710790695982417,,,,,,
1725,7.816156387329102,5.0046500435789865,2.7083181952049795,,,,,,
1726,7.76853084564209,4.9863770764048505,2.7058453616643465,,,,,,
1727,7.7720441818237305,4.998642281788151,2.7033721980294083,,,,,,
1728,7.788124084472656,4.98630032928377,2.7008987069694133,,,,,,
1729,7.767068386077881,5.005841755486016,2.6984248911539646,,,,,,
1730,7.768304824829102,4.983282605172006,2.6959507532530127,,,,,,
1731,7.754793167114258,5.026639896245239,2.6934762959368594,,,,,,
1732,7.794409990310669,4.980186048929585,2.691001521876147,,,,,,
1733,7.7768683433532715,5.042658970073254,2.688526433741865,,,,,,
1734,7.806674957275391,4.989051505033463,2.686051034205336,,,,,,
1735,7.782485008239746,5.0093005240916,2.683575325938223,,,,,,
1736,7.771064519882202,4.991696169839575,2.6810993116125204,,,,,,
1737,7.7768025398254395,5.007684758774266,2.6786229939005524,,,,,,
1738,7.7494471073150635,4.983851123397545,2.6761463754749726,,,,,,
1739,7.746997356414795,4.9600102741042535,2.673669459008759,,,,,,
1740,7.752293825149536,5.010876121994224,2.6711922471752088,,,,,,
1741,7.774554967880249,5.018902654703973,2.6687147426479387,,,,,,
1742,7.780032157897949,5.014287929558974,2.6662369481008845,,,,,,
1743,7.767159700393677,4.994223686503803,2.6637588662082905,,,,,,
1744,7.780160427093506,5.007041492614554,2.661280499644715,,,,,,
1745,7.793751239776611,5.026093568192298,2.658801851085021,,,,,,
1746,7.803834915161133,5.010848449798469,2.656322923204377,,,,,,
1747,7.782419204711914,4.967725021484221,2.653843718678251,,,,,,
1748,7.743658065795898,4.993401388644771,2.6513642401824127,,,,,,
1749,7.7610554695129395,4.992388071183701,2.6488844903929265,,,,,,
1750,7.773169994354248,5.00500557621153,2.6464044719861484,,,,,,
1751,7.756047010421753,5.003783730121096,2.6439241876387247,,,,,,
1752,7.759978294372559,5.005318327647884,2.6414436400275894,,,,,,
1753,7.769837141036987,5.02474272942924,2.6389628318299603,,,,,,
1754,7.753744125366211,4.948813054218725,2.6364817657233357,,,,,,
1755,7.758121013641357,5.010140643187989,2.634000444385495,,,,,,
1756,7.782688617706299,4.998475559425515,2.6315188704944883,,,,,,
1757,7.749732494354248,4.996698996717936,2.6290370467286426,,,,,,
1758,7.77771520614624,5.030628322251611,2.626554975766554,,,,,,
1759,7.790952205657959,5.008439808557573,2.6240726602870814,,,,,,
1760,7.805861949920654,5.012931423091006,2.621590102969354,,,,,,
1761,7.766257047653198,4.9890762738964956,2.619107306492756,,,,,,
1762,7.815348386764526,4.999533540366376,2.616624273536934,,,,,,
1763,7.769485235214233,5.0219198594682855,2.6141410067817867,,,,,,
1764,7.780569553375244,4.956009179629429,2.6116575089074683,,,,,,
1765,7.746339559555054,4.961932545654707,2.60917378259438,,,,,,
1766,7.748577833175659,4.984078475665004,2.6066898305231696,,,,,,
1767,7.749648809432983,4.985847729208892,2.6042056553747295,,,,,,
1768,7.752006769180298,4.967351561539107,2.601721259830194,,,,,,
1769,7.741374254226685,4.995930484205459,2.5992366465709322,,,,,,
1770,7.767219066619873,4.961287989748738,2.5967518182785514,,,,,,
1771,7.742221355438232,5.03611826535731,2.5942667776348878,,,,,,
1772,7.791174650192261,4.985569298217235,2.5917815273220093,,,,,,
1773,7.764384746551514,4.974281977564472,2.5892960700222094,,,,,,
1774,7.742874383926392,5.006519133950403,2.586810408418005,,,,,,
1775,7.789223670959473,4.955972479811429,2.5843245451921324,,,,,,
1776,7.729923725128174,4.98767898902861,2.5818384830275467,,,,,,
1777,7.781192779541016,4.990922484506169,2.5793522246074185,,,,,,
1778,7.762478828430176,5.0475544520443085,2.5768657726151276,,,,,,
1779,7.812104940414429,4.980784273428311,2.5743791297342655,,,,,,
1780,7.782111644744873,4.973280717586649,2.571892298648628,,,,,,
1781,7.764325857162476,4.972349731334625,2.569405282042215,,,,,,
1782,7.75750470161438,5.012888158039449,2.5669180825992246,,,,,,
1783,7.830179691314697,5.0350911641341485,2.564430703004056,,,,,,
1784,7.837559938430786,5.068313540080899,2.5619431459413,,,,,,
1785,7.872583627700806,5.02344603735023,2.5594554140957384,,,,,,
1786,7.83380126953125,5.060598464850321,2.5569675101523432,,,,,,
1787,7.868372917175293,5.095655411406662,2.554479436796273,,,,,,
1788,7.824824810028076,5.079523430640603,2.551991196712866,,,,,,
1789,7.824386119842529,5.020755793889898,2.5495027925876452,,,,,,
1790,7.821901321411133,5.023973931977486,2.547014227106305,,,,,,
1791,7.782306432723999,5.003446719744709,2.5445255029547185,,,,,,
1792,7.800045013427734,5.0273335385061895,2.5420366228189266,,,,,,
1793,7.818706512451172,5.009676587992701,2.539547589385142,,,,,,
1794,7.794430732727051,4.993672262028148,2.5370584053397405,,,,,,
1795,7.781980752944946,5.002195343437869,2.5345690733692603,,,,,,
1796,7.7662200927734375,4.9809464820800855,2.5320795961604006,,,,,,
1797,7.749473571777344,4.968000809017402,2.5295899764000174,,,,,,
1798,7.757743835449219,4.951408395855441,2.5271002167751186,,,,,,
1799,7.74829363822937,5.005305967379058,2.524610319972866,,,,,,
1800,7.759388208389282,4.971425946767437,2.5221202886805663,,,,,,
1801,7.747260808944702,4.983946445110568,2.5196301255856732,,,,,,
1802,7.756985664367676,5.02592236520464,2.5171398333757824,,,,,,
1803,7.755326747894287,4.966540041242556,2.51464941473863,,,,,,
1804,7.76981520652771,4.961250019835464,2.5121588723620856,,,,,,
1805,7.72808313369751,5.0256453935993735,2.5096682089341553,,,,,,
1806,7.79074239730835,4.967659713441931,2.5071774271429748,,,,,,
1807,7.744507789611816,4.9996848453284315,2.5046865296768064,,,,,,
1808,7.768643617630005,5.010188730150035,2.5021955192240397,,,,,,
1809,7.784073114395142,4.966465486008345,2.499704398473184,,,,,,
1810,7.757923126220703,4.98611741551238,2.4972131701128686,,,,,,
1811,7.72355318069458,4.969860687488463,2.4947218368318387,,,,,,
1812,7.7851738929748535,5.005462223587164,2.492230401318953,,,,,,
1813,7.779585361480713,5.032155622044364,2.489738866263182,,,,,,
1814,7.8230249881744385,4.99479398113825,2.4872472343535996,,,,,,
1815,7.76974081993103,5.011277119184964,2.4847555082793873,,,,,,
1816,7.782820463180542,5.037552585513578,2.4822636907298286,,,,,,
1817,7.7849485874176025,4.964925066175533,2.4797717843943037,,,,,,
1818,7.749773025512695,5.008350512678629,2.477279791962291,,,,,,
1819,7.764913558959961,4.9917341297268365,2.4747877161233593,,,,,,
1820,7.768237829208374,5.02958855496624,2.4722955595671694,,,,,,
1821,7.780427694320679,4.984737706846104,2.469803324983467,,,,,,
1822,7.749452352523804,4.957746295191041,2.4673110150620854,,,,,,
1823,7.737940311431885,4.999683842326133,2.4648186324929364,,,,,,
1824,7.76067590713501,4.963153065504198,2.4623261799660106,,,,,,
1825,7.727778434753418,4.964629127560191,2.459833660171375,,,,,,
1826,7.7281999588012695,4.939401090195241,2.4573410757991687,,,,,,
1827,7.708856821060181,4.963938451996363,2.454848429539601,,,,,,
1828,7.7581706047058105,5.040756033086496,2.4523557240829468,,,,,,
1829,7.77215313911438,4.9355453614731415,2.4498629621195462,,,,,,
1830,7.7329323291778564,4.958008098642399,2.447370146339799,,,,,,
1831,7.755197048187256,4.9875019394719775,2.444877279434165,,,,,,
1832,7.751553058624268,4.940818229575835,2.4423843640931575,,,,,,
1833,7.751578330993652,4.9730216955517,2.4398914030073433,,,,,,
1834,7.750145435333252,4.976779836280893,2.4373983988673356,,,,,,
1835,7.7622740268707275,4.984541682058066,2.434905354363799,,,,,,
1836,7.747398853302002,4.973790665450871,2.4324122721874364,,,,,,
1837,7.754552602767944,4.997428326570657,2.4299191550289962,,,,,,
1838,7.742242813110352,5.01129861415385,2.4274260055792616,,,,,,
1839,7.78631854057312,4.99572843959895,2.42493282652905,,,,,,
1840,7.76845383644104,4.935578524915986,2.4224396205692145,,,,,,
1841,7.74170184135437,4.998730867624884,2.419946390390633,,,,,,
1842,7.767794847488403,4.991524509064183,2.417453138684212,,,,,,
1843,7.772277355194092,5.020520959610294,2.4149598681408806,,,,,,
1844,7.799950122833252,4.996158686678784,2.412466581451588,,,,,,
1845,7.771035194396973,4.99120188220596,2.4099732813073023,,,,,,
1846,7.768717527389526,5.015892503038988,2.4074799703990024,,,,,,
1847,7.800394535064697,5.0018782709906136,2.404986651417684,,,,,,
1848,7.748176574707031,4.969130651002375,2.402493327054348,,,,,,
1849,7.7708024978637695,5.00837955182094,2.4,,,,,,
1850,7.759016990661621,4.9777316144778005,2.3975066729456533,,,,,,
1851,7.7892138957977295,5.001856900544804,2.395013348582316,,,,,,
1852,7.747178554534912,4.96759895680831,2.3925200296009974,,,,,,
1853,7.756067752838135,4.98181888072605,2.3900267186926984,,,,,,
1854,7.721756935119629,4.958293919607408,2.3875334185484114,,,,,,
1855,7.713808059692383,4.940913426164221,2.3850401318591192,,,,,,
1856,7.716793060302734,4.982106563922635,2.3825468613157885,,,,,,
1857,7.777683734893799,4.992464108463092,2.380053609609367,,,,,,
1858,7.747154474258423,4.960197069346153,2.377560379430786,,,,,,
1859,7.72719144821167,4.950537453187024,2.37506717347095,,,,,,
1860,7.74136209487915,4.960405562884473,2.3725739944207387,,,,,,
1861,7.738626480102539,4.960573322337851,2.370080844971004,,,,,,
1862,7.7315003871917725,4.985327642038151,2.3675877278125634,,,,,,
1863,7.797034025192261,5.067683292297478,2.3650946456362014,,,,,,
1864,7.8145060539245605,4.972974481654829,2.3626016011326647,,,,,,
1865,7.764849662780762,5.003878198620449,2.360108596992657,,,,,,
1866,7.75887393951416,4.98965925564778,2.3576156359068423,,,,,,
1867,7.750048637390137,4.9903970368275425,2.355122720565835,,,,,,
1868,7.752217531204224,5.016175258650912,2.3526298536602,,,,,,
1869,7.7863380908966064,4.999307827552494,2.3501370378804536,,,,,,
1870,7.779001474380493,5.01905173689904,2.3476442759170535,,,,,,
1871,7.833601474761963,5.004110787474277,2.345151570460399,,,,,,
1872,7.80541467666626,5.040636649143806,2.342658924200831,,,,,,
1873,7.807893753051758,5.04040426101075,2.340166339828625,,,,,,
1874,7.817818641662598,4.993635649235936,2.3376738200339893,,,,,,
1875,7.779378414154053,5.010255090923646,2.3351813675070634,,,,,,
1876,7.746255397796631,5.036214167776982,2.3326889849379144,,,,,,
1877,7.7822723388671875,4.98374193811537,2.3301966750165324,,,,,,
1878,7.765549898147583,4.973977738012277,2.327704440432831,,,,,,
1879,7.726386785507202,4.951501399554356,2.325212283876641,,,,,,
1880,7.7397685050964355,4.963160228689144,2.3227202080377087,,,,,,
1881,7.744863510131836,4.940340714057621,2.320228215605696,,,,,,
1882,7.739431381225586,4.961287117886684,2.3177363092701717,,,,,,
1883,7.743576526641846,4.969734570677287,2.3152444917206125,,,,,,
1884,7.729311466217041,4.963211266507212,2.3127527656464006,,,,,,
1885,7.748426914215088,5.008289273392763,2.3102611337368186,,,,,,
1886,7.766278028488159,4.9581577821977,2.3077695986810465,,,,,,
1887,7.770741939544678,4.968377802129349,2.3052781631681616,,,,,,
1888,7.72978401184082,4.933587077287589,2.302786829887132,,,,,,
1889,7.714375257492065,4.953042137612807,2.300295601526816,,,,,,
1890,7.7363080978393555,4.968112818827842,2.2978044807759606,,,,,,
1891,7.729307651519775,4.9595258691112365,2.295313470323194,,,,,,
1892,7.7274627685546875,4.974557239133034,2.2928225728570255,,,,,,
1893,7.721318960189819,4.942989518804847,2.290331791065845,,,,,,
1894,7.7189414501190186,4.953975261410712,2.2878411276379147,,,,,,
1895,7.734562158584595,5.015895209260304,2.2853505852613707,,,,,,
1896,7.795819520950317,4.948791932819068,2.282860166624218,,,,,,
1897,7.760272979736328,4.936416100212463,2.2803698744143266,,,,,,
1898,7.724481105804443,4.9894172146703335,2.2778797113194336,,,,,,
1899,7.746357202529907,4.999356461533786,2.2753896800271343,,,,,,
1900,7.747242450714111,5.010310468601519,2.2728997832248807,,,,,,
1901,7.749112844467163,5.035853998715182,2.2704100235999825,,,,,,
1902,7.794651746749878,4.990554687453479,2.2679204038395993,,,,,,
1903,7.7510762214660645,4.955875603264375,2.2654309266307395,,,,,,
1904,7.741955995559692,4.946273026694962,2.2629415946602593,,,,,,
1905,7.7293877601623535,4.944512549922484,2.260452410614858,,,,,,
1906,7.716837644577026,4.961699453896089,2.257963377181073,,,,,,
1907,7.710035562515259,4.972870187061589,2.2554744970452822,,,,,,
1908,7.729208946228027,4.9571900614376725,2.2529857728936955,,,,,,
1909,7.776023864746094,4.981769007329083,2.250497207412355,,,,,,
1910,7.729483127593994,4.943195342215497,2.2480088032871337,,,,,,
1911,7.715207099914551,4.998372417623201,2.2455205632037276,,,,,,
1912,7.771199941635132,5.022688820143524,2.2430324898476566,,,,,,
1913,7.77139687538147,4.976829232439662,2.240544585904262,,,,,,
1914,7.753243684768677,4.977951427183801,2.238056854058701,,,,,,
1915,7.748117446899414,5.006092406201503,2.2355692969959438,,,,,,
1916,7.760728359222412,4.984025795987115,2.233081917400775,,,,,,
1917,7.754620790481567,5.011887165555641,2.230594717957786,,,,,,
1918,7.7597479820251465,4.9629630577273485,2.2281077013513717,,,,,,
1919,7.734262466430664,4.979740296019738,2.2256208702657343,,,,,,
1920,7.732316017150879,4.95528583731142,2.2231342273848727,,,,,,
1921,7.695429563522339,4.953358308320491,2.2206477753925817,,,,,,
1922,7.722512722015381,4.977963575703241,2.218161516972453,,,,,,
1923,7.760935544967651,4.968685486819987,2.2156754548078683,,,,,,
1924,7.713351249694824,4.963410467536034,2.2131895915819952,,,,,,
1925,7.709197998046875,4.979032797608885,2.210703929977791,,,,,,
1926,7.759085178375244,4.997832534892705,2.208218472677991,,,,,,
1927,7.78407096862793,4.976193799804097,2.205733222365112,,,,,,
1928,7.716622591018677,4.945616586956284,2.203248181721449,,,,,,
1929,7.726320028305054,4.9952947377557,2.200763353429067,,,,,,
1930,7.75861120223999,4.96898702195555,2.198278740169806,,,,,,
1931,7.710688829421997,4.938157361530275,2.1957943446252703,,,,,,
1932,7.707391977310181,4.918077654353303,2.19331016947683,,,,,,
1933,7.713154315948486,5.0027668464073525,2.19082621740562,,,,,,
1934,7.7309675216674805,4.94965747507607,2.1883424910925315,,,,,,
1935,7.712553024291992,4.928938603782172,2.185858993218213,,,,,,
1936,7.69578742980957,4.967790165300426,2.1833757264630664,,,,,,
1937,7.7133002281188965,4.958031186744684,2.180892693507244,,,,,,
1938,7.723870277404785,4.957840170551489,2.1784098970306465,,,,,,
1939,7.725851535797119,4.932677401325299,2.1759273397129184,,,,,,
1940,7.720672130584717,4.923471592573482,2.1734450242334473,,,,,,
1941,7.718073606491089,4.966280004174093,2.170962953271357,,,,,,
1942,7.716357231140137,4.945894005120151,2.168481129505512,,,,,,
1943,7.716901063919067,5.027292011363652,2.1659995556145057,,,,,,
1944,7.769450664520264,4.94994384666969,2.163518234276664,,,,,,
1945,7.741921424865723,5.007913574639041,2.1610371681700404,,,,,,
1946,7.7398412227630615,4.9789078550443016,2.1585563599724114,,,,,,
1947,7.73130202293396,4.955624837249743,2.156075812361275,,,,,,
1948,7.7338197231292725,4.950821488719712,2.153595528013852,,,,,,
1949,7.727437257766724,5.010059611951734,2.1511155096070738,,,,,,
1950,7.747757911682129,4.962704176056575,2.148635759817587,,,,,,
1951,7.740244626998901,4.959534157014274,2.1461562813217494,,,,,,
1952,7.733928918838501,4.971597183041457,2.1436770767956244,,,,,,
1953,7.7609171867370605,4.966339445795905,2.1411981489149796,,,,,,
1954,7.753755569458008,5.002323856867092,2.1387195003552857,,,,,,
1955,7.737165451049805,5.0030899547146985,2.1362411337917098,,,,,,
1956,7.763359546661377,4.966595176691965,2.1337630518991153,,,,,,
1957,7.7275331020355225,4.947739487239751,2.131285257352061,,,,,,
1958,7.755205154418945,4.9966712262672575,2.1288077528247924,,,,,,
1959,7.743239641189575,4.9775995067230685,2.126330540991241,,,,,,
1960,7.7387776374816895,4.956003576893081,2.1238536245250272,,,,,,
1961,7.7512383460998535,5.007985445107604,2.121377006099447,,,,,,
1962,7.744052410125732,5.045322030607244,2.11890068838748,,,,,,
1963,7.78751540184021,4.991654308028738,2.1164246740617774,,,,,,
1964,7.784448146820068,5.023386502285982,2.113948965794664,,,,,,
1965,7.793721914291382,4.963370358272196,2.111473566258135,,,,,,
1966,7.742640256881714,5.00531466574705,2.1089984781238527,,,,,,
1967,7.7850775718688965,5.045813107911632,2.106523704063141,,,,,,
1968,7.819899082183838,5.016788393033464,2.104049246746987,,,,,,
1969,7.782105445861816,4.974201997856416,2.101575108846036,,,,,,
1970,7.747852087020874,5.014293238934195,2.099101293030586,,,,,,
1971,7.804683208465576,4.986418682752887,2.096627801970592,,,,,,
1972,7.771298885345459,5.014924868302149,2.0941546383356537,,,,,,
1973,7.7855706214904785,4.980414688537059,2.0916818047950203,,,,,,
1974,7.744011878967285,4.983536374980006,2.0892093040175834,,,,,,
1975,7.735393524169922,5.037418483384424,2.0867371386718765,,,,,,
1976,7.7485291957855225,4.9617327819660595,2.084265311426069,,,,,,
1977,7.751287937164307,4.994358203910398,2.0817938249479697,,,,,,
1978,7.727802753448486,4.976827243479287,2.079322681905015,,,,,,
1979,7.7412331104278564,4.944184440840584,2.076851884964272,,,,,,
1980,7.727015256881714,4.989929702324061,2.0743814367924363,,,,,,
1981,7.761470556259155,4.990059303575649,2.071911340055824,,,,,,
1982,7.7408647537231445,4.958949679181393,2.0694415974203744,,,,,,
1983,7.731217622756958,4.986092442920771,2.066972211551643,,,,,,
1984,7.7479681968688965,5.035911745940867,2.064503185114802,,,,,,
1985,7.757942199707031,4.999205135116064,2.062034520774632,,,,,,
1986,7.739548444747925,4.967861576377092,2.0595662211955283,,,,,,
1987,7.7203850746154785,4.934896768693466,2.0570982890414884,,,,,,
1988,7.708304405212402,4.909303195141663,2.054630726976114,,,,,,
1989,7.7181785106658936,4.968511342400759,2.052163537662608,,,,,,
1990,7.737793207168579,4.9424983903677955,2.049696723763771,,,,,,
1991,7.720021486282349,5.0450289082988355,2.0472302879419977,,,,,,
1992,7.80852484703064,5.027830495264873,2.0447642328592757,,,,,,
1993,7.780534267425537,5.050028781914931,2.042298561177181,,,,,,
1994,7.824007272720337,5.03978824214438,2.0398332755568767,,,,,,
1995,7.814095973968506,5.012978903078251,2.037368378659108,,,,,,
1996,7.7810378074646,5.045046029319474,2.0349038731442,,,,,,
1997,7.784120559692383,5.027502140144624,2.0324397616720584,,,,,,
1998,7.789446115493774,4.9768484819827705,2.0299760469021604,,,,,,
1999,7.755559921264648,4.966400920693066,2.027512731493556,,,,,,
2000,7.738344192504883,4.963522452281442,2.025049818104866,,,,,,
2001,7.737786293029785,4.944518175518142,2.0225873093942757,,,,,,
2002,7.726972579956055,4.9538487770459145,2.020125208019532,,,,,,
2003,7.71455717086792,4.972254365908187,2.017663516637946,,,,,,
2004,7.741227865219116,4.97247987158465,2.015202237906383,,,,,,
2005,7.7367682456970215,4.931616515447554,2.012741374481264,,,,,,
2006,7.707847356796265,4.979100773773642,2.010280929018563,,,,,,
2007,7.719771146774292,4.9373184347273025,2.007820904173801,,,,,,
2008,7.708158016204834,4.959645269095547,2.005361302602046,,,,,,
2009,7.723302364349365,5.028941971198965,2.0029021269579093,,,,,,
2010,7.788067579269409,4.999345426904343,2.000443379895542,,,,,,
2011,7.780390977859497,4.969110207160648,1.9979850640686327,,,,,,
2012,7.76336669921875,5.065852536184633,1.9955271821304053,,,,,,
2013,7.7930498123168945,4.958054270836563,1.9930697367336148,,,,,,
2014,7.747961759567261,4.9887393090382055,1.9906127305305432,,,,,,
2015,7.766406059265137,4.952047954997262,1.9881561661730038,,,,,,
2016,7.723981857299805,4.988114661584891,1.9857000463123273,,,,,,
2017,7.725468397140503,5.001049589970415,1.9832443735993672,,,,,,
2018,7.729169130325317,5.030250227681923,1.9807891506844948,,,,,,
2019,7.781367778778076,5.000156260820073,1.978334380217595,,,,,,
2020,7.765960931777954,4.997834766883625,1.9758800648480639,,,,,,
2021,7.7619309425354,4.97994353853423,1.9734262072248088,,,,,,
2022,7.7402098178863525,4.999204503677792,1.9709728099962405,,,,,,
2023,7.771440029144287,5.031963894004276,1.9685198758102735,,,,,,
2024,7.784468173980713,5.057392738164223,1.9660674073143236,,,,,,
2025,7.787581205368042,5.024085275258609,1.9636154071553023,,,,,,
2026,7.774557113647461,4.987982022250972,1.9611638779796172,,,,,,
2027,7.76877498626709,4.994545110240516,1.958712822433167,,,,,,
2028,7.7506866455078125,4.964073149670664,1.9562622431613377,,,,,,
2029,7.761929512023926,4.954197099371253,1.953812142809005,,,,,,
2030,7.724480867385864,4.944710544220433,1.9513625240205241,,,,,,
2031,7.7308127880096436,4.939246024876908,1.9489133894397315,,,,,,
2032,7.727673768997192,4.970091622852297,1.946464741709942,,,,,,
2033,7.727359771728516,4.935369058052364,1.9440165834739445,,,,,,
2034,7.7186102867126465,4.996083936338368,1.9415689173739976,,,,,,
2035,7.714939832687378,4.947907501353849,1.9391217460518333,,,,,,
2036,7.712030410766602,4.989697870634703,1.9366750721486454,,,,,,
2037,7.7688281536102295,5.016828486255681,1.9342288983050917,,,,,,
2038,7.7681050300598145,4.958982809137356,1.9317832271612922,,,,,,
2039,7.756151914596558,5.011511443341049,1.9293380613568225,,,,,,
2040,7.761212348937988,5.034921441386987,1.9268934035307126,,,,,,
2041,7.7671802043914795,5.036655209864559,1.9244492563214461,,,,,,
2042,7.793405294418335,5.009240826204908,1.922005622366954,,,,,,
2043,7.794292688369751,5.023530697401478,1.9195625043046123,,,,,,
2044,7.808831691741943,5.059022744630344,1.9171199047712442,,,,,,
2045,7.7936320304870605,5.008416569463539,1.9146778264031092,,,,,,
2046,7.770524024963379,5.007487822220645,1.9122362718359056,,,,,,
2047,7.765398740768433,4.985910840952868,1.9097952437047674,,,,,,
2048,7.741039991378784,4.985911381956506,1.9073547446442594,,,,,,
2049,7.732450723648071,4.95765209899819,1.9049147772883739,,,,,,
2050,7.709810733795166,4.946070959630185,1.9024753442705338,,,,,,
2051,7.718155384063721,4.933828346061546,1.900036448223581,,,,,,
2052,7.725475788116455,4.971213714930067,1.897598091779779,,,,,,
2053,7.705816268920898,4.933238396432041,1.8951602775708105,,,,,,
2054,7.697753190994263,4.955795363682072,1.8927230082277704,,,,,,
2055,7.700070142745972,4.955266712291387,1.8902862863811682,,,,,,
2056,7.71565580368042,4.915461037918938,1.8878501146609203,,,,,,
2057,7.698575258255005,4.979886097703489,1.8854144956963497,,,,,,
2058,7.750762462615967,4.91889504648438,1.8829794321161852,,,,,,
2059,7.71673583984375,4.9341346479645285,1.880544926548553,,,,,,
2060,7.720018148422241,4.988196758185243,1.8781109816209787,,,,,,
2061,7.706599712371826,4.94700925725162,1.8756775999603827,,,,,,
2062,7.740516185760498,4.947260697415338,1.873244784193077,,,,,,
2063,7.749403715133667,4.961269437615063,1.8708125369447621,,,,,,
2064,7.735082387924194,4.973526274285665,1.8683808608405281,,,,,,
2065,7.72080397605896,4.961004416615748,1.8659497585048455,,,,,,
2066,7.739359140396118,4.940942968411843,1.863519232561566,,,,,,
2067,7.705813646316528,4.957391396603533,1.8610892856339203,,,,,,
2068,7.747667551040649,4.962568974073841,1.8586599203445138,,,,,,
2069,7.7044525146484375,4.935104949219674,1.856231139315323,,,,,,
2070,7.689868450164795,4.953429805420345,1.853802945167696,,,,,,
2071,7.717464923858643,4.940419884465942,1.8513753405223454,,,,,,
2072,7.7127649784088135,4.971174787131551,1.848948327999348,,,,,,
2073,7.699899196624756,4.953059734066962,1.8465219102181436,,,,,,
2074,7.707231044769287,4.950693977691227,1.8440960897975276,,,,,,
2075,7.696470260620117,4.920269362359011,1.8416708693556507,,,,,,
2076,7.7132039070129395,4.9823789889317185,1.8392462515100185,,,,,,
2077,7.735002279281616,4.979024452156535,1.836822238877484,,,,,,
2078,7.761727809906006,4.958112790867298,1.834398834074246,,,,,,
2079,7.714724779129028,4.943760186308467,1.8319760397158513,,,,,,
2080,7.7037622928619385,5.005709687835334,1.8295538584171847,,,,,,
2081,7.754375457763672,4.963012688294291,1.8271322927924694,,,,,,
2082,7.714035749435425,4.973165915331187,1.8247113454552657,,,,,,
2083,7.702591896057129,4.9715552590693415,1.8222910190184654,,,,,,
2084,7.74016547203064,4.965388189553212,1.8198713160942894,,,,,,
2085,7.7180609703063965,4.971924957655577,1.8174522392942887,,,,,,
2086,7.712136268615723,4.980573636529023,1.815033791229334,,,,,,
2087,7.722679853439331,4.929118375000179,1.8126159745096226,,,,,,
2088,7.692885398864746,4.9626679677137115,1.810198791744667,,,,,,
2089,7.706851005554199,4.932363117513184,1.807782245543295,,,,,,
2090,7.6893768310546875,4.94098785166183,1.8053663385136502,,,,,,
2091,7.683924674987793,4.932955810861291,1.8029510732631842,,,,,,
2092,7.70816445350647,4.965833856038831,1.8005364523986551,,,,,,
2093,7.706641435623169,4.962532975675681,1.7981224785261294,,,,,,
2094,7.729970455169678,4.928339956787276,1.7957091542509718,,,,,,
2095,7.687058687210083,4.950318851422822,1.7932964821778457,,,,,,
2096,7.690330505371094,4.942057514310986,1.7908844649107138,,,,,,
2097,7.686518669128418,4.953726835266896,1.788473105052829,,,,,,
2098,7.711131811141968,4.954865322883035,1.786062405206736,,,,,,
2099,7.707169771194458,4.92906652266885,1.783652367974267,,,,,,
2100,7.701968193054199,4.915829564464302,1.781242995956539,,,,,,
2101,7.675345420837402,4.94126667467058,1.77883429175395,,,,,,
2102,7.686065912246704,4.969613400700716,1.77642625796618,,,,,,
2103,7.713558197021484,4.925542678824987,1.7740188971921829,,,,,,
2104,7.688479661941528,4.952029259090568,1.771612212030187,,,,,,
2105,7.6966516971588135,4.955805079289301,1.7692062050776913,,,,,,
2106,7.682828426361084,4.92569803930913,1.7668008789314635,,,,,,
2107,7.688751697540283,4.949832543091578,1.7643962361875345,,,,,,
2108,7.710362434387207,4.987208978782891,1.7619922794412013,,,,,,
2109,7.70718789100647,4.945170745015445,1.759589011287017,,,,,,
2110,7.702503204345703,4.909143446873375,1.7571864343187926,,,,,,
2111,7.702871322631836,4.96391456020891,1.7547845511295943,,,,,,
2112,7.669806003570557,4.929855080589314,1.7523833643117377,,,,,,
2113,7.689680576324463,4.963328396000714,1.749982876456788,,,,,,
2114,7.723120212554932,4.971738565058343,1.7475830901555558,,,,,,
2115,7.71566915512085,4.9245067003697685,1.7451840079980943,,,,,,
2116,7.684855699539185,4.929982472308249,1.7427856325736957,,,,,,
2117,7.700814247131348,4.920231901366135,1.7403879664708926,,,,,,
2118,7.69795560836792,4.960107730154835,1.737991012277449,,,,,,
2119,7.687011241912842,4.979918357000519,1.7355947725803615,,,,,,
2120,7.703026533126831,4.942462361691076,1.7331992499658562,,,,,,
2121,7.687438011169434,4.922326018772173,1.730804447019383,,,,,,
2122,7.685579299926758,4.941418626510966,1.7284103663256192,,,,,,
2123,7.679797649383545,4.950198238290991,1.7260170104684585,,,,,,
2124,7.7002410888671875,4.966297815986999,1.7236243820310138,,,,,,
2125,7.692368030548096,4.920532483428942,1.721232483595614,,,,,,
2126,7.686232328414917,4.899709946373313,1.718841317743799,,,,,,
2127,7.674406290054321,4.900300794935106,1.7164508870563173,,,,,,
2128,7.666400194168091,4.930801763366109,1.7140611941131259,,,,,,
2129,7.665771484375,4.9531973302615,1.711672241493384,,,,,,
2130,7.713951349258423,4.974005649829733,1.7092840317754512,,,,,,
2131,7.712849140167236,4.93249191267336,1.7068965675368886,,,,,,
2132,7.692378759384155,4.959114919498851,1.704509851354449,,,,,,
2133,7.691696643829346,4.925548830986825,1.7021238858040795,,,,,,
2134,7.668376445770264,4.93252170095933,1.6997386734609174,,,,,,
2135,7.670840740203857,4.918134506657106,1.6973542168992863,,,,,,
2136,7.668231964111328,4.949800770457198,1.694970518692693,,,,,,
2137,7.715785264968872,4.9283610142209735,1.6925875814138298,,,,,,
2138,7.672289848327637,4.9684802629648885,1.6902054076345636,,,,,,
2139,7.7060253620147705,4.94449689871529,1.6878239999259383,,,,,,
2140,7.694689989089966,4.9375912856414,1.6854433608581727,,,,,,
2141,7.689630031585693,4.987840649658537,1.6830634930006543,,,,,,
2142,7.701216220855713,4.920809866702286,1.6806843989219378,,,,,,
2143,7.705278396606445,4.926296544335688,1.6783060811897448,,,,,,
2144,7.672004461288452,4.978805889293263,1.675928542370958,,,,,,
2145,7.718657970428467,4.951295771450431,1.673551785031618,,,,,,
2146,7.713861703872681,5.004939205010865,1.6711758117369246,,,,,,
2147,7.7150795459747314,4.98675002241656,1.6688006250512302,,,,,,
2148,7.751466274261475,4.951629253472472,1.666426227538037,,,,,,
2149,7.71616530418396,4.95996140010022,1.664052621759998,,,,,,
2150,7.709006309509277,4.992957863314398,1.661679810278908,,,,,,
2151,7.730009317398071,4.961889709917009,1.6593077956557094,,,,,,
2152,7.7354278564453125,4.936857667462579,1.6569365804504808,,,,,,
2153,7.731390476226807,4.964179798371657,1.6545661672224388,,,,,,
2154,7.716110706329346,4.9663997923656105,1.6521965585299354,,,,,,
2155,7.757025957107544,4.943506013454761,1.6498277569304536,,,,,,
2156,7.715321779251099,4.968098774389422,1.6474597649806044,,,,,,
2157,7.720650672912598,4.947875117333222,1.6450925852361276,,,,,,
2158,7.710687875747681,4.961306961370778,1.6427262202518833,,,,,,
2159,7.720207214355469,4.915183950814006,1.6403606725818538,,,,,,
2160,7.680500030517578,4.935187368657631,1.6379959447791403,,,,,,
2161,7.672444581985474,4.945001039713546,1.6356320393959576,,,,,,
2162,7.6800291538238525,4.966621715146218,1.6332689589836324,,,,,,
2163,7.685331583023071,4.89096885954662,1.6309067060926028,,,,,,
2164,7.6794726848602295,4.9443795360167355,1.6285452832724128,,,,,,
2165,7.701583385467529,4.950073159573156,1.626184693071709,,,,,,
2166,7.687001705169678,4.930206894974833,1.6238249380382435,,,,,,
2167,7.66780161857605,4.949917499511757,1.6214660207188631,,,,,,
2168,7.696998357772827,4.931427684724581,1.6191079436595115,,,,,,
2169,7.690414905548096,4.950049299467904,1.6167507094052267,,,,,,
2170,7.704852342605591,4.938033597022169,1.6143943205001359,,,,,,
2171,7.6923441886901855,4.938375339275453,1.6120387794874536,,,,,,
2172,7.696192026138306,4.992562237058596,1.609684088909481,,,,,,
2173,7.732471466064453,4.929694252519472,1.6073302513075998,,,,,,
2174,7.678788423538208,4.980556146350601,1.60497726922227,,,,,,
2175,7.731077432632446,4.942376831381937,1.6026251451930327,,,,,,
2176,7.692905902862549,4.9806096335235415,1.600273881758498,,,,,,
2177,7.688332557678223,4.947406717666164,1.5979234814563499,,,,,,
2178,7.682274580001831,4.949968522691847,1.5955739468233403,,,,,,
2179,7.694119930267334,4.9400807660201504,1.5932252803952867,,,,,,
2180,7.686635971069336,4.959395032253859,1.5908774847070677,,,,,,
2181,7.707715034484863,4.928399088605299,1.5885305622926267,,,,,,
2182,7.703676700592041,4.924752012634598,1.5861845156849597,,,,,,
2183,7.6685028076171875,4.937512088363365,1.5838393474161212,,,,,,
2184,7.680109262466431,4.918725542304293,1.5814950600172148,,,,,,
2185,7.688248872756958,4.982626340086466,1.5791516560183951,,,,,,
2186,7.707581281661987,4.936183975161977,1.5768091379488631,,,,,,
2187,7.726259469985962,4.90530454841755,1.5744675083368633,,,,,,
2188,7.693416118621826,4.920620281622127,1.5721267697096801,,,,,,
2189,7.67838978767395,4.918556621036577,1.569786924593639,,,,,,
2190,7.679219484329224,4.924343272354344,1.5674479755141004,,,,,,
2191,7.67875075340271,4.891332004328953,1.5651099249954543,,,,,,
2192,7.703570365905762,4.938784753504272,1.5627727755611263,,,,,,
2193,7.705193042755127,4.940259844841728,1.5604365297335652,,,,,,
2194,7.701316833496094,4.94522449045847,1.5581011900342452,,,,,,
2195,7.676625728607178,4.950195431207989,1.5557667589836652,,,,,,
2196,7.68689227104187,4.921777401981081,1.5534332391013408,,,,,,
2197,7.666043281555176,4.901555662500046,1.5511006329058046,,,,,,
2198,7.677745819091797,4.918988640715436,1.5487689429146039,,,,,,
2199,7.6666343212127686,4.891291793601868,1.5464381716442968,,,,,,
2200,7.657761096954346,4.902234620261934,1.5441083216104488,,,,,,
2201,7.662442684173584,4.927251744410689,1.541779395327633,,,,,,
2202,7.672720909118652,4.931943394137191,1.5394513953094247,,,,,,
2203,7.6615166664123535,4.905215275999475,1.5371243240683978,,,,,,
2204,7.652552604675293,4.917757006629963,1.5347981841161273,,,,,,
2205,7.659773588180542,4.915130614432294,1.5324729779631803,,,,,,
2206,7.68742299079895,4.973514828990747,1.530148708119116,,,,,,
2207,7.681954860687256,4.943400340084271,1.5278253770924857,,,,,,
2208,7.681595325469971,4.8907292639136415,1.5255029873908246,,,,,,
2209,7.699356317520142,4.979670866484197,1.5231815415206518,,,,,,
2210,7.699760913848877,4.956720442607485,1.5208610419874715,,,,,,
2211,7.70533561706543,4.942758139890217,1.5185414912957624,,,,,,
2212,7.686161518096924,4.930756077032514,1.5162228919489813,,,,,,
2213,7.6662774085998535,4.948744616656869,1.5139052464495577,,,,,,
2214,7.669312000274658,4.895094104531034,1.5115885572988905,,,,,,
2215,7.6732563972473145,4.960109626474853,1.509272826997349,,,,,,
2216,7.707024812698364,4.967216015263101,1.5069580580442656,,,,,,
2217,7.715619802474976,4.914839213189205,1.5046442529379342,,,,,,
2218,7.68685507774353,4.994092217807112,1.5023314141756123,,,,,,
2219,7.718094825744629,4.943781515046064,1.5000195442535114,,,,,,
2220,7.731635570526123,4.932591109640764,1.4977086456667967,,,,,,
2221,7.702248573303223,4.94755296891632,1.4953987209095874,,,,,,
2222,7.693937063217163,4.968830406214631,1.4930897724749506,,,,,,
2223,7.705562114715576,4.944721145124571,1.4907818028548983,,,,,,
2224,7.682471990585327,4.945323010870546,1.4884748145403897,,,,,,
2225,7.690382957458496,4.905138320938893,1.486168810021321,,,,,,
2226,7.669034481048584,4.9278033854482155,1.4838637917865287,,,,,,
2227,7.680688142776489,4.932378772931304,1.4815597623237846,,,,,,
2228,7.674120664596558,4.890684678837268,1.479256724119793,,,,,,
2229,7.70229434967041,4.912406719462825,1.476954679660188,,,,,,
2230,7.680507659912109,4.89823714557869,1.474653631429532,,,,,,
2231,7.658279895782471,4.962547134410643,1.4723535819113118,,,,,,
2232,7.696727514266968,4.931498636409352,1.4700545335879354,,,,,,
2233,7.673810958862305,4.94411333435418,1.4677564889407326,,,,,,
2234,7.669971466064453,4.947374212531305,1.4654594504499483,,,,,,
2235,7.679246187210083,4.9975830824862415,1.4631634205947404,,,,,,
2236,7.724898099899292,4.982599570632884,1.4608684018531803,,,,,,
2237,7.68504524230957,4.951122239219531,1.458574396702247,,,,,,
2238,7.69453239440918,4.948271461050484,1.4562814076178257,,,,,,
2239,7.689797401428223,4.942911907240961,1.4539894370747057,,,,,,
2240,7.707749128341675,4.939941715051187,1.4516984875465762,,,,,,
2241,7.693254470825195,4.942780451177047,1.4494085615060235,,,,,,
2242,7.6909589767456055,4.9620842095480135,1.447119661424532,,,,,,
2243,7.685227632522583,4.927057626770764,1.4448317897724758,,,,,,
2244,7.682137966156006,4.957148674859832,1.442544949019122,,,,,,
2245,7.682053089141846,4.910440946046398,1.440259141632622,,,,,,
2246,7.676232576370239,4.944062077567996,1.4379743700800132,,,,,,
2247,7.697151184082031,4.906690649268405,1.4356906368272166,,,,,,
2248,7.689593315124512,4.919978165646578,1.433407944339031,,,,,,
2249,7.684488773345947,4.906082295288651,1.4311262950791306,,,,,,
2250,7.6726672649383545,4.926717339893466,1.4288456915100667,,,,,,
2251,7.681040287017822,4.9295223009897144,1.4265661360932602,,,,,,
2252,7.665786266326904,4.9225590666168575,1.4242876312889996,,,,,,
2253,7.656670570373535,4.94320592968478,1.422010179556443,,,,,,
2254,7.673281192779541,4.920460210315714,1.4197337833536094,,,,,,
2255,7.67278528213501,4.945618745155752,1.4174584451373777,,,,,,
2256,7.665881633758545,4.928788206174255,1.4151841673634877,,,,,,
2257,7.662574291229248,4.935457561475274,1.4129109524865326,,,,,,
2258,7.690366268157959,4.931619530470057,1.4106388029599588,,,,,,
2259,7.6684794425964355,4.925748758701039,1.4083677212360637,,,,,,
2260,7.675472259521484,4.921417545530353,1.4060977097659915,,,,,,
2261,7.6613359451293945,4.900119264352412,1.4038287709997306,,,,,,
2262,7.667468547821045,4.936912046349079,1.4015609073861144,,,,,,
2263,7.679374933242798,4.901923619768417,1.3992941213728134,,,,,,
2264,7.688511848449707,4.912429425975072,1.397028415406334,,,,,,
2265,7.681010723114014,4.919868052557199,1.3947637919320208,,,,,,
2266,7.682250022888184,4.9596363732151065,1.3925002533940467,,,,,,
2267,7.664989233016968,4.894571961626673,1.3902378022354145,,,,,,
2268,7.671200275421143,4.918989182721676,1.3879764408979554,,,,,,
2269,7.67123556137085,4.915887245317784,1.3857161718223217,,,,,,
2270,7.6552653312683105,4.9213305355822765,1.3834569974479867,,,,,,
2271,7.6587066650390625,4.925675363075443,1.3811989202132469,,,,,,
2272,7.669958591461182,4.95601670515447,1.3789419425552074,,,,,,
2273,7.656209945678711,4.935761588476003,1.3766860669097911,,,,,,
2274,7.678863286972046,4.917334632977806,1.374431295711732,,,,,,
2275,7.683807849884033,4.949663399647423,1.372177631394569,,,,,,
2276,7.672911167144775,4.943767951254689,1.3699250763906508,,,,,,
2277,7.6801533699035645,4.932446047475701,1.3676736331311237,,,,,,
2278,7.632697582244873,4.9212843529610595,1.3654233040459371,,,,,,
2279,7.656105041503906,4.8973942591023105,1.3631740915638388,,,,,,
2280,7.653177738189697,4.909298244096132,1.3609259981123685,,,,,,
2281,7.66375994682312,4.924025232797916,1.3586790261178605,,,,,,
2282,7.6445372104644775,4.9173065033953565,1.3564331780054377,,,,,,
2283,7.652761459350586,4.9339791860171385,1.35418845619901,,,,,,
2284,7.641222715377808,4.945118256433357,1.3519448631212714,,,,,,
2285,7.661149978637695,4.894177440437978,1.3497024011936996,,,,,,
2286,7.663232326507568,4.904174259071896,1.3474610728365493,,,,,,
2287,7.658787727355957,4.907968148351016,1.3452208804688517,,,,,,
2288,7.636900901794434,4.910472376994268,1.3429818265084148,,,,,,
2289,7.654242038726807,4.910151452352461,1.3407439133718144,,,,,,
2290,7.65913987159729,4.909762271820146,1.3385071434743974,,,,,,
2291,7.64389705657959,4.899772424473293,1.336271519230275,,,,,,
2292,7.648883819580078,4.914251524024495,1.3340370430523232,,,,,,
2293,7.6486430168151855,4.895223635400013,1.3318037173521782,,,,,,
2294,7.642259120941162,4.893206121342036,1.329571544540236,,,,,,
2295,7.652026176452637,4.930288950669054,1.3273405270256469,,,,,,
2296,7.685757637023926,4.906529419155458,1.3251106672163129,,,,,,
2297,7.670840501785278,4.9180690480241065,1.3228819675188908,,,,,,
2298,7.661980628967285,4.9204132893789305,1.3206544303387813,,,,,,
2299,7.678631782531738,4.9776352362235725,1.318428058080131,,,,,,
2300,7.695695877075195,4.919510298761828,1.316202853145833,,,,,,
2301,7.662250280380249,4.909519620860094,1.3139788179375143,,,,,,
2302,7.695611238479614,4.942819213546355,1.3117559548555435,,,,,,
2303,7.666397571563721,4.929673053718997,1.3095342662990244,,,,,,
2304,7.6568145751953125,4.912816107824533,1.3073137546657914,,,,,,
2305,7.664714336395264,4.907781337268018,1.3050944223524088,,,,,,
2306,7.658276557922363,4.9113219999485,1.30287627175417,,,,,,
2307,7.656256675720215,4.926975056341058,1.30065930526509,,,,,,
2308,7.664158821105957,4.9033576974957,1.2984435252779092,,,,,,
2309,7.671024322509766,4.943502030119964,1.2962289341840847,,,,,,
2310,7.678950309753418,4.95685765380314,1.2940155343737916,,,,,,
2311,7.726833343505859,4.910339382940024,1.2918033282359191,,,,,,
2312,7.697177886962891,4.989044511488649,1.2895923181580675,,,,,,
2313,7.708142518997192,4.9030844898560755,1.2873825065265463,,,,,,
2314,7.68869948387146,4.942023729856922,1.2851738957263736,,,,,,
2315,7.683759689331055,4.904496625053271,1.2829664881412695,,,,,,
2316,7.678146839141846,4.946410149862227,1.2807602861536544,,,,,,
2317,7.68462872505188,4.92002916656892,1.278555292144651,,,,,,
2318,7.669221878051758,4.931919228639595,1.2763515084940753,,,,,,
2319,7.679825305938721,4.905364713315907,1.2741489375804376,,,,,,
2320,7.6612279415130615,4.938717098773478,1.2719475817809398,,,,,,
2321,7.655460357666016,4.918421457152691,1.2697474434714724,,,,,,
2322,7.67039680480957,4.92926664669239,1.2675485250266103,,,,,,
2323,7.665985107421875,4.950431613184205,1.2653508288196156,,,,,,
2324,7.6754302978515625,4.928095804532101,1.263154357222427,,,,,,
2325,7.6675074100494385,4.9184734089420665,1.260959112605663,,,,,,
2326,7.657690048217773,4.940006537633948,1.2587650973386195,,,,,,
2327,7.652796030044556,4.89758415559042,1.256572313789264,,,,,,
2328,7.640831470489502,4.900247085184686,1.2543807643242335,,,,,,
2329,7.63757061958313,4.927162862004504,1.2521904513088369,,,,,,
2330,7.656343221664429,4.916947646738603,1.250001377107044,,,,,,
2331,7.642650127410889,4.891741797942089,1.2478135440814893,,,,,,
2332,7.637765884399414,4.911386848799414,1.24562695459347,,,,,,
2333,7.643513202667236,4.908908138964936,1.2434416110029385,,,,,,
2334,7.646754264831543,4.908987881658055,1.2412575156685022,,,,,,
2335,7.638083219528198,4.9196890156443525,1.2390746709474245,,,,,,
2336,7.657393455505371,4.899930167940106,1.2368930791956159,,,,,,
2337,7.664028167724609,4.9082181415605985,1.2347127427676343,,,,,,
2338,7.65179967880249,4.901383822660069,1.2325336640166868,,,,,,
2339,7.656962156295776,4.895988296921058,1.2303558452946184,,,,,,
2340,7.646205186843872,4.882949382542963,1.2281792889519167,,,,,,
2341,7.628768444061279,4.890268389571104,1.2260039973377064,,,,,,
2342,7.643524169921875,4.887493829149674,1.2238299727997457,,,,,,
2343,7.642184495925903,4.895752135798949,1.2216572176844285,,,,,,
2344,7.657096862792969,4.888936465482335,1.2194857343367762,,,,,,
2345,7.658842086791992,4.914684508205764,1.217315525100437,,,,,,
2346,7.675490617752075,4.9092847422655135,1.2151465923176872,,,,,,
2347,7.660092353820801,4.928209492296006,1.212978938329422,,,,,,
2348,7.654849290847778,4.909951395302685,1.2108125654751583,,,,,,
2349,7.646921634674072,4.918862258214927,1.2086474760930295,,,,,,
2350,7.663357973098755,4.897067782656298,1.206483672519784,,,,,,
2351,7.655472755432129,4.879965150326215,1.2043211570907821,,,,,,
2352,7.6411168575286865,4.922542691932595,1.2021599321399952,,,,,,
2353,7.651461839675903,4.886234396540687,1.2000000000000004,,,,,,
2354,7.64628267288208,4.897746766485819,1.1978413630019793,,,,,,
2355,7.638545274734497,4.925607839284372,1.1956840234757178,,,,,,
2356,7.642138481140137,4.942147876556628,1.1935279837495998,,,,,,
2357,7.678109884262085,4.8902044781523655,1.1913732461506048,,,,,,
2358,7.651685953140259,4.93402305303049,1.1892198130043121,,,,,,
2359,7.648468017578125,4.907354089570106,1.1870676866348868,,,,,,
2360,7.6630964279174805,4.910009004169397,1.1849168693650869,,,,,,
2361,7.643820524215698,4.934846609555141,1.1827673635162583,,,,,,
2362,7.6757588386535645,4.915943738088776,1.1806191714083298,,,,,,
2363,7.657794952392578,4.945537200587652,1.1784722953598121,,,,,,
2364,7.651787519454956,4.930551082171544,1.1763267376877982,,,,,,
2365,7.64528751373291,4.897823865720461,1.1741825007079552,,,,,,
2366,7.647000074386597,4.944167657295528,1.1720395867345244,,,,,,
2367,7.6737096309661865,4.918353634786967,1.1698979980803235,,,,,,
2368,7.648484230041504,4.888180775638385,1.1677577370567354,,,,,,
2369,7.661252498626709,4.886793738758995,1.1656188059737116,,,,,,
2370,7.633064270019531,4.921019561356912,1.1634812071397687,,,,,,
2371,7.644048690795898,4.927975665831185,1.1613449428619838,,,,,,
2372,7.648807525634766,4.928691611558675,1.159210015445997,,,,,,
2373,7.655195474624634,4.900931011236847,1.1570764271960021,,,,,,
2374,7.646508455276489,4.914860089753635,1.154944180414748,,,,,,
2375,7.640838623046875,4.904827062375812,1.152813277403539,,,,,,
2376,7.656456232070923,4.933411982602888,1.1506837204622247,,,,,,
2377,7.6714606285095215,4.9318462781689565,1.1485555118892048,,,,,,
2378,7.692947626113892,4.927692039359809,1.1464286539814228,,,,,,
2379,7.673948287963867,4.913433750503899,1.144303149034364,,,,,,
2380,7.677688360214233,4.9064428896539045,1.1421789993420535,,,,,,
2381,7.659527778625488,4.929427550959928,1.1400562071970557,,,,,,
2382,7.657250165939331,4.920648958023302,1.1379347748904678,,,,,,
2383,7.667802572250366,4.879249070250156,1.135814704711918,,,,,,
2384,7.654133319854736,4.9112046811638805,1.1336959989495692,,,,,,
2385,7.6470160484313965,4.898539679505626,1.131578659890107,,,,,,
2386,7.658173561096191,4.89611796454485,1.1294626898187428,,,,,,
2387,7.658030986785889,4.89008524881079,1.1273480910192144,,,,,,
2388,7.647713661193848,4.89739603611278,1.1252348657737734,,,,,,
2389,7.661465644836426,4.9178851408753905,1.1231230163631925,,,,,,
2390,7.6306493282318115,4.892186953301586,1.1210125450667603,,,,,,
2391,7.641602993011475,4.895274634317152,1.1189034541622762,,,,,,
2392,7.648780345916748,4.909809702278888,1.1167957459260496,,,,,,
2393,7.659739971160889,4.93458155968091,1.1146894226328998,,,,,,
2394,7.642080307006836,4.870943755838829,1.1125844865561492,,,,,,
2395,7.621852397918701,4.913181266832793,1.1104809399676223,,,,,,
2396,7.664584636688232,4.939867966710469,1.108378785137648,,,,,,
2397,7.64725399017334,4.946153750832688,1.106278024335049,,,,,,
2398,7.690466642379761,4.91420810938483,1.1041786598271448,,,,,,
2399,7.668118238449097,4.948368142090293,1.102080693879748,,,,,,
2400,7.6635096073150635,4.926309057400946,1.0999841287571626,,,,,,
2401,7.678287744522095,4.923948441963421,1.0978889667221776,,,,,,
2402,7.655181884765625,4.917126554516407,1.0957952100360724,,,,,,
2403,7.6723792552948,4.922607857204466,1.093702860958605,,,,,,
2404,7.668397903442383,4.909261000667729,1.091611921748019,,,,,,
2405,7.658128499984741,4.888614804730684,1.0895223946610317,,,,,,
2406,7.668536901473999,4.886272002509705,1.087434281952839,,,,,,
2407,7.649242877960205,4.907178657209302,1.0853475858771091,,,,,,
2408,7.662380218505859,4.917312152251363,1.0832623086859823,,,,,,
2409,7.674610614776611,4.916630088230258,1.0811784526300656,,,,,,
2410,7.653395891189575,4.9290065250043815,1.0790960199584352,,,,,,
2411,7.658930063247681,4.892271485621434,1.0770150129186293,,,,,,
2412,7.652087211608887,4.9159548326737745,1.0749354337566457,,,,,,
2413,7.661135196685791,4.925848701202739,1.0728572847169453,,,,,,
2414,7.666467666625977,4.937573951267214,1.070780568042442,,,,,,
2415,7.647435188293457,4.938720712549451,1.068705285974504,,,,,,
2416,7.685763359069824,4.914252073449984,1.0666314407529554,,,,,,
2417,7.653699636459351,4.925388647389071,1.0645590346160623,,,,,,
2418,7.649718284606934,4.880812176142148,1.0624880698005426,,,,,,
2419,7.6253626346588135,4.898783297775371,1.060418548541559,,,,,,
2420,7.637354612350464,4.8938840718907,1.0583504730727133,,,,,,
2421,7.646481275558472,4.887998721497314,1.0562838456260482,,,,,,
2422,7.642005920410156,4.87757592706544,1.0542186684320447,,,,,,
2423,7.634174346923828,4.9186941775281054,1.0521549437196174,,,,,,
2424,7.647277355194092,4.889011982411673,1.0500926737161118,,,,,,
2425,7.635373115539551,4.863403103550108,1.048031860647307,,,,,,
2426,7.626312494277954,4.906621940001608,1.0459725067374066,,,,,,
2427,7.6497766971588135,4.89872379980737,1.0439146142090407,,,,,,
2428,7.630640745162964,4.924737366234384,1.0418581852832611,,,,,,
2429,7.629806041717529,4.889263440421693,1.0398032221795417,,,,,,
2430,7.639937877655029,4.937350287770302,1.0377497271157714,,,,,,
2431,7.64963173866272,4.897212434957968,1.0356977023082587,,,,,,
2432,7.634706020355225,4.8976660324205765,1.0336471499717215,,,,,,
2433,7.631075620651245,4.917286622012935,1.0315980723192917,,,,,,
2434,7.6453917026519775,4.924018470853993,1.0295504715625075,,,,,,
2435,7.646196365356445,4.92684949657514,1.0275043499113132,,,,,,
2436,7.661654472351074,4.896234524159796,1.0254597095740576,,,,,,
2437,7.651644945144653,4.906356235428754,1.0234165527574899,,,,,,
2438,7.63499116897583,4.899056359436253,1.021374881666758,,,,,,
2439,7.628091335296631,4.89284115703894,1.0193346985054084,,,,,,
2440,7.638559579849243,4.911616218300604,1.0172960054753792,,,,,,
2441,7.628954887390137,4.896853478843169,1.0152588047770006,,,,,,
2442,7.652169466018677,4.893968049571532,1.0132230986089943,,,,,,
2443,7.655529499053955,4.900757839541359,1.0111888891684662,,,,,,
2444,7.644967794418335,4.9068499357385535,1.0091561786509078,,,,,,
2445,7.6444783210754395,4.8702319428337235,1.0071249692501942,,,,,,
2446,7.628365516662598,4.940972425638877,1.0050952631585792,,,,,,
2447,7.666457414627075,4.932137005864521,1.003067062566692,,,,,,
2448,7.673736333847046,4.917966067239554,1.0010403696635408,,,,,,
2449,7.658691167831421,4.980648954742791,0.9990151866365049,,,,,,
2450,7.680471658706665,4.939919204647747,0.9969915156713323,,,,,,
2451,7.670637845993042,4.894298214186532,0.9949693589521428,,,,,,
2452,7.680656909942627,4.901475325063861,0.992948718661419,,,,,,
2453,7.651799201965332,4.891724005579648,0.9909295969800063,,,,,,
2454,7.66483211517334,4.908998999904443,0.9889119960871142,,,,,,
2455,7.668709754943848,4.914580567129727,0.9868959181603087,,,,,,
2456,7.655363321304321,4.918478543263108,0.9848813653755121,,,,,,
2457,7.666407823562622,4.929058075151692,0.9828683399070007,,,,,,
2458,7.650747537612915,4.921870462226707,0.9808568439274028,,,,,,
2459,7.6227521896362305,4.92469218240454,0.9788468796076953,,,,,,
2460,7.669430494308472,4.900169701211286,0.976838449117204,,,,,,
2461,7.641905069351196,4.93037444668923,0.9748315546235964,,,,,,
2462,7.6406543254852295,4.920071747044338,0.9728261982928835,,,,,,
2463,7.650791168212891,4.946650757721435,0.9708223822894178,,,,,,
2464,7.658998727798462,4.904050427790546,0.9688201087758864,,,,,,
2465,7.65114688873291,4.9086088251927205,0.9668193799133137,,,,,,
2466,7.645709991455078,4.890145410901865,0.9648201978610557,,,,,,
2467,7.626564025878906,4.927483823140997,0.9628225647767993,,,,,,
2468,7.636450290679932,4.880671270761899,0.9608264828165612,,,,,,
2469,7.6232781410217285,4.909176992708339,0.9588319541346821,,,,,,
2470,7.6160948276519775,4.863216621320322,0.9568389808838257,,,,,,
2471,7.617299318313599,4.896174605500307,0.9548475652149802,,,,,,
2472,7.624542236328125,4.8910996053678035,0.9528577092774491,,,,,,
2473,7.623617649078369,4.901475571904291,0.9508694152188537,,,,,,
2474,7.643426418304443,4.893990412191546,0.9488826851851317,,,,,,
2475,7.629787445068359,4.916248676654568,0.9468975213205306,,,,,,
2476,7.6192626953125,4.901967276636546,0.9449139257676054,,,,,,
2477,7.63661527633667,4.872248695716825,0.942931900667224,,,,,,
2478,7.620825529098511,4.91689211766794,0.9409514481585548,,,,,,
2479,7.625586748123169,4.939508159988763,0.9389725703790703,,,,,,
2480,7.66671347618103,4.9371839848960315,0.9369952694645448,,,,,,
2481,7.660115480422974,4.911915552726406,0.9350195475490486,,,,,,
2482,7.644969463348389,4.88496735118035,0.9330454067649481,,,,,,
2483,7.635673522949219,4.917903417694759,0.9310728492429056,,,,,,
2484,7.630317449569702,4.926790966117352,0.9291018771118713,,,,,,
2485,7.643763303756714,4.911476006720425,0.9271324924990866,,,,,,
2486,7.642402648925781,4.910658101859065,0.9251646975300781,,,,,,
2487,7.665930509567261,4.886792944097238,0.9231984943286575,,,,,,
2488,7.638463497161865,4.8834576215736,0.9212338850169179,,,,,,
2489,7.639285564422607,4.915740492767,0.919270871715234,,,,,,
2490,7.651711702346802,4.913142833116177,0.9173094565422559,,,,,,
2491,7.631329298019409,4.912935200210777,0.9153496416149083,,,,,,
2492,7.661375045776367,4.905433025753127,0.9133914290483922,,,,,,
2493,7.637543201446533,4.912063974207244,0.9114348209561761,,,,,,
2494,7.63420844078064,4.902158976002236,0.9094798194499973,,,,,,
2495,7.6407105922698975,4.905147901395472,0.9075264266398599,,,,,,
2496,7.646484375,4.893517280046032,0.9055746446340304,,,,,,
2497,7.627088308334351,4.8917123140458605,0.9036244755390396,,,,,,
2498,7.629052639007568,4.881974105578295,0.9016759214596748,,,,,,
2499,7.646592140197754,4.902566781056038,0.8997289844989805,,,,,,
2500,7.616254091262817,4.92072873199758,0.8977836667582582,,,,,,
2501,7.649016857147217,4.923476137164463,0.895839970337059,,,,,,
2502,7.637149810791016,4.887811533436242,0.8938978973331844,,,,,,
2503,7.635890483856201,4.898037846695986,0.8919574498426864,,,,,,
2504,7.647762775421143,4.89599979214552,0.8900186299598613,,,,,,
2505,7.641223192214966,4.876133132522301,0.8880814397772449,,,,,,
2506,7.626672267913818,4.888769659903794,0.8861458813856204,,,,,,
2507,7.630767822265625,4.903247739207955,0.8842119568740062,,,,,,
2508,7.631818771362305,4.921528750051461,0.8822796683296571,,,,,,
2509,7.658335208892822,4.8751960017282086,0.8803490178380647,,,,,,
2510,7.629448652267456,4.880829941434355,0.8784200074829501,,,,,,
2511,7.616332054138184,4.890789661415491,0.8764926393462644,,,,,,
2512,7.629702806472778,4.874806065836105,0.8745669155081889,,,,,,
2513,7.636088848114014,4.872844214796318,0.8726428380471275,,,,,,
2514,7.616532802581787,4.907492853193547,0.8707204090397083,,,,,,
2515,7.6374688148498535,4.9172303259523105,0.8687996305607797,,,,,,
2516,7.645929336547852,4.893856452231251,0.8668805046834094,,,,,,
2517,7.617711544036865,4.8983003926738355,0.8649630334788799,,,,,,
2518,7.624728202819824,4.881977162108489,0.8630472190166909,,,,,,
2519,7.629519462585449,4.91968931602369,0.8611330633645514,,,,,,
2520,7.6162402629852295,4.9040183658054435,0.8592205685883801,,,,,,
2521,7.626677513122559,4.905862825472281,0.8573097367523055,,,,,,
2522,7.626931667327881,4.922307552461167,0.8554005699186588,,,,,,
2523,7.62240743637085,4.8949774159815655,0.8534930701479752,,,,,,
2524,7.645137310028076,4.893120312309747,0.8515872394989903,,,,,,
2525,7.640120983123779,4.876782460208697,0.8496830800286385,,,,,,
2526,7.630195617675781,4.887296813791594,0.8477805937920502,,,,,,
2527,7.635303258895874,4.913226709333761,0.8458797828425513,,,,,,
2528,7.6240222454071045,4.882324963883255,0.8439806492316568,,,,,,
2529,7.619302749633789,4.893023543843108,0.8420831950090754,,,,,,
2530,7.604454517364502,4.896979820237028,0.8401874222226994,,,,,,
2531,7.604705095291138,4.892195784012944,0.8382933329186076,,,,,,
2532,7.61897349357605,4.878974168013885,0.8364009291410633,,,,,,
2533,7.606091022491455,4.8944503152139855,0.8345102129325099,,,,,,
2534,7.607674598693848,4.87662123029627,0.8326211863335664,,,,,,
2535,7.612436294555664,4.864264275267708,0.830733851383033,,,,,,
2536,7.615996360778809,4.860545772980801,0.8288482101178817,,,,,,
2537,7.610642671585083,4.89822988333674,0.8269642645732553,,,,,,
2538,7.615854024887085,4.899141189328154,0.8250820167824703,,,,,,
2539,7.61974024772644,4.883125430901979,0.8232014687770072,,,,,,
2540,7.622296094894409,4.878622025577234,0.8213226225865123,,,,,,
2541,7.6239495277404785,4.9065848335285365,0.8194454802387977,,,,,,
2542,7.6173319816589355,4.915557606667406,0.8175700437598348,,,,,,
2543,7.654529094696045,4.861484416098631,0.8156963151737533,,,,,,
2544,7.617201089859009,4.905025538924965,0.8138242965028405,,,,,,
2545,7.612765789031982,4.883422352668114,0.811953989767538,,,,,,
2546,7.607609748840332,4.899398127155608,0.8100853969864391,,,,,,
2547,7.618598699569702,4.91434537251523,0.8082185201762896,,,,,,
2548,7.633057594299316,4.897564657402199,0.8063533613519803,,,,,,
2549,7.605191946029663,4.892971058068303,0.804489922526549,,,,,,
2550,7.620915412902832,4.898817010443184,0.8026282057111784,,,,,,
2551,7.617841005325317,4.858315073411138,0.8007682129151906,,,,,,
2552,7.6191816329956055,4.871064836182847,0.7989099461460482,,,,,,
2553,7.622720241546631,4.898491232008168,0.7970534074093506,,,,,,
2554,7.627839803695679,4.883246014356813,0.7951985987088319,,,,,,
2555,7.602487802505493,4.878041106978818,0.7933455220463587,,,,,,
2556,7.622686862945557,4.903233950031816,0.7914941794219301,,,,,,
2557,7.637923002243042,4.892504581189938,0.7896445728336722,,,,,,
2558,7.620744705200195,4.909925985175888,0.7877967042778361,,,,,,
2559,7.609782695770264,4.8821231759426675,0.7859505757488006,,,,,,
2560,7.610137224197388,4.876426522725765,0.7841061892390627,,,,,,
2561,7.612411737442017,4.917387982994894,0.7822635467392428,,,,,,
2562,7.6160430908203125,4.877866220033098,0.7804226502380772,,,,,,
2563,7.625252962112427,4.886619244632448,0.7785835017224154,,,,,,
2564,7.626577615737915,4.925182258711832,0.7767461031772253,,,,,,
2565,7.646484375,4.887976059701084,0.7749104565855826,,,,,,
2566,7.6402106285095215,4.902847293648427,0.7730765639286724,,,,,,
2567,7.612417459487915,4.930679464059482,0.7712444271857889,,,,,,
2568,7.650889873504639,4.902425615601023,0.7694140483343294,,,,,,
2569,7.645452976226807,4.894092505272945,0.767585429349793,,,,,,
2570,7.626481056213379,4.917022473677755,0.7657585722057826,,,,,,
2571,7.6337409019470215,4.916529537350115,0.7639334788739968,,,,,,
2572,7.629861116409302,4.905926784213799,0.7621101513242314,,,,,,
2573,7.615256071090698,4.895463424334514,0.7602885915243763,,,,,,
2574,7.614046573638916,4.898414194132722,0.7584688014404141,,,,,,
2575,7.641529560089111,4.955892684180963,0.7566507830364155,,,,,,
2576,7.654255151748657,4.928304294862097,0.7548345382745425,,,,,,
2577,7.637912034988403,4.901855833897378,0.7530200691150396,,,,,,
2578,7.639938831329346,4.893124685856953,0.7512073775162359,,,,,,
2579,7.615973472595215,4.889071019584136,0.7493964654345432,,,,,,
2580,7.628948926925659,4.918790134088245,0.7475873348244512,,,,,,
2581,7.6406590938568115,4.880609937432035,0.7457799876385272,,,,,,
2582,7.642416477203369,4.890172884783091,0.743974425827414,,,,,,
2583,7.607946395874023,4.889197864885387,0.7421706513398275,,,,,,
2584,7.617982625961304,4.897664118254255,0.7403686661225537,,,,,,
2585,7.649692535400391,4.905797090321855,0.7385684721204491,,,,,,
2586,7.635589122772217,4.868914976753639,0.7367700712764359,,,,,,
2587,7.62344217300415,4.9154783235667034,0.7349734655315,,,,,,
2588,7.640740633010864,4.88987256279505,0.7331786568246929,,,,,,
2589,7.626506328582764,4.882989951198697,0.7313856470931236,,,,,,
2590,7.637901306152344,4.880796496060037,0.7295944382719598,,,,,,
2591,7.622779607772827,4.913015813362308,0.7278050322944286,,,,,,
2592,7.622708559036255,4.8857021020980715,0.7260174310918059,,,,,,
2593,7.607097387313843,4.877044459568341,0.7242316365934254,,,,,,
2594,7.613740921020508,4.886140949290976,0.7224476507266672,,,,,,
2595,7.61538290977478,4.894144068654592,0.72066547541696,,,,,,
2596,7.614728689193726,4.88366283881153,0.71888511258778,,,,,,
2597,7.60888147354126,4.895500485490008,0.7171065641606454,,,,,,
2598,7.622838258743286,4.885119747373615,0.715329832055116,,,,,,
2599,7.604907274246216,4.907056661891376,0.713554918188794,,,,,,
2600,7.614014625549316,4.897339807226439,0.711781824477316,,,,,,
2601,7.619755983352661,4.871462171873794,0.7100105528343558,,,,,,
2602,7.607529163360596,4.9028492944394975,0.7082411051716199,,,,,,
2603,7.631501197814941,4.874148515014713,0.7064734833988469,,,,,,
2604,7.609722375869751,4.896690861731642,0.7047076894238034,,,,,,
2605,7.621338605880737,4.8827418031764696,0.7029437251522861,,,,,,
2606,7.609527111053467,4.871617793635825,0.7011815924881141,,,,,,
2607,7.633120059967041,4.891838984092411,0.6994212933331303,,,,,,
2608,7.622088432312012,4.888324785072128,0.6976628295872006,,,,,,
2609,7.625307083129883,4.893539339679946,0.6959062031482073,,,,,,
2610,7.636050701141357,4.905453055721055,0.6941514159120513,,,,,,
2611,7.614879131317139,4.921720722525736,0.6923984697726482,,,,,,
2612,7.627651214599609,4.905858532534215,0.6906473666219262,,,,,,
2613,7.639540195465088,4.867861394425016,0.6888981083498239,,,,,,
2614,7.61671257019043,4.930655874255527,0.687150696844291,,,,,,
2615,7.642904281616211,4.913560247701993,0.6854051339912819,,,,,,
2616,7.623461723327637,4.895054508197999,0.6836614216747555,,,,,,
2617,7.6274542808532715,4.90064649966908,0.6819195617766757,,,,,,
2618,7.6366705894470215,4.888471753182182,0.6801795561770052,,,,,,
2619,7.616503000259399,4.921683732755451,0.6784414067537051,,,,,,
2620,7.641375780105591,4.880568710468315,0.676705115382736,,,,,,
2621,7.611326217651367,4.909315965474404,0.6749706839380484,,,,,,
2622,7.625317573547363,4.897786164905365,0.67323811429159,,,,,,
2623,7.611551523208618,4.8771309299164205,0.6715074083132967,,,,,,
2624,7.604542016983032,4.8961255590488575,0.6697785678710927,,,,,,
2625,7.615398645401001,4.886733061330874,0.6680515948308908,,,,,,
2626,7.606153249740601,4.8887836333580434,0.6663264910565868,,,,,,
2627,7.612383842468262,4.896607034641519,0.6646032584100581,,,,,,
2628,7.623063564300537,4.89459419029916,0.6628818987511653,,,,,,
2629,7.613564729690552,4.897454461898996,0.6611624139377456,,,,,,
2630,7.645727157592773,4.894127567442051,0.6594448058256127,,,,,,
2631,7.625835657119751,4.888539245892614,0.6577290762685559,,,,,,
2632,7.618857383728027,4.885605725448006,0.6560152271183355,,,,,,
2633,7.613304853439331,4.876388745512453,0.654303260224683,,,,,,
2634,7.608351945877075,4.900340089084121,0.6525931774352999,,,,,,
2635,7.6092541217803955,4.876889112318534,0.650884980595852,,,,,,
2636,7.613812446594238,4.865791150960129,0.6491786715499698,,,,,,
2637,7.625619411468506,4.883161131126526,0.6474742521392487,,,,,,
2638,7.605478763580322,4.878581109620424,0.6457717242032418,,,,,,
2639,7.614625930786133,4.919084170969521,0.6440710895794622,,,,,,
2640,7.613309860229492,4.8871843989302475,0.6423723501033796,,,,,,
2641,7.605798006057739,4.872741519953645,0.6406755076084173,,,,,,
2642,7.614382743835449,4.8721864598453095,0.6389805639259519,,,,,,
2643,7.6236207485198975,4.924409793544156,0.6372875208853117,,,,,,
2644,7.626088619232178,4.886609698865873,0.635596380313772,,,,,,
2645,7.633440971374512,4.904007969431961,0.6339071440365545,,,,,,
2646,7.638753890991211,4.868447179248896,0.6322198138768282,,,,,,
2647,7.615450859069824,4.908166909037366,0.6305343916557025,,,,,,
2648,7.615656852722168,4.909859007200942,0.6288508791922276,,,,,,
2649,7.6312479972839355,4.890124375926436,0.6271692783033951,,,,,,
2650,7.628207206726074,4.869091925649106,0.6254895908041297,,,,,,
2651,7.623602867126465,4.886524228111248,0.6238118185072926,,,,,,
2652,7.62150764465332,4.894873734980295,0.6221359632236799,,,,,,
2653,7.62174916267395,4.845736989662164,0.6204620267620158,,,,,,
2654,7.61146092414856,4.900303937087448,0.6187900109289558,,,,,,
2655,7.622862100601196,4.887110092541668,0.6171199175290808,,,,,,
2656,7.63412070274353,4.900427216938105,0.615451748364897,,,,,,
2657,7.608483791351318,4.966116125589664,0.613785505236836,,,,,,
2658,7.656128168106079,4.913332951981245,0.6121211899432476,,,,,,
2659,7.6552112102508545,4.926420941084147,0.6104588042804026,,,,,,
2660,7.6448891162872314,4.910757391867866,0.6087983500424892,,,,,,
2661,7.6378419399261475,4.887452355947086,0.60713982902161,,,,,,
2662,7.64741849899292,4.893401137513208,0.605483243007782,,,,,,
2663,7.6462085247039795,4.890977352180834,0.6038285937889343,,,,,,
2664,7.612032890319824,4.8970775584196025,0.6021758831509046,,,,,,
2665,7.62638783454895,4.900555521625747,0.6005251128774376,,,,,,
2666,7.617034673690796,4.88299684929587,0.598876284750187,,,,,,
2667,7.63364052772522,4.888194308950682,0.5972294005487065,,,,,,
2668,7.6067304611206055,4.9025380108113845,0.5955844620504546,,,,,,
2669,7.622100830078125,4.874984227879094,0.5939414710307879,,,,,,
2670,7.60763144493103,4.88638672736435,0.5923004292629621,,,,,,
2671,7.617748498916626,4.860383562123304,0.5906613385181284,,,,,,
2672,7.619112730026245,4.9035902650943815,0.589024200565334,,,,,,
2673,7.620594024658203,4.903868372446354,0.5873890171715168,,,,,,
2674,7.60770320892334,4.905624432960812,0.5857557901015048,,,,,,
2675,7.620096683502197,4.87490876990271,0.5841245211180172,,,,,,
2676,7.6232850551605225,4.902467750119401,0.582495211981657,,,,,,
2677,7.630302429199219,4.923112007025614,0.5808678644509124,,,,,,
2678,7.63523006439209,4.90709734965614,0.5792424802821576,,,,,,
2679,7.642303705215454,4.869638740164177,0.577619061229643,,,,,,
2680,7.629223823547363,4.880970617018396,0.5759976090455002,,,,,,
2681,7.617311000823975,4.870852522934255,0.5743781254797399,,,,,,
2682,7.626850128173828,4.8878072826074295,0.5727606122802454,,,,,,
2683,7.602686405181885,4.884587213108778,0.571145071192774,,,,,,
2684,7.615394115447998,4.878952156705351,0.5695315039609562,,,,,,
2685,7.608728408813477,4.888759567318492,0.5679199123262896,,,,,,
2686,7.605826139450073,4.862243167084741,0.566310298028142,,,,,,
2687,7.601435899734497,4.889271703259698,0.5647026628037453,,,,,,
2688,7.591529846191406,4.8856800502844475,0.563097008388196,,,,,,
2689,7.615196466445923,4.858022043141525,0.561493336514453,,,,,,
2690,7.606734037399292,4.886525378495931,0.5598916489133351,,,,,,
2691,7.600464105606079,4.890535449259817,0.558291947313519,,,,,,
2692,7.6084558963775635,4.883630610996179,0.55669423344154,,,,,,
2693,7.600224018096924,4.883837545690064,0.5550985090217863,,,,,,
2694,7.599026918411255,4.862573315257079,0.5535047757764979,,,,,,
2695,7.598783016204834,4.8761553487625315,0.5519130354257693,,,,,,
2696,7.608863353729248,4.8937187629953165,0.5503232896875406,,,,,,
2697,7.612363815307617,4.890079045315767,0.5487355402776007,,,,,,
2698,7.607424259185791,4.9161909560980765,0.5471497889095841,,,,,,
2699,7.616328477859497,4.8554141234709896,0.5455660372949681,,,,,,
2700,7.599822759628296,4.887940325588614,0.5439842871430713,,,,,,
2701,7.6091227531433105,4.917247191109108,0.5424045401610542,,,,,,
2702,7.605723142623901,4.904051763455942,0.5408267980539136,,,,,,
2703,7.604529857635498,4.852383971715595,0.5392510625244819,,,,,,
2704,7.59889554977417,4.909349040086776,0.5376773352734282,,,,,,
2705,7.605203628540039,4.8671470452397685,0.5361056179992519,,,,,,
2706,7.606783628463745,4.893212425698745,0.5345359123982836,,,,,,
2707,7.607096910476685,4.896072199206276,0.5329682201646846,,,,,,
2708,7.615274906158447,4.908802830541305,0.5314025429904397,,,,,,
2709,7.629985094070435,4.901974032765382,0.5298388825653605,,,,,,
2710,7.604302883148193,4.9076168035839265,0.5282772405770841,,,,,,
2711,7.617462158203125,4.864054185989226,0.526717618711066,,,,,,
2712,7.605885744094849,4.91538157535261,0.5251600186505824,,,,,,
2713,7.608649253845215,4.876073533291572,0.5236044420767284,,,,,,
2714,7.603378057479858,4.887986133036441,0.5220508906684146,,,,,,
2715,7.621596336364746,4.90897777022385,0.5204993661023646,,,,,,
2716,7.60860276222229,4.912430670203232,0.5189498700531167,,,,,,
2717,7.618451356887817,4.876345344107125,0.5174024041930183,,,,,,
2718,7.602751970291138,4.880665593833057,0.5158569701922261,,,,,,
2719,7.612794637680054,4.879565807026509,0.5143135697187036,,,,,,
2720,7.61744499206543,4.907594510343919,0.5127722044382192,,,,,,
2721,7.620512008666992,4.891278792871358,0.5112328760143467,,,,,,
2722,7.631629467010498,4.922653467340365,0.5096955861084591,,,,,,
2723,7.608612298965454,4.884750757225428,0.5081603363797301,,,,,,
2724,7.611935138702393,4.922998109317007,0.5066271284851331,,,,,,
2725,7.6241230964660645,4.859973021772752,0.5050959640794352,,,,,,
2726,7.599552154541016,4.899690774632061,0.5035668448151991,,,,,,
2727,7.613898992538452,4.9009882236750215,0.5020397723427809,,,,,,
2728,7.626718997955322,4.894321785342102,0.5005147483103265,,,,,,
2729,7.627513885498047,4.879490987306086,0.4989917743637707,,,,,,
2730,7.605844020843506,4.888271685304312,0.4974708521468379,,,,,,
2731,7.60795521736145,4.881492766740444,0.49595198330103585,,,,,,
2732,7.602511405944824,4.888576423750894,0.4944351694656564,,,,,,
2733,7.5934765338897705,4.896525445758444,0.49292041227777517,,,,,,
2734,7.618464946746826,4.881144700278947,0.4914077133722462,,,,,,
2735,7.6023149490356445,4.887359529909113,0.48989707438170194,,,,,,
2736,7.61307954788208,4.89135011210975,0.4883884969365545,,,,,,
2737,7.622223615646362,4.892862876189467,0.4868819826649868,,,,,,
2738,7.600550413131714,4.863932386379066,0.4853775331929568,,,,,,
2739,7.604830265045166,4.878809556327416,0.4838751501441958,,,,,,
2740,7.586364984512329,4.885969900503391,0.48237483514020285,,,,,,
2741,7.5867698192596436,4.88559526270232,0.4808765898002441,,,,,,
2742,7.59682035446167,4.847412458681278,0.47938041574135526,,,,,,
2743,7.59921669960022,4.890278838681413,0.47788631457833314,,,,,,
2744,7.5943803787231445,4.889600120541226,0.47639428792373867,,,,,,
2745,7.605178356170654,4.881441496519405,0.4749043373878947,,,,,,
2746,7.591249227523804,4.892829097550491,0.4734164645788822,,,,,,
2747,7.600257635116577,4.86969508254498,0.47193067110253945,,,,,,
2748,7.602014541625977,4.897879897495395,0.4704469585624613,,,,,,
2749,7.594948053359985,4.8900221747646215,0.46896532855999595,,,,,,
2750,7.600725412368774,4.886667006751687,0.46748578269424523,,,,,,
2751,7.616596937179565,4.878190873549504,0.46600832256206065,,,,,,
2752,7.589564085006714,4.875914027452269,0.4645329497580416,,,,,,
2753,7.600443601608276,4.890287420346619,0.46305966587453723,,,,,,
2754,7.590105056762695,4.895166767255111,0.4615884725016404,,,,,,
2755,7.601534843444824,4.907473147466867,0.46011937122718743,,,,,,
2756,7.593874931335449,4.864916570052267,0.45865236363675793,,,,,,
2757,7.5941712856292725,4.872909974410215,0.45718745131367045,,,,,,
2758,7.594060182571411,4.878592912843992,0.4557246358389827,,,,,,
2759,7.6075599193573,4.898032096376732,0.4542639187914907,,,,,,
2760,7.595345497131348,4.894195380383324,0.45280530174772343,,,,,,
2761,7.607255220413208,4.892236941195617,0.45134878628194436,,,,,,
2762,7.606841325759888,4.856207950863144,0.44989437396614934,,,,,,
2763,7.59825587272644,4.895600152877923,0.44844206637006323,,,,,,
2764,7.593824625015259,4.868682348196801,0.44699186506113964,,,,,,
2765,7.592072486877441,4.877437993194798,0.4455437716045605,,,,,,
2766,7.5860207080841064,4.887697559128898,0.44409778756322965,,,,,,
2767,7.590291500091553,4.885525767596656,0.4426539144977756,,,,,,
2768,7.601557016372681,4.899074177064246,0.44121215396655067,,,,,,
2769,7.605674982070923,4.867657883213386,0.4397725075256243,,,,,,
2770,7.59010910987854,4.8920469422416595,0.4383349767287848,,,,,,
2771,7.591301202774048,4.874174259007729,0.4368995631275388,,,,,,
2772,7.593299865722656,4.884689358525962,0.435466268271106,,,,,,
2773,7.586466312408447,4.877578009468252,0.4340350937064194,,,,,,
2774,7.5977160930633545,4.8680273774694856,0.4326060409781255,,,,,,
2775,7.596302032470703,4.89399751742614,0.43117911162857886,,,,,,
2776,7.605185270309448,4.886220972110887,0.4297543071978424,,,,,,
2777,7.58550238609314,4.896694766061461,0.42833162922368695,,,,,,
2778,7.595531225204468,4.891374122204151,0.42691107924158683,,,,,,
2779,7.592397689819336,4.8799437953204645,0.4254926587847199,,,,,,
2780,7.5975341796875,4.88787605804591,0.4240763693839676,,,,,,
2781,7.581494331359863,4.893813013529156,0.42266221256790804,,,,,,
2782,7.599344253540039,4.872677765943304,0.4212501898628207,,,,,,
2783,7.589721202850342,4.851324468424984,0.41984030279268036,,,,,,
2784,7.5903401374816895,4.878447019723005,0.41843255287915654,,,,,,
2785,7.592776775360107,4.881853034057168,0.41702694164161275,,,,,,
2786,7.594946622848511,4.889291493806446,0.41562347059710375,,,,,,
2787,7.605459213256836,4.8765923301144944,0.41422214126037465,,,,,,
2788,7.599340438842773,4.882442545750444,0.41282295514386025,,,,,,
2789,7.598166465759277,4.895528246917276,0.4114259137576802,,,,,,
2790,7.578728199005127,4.905122094840137,0.4100310186096399,,,,,,
2791,7.594611644744873,4.885508497990511,0.40863827120523,,,,,,
2792,7.604051351547241,4.874637901131298,0.40724767304762094,,,,,,
2793,7.584540367126465,4.869546475181869,0.40585922563766436,,,,,,
2794,7.598905086517334,4.876801445265595,0.40447293047389116,,,,,,
2795,7.587300539016724,4.879986941262992,0.4030887890525096,,,,,,
2796,7.578965187072754,4.898704508756569,0.40170680286740046,,,,,,
2797,7.593777179718018,4.856614368517325,0.4003269734101228,,,,,,
2798,7.57855224609375,4.878446327527096,0.39894930216990493,,,,,,
2799,7.588954210281372,4.860511725444168,0.3975737906336464,,,,,,
2800,7.5925610065460205,4.887027108037643,0.3962004402859171,,,,,,
