epoch,train_loss,val_loss,lr,eval_epoch,eval/knn_val_acc,eval/svm_val_acc,eval/knn_train_acc,eval/svm_train_acc
1,8.889450073242188,6.0790651011005785,0.0,10.0,0.6533333333333333,0.6666666666666666,0.7357859531772575,0.7190635451505016
2,8.888164520263672,6.075067036486755,0.014285714285714284,20.0,0.68,0.6533333333333333,0.7224080267558528,0.7190635451505016
3,8.884413242340088,6.0615935602340505,0.028571428571428567,30.0,0.68,0.7066666666666667,0.7357859531772575,0.7391304347826086
4,8.864943504333496,6.028484833350795,0.04285714285714285,40.0,0.7066666666666667,0.6666666666666666,0.7357859531772575,0.7357859531772575
5,8.82082986831665,5.978312011924083,0.057142857142857134,50.0,0.7066666666666667,0.7066666666666667,0.7391304347826086,0.7324414715719063
6,8.766389846801758,5.909005331531906,0.07142857142857142,60.0,0.68,0.6666666666666666,0.7224080267558528,0.7391304347826086
7,8.6928071975708,5.860028835582172,0.0857142857142857,70.0,0.7466666666666667,0.72,0.7525083612040134,0.7591973244147158
8,8.664401531219482,5.847941467599572,0.09999999999999999,80.0,0.7466666666666667,0.6933333333333334,0.782608695652174,0.7692307692307693
9,8.655664443969727,5.843937490044571,0.11428571428571427,90.0,0.76,0.7333333333333333,0.8060200668896321,0.7725752508361204
10,8.652232646942139,5.84054247765505,0.12857142857142856,100.0,0.7466666666666667,0.72,0.7859531772575251,0.782608695652174
11,8.646611213684082,5.833112495300447,0.14285714285714285,110.0,0.7733333333333333,0.7866666666666666,0.7892976588628763,0.7926421404682275
12,8.636364936828613,5.8251855174867515,0.15714285714285714,120.0,0.8266666666666667,0.7733333333333333,0.7959866220735786,0.7759197324414716
13,8.63640308380127,5.819505268029549,0.1714285714285714,130.0,0.7733333333333333,0.7333333333333333,0.7926421404682275,0.7926421404682275
14,8.626445770263672,5.819767599851771,0.18571428571428572,140.0,0.7733333333333333,0.76,0.7792642140468228,0.7926421404682275
15,8.627216339111328,5.818419460893379,0.19999999999999998,150.0,0.7333333333333333,0.7733333333333333,0.7926421404682275,0.8127090301003345
16,8.638750553131104,5.815657794124645,0.21428571428571427,160.0,0.7866666666666666,0.76,0.7859531772575251,0.7926421404682275
17,8.627511024475098,5.814524338564219,0.22857142857142854,170.0,0.7066666666666667,0.7466666666666667,0.7892976588628763,0.782608695652174
18,8.628218650817871,5.811637031420426,0.24285714285714285,180.0,0.7466666666666667,0.7466666666666667,0.7658862876254181,0.782608695652174
19,8.618943214416504,5.807269269624009,0.2571428571428571,190.0,0.7466666666666667,0.76,0.782608695652174,0.802675585284281
20,8.613588809967041,5.800784076132426,0.2714285714285714,200.0,0.7466666666666667,0.7333333333333333,0.7926421404682275,0.7792642140468228
21,8.614413261413574,5.796166996679154,0.2857142857142857,210.0,0.76,0.7466666666666667,0.7759197324414716,0.7859531772575251
22,8.607868194580078,5.791391358644247,0.3,220.0,0.76,0.76,0.8060200668896321,0.8160535117056856
23,8.605370998382568,5.7909328751046685,0.3142857142857143,230.0,0.8,0.7866666666666666,0.7759197324414716,0.7859531772575251
24,8.598861694335938,5.7863567254441035,0.32857142857142857,240.0,0.7733333333333333,0.7733333333333333,0.7959866220735786,0.7959866220735786
25,8.603382587432861,5.783435442950968,0.3428571428571428,250.0,0.7333333333333333,0.7733333333333333,0.7792642140468228,0.8093645484949833
26,8.601342678070068,5.784206126496208,0.35714285714285715,260.0,0.76,0.7866666666666666,0.7892976588628763,0.7859531772575251
27,8.590202808380127,5.7783602348789636,0.37142857142857144,270.0,0.7866666666666666,0.8,0.8127090301003345,0.8127090301003345
28,8.594484329223633,5.778622647310326,0.38571428571428573,280.0,0.7466666666666667,0.8,0.8127090301003345,0.7926421404682275
29,8.585867404937744,5.76867695672859,0.39999999999999997,290.0,0.76,0.7733333333333333,0.7859531772575251,0.7759197324414716
30,8.58682918548584,5.766446527861265,0.41428571428571426,300.0,0.8266666666666667,0.76,0.8093645484949833,0.8260869565217391
31,8.586916446685791,5.76069794751898,0.42857142857142855,310.0,0.76,0.7333333333333333,0.7892976588628763,0.842809364548495
32,8.582639217376709,5.765526057292274,0.4428571428571429,320.0,0.7333333333333333,0.72,0.7993311036789298,0.8294314381270903
33,8.575448036193848,5.749065773340711,0.4571428571428571,330.0,0.7733333333333333,0.76,0.802675585284281,0.8327759197324415
34,8.573068618774414,5.752194620762882,0.4714285714285714,340.0,0.7333333333333333,0.7333333333333333,0.7892976588628763,0.8160535117056856
35,8.572038173675537,5.738096897696326,0.4857142857142857,350.0,0.76,0.76,0.8093645484949833,0.8361204013377926
36,8.555513381958008,5.729035683095304,0.5,360.0,0.8,0.7866666666666666,0.7926421404682275,0.842809364548495
37,8.556404113769531,5.8199808840194205,0.5142857142857142,370.0,0.8,0.72,0.7792642140468228,0.8127090301003345
38,8.73034954071045,6.036663419564698,0.5285714285714286,380.0,0.8,0.8266666666666667,0.7859531772575251,0.8361204013377926
39,8.860769748687744,6.071470092985187,0.5428571428571428,390.0,0.8266666666666667,0.76,0.7959866220735786,0.8127090301003345
40,8.883928775787354,6.070001319038257,0.5571428571428572,400.0,0.7733333333333333,0.7733333333333333,0.802675585284281,0.8260869565217391
41,8.877190589904785,6.038133810907978,0.5714285714285714,410.0,0.8,0.7733333333333333,0.7993311036789298,0.822742474916388
42,8.833305358886719,5.971386494407943,0.5857142857142856,420.0,0.76,0.7733333333333333,0.7692307692307693,0.7993311036789298
43,8.75668478012085,5.88556377701242,0.6,430.0,0.8,0.8,0.7792642140468228,0.8327759197324415
44,8.684345245361328,5.834449766061204,0.6142857142857142,440.0,0.76,0.7466666666666667,0.7892976588628763,0.8160535117056856
45,8.650317668914795,5.848272145947456,0.6285714285714286,450.0,0.7866666666666666,0.76,0.7792642140468228,0.8060200668896321
46,8.656997680664062,5.8559001789461975,0.6428571428571428,460.0,0.8,0.7733333333333333,0.7959866220735786,0.822742474916388
47,8.650001525878906,5.826103162725399,0.6571428571428571,470.0,0.7733333333333333,0.7466666666666667,0.8093645484949833,0.8193979933110368
48,8.632413864135742,5.829460848671133,0.6714285714285714,480.0,0.7866666666666666,0.7733333333333333,0.8193979933110368,0.8260869565217391
49,8.644537925720215,5.82666491499661,0.6857142857142856,490.0,0.7733333333333333,0.7733333333333333,0.802675585284281,0.8294314381270903
50,8.634301662445068,5.819703120158639,0.7000000000000001,500.0,0.76,0.7466666666666667,0.7926421404682275,0.8127090301003345
51,8.625709533691406,5.821137072961806,0.7142857142857143,510.0,0.8,0.76,0.7926421404682275,0.8394648829431438
52,8.616151809692383,5.810204828758015,0.7285714285714285,520.0,0.8,0.76,0.8060200668896321,0.8327759197324415
53,8.615580081939697,5.801524611858884,0.7428571428571429,530.0,0.7466666666666667,0.7733333333333333,0.7993311036789298,0.8494983277591973
54,8.609915733337402,5.7958760265546045,0.7571428571428571,540.0,0.8133333333333334,0.7466666666666667,0.8160535117056856,0.8528428093645485
55,8.594978332519531,5.792121592442261,0.7714285714285715,550.0,0.7733333333333333,0.7733333333333333,0.802675585284281,0.822742474916388
56,8.594884872436523,5.787420713570661,0.7857142857142857,560.0,0.7466666666666667,0.7466666666666667,0.8294314381270903,0.8394648829431438
57,8.585906505584717,5.772698492237858,0.7999999999999999,570.0,0.7733333333333333,0.7733333333333333,0.8294314381270903,0.8595317725752508
58,8.584899425506592,5.766712928640431,0.8142857142857143,580.0,0.8133333333333334,0.8266666666666667,0.8060200668896321,0.8394648829431438
59,8.575531959533691,5.753876429029229,0.8285714285714285,590.0,0.8133333333333334,0.7866666666666666,0.802675585284281,0.842809364548495
60,8.554150581359863,5.7525084389669745,0.8428571428571427,600.0,0.7866666666666666,0.7733333333333333,0.8193979933110368,0.8662207357859532
61,8.542056560516357,5.738315217328533,0.8571428571428571,610.0,0.7866666666666666,0.76,0.8193979933110368,0.8528428093645485
62,8.529908657073975,5.7267346606723795,0.8714285714285713,620.0,0.8,0.7866666666666666,0.7892976588628763,0.8394648829431438
63,8.528862476348877,5.711573605581529,0.8857142857142858,630.0,0.8,0.8,0.8193979933110368,0.842809364548495
64,8.520820617675781,5.704157097786791,0.8999999999999999,640.0,0.7866666666666666,0.7866666666666666,0.8260869565217391,0.8561872909698997
65,8.500195980072021,5.681753973082598,0.9142857142857141,650.0,0.8266666666666667,0.7866666666666666,0.7993311036789298,0.8461538461538461
66,8.490649700164795,5.667436345471766,0.9285714285714286,660.0,0.8266666666666667,0.7733333333333333,0.8127090301003345,0.842809364548495
67,8.479838371276855,5.645269582810975,0.9428571428571428,670.0,0.7733333333333333,0.76,0.822742474916388,0.8494983277591973
68,8.453330039978027,5.612590557592471,0.9571428571428572,680.0,0.8133333333333334,0.8133333333333334,0.8193979933110368,0.8361204013377926
69,8.423045635223389,5.583006347900082,0.9714285714285714,690.0,0.8133333333333334,0.76,0.8160535117056856,0.8528428093645485
70,8.402302742004395,5.564473192264695,0.9857142857142857,700.0,0.7866666666666666,0.7866666666666666,0.8160535117056856,0.8327759197324415
71,8.374583721160889,5.537299731281046,1.0,710.0,0.8,0.8266666666666667,0.8260869565217391,0.8528428093645485
72,8.348639488220215,5.512865615953809,1.0142857142857142,720.0,0.8133333333333334,0.7866666666666666,0.822742474916388,0.8561872909698997
73,8.328904628753662,5.516859340507309,1.0285714285714285,730.0,0.8133333333333334,0.7866666666666666,0.8294314381270903,0.842809364548495
74,8.316813945770264,5.449150319656873,1.042857142857143,740.0,0.8,0.8,0.8361204013377926,0.8361204013377926
75,8.276466846466064,5.434463539877491,1.0571428571428572,750.0,0.7866666666666666,0.7733333333333333,0.8294314381270903,0.862876254180602
76,8.278627395629883,5.399921390366615,1.0714285714285714,760.0,0.76,0.7866666666666666,0.802675585284281,0.8662207357859532
77,8.237187385559082,5.348254704495455,1.0857142857142856,770.0,0.7866666666666666,0.8,0.8294314381270903,0.8528428093645485
78,8.187518119812012,5.352404928889166,1.0999999999999999,780.0,0.7733333333333333,0.76,0.8127090301003345,0.8561872909698997
79,8.185301303863525,5.3420788118877365,1.1142857142857143,790.0,0.8,0.8266666666666667,0.8093645484949833,0.862876254180602
80,8.189292907714844,5.417904396233586,1.1285714285714286,800.0,0.7866666666666666,0.76,0.8260869565217391,0.8561872909698997
81,8.210923194885254,5.3698320860016535,1.1428571428571428,810.0,0.7866666666666666,0.8,0.8093645484949833,0.8494983277591973
82,8.203442573547363,5.36114241276798,1.157142857142857,820.0,0.8133333333333334,0.8,0.842809364548495,0.8762541806020067
83,8.191975116729736,5.303360462990802,1.1714285714285713,830.0,0.8133333333333334,0.84,0.842809364548495,0.8461538461538461
84,8.160558700561523,5.306085037322883,1.1857142857142857,840.0,0.8,0.8133333333333334,0.8294314381270903,0.8561872909698997
85,8.144743919372559,5.284522172079255,1.2,850.0,0.8133333333333334,0.84,0.8160535117056856,0.8595317725752508
86,8.119942665100098,5.282413893532011,1.2142857142857142,860.0,0.8666666666666667,0.8266666666666667,0.8160535117056856,0.8695652173913043
87,8.123377799987793,5.258150802328368,1.2285714285714284,870.0,0.7866666666666666,0.8266666666666667,0.842809364548495,0.8595317725752508
88,8.084687232971191,5.238414510746178,1.2428571428571429,880.0,0.7733333333333333,0.8133333333333334,0.8394648829431438,0.8662207357859532
89,8.094359397888184,5.236052856413229,1.2571428571428571,890.0,0.8533333333333334,0.8133333333333334,0.8528428093645485,0.8795986622073578
90,8.073720932006836,5.216892356327143,1.2714285714285714,900.0,0.8133333333333334,0.7866666666666666,0.8461538461538461,0.8595317725752508
91,8.058823108673096,5.207442352408817,1.2857142857142856,910.0,0.8133333333333334,0.8133333333333334,0.822742474916388,0.8595317725752508
92,8.037227153778076,5.189107683148075,1.2999999999999998,920.0,0.8,0.7866666666666666,0.8327759197324415,0.8494983277591973
93,8.04625654220581,5.222471579270167,1.3142857142857143,930.0,0.8,0.8133333333333334,0.842809364548495,0.862876254180602
94,8.045121669769287,5.188840387848067,1.3285714285714285,940.0,0.8266666666666667,0.8,0.8260869565217391,0.8729096989966555
95,8.053462028503418,5.186793620893191,1.3428571428571427,950.0,0.7733333333333333,0.8,0.8327759197324415,0.8729096989966555
96,8.056337833404541,5.168175391934317,1.357142857142857,960.0,0.8666666666666667,0.8533333333333334,0.8394648829431438,0.862876254180602
97,8.018990516662598,5.183406486342793,1.3714285714285712,970.0,0.88,0.8666666666666667,0.8327759197324415,0.8762541806020067
98,8.061419010162354,5.156662258207548,1.3857142857142855,980.0,0.8,0.8133333333333334,0.8494983277591973,0.8695652173913043
99,8.041171550750732,5.193381218272563,1.4000000000000001,990.0,0.8,0.8133333333333334,0.8294314381270903,0.8662207357859532
100,8.02553129196167,5.199008977342995,1.4142857142857144,1000.0,0.84,0.8533333333333334,0.8327759197324415,0.8662207357859532
101,8.024856090545654,5.176971077016665,1.4285714285714286,1010.0,0.8133333333333334,0.8133333333333334,0.8327759197324415,0.8595317725752508
102,8.008919715881348,5.143692549183351,1.4428571428571428,1020.0,0.84,0.8266666666666667,0.802675585284281,0.8595317725752508
103,7.997948169708252,5.134299048262549,1.457142857142857,1030.0,0.8266666666666667,0.7866666666666666,0.8394648829431438,0.8762541806020067
104,7.994114875793457,5.116093031191044,1.4714285714285715,1040.0,0.8533333333333334,0.8533333333333334,0.8461538461538461,0.8695652173913043
105,7.977772951126099,5.094540068238999,1.4857142857142858,1050.0,0.8266666666666667,0.8266666666666667,0.862876254180602,0.862876254180602
106,7.950247526168823,5.090787755831437,1.5,1060.0,0.84,0.8666666666666667,0.8294314381270903,0.8695652173913043
107,7.9405786991119385,5.1138689429745945,1.5142857142857142,1070.0,0.84,0.8266666666666667,0.842809364548495,0.8595317725752508
108,7.969909429550171,5.112624215317735,1.5285714285714285,1080.0,0.88,0.8533333333333334,0.8294314381270903,0.8662207357859532
109,8.029153823852539,5.310999225226643,1.542857142857143,1090.0,0.84,0.8133333333333334,0.8160535117056856,0.8361204013377926
110,8.104590892791748,5.292276090488802,1.5571428571428572,1100.0,0.84,0.8133333333333334,0.8327759197324415,0.862876254180602
111,8.11303424835205,5.229160449603107,1.5714285714285714,1110.0,0.8666666666666667,0.8,0.8361204013377926,0.8494983277591973
112,8.061945915222168,5.132748673000288,1.5857142857142856,1120.0,0.84,0.84,0.8361204013377926,0.8662207357859532
113,8.016921043395996,5.156102778031307,1.5999999999999999,1130.0,0.8533333333333334,0.8133333333333334,0.8461538461538461,0.8795986622073578
114,7.987987518310547,5.145304382098032,1.6142857142857143,1140.0,0.84,0.8666666666666667,0.8528428093645485,0.8762541806020067
115,7.966819524765015,5.096197404612805,1.6285714285714286,1150.0,0.8666666666666667,0.88,0.842809364548495,0.8762541806020067
116,7.952387571334839,5.092826338151205,1.6428571428571428,1160.0,0.8666666666666667,0.8666666666666667,0.8394648829431438,0.8695652173913043
117,7.9528489112854,5.13382698950194,1.657142857142857,1170.0,0.8666666666666667,0.84,0.8327759197324415,0.8662207357859532
118,7.971731901168823,5.095450809765905,1.6714285714285713,1180.0,0.84,0.8133333333333334,0.842809364548495,0.8762541806020067
119,7.951105117797852,5.085365408102538,1.6857142857142855,1190.0,0.8266666666666667,0.8266666666666667,0.842809364548495,0.8929765886287625
120,7.95444393157959,5.127365458202122,1.7,1200.0,0.84,0.8533333333333334,0.822742474916388,0.8729096989966555
121,8.023271083831787,5.152230469893768,1.7142857142857142,1210.0,0.8666666666666667,0.9066666666666666,0.8461538461538461,0.8762541806020067
122,7.987828969955444,5.162105296017043,1.7285714285714284,1220.0,0.8666666666666667,0.8266666666666667,0.8361204013377926,0.8795986622073578
123,7.989554405212402,5.1054867805805,1.7428571428571427,1230.0,0.8666666666666667,0.84,0.8361204013377926,0.862876254180602
124,7.955060958862305,5.097446172552213,1.757142857142857,1240.0,0.8133333333333334,0.8,0.8461538461538461,0.8896321070234113
125,7.928445100784302,5.088508490256846,1.7714285714285716,1250.0,0.84,0.8266666666666667,0.842809364548495,0.8762541806020067
126,7.917833089828491,5.06163964901179,1.7857142857142858,1260.0,0.9066666666666666,0.8133333333333334,0.8494983277591973,0.8695652173913043
127,7.924234390258789,5.048935326735847,1.7999999999999998,1270.0,0.88,0.88,0.8361204013377926,0.8695652173913043
128,7.914503812789917,5.037024231093385,1.814285714285714,1280.0,0.8533333333333334,0.8533333333333334,0.8461538461538461,0.8963210702341137
129,7.887688636779785,5.042915158957569,1.8285714285714283,1290.0,0.8266666666666667,0.8933333333333333,0.8361204013377926,0.8729096989966555
130,7.878634452819824,5.034134647443176,1.842857142857143,1300.0,0.8666666666666667,0.8266666666666667,0.8561872909698997,0.8762541806020067
131,7.875391483306885,5.023081240080503,1.8571428571428572,1310.0,0.8533333333333334,0.8533333333333334,0.8361204013377926,0.8695652173913043
132,7.889501571655273,5.073701041400483,1.8714285714285714,1320.0,0.8666666666666667,0.8533333333333334,0.8361204013377926,0.8662207357859532
133,7.923290252685547,5.017365197156837,1.8857142857142857,1330.0,0.8933333333333333,0.8533333333333334,0.8528428093645485,0.8896321070234113
134,7.881230592727661,4.989876430710391,1.9,1340.0,0.8933333333333333,0.84,0.8294314381270903,0.8729096989966555
135,7.84304141998291,4.996866393430179,1.9142857142857144,1350.0,0.8666666666666667,0.88,0.8260869565217391,0.8695652173913043
136,7.858215808868408,5.131330193943893,1.9285714285714286,1360.0,0.8666666666666667,0.84,0.842809364548495,0.8996655518394648
137,7.917198657989502,5.01217435747761,1.9428571428571428,1370.0,0.8666666666666667,0.88,0.8461538461538461,0.882943143812709
138,7.897552251815796,5.064545898902707,1.957142857142857,1380.0,0.8933333333333333,0.8666666666666667,0.8394648829431438,0.862876254180602
139,7.888826608657837,5.075045047435969,1.9714285714285713,1390.0,0.84,0.7733333333333333,0.8260869565217391,0.8662207357859532
140,7.916113376617432,5.117172716443934,1.9857142857142855,1400.0,0.88,0.8533333333333334,0.8294314381270903,0.8662207357859532
141,7.928123474121094,5.32721033348969,2.0,1410.0,0.8933333333333333,0.84,0.8361204013377926,0.8729096989966555
142,8.024964809417725,5.068704218298974,2.0142857142857142,1420.0,0.8666666666666667,0.8133333333333334,0.8494983277591973,0.8662207357859532
143,7.909680128097534,5.050611085306205,2.0285714285714285,1430.0,0.9066666666666666,0.8533333333333334,0.8494983277591973,0.8896321070234113
144,7.900811195373535,5.018943823717341,2.0428571428571427,1440.0,0.8266666666666667,0.8,0.8595317725752508,0.8795986622073578
145,7.858867406845093,5.0047348193304195,2.057142857142857,1450.0,0.8933333333333333,0.88,0.8394648829431438,0.8762541806020067
146,7.871307849884033,4.996227485377614,2.0714285714285716,1460.0,0.8533333333333334,0.8933333333333333,0.8729096989966555,0.8929765886287625
147,7.879761695861816,5.037246594617505,2.085714285714286,1470.0,0.9066666666666666,0.9066666666666666,0.8528428093645485,0.8695652173913043
148,7.888029098510742,5.045179749257029,2.1,1480.0,0.8933333333333333,0.8533333333333334,0.862876254180602,0.8729096989966555
149,7.897253513336182,5.018948003361464,2.1142857142857143,1490.0,0.8266666666666667,0.8266666666666667,0.8294314381270903,0.8662207357859532
150,7.856843948364258,4.998295134310967,2.1285714285714286,1500.0,0.8666666666666667,0.8533333333333334,0.8528428093645485,0.882943143812709
151,7.848002195358276,5.01653532243958,2.142857142857143,1510.0,0.8533333333333334,0.84,0.842809364548495,0.8729096989966555
152,7.88076114654541,5.013484252411543,2.157142857142857,1520.0,0.8666666666666667,0.8266666666666667,0.842809364548495,0.8729096989966555
153,7.866125583648682,5.048373996559765,2.1714285714285713,1530.0,0.8933333333333333,0.9066666666666666,0.8327759197324415,0.8795986622073578
154,7.887650489807129,5.100377000210363,2.1857142857142855,1540.0,0.8533333333333334,0.8666666666666667,0.8361204013377926,0.8795986622073578
155,7.8931884765625,5.052758301276936,2.1999999999999997,1550.0,0.88,0.9066666666666666,0.842809364548495,0.8795986622073578
156,7.907001733779907,5.044839266671966,2.2142857142857144,1560.0,0.8533333333333334,0.84,0.8561872909698997,0.882943143812709
157,7.89666748046875,5.055855796355175,2.2285714285714286,1570.0,0.88,0.88,0.862876254180602,0.8795986622073578
158,7.889173746109009,5.038938173032589,2.242857142857143,1580.0,0.8666666666666667,0.8533333333333334,0.8494983277591973,0.8795986622073578
159,7.849323749542236,4.999790193455073,2.257142857142857,1590.0,0.8266666666666667,0.8666666666666667,0.842809364548495,0.8795986622073578
160,7.840484142303467,4.993806113506988,2.2714285714285714,1600.0,0.8666666666666667,0.8533333333333334,0.8461538461538461,0.8795986622073578
161,7.82456111907959,4.9781398041294445,2.2857142857142856,1610.0,0.8666666666666667,0.88,0.8595317725752508,0.8862876254180602
162,7.847400903701782,5.013700627799391,2.3,1620.0,0.84,0.8266666666666667,0.8394648829431438,0.8862876254180602
163,7.8539042472839355,5.003329420811594,2.314285714285714,1630.0,0.8933333333333333,0.8533333333333334,0.8561872909698997,0.8929765886287625
164,7.84562349319458,4.975559968322741,2.3285714285714283,1640.0,0.8666666666666667,0.8666666666666667,0.8662207357859532,0.882943143812709
165,7.837721347808838,5.025526211580576,2.3428571428571425,1650.0,0.88,0.8666666666666667,0.8260869565217391,0.8862876254180602
166,7.864620685577393,4.964640819294499,2.3571428571428568,1660.0,0.8533333333333334,0.8666666666666667,0.8528428093645485,0.8862876254180602
167,7.830994129180908,5.065499942978457,2.3714285714285714,1670.0,0.84,0.8533333333333334,0.8394648829431438,0.8695652173913043
168,7.8804967403411865,5.058154035557008,2.3857142857142857,1680.0,0.84,0.8666666666666667,0.842809364548495,0.8695652173913043
169,7.901601552963257,5.0438854644236395,2.4,1690.0,0.92,0.8666666666666667,0.8528428093645485,0.8795986622073578
170,7.846137285232544,4.971858033019019,2.414285714285714,1700.0,0.88,0.84,0.8528428093645485,0.8896321070234113
171,7.826977491378784,4.991167105176651,2.4285714285714284,1710.0,0.8666666666666667,0.8533333333333334,0.8494983277591973,0.903010033444816
172,7.818241357803345,4.948834360698575,2.4428571428571426,1720.0,0.8533333333333334,0.8666666666666667,0.8729096989966555,0.8862876254180602
173,7.804403066635132,4.915588574413495,2.457142857142857,1730.0,0.84,0.88,0.862876254180602,0.882943143812709
174,7.788017272949219,4.9174970257071715,2.471428571428571,1740.0,0.88,0.8666666666666667,0.8528428093645485,0.8929765886287625
175,7.772544860839844,4.9095843854925025,2.4857142857142858,1750.0,0.84,0.84,0.8494983277591973,0.882943143812709
176,7.780337333679199,4.894322517842581,2.5,1760.0,0.8266666666666667,0.8533333333333334,0.842809364548495,0.8896321070234113
177,7.754232883453369,4.8894528684944945,2.5142857142857142,1770.0,0.84,0.8533333333333334,0.8695652173913043,0.8963210702341137
178,7.759609222412109,4.903337496283477,2.5285714285714285,1780.0,0.88,0.88,0.8494983277591973,0.8996655518394648
179,7.775497674942017,4.89732371367157,2.5428571428571427,1790.0,0.8666666666666667,0.8666666666666667,0.8695652173913043,0.8929765886287625
180,7.769333839416504,4.977873092944929,2.557142857142857,1800.0,0.8666666666666667,0.8933333333333333,0.8595317725752508,0.903010033444816
181,7.77275538444519,4.883996875071546,2.571428571428571,1810.0,0.8666666666666667,0.8533333333333334,0.8662207357859532,0.8896321070234113
182,7.7850494384765625,4.910615329285245,2.5857142857142854,1820.0,0.8666666666666667,0.8533333333333334,0.8662207357859532,0.8896321070234113
183,7.745044946670532,4.975206432871903,2.5999999999999996,1830.0,0.8666666666666667,0.88,0.8561872909698997,0.9063545150501672
184,7.799017429351807,4.888265113253068,2.614285714285714,1840.0,0.8533333333333334,0.8666666666666667,0.8762541806020067,0.903010033444816
185,7.781366586685181,5.080787742107831,2.6285714285714286,1850.0,0.84,0.8266666666666667,0.8528428093645485,0.9063545150501672
186,7.907086372375488,5.094772481637607,2.642857142857143,1860.0,0.88,0.88,0.8595317725752508,0.903010033444816
187,7.913389682769775,5.032185872128473,2.657142857142857,1870.0,0.84,0.8666666666666667,0.8662207357859532,0.8996655518394648
188,7.977634906768799,5.0942357280256365,2.6714285714285713,1880.0,0.8533333333333334,0.8666666666666667,0.8695652173913043,0.903010033444816
189,7.944782018661499,5.0387049292796195,2.6857142857142855,1890.0,0.88,0.8533333333333334,0.8762541806020067,0.9063545150501672
190,7.915719270706177,5.042365148550728,2.6999999999999997,1900.0,0.8533333333333334,0.8666666666666667,0.8595317725752508,0.8996655518394648
191,7.881010055541992,5.08621765406218,2.714285714285714,1910.0,0.8666666666666667,0.8666666666666667,0.8528428093645485,0.8963210702341137
192,7.889947414398193,5.02797502565023,2.728571428571428,1920.0,0.8666666666666667,0.8533333333333334,0.8662207357859532,0.9096989966555183
193,7.903787612915039,5.0435769331364995,2.7428571428571424,1930.0,0.88,0.8666666666666667,0.8729096989966555,0.8896321070234113
194,7.899324893951416,5.085641717188894,2.7571428571428567,1940.0,0.88,0.8533333333333334,0.8795986622073578,0.8929765886287625
195,7.937713861465454,5.070784355834114,2.771428571428571,1950.0,0.84,0.8666666666666667,0.862876254180602,0.8929765886287625
196,7.866415977478027,5.05160766774812,2.785714285714286,1960.0,0.8666666666666667,0.8666666666666667,0.8729096989966555,0.9130434782608695
197,7.859622240066528,4.993889481806775,2.8000000000000003,1970.0,0.88,0.8533333333333334,0.8695652173913043,0.903010033444816
198,7.823752164840698,4.962959706833424,2.8142857142857145,1980.0,0.88,0.8933333333333333,0.862876254180602,0.903010033444816
199,7.799249172210693,4.957392841953506,2.8285714285714287,1990.0,0.8666666666666667,0.8533333333333334,0.8260869565217391,0.903010033444816
200,7.811722278594971,4.957402071900685,2.842857142857143,2000.0,0.8666666666666667,0.8533333333333334,0.8595317725752508,0.903010033444816
201,7.773935079574585,4.889879514631652,2.857142857142857,2010.0,0.8533333333333334,0.84,0.8695652173913043,0.903010033444816
202,7.77412748336792,4.909920931263467,2.8714285714285714,2020.0,0.8533333333333334,0.88,0.8729096989966555,0.8996655518394648
203,7.763700485229492,4.917101083631973,2.8857142857142857,2030.0,0.9066666666666666,0.8933333333333333,0.882943143812709,0.9096989966555183
204,7.754854202270508,4.902873023003465,2.9,2040.0,0.88,0.8533333333333334,0.882943143812709,0.8996655518394648
205,7.7427990436553955,4.853134392689415,2.914285714285714,2050.0,0.8533333333333334,0.8533333333333334,0.8729096989966555,0.8963210702341137
206,7.709766864776611,4.897611638294538,2.928571428571429,2060.0,0.88,0.88,0.8996655518394648,0.9063545150501672
207,7.749192953109741,4.951235591713574,2.942857142857143,2070.0,0.8533333333333334,0.8933333333333333,0.8762541806020067,0.903010033444816
208,7.756804704666138,4.93370565734459,2.9571428571428573,2080.0,0.8933333333333333,0.8933333333333333,0.8729096989966555,0.8963210702341137
209,7.793240308761597,4.931267638282679,2.9714285714285715,2090.0,0.8666666666666667,0.88,0.8862876254180602,0.9163879598662207
210,7.764004230499268,4.96284631303221,2.9857142857142858,2100.0,0.88,0.88,0.862876254180602,0.8996655518394648
211,7.762047290802002,4.905056275872246,3.0,2110.0,0.8666666666666667,0.8666666666666667,0.8662207357859532,0.903010033444816
212,7.740671396255493,4.907812068801251,3.0142857142857142,2120.0,0.8933333333333333,0.88,0.8729096989966555,0.9063545150501672
213,7.744995594024658,4.848390239943368,3.0285714285714285,2130.0,0.8666666666666667,0.8533333333333334,0.862876254180602,0.9096989966555183
214,7.696688890457153,4.926172062967684,3.0428571428571427,2140.0,0.8666666666666667,0.8533333333333334,0.8762541806020067,0.9063545150501672
215,7.745276927947998,4.871923337171216,3.057142857142857,2150.0,0.9066666666666666,0.8666666666666667,0.8695652173913043,0.8963210702341137
216,7.708926439285278,4.883055526534482,3.071428571428571,2160.0,0.8666666666666667,0.88,0.8795986622073578,0.9063545150501672
217,7.717839002609253,4.848263776833717,3.085714285714286,2170.0,0.9066666666666666,0.8666666666666667,0.8963210702341137,0.9163879598662207
218,7.695911645889282,4.844179299421126,3.1,2180.0,0.8933333333333333,0.8666666666666667,0.8695652173913043,0.9096989966555183
219,7.6751885414123535,4.874747618393702,3.1142857142857143,2190.0,0.9333333333333333,0.8933333333333333,0.8662207357859532,0.9096989966555183
220,7.677768707275391,4.830522755798519,3.1285714285714286,2200.0,0.9066666666666666,0.9066666666666666,0.8729096989966555,0.9163879598662207
221,7.698123931884766,4.8373860364405425,3.142857142857143,2210.0,0.88,0.8666666666666667,0.8528428093645485,0.8963210702341137
222,7.6867992877960205,4.796030389249976,3.157142857142857,2220.0,0.88,0.88,0.8963210702341137,0.9063545150501672
223,7.667830228805542,4.804620178533864,3.1714285714285713,2230.0,0.88,0.8666666666666667,0.8795986622073578,0.919732441471572
224,7.63443660736084,4.820208281002895,3.1857142857142855,2240.0,0.9066666666666666,0.88,0.8795986622073578,0.9096989966555183
225,7.624087572097778,4.792543145565549,3.1999999999999997,2250.0,0.8666666666666667,0.88,0.8762541806020067,0.903010033444816
226,7.682000398635864,4.821229485326499,3.214285714285714,2260.0,0.8933333333333333,0.8933333333333333,0.8595317725752508,0.9063545150501672
227,7.653478622436523,4.847061183895756,3.2285714285714286,2270.0,0.9066666666666666,0.88,0.8963210702341137,0.9096989966555183
228,7.7682204246521,4.920278805258697,3.242857142857143,2280.0,0.88,0.8666666666666667,0.882943143812709,0.919732441471572
229,7.785462141036987,4.9286280859409,3.257142857142857,2290.0,0.8933333333333333,0.8666666666666667,0.903010033444816,0.9163879598662207
230,7.932377576828003,5.217060038981265,3.2714285714285714,2300.0,0.9066666666666666,0.8666666666666667,0.8896321070234113,0.9264214046822743
231,8.03899621963501,5.105786634153233,3.2857142857142856,2310.0,0.9066666666666666,0.8933333333333333,0.9063545150501672,0.919732441471572
232,7.93958306312561,5.003794908323039,3.3,2320.0,0.88,0.8933333333333333,0.8963210702341137,0.9264214046822743
233,7.841872692108154,4.961597274590982,3.314285714285714,2330.0,0.9066666666666666,0.88,0.8929765886287625,0.9096989966555183
234,7.8254759311676025,4.968402799184429,3.3285714285714283,2340.0,0.88,0.8933333333333333,0.8996655518394648,0.919732441471572
235,7.7972424030303955,4.924716382191099,3.3428571428571425,2350.0,0.92,0.88,0.8896321070234113,0.919732441471572
236,7.784358263015747,4.914311428447046,3.3571428571428568,2360.0,0.8533333333333334,0.8533333333333334,0.8862876254180602,0.9230769230769231
237,7.7282795906066895,4.8793514025522144,3.371428571428571,2370.0,0.92,0.8666666666666667,0.8795986622073578,0.919732441471572
238,7.730628252029419,4.8777165066002794,3.3857142857142857,2380.0,0.9066666666666666,0.88,0.882943143812709,0.9264214046822743
239,7.701408624649048,4.847327273868532,3.4,2390.0,0.9333333333333333,0.9066666666666666,0.8896321070234113,0.9331103678929766
240,7.719989538192749,4.895132038952224,3.414285714285714,2400.0,0.9066666666666666,0.9066666666666666,0.8862876254180602,0.9264214046822743
241,7.7310168743133545,4.831254289769846,3.4285714285714284,2410.0,0.92,0.88,0.8963210702341137,0.919732441471572
242,7.689232110977173,4.811361405907608,3.4428571428571426,2420.0,0.9066666666666666,0.9066666666666666,0.8963210702341137,0.9297658862876255
243,7.666943073272705,4.796037415479591,3.457142857142857,2430.0,0.9066666666666666,0.8933333333333333,0.8963210702341137,0.9264214046822743
244,7.643200159072876,4.764312698020968,3.471428571428571,2440.0,0.92,0.8933333333333333,0.882943143812709,0.9163879598662207
245,7.612022638320923,4.775968368360232,3.4857142857142853,2450.0,0.92,0.8533333333333334,0.8896321070234113,0.9264214046822743
246,7.644904613494873,4.807264510877399,3.4999999999999996,2460.0,0.9066666666666666,0.8933333333333333,0.8896321070234113,0.9331103678929766
247,7.710151195526123,4.8742350346907735,3.514285714285714,2470.0,0.92,0.8666666666666667,0.882943143812709,0.9297658862876255
248,7.739947557449341,4.771013878693192,3.528571428571429,2480.0,0.92,0.8933333333333333,0.8963210702341137,0.9331103678929766
249,7.718917369842529,4.782899078548807,3.542857142857143,2490.0,0.92,0.88,0.9063545150501672,0.9297658862876255
250,7.685171365737915,4.909449338511924,3.5571428571428574,2500.0,0.9333333333333333,0.9066666666666666,0.8963210702341137,0.9297658862876255
251,7.702168703079224,4.8534441248923414,3.5714285714285716,2510.0,0.9066666666666666,0.92,0.8963210702341137,0.9297658862876255
252,7.674742937088013,4.8758745793037,3.585714285714286,2520.0,0.92,0.9066666666666666,0.9096989966555183,0.9297658862876255
253,7.689931392669678,4.792328018616788,3.5999999999999996,2530.0,0.9333333333333333,0.9066666666666666,0.8963210702341137,0.939799331103679
254,7.635614395141602,4.797835366278761,3.614285714285714,2540.0,0.88,0.9333333333333333,0.882943143812709,0.9297658862876255
255,7.620536804199219,4.765988748548811,3.628571428571428,2550.0,0.92,0.92,0.8929765886287625,0.939799331103679
256,7.609501838684082,4.763616522788199,3.6428571428571423,2560.0,0.8933333333333333,0.8933333333333333,0.8862876254180602,0.9297658862876255
257,7.595304250717163,4.7753543003553895,3.6571428571428566,2570.0,0.8666666666666667,0.9066666666666666,0.903010033444816,0.9264214046822743
258,7.648610830307007,4.754670000357022,3.671428571428571,2580.0,0.8933333333333333,0.92,0.8963210702341137,0.9297658862876255
259,7.625523090362549,4.786321196062811,3.685714285714286,2590.0,0.92,0.92,0.919732441471572,0.9264214046822743
260,7.61929726600647,4.782520283361359,3.7,2600.0,0.9066666666666666,0.8933333333333333,0.8929765886287625,0.9163879598662207
261,7.64496111869812,4.733051297241545,3.7142857142857144,2610.0,0.88,0.88,0.8996655518394648,0.9331103678929766
262,7.647672176361084,4.912066319692626,3.7285714285714286,2620.0,0.8933333333333333,0.9066666666666666,0.8963210702341137,0.9264214046822743
263,7.7413201332092285,4.959589906857733,3.742857142857143,2630.0,0.9066666666666666,0.9066666666666666,0.8896321070234113,0.9264214046822743
264,7.958450794219971,5.4631009143976925,3.757142857142857,2640.0,0.88,0.88,0.8996655518394648,0.9264214046822743
265,8.377772331237793,5.6461158063453825,3.7714285714285714,2650.0,0.88,0.92,0.8862876254180602,0.919732441471572
266,8.387107372283936,5.4272525448875335,3.7857142857142856,2660.0,0.8666666666666667,0.8933333333333333,0.8929765886287625,0.9230769230769231
267,8.33174467086792,5.483153883402241,3.8,2670.0,0.88,0.92,0.8996655518394648,0.9331103678929766
268,8.275603294372559,5.454151557011199,3.814285714285714,2680.0,0.8933333333333333,0.8933333333333333,0.8963210702341137,0.9230769230769231
269,8.24554443359375,5.402230745609113,3.8285714285714287,2690.0,0.8933333333333333,0.9066666666666666,0.8896321070234113,0.919732441471572
270,8.28731918334961,5.352374823380158,3.842857142857143,2700.0,0.8933333333333333,0.8933333333333333,0.8896321070234113,0.9331103678929766
271,8.201482772827148,5.414797692663836,3.857142857142857,2710.0,0.8666666666666667,0.9333333333333333,0.8929765886287625,0.9364548494983278
272,8.204837799072266,5.30750215524781,3.8714285714285714,2720.0,0.8933333333333333,0.9066666666666666,0.882943143812709,0.9264214046822743
273,8.155973434448242,5.2880210571674064,3.8857142857142857,2730.0,0.8666666666666667,0.9066666666666666,0.8996655518394648,0.9264214046822743
274,8.165933609008789,5.29942279708195,3.9,2740.0,0.8666666666666667,0.88,0.8862876254180602,0.9297658862876255
275,8.214493751525879,5.185269628882509,3.914285714285714,2750.0,0.88,0.92,0.903010033444816,0.9297658862876255
276,8.067225933074951,5.148558161657733,3.9285714285714284,2760.0,0.8933333333333333,0.9066666666666666,0.903010033444816,0.9297658862876255
277,7.9952232837677,5.116798151030673,3.9428571428571426,2770.0,0.8666666666666667,0.92,0.9063545150501672,0.9230769230769231
278,7.981346607208252,5.135693692679762,3.957142857142857,2780.0,0.8933333333333333,0.92,0.903010033444816,0.9264214046822743
279,7.9982829093933105,5.150030805645518,3.971428571428571,2790.0,0.8666666666666667,0.9066666666666666,0.9063545150501672,0.9297658862876255
280,8.010261058807373,5.12770903742143,3.9857142857142858,2800.0,0.88,0.88,0.8996655518394648,0.9264214046822743
281,7.978546380996704,5.110881911094094,4.0,2810.0,0.8533333333333334,0.8933333333333333,0.8896321070234113,0.9297658862876255
282,7.942356109619141,5.066296721627674,4.014285714285714,2820.0,0.88,0.8933333333333333,0.8896321070234113,0.9331103678929766
283,7.905064582824707,5.043523986165116,4.0285714285714285,2830.0,0.8533333333333334,0.92,0.8996655518394648,0.9331103678929766
284,7.916368246078491,5.071137224956156,4.042857142857143,2840.0,0.88,0.88,0.8929765886287625,0.9331103678929766
285,7.921599388122559,5.046487642998851,4.057142857142857,2850.0,0.8666666666666667,0.9066666666666666,0.8963210702341137,0.9331103678929766
286,7.879014492034912,5.0475487915581265,4.071428571428571,2860.0,0.8666666666666667,0.9066666666666666,0.8963210702341137,0.9230769230769231
287,7.849368095397949,5.0664514781448196,4.085714285714285,2870.0,0.8533333333333334,0.8933333333333333,0.8929765886287625,0.9230769230769231
288,7.9193384647369385,5.089528924181644,4.1,2880.0,0.88,0.9066666666666666,0.8963210702341137,0.9331103678929766
289,7.912905216217041,4.980062875755701,4.114285714285714,2890.0,0.8533333333333334,0.88,0.882943143812709,0.9264214046822743
290,7.86170768737793,5.087048879283331,4.128571428571429,2900.0,0.8533333333333334,0.8933333333333333,0.8963210702341137,0.9297658862876255
291,7.896981954574585,5.004735016842867,4.142857142857143,2910.0,0.8666666666666667,0.92,0.8963210702341137,0.9297658862876255
292,7.843472719192505,4.998489420989464,4.1571428571428575,2920.0,0.8666666666666667,0.8933333333333333,0.8929765886287625,0.9297658862876255
293,7.845164060592651,4.970873480388555,4.171428571428572,2930.0,0.8533333333333334,0.8933333333333333,0.8929765886287625,0.9230769230769231
294,7.82966685295105,4.954119618546572,4.185714285714286,2940.0,0.8533333333333334,0.88,0.8862876254180602,0.9331103678929766
295,7.823249340057373,4.9563586178499675,4.2,2950.0,0.88,0.88,0.8963210702341137,0.9230769230769231
296,7.807102203369141,4.951570195646422,4.214285714285714,2960.0,0.8666666666666667,0.88,0.9063545150501672,0.9297658862876255
297,7.796756744384766,4.923334790639661,4.228571428571429,2970.0,0.8533333333333334,0.88,0.903010033444816,0.9297658862876255
298,7.779429912567139,4.916528834727154,4.242857142857143,2980.0,0.8533333333333334,0.88,0.8929765886287625,0.9331103678929766
299,7.756860971450806,4.917379915864654,4.257142857142857,2990.0,0.8666666666666667,0.8933333333333333,0.9063545150501672,0.9297658862876255
300,7.748301029205322,4.9264689023199955,4.271428571428571,3000.0,0.8533333333333334,0.8933333333333333,0.9063545150501672,0.9331103678929766
301,7.741195440292358,4.907327781714142,4.285714285714286,3010.0,0.8533333333333334,0.8933333333333333,0.903010033444816,0.9264214046822743
302,7.7455735206604,4.90292491142844,4.3,3020.0,0.8533333333333334,0.88,0.8929765886287625,0.9264214046822743
303,7.752997875213623,4.910834872291507,4.314285714285714,3030.0,0.8666666666666667,0.8933333333333333,0.8963210702341137,0.9297658862876255
304,7.73127555847168,5.005440033414566,4.328571428571428,3040.0,0.8666666666666667,0.88,0.8929765886287625,0.9264214046822743
305,7.852826118469238,4.980036242054329,4.3428571428571425,3050.0,0.8533333333333334,0.8933333333333333,0.903010033444816,0.9264214046822743
306,7.8053412437438965,4.908344331561667,4.357142857142857,3060.0,0.8666666666666667,0.88,0.8896321070234113,0.9297658862876255
307,7.7652268409729,4.97402966413506,4.371428571428571,3070.0,0.8666666666666667,0.88,0.9063545150501672,0.9264214046822743
308,7.800959587097168,4.98085553451583,4.385714285714285,3080.0,0.8533333333333334,0.8666666666666667,0.8929765886287625,0.9230769230769231
309,7.831818580627441,4.861029480965424,4.3999999999999995,3090.0,0.8533333333333334,0.88,0.8963210702341137,0.9331103678929766
310,7.77812933921814,5.35408144943648,4.414285714285714,3100.0,0.8533333333333334,0.88,0.9063545150501672,0.9297658862876255
311,8.180638313293457,5.343116642548519,4.428571428571429,3110.0,0.8533333333333334,0.8933333333333333,0.903010033444816,0.9331103678929766
312,8.172019481658936,5.266871656461159,4.442857142857143,3120.0,0.8533333333333334,0.8933333333333333,0.8963210702341137,0.9297658862876255
313,8.102983474731445,5.193797303008071,4.457142857142857,3130.0,0.84,0.88,0.8963210702341137,0.9264214046822743
314,8.045426368713379,5.186067294031758,4.4714285714285715,3140.0,0.8533333333333334,0.88,0.903010033444816,0.9297658862876255
315,8.031383514404297,5.143784983003711,4.485714285714286,3150.0,0.8533333333333334,0.8933333333333333,0.9063545150501672,0.9297658862876255
316,7.977777004241943,5.191824852066746,4.5,3160.0,0.84,0.88,0.903010033444816,0.9264214046822743
317,8.055556774139404,5.155443557277259,4.514285714285714,3170.0,0.8533333333333334,0.88,0.903010033444816,0.9297658862876255
318,8.01248836517334,5.119023549847487,4.5285714285714285,3180.0,0.8666666666666667,0.8933333333333333,0.903010033444816,0.9297658862876255
319,7.976752519607544,5.09523060223553,4.542857142857143,3190.0,0.8533333333333334,0.88,0.9063545150501672,0.9297658862876255
320,7.945168972015381,5.0676220786782045,4.557142857142857,3200.0,0.8533333333333334,0.8933333333333333,0.8996655518394648,0.9297658862876255
321,7.927163600921631,5.055711320511326,4.571428571428571,3210.0,0.84,0.88,0.9063545150501672,0.9264214046822743
322,7.944225311279297,5.003515865143053,4.585714285714285,3220.0,0.8666666666666667,0.88,0.9063545150501672,0.9297658862876255
323,7.897876262664795,5.08462044950089,4.6,3230.0,0.84,0.88,0.9063545150501672,0.9297658862876255
324,7.9391138553619385,5.031916052479018,4.614285714285714,3240.0,0.8533333333333334,0.8933333333333333,0.903010033444816,0.9297658862876255
325,7.887670040130615,5.086123532061822,4.628571428571428,3250.0,0.8533333333333334,0.8933333333333333,0.903010033444816,0.9297658862876255
326,7.904122352600098,5.1357587444571715,4.642857142857142,3260.0,0.8666666666666667,0.8933333333333333,0.8996655518394648,0.9297658862876255
327,7.930554151535034,5.043282012562475,4.657142857142857,3270.0,0.8533333333333334,0.8933333333333333,0.903010033444816,0.9297658862876255
328,7.928079128265381,5.017516746352559,4.671428571428571,3280.0,0.8533333333333334,0.88,0.9063545150501672,0.9297658862876255
329,7.862293243408203,5.04797336972993,4.685714285714285,3290.0,0.84,0.88,0.903010033444816,0.9297658862876255
330,7.8633527755737305,4.980214729140645,4.699999999999999,3300.0,0.84,0.88,0.9096989966555183,0.9297658862876255
331,7.819528341293335,4.973905048619007,4.7142857142857135,3310.0,0.84,0.88,0.903010033444816,0.9297658862876255
332,7.813761949539185,4.984950395468607,4.728571428571429,,,,,
333,7.785529851913452,4.948757667517442,4.742857142857143,,,,,
334,7.7852463722229,4.99113275685964,4.757142857142857,,,,,
335,7.825536251068115,4.989212487904939,4.771428571428571,,,,,
336,7.814380645751953,4.954476487847113,4.785714285714286,,,,,
337,7.803279876708984,4.919055566154076,4.8,,,,,
338,7.775442600250244,4.928622496438889,4.799998704858026,,,,,
339,7.74223518371582,4.894163089604614,4.7999948194335,,,,,
340,7.7467005252838135,4.932103320066422,4.799988343730616,,,,,
341,7.756844997406006,4.899206998671073,4.799979277756365,,,,,
342,7.739309787750244,4.8714202174226005,4.79996762152053,,,,,
343,7.702605962753296,4.911183059666716,4.799953375035691,,,,,
344,7.691806793212891,4.858587357053444,4.799936538317226,,,,,
345,7.7246904373168945,4.842908432545834,4.799917111383304,,,,,
346,7.69377326965332,4.862344469715308,4.799895094254895,,,,,
347,7.7001729011535645,4.838949242191619,4.799870486955759,,,,,
348,7.706416606903076,4.786960819972674,4.799843289512456,,,,,
349,7.697845935821533,4.844551444755471,4.799813501954339,,,,,
350,7.7445783615112305,4.949230456973846,4.799781124313559,,,,,
351,7.783243656158447,5.093478074486863,4.799746156625058,,,,,
352,7.833034992218018,4.952174388630437,4.7997085989265775,,,,,
353,7.8153979778289795,4.9352178166552285,4.799668451258653,,,,,
354,7.771024942398071,4.878040775318322,4.799625713664616,,,,,
355,7.7453131675720215,4.843905370510156,4.799580386190591,,,,,
356,7.6889142990112305,4.9129102161895135,4.7995324688855,,,,,
357,7.747048377990723,4.865299709109923,4.79948196180106,,,,,
358,7.733024835586548,4.876619394332847,4.799428864991781,,,,,
359,7.712825298309326,4.8614632387538235,4.799373178514972,,,,,
360,7.694053888320923,4.880516165540036,4.799314902430732,,,,,
361,7.67863392829895,4.805643533236646,4.799254036801959,,,,,
362,7.644421577453613,4.8039337056739875,4.799190581694344,,,,,
363,7.656311988830566,4.757108730463745,4.799124537176373,,,,,
364,7.619786739349365,4.751183701724541,4.799055903319327,,,,,
365,7.606179237365723,4.752293655509403,4.7989846801972815,,,,,
366,7.657789468765259,4.8979560867691365,4.798910867887106,,,,,
367,7.782844543457031,4.877645429189312,4.798834466468466,,,,,
368,7.77742075920105,4.814161840259176,4.79875547602382,,,,,
369,7.690507411956787,4.912863523845817,4.798673896638421,,,,,
370,7.749257802963257,4.848664901956377,4.798589728400317,,,,,
371,7.680918216705322,4.8004747445689615,4.798502971400349,,,,,
372,7.677308797836304,4.748032892121298,4.798413625732152,,,,,
373,7.6187849044799805,4.790339645364888,4.7983216914921565,,,,,
374,7.6258721351623535,4.759895032950065,4.798227168779586,,,,,
375,7.593973159790039,4.730148466621957,4.798130057696455,,,,,
376,7.5960047245025635,4.7831882297541535,4.798030358347576,,,,,
377,7.650705575942993,4.761160483372322,4.797928070840554,,,,,
378,7.597058057785034,4.709540363918141,4.797823195285784,,,,,
379,7.558961391448975,4.747786763939565,4.797715731796459,,,,,
380,7.652170419692993,4.9702945507505145,4.7976056804885605,,,,,
381,7.816974878311157,4.962378679553033,4.797493041480866,,,,,
382,7.769770383834839,4.872276690349146,4.797377814894945,,,,,
383,7.719046592712402,4.859766652345457,4.797260000855162,,,,,
384,7.674687147140503,4.787443131333745,4.797139599488668,,,,,
385,7.669879913330078,4.7955535414642,4.7970166109254135,,,,,
386,7.63053297996521,4.753052914814352,4.796891035298136,,,,,
387,7.58365273475647,4.744830084609023,4.79676287274237,,,,,
388,7.608876466751099,4.74406536132774,4.796632123396438,,,,,
389,7.581144332885742,4.708171369650466,4.796498787401455,,,,,
390,7.553383111953735,4.816220273081248,4.796362864901329,,,,,
391,7.656777858734131,4.695456353228467,4.796224356042759,,,,,
392,7.580281734466553,4.848084062964501,4.796083260975237,,,,,
393,7.642494201660156,4.795695430195763,4.795939579851043,,,,,
394,7.603175640106201,4.7515550985167865,4.795793312825251,,,,,
395,7.599982976913452,4.736818481634604,4.795644460055724,,,,,
396,7.579917907714844,4.68242230046387,4.795493021703118,,,,,
397,7.5722246170043945,4.683123934860486,4.795338997930877,,,,,
398,7.546360015869141,4.773678976713458,4.795182388905236,,,,,
399,7.631255388259888,4.69927670777195,4.79502319479522,,,,,
400,7.542154312133789,4.688878403078919,4.794861415772648,,,,,
401,7.5522167682647705,4.671163028784416,4.794697052012124,,,,,
402,7.527098178863525,4.697985732124271,4.794530103691042,,,,,
403,7.519123077392578,4.647462590187914,4.794360570989589,,,,,
404,7.498573064804077,4.650120406716285,4.794188454090738,,,,,
405,7.526466369628906,4.705185609469401,4.794013753180252,,,,,
406,7.525548696517944,4.635463496433576,4.793836468446684,,,,,
407,7.486514329910278,4.655370632072173,4.793656600081373,,,,,
408,7.512152194976807,4.641789190502504,4.793474148278451,,,,,
409,7.499833583831787,4.627957502265654,4.793289113234832,,,,,
410,7.51556396484375,4.69321253823071,4.793101495150224,,,,,
411,7.53955078125,4.7136825630903445,4.79291129422712,,,,,
412,7.553696632385254,4.710524762348531,4.7927185106708015,,,,,
413,7.561998605728149,4.73938622787482,4.792523144689335,,,,,
414,7.607216835021973,4.788957905227943,4.792325196493578,,,,,
415,7.587155818939209,4.72046193342634,4.792124666297172,,,,,
416,7.553830623626709,4.684757128194964,4.791921554316547,,,,,
417,7.523806095123291,4.707473007543835,4.791715860770917,,,,,
418,7.570593595504761,4.731332344603799,4.791507585882286,,,,,
419,7.554168224334717,4.711679241053691,4.79129672987544,,,,,
420,7.598957061767578,4.812305142640867,4.791083292977955,,,,,
421,7.695210695266724,4.651231553797165,4.790867275420189,,,,,
422,7.586645603179932,4.717798726512566,4.7906486774352866,,,,,
423,7.54373836517334,4.702680541047336,4.790427499259176,,,,,
424,7.531372785568237,4.685024052933548,4.790203741130575,,,,,
425,7.500612735748291,4.677802122170631,4.789977403290979,,,,,
426,7.5153961181640625,4.6303246520566175,4.7897484859846715,,,,,
427,7.488711357116699,4.629330202548618,4.789516989458721,,,,,
428,7.465209484100342,4.606388188892297,4.789282913962977,,,,,
429,7.463534593582153,4.599496733751289,4.789046259750075,,,,,
430,7.469787120819092,4.682069134371335,4.78880702707543,,,,,
431,7.539447784423828,4.66796777707574,4.788565216197245,,,,,
432,7.5308308601379395,4.69472555977843,4.7883208273765,,,,,
433,7.50514817237854,4.70581817486589,4.788073860876963,,,,,
434,7.54072904586792,4.724790206368577,4.787824316965179,,,,,
435,7.579916954040527,4.718711889522029,4.787572195910479,,,,,
436,7.564643859863281,4.655612494386075,4.787317497984971,,,,,
437,7.528606414794922,4.66896916237872,4.78706022346355,,,,,
438,7.510326147079468,4.667537348926118,4.786800372623886,,,,,
439,7.516369104385376,4.665555739021783,4.786537945746431,,,,,
440,7.514359951019287,4.625604196793899,4.7862729431144215,,,,,
441,7.473307132720947,4.614974492733172,4.786005365013868,,,,,
442,7.450676441192627,4.6397769160386995,4.7857352117335665,,,,,
443,7.500607013702393,4.667405853159193,4.785462483565088,,,,,
444,7.5183892250061035,4.675302628813119,4.785187180802782,,,,,
445,7.508952617645264,4.623082232735957,4.784909303743782,,,,,
446,7.477240562438965,4.7112908509722065,4.7846288526879945,,,,,
447,7.506623029708862,4.625778074922232,4.784345827938106,,,,,
448,7.477945327758789,4.624537698554832,4.784060229799581,,,,,
449,7.482897996902466,4.574748488410969,4.783772058580663,,,,,
450,7.476982116699219,4.610470744518796,4.783481314592369,,,,,
451,7.4984025955200195,4.658582915369456,4.783187998148494,,,,,
452,7.486010313034058,4.658355221214968,4.782892109565613,,,,,
453,7.483001947402954,4.66193302926945,4.782593649163071,,,,,
454,7.492556095123291,4.674267252119175,4.782292617262994,,,,,
455,7.503261089324951,4.758308216741448,4.781989014190279,,,,,
456,7.576465845108032,4.770662196651038,4.781682840272603,,,,,
457,7.577759265899658,4.792162016121854,4.781374095840413,,,,,
458,7.569950342178345,4.669140624438543,4.781062781226932,,,,,
459,7.513267517089844,4.7268374585824615,4.780748896768158,,,,,
460,7.5409836769104,4.762280171613316,4.780432442802863,,,,,
461,7.725429534912109,4.802167993317741,4.780113419672588,,,,,
462,7.782548189163208,4.823580448521196,4.7797918277216525,,,,,
463,7.779299974441528,4.990096627813713,4.779467667297145,,,,,
464,7.756647348403931,4.7829486311133715,4.7791409387489265,,,,,
465,7.6436238288879395,4.821121449827446,4.7788116424296305,,,,,
466,7.645540952682495,4.726943733714227,4.778479778694662,,,,,
467,7.56966233253479,4.6835808048136,4.778145347902195,,,,,
468,7.565042018890381,4.6565240321789,4.777808350413179,,,,,
469,7.533241271972656,4.620012589720139,4.777468786591326,,,,,
470,7.488349199295044,4.609186686418757,4.777126656803126,,,,,
471,7.491323947906494,4.7562650392995955,4.776781961417832,,,,,
472,7.562601566314697,4.652337090120885,4.776434700807469,,,,,
473,7.466463565826416,4.608502135946532,4.7760848753468315,,,,,
474,7.461679697036743,4.602159336497545,4.775732485413479,,,,,
475,7.454735517501831,4.5692374120749175,4.7753775313877425,,,,,
476,7.428470134735107,4.588716673790857,4.775020013652717,,,,,
477,7.424078464508057,4.650116570162312,4.7746599325942665,,,,,
478,7.449158191680908,4.588639935091627,4.774297288601022,,,,,
479,7.445178985595703,4.5893147134099115,4.773932082064378,,,,,
480,7.430055141448975,4.58380052820788,4.773564313378498,,,,,
481,7.440488338470459,4.592520529528041,4.773193982940308,,,,,
482,7.4660727977752686,4.690440996842188,4.772821091149502,,,,,
483,7.498260021209717,4.6305905705845785,4.772445638408533,,,,,
484,7.468198537826538,4.6107316869361945,4.7720676251226255,,,,,
485,7.452425241470337,4.59678680421526,4.771687051699762,,,,,
486,7.436477899551392,4.58583258359346,4.7713039185506885,,,,,
487,7.434887886047363,4.567811114132354,4.770918226088915,,,,,
488,7.421556234359741,4.57268684465811,4.7705299747307155,,,,,
489,7.407201290130615,4.544972052987229,4.770139164895122,,,,,
490,7.425943613052368,4.64112367561828,4.769745797003931,,,,,
491,7.449738025665283,4.621553067302784,4.7693498714816975,,,,,
492,7.453782558441162,4.594305295719631,4.768951388755738,,,,,
493,7.430282115936279,4.594829189366307,4.76855034925613,,,,,
494,7.434005498886108,4.565761398326659,4.768146753415709,,,,,
495,7.438844203948975,4.567510543298681,4.767740601670069,,,,,
496,7.398340225219727,4.598364934889181,4.767331894457565,,,,,
497,7.456334829330444,4.5525028930179605,4.766920632219308,,,,,
498,7.4299094676971436,4.653487094617672,4.766506815399166,,,,,
499,7.466751575469971,4.58605573656581,4.7660904444437655,,,,,
500,7.436205148696899,4.573040830677953,4.765671519802491,,,,,
501,7.421749114990234,4.554860054895194,4.765250041927481,,,,,
502,7.40105414390564,4.549649787009314,4.7648260112736285,,,,,
503,7.381890535354614,4.539071409716337,4.764399428298586,,,,,
504,7.402097702026367,4.500489176171882,4.763970293462757,,,,,
505,7.3479225635528564,4.571145405981899,4.763538607229299,,,,,
506,7.422358989715576,4.605703163387597,4.763104370064126,,,,,
507,7.402308940887451,4.620859178201404,4.762667582435904,,,,,
508,7.440095901489258,4.585611687476541,4.7622282448160504,,,,,
509,7.416484832763672,4.578968492248061,4.761786357678735,,,,,
510,7.430150032043457,4.553396524953882,4.761341921500882,,,,,
511,7.405419111251831,4.591540862774027,4.760894936762163,,,,,
512,7.407175779342651,4.560586811615901,4.760445403945002,,,,,
513,7.41853928565979,4.673937784913611,4.759993323534575,,,,,
514,7.551692008972168,4.6448237091879365,4.759538696018803,,,,,
515,7.4908366203308105,4.6157582471910095,4.759081521888359,,,,,
516,7.500394821166992,4.5704284355959235,4.758621801636666,,,,,
517,7.441042423248291,4.641647387393088,4.758159535759892,,,,,
518,7.5004401206970215,4.593242289941786,4.757694724756953,,,,,
519,7.455430746078491,4.656898573730251,4.757227369129513,,,,,
520,7.508530378341675,4.629563159357108,4.756757469381983,,,,,
521,7.456361770629883,4.565923200724404,4.756285026021518,,,,,
522,7.436251401901245,4.599273376248282,4.7558100395580185,,,,,
523,7.445300579071045,4.597260223104735,4.755332510504131,,,,,
524,7.444921493530273,4.537153888490643,4.754852439375243,,,,,
525,7.376014947891235,4.53534480801543,4.7543698266894925,,,,,
526,7.376209497451782,4.538576457558609,4.753884672967753,,,,,
527,7.364544630050659,4.4820239973028135,4.753396978733645,,,,,
528,7.351903676986694,4.529497091864417,4.752906744513528,,,,,
529,7.376788377761841,4.642514576923958,4.752413970836505,,,,,
530,7.484176874160767,4.63861189217403,4.751918658234421,,,,,
531,7.4689106941223145,4.656240297426588,4.751420807241857,,,,,
532,7.468668222427368,4.603236448273527,4.750920418396137,,,,,
533,7.43242621421814,4.57049901691979,4.7504174922373235,,,,,
534,7.368179798126221,4.566802068554724,4.749912029308217,,,,,
535,7.422107696533203,4.673202248558064,4.7494040301543565,,,,,
536,7.482346773147583,4.638714848094071,4.748893495324016,,,,,
537,7.4501423835754395,4.585713293694768,4.748380425368211,,,,,
538,7.4432573318481445,4.512464567028845,4.747864820840688,,,,,
539,7.385223388671875,4.5380190643971465,4.747346682297931,,,,,
540,7.371545314788818,4.547128103278684,4.746826010299161,,,,,
541,7.360903263092041,4.524203236109074,4.746302805406331,,,,,
542,7.354878902435303,4.504009942029884,4.745777068184126,,,,,
543,7.400502681732178,4.595316272106764,4.7452487991999694,,,,,
544,7.3950514793396,4.577734034235885,4.744717999024012,,,,,
545,7.397200107574463,4.6223557091641565,4.744184668229139,,,,,
546,7.461219787597656,4.628963626062699,4.743648807390966,,,,,
547,7.540119409561157,4.588251541200258,4.7431104170878395,,,,,
548,7.488148927688599,4.598145234675043,4.7425694979008375,,,,,
549,7.468919277191162,4.6789337014630625,4.742026050413764,,,,,
550,7.496049165725708,4.567949648360629,4.741480075213155,,,,,
551,7.440702199935913,4.546761555467161,4.740931572888273,,,,,
552,7.412694692611694,4.54613220781915,4.740380544031107,,,,,
553,7.371753931045532,4.527739136834622,4.739826989236376,,,,,
554,7.375182151794434,4.567685916907052,4.739270909101523,,,,,
555,7.387190580368042,4.497308655884007,4.738712304226717,,,,,
556,7.322822570800781,4.486829920111833,4.738151175214852,,,,,
557,7.346309661865234,4.601029862467234,4.737587522671545,,,,,
558,7.36302638053894,4.5330922741966155,4.737021347205138,,,,,
559,7.354249000549316,4.515261391614845,4.736452649426695,,,,,
560,7.358880043029785,4.5420334910624565,4.735881429950006,,,,,
561,7.348012208938599,4.502895142873663,4.735307689391577,,,,,
562,7.351089715957642,4.4708290346737565,4.7347314283706385,,,,,
563,7.318374156951904,4.478948053940692,4.7341526475091396,,,,,
564,7.324556350708008,4.596259692419067,4.73357134743175,,,,,
565,7.386415243148804,4.5004959714021675,4.732987528765858,,,,,
566,7.342690706253052,4.518358689581676,4.732401192141572,,,,,
567,7.373822212219238,4.482321465687154,4.731812338191715,,,,,
568,7.318798542022705,4.52899320612844,4.731220967551827,,,,,
569,7.343454360961914,4.465913850384865,4.730627080860168,,,,,
570,7.2970497608184814,4.464587925661503,4.730030678757709,,,,,
571,7.341527462005615,4.485358949064507,4.729431761888138,,,,,
572,7.341797351837158,4.580244858391251,4.728830330897858,,,,,
573,7.381434917449951,4.546794489915878,4.728226386435984,,,,,
574,7.350927352905273,4.562996456460656,4.7276199291543435,,,,,
575,7.360975742340088,4.6517018008573,4.727010959707478,,,,,
576,7.454339265823364,4.703447757196386,4.726399478752638,,,,,
577,7.4832189083099365,4.665957872560789,4.725785486949787,,,,,
578,7.448443174362183,4.573260666443782,4.725168984961596,,,,,
579,7.396296739578247,4.6078409352555205,4.724549973453446,,,,,
580,7.378759384155273,4.539958229177233,4.723928453093428,,,,,
581,7.381199598312378,4.5381145567529035,4.723304424552338,,,,,
582,7.426036357879639,4.522627298124103,4.722677888503682,,,,,
583,7.360754489898682,4.567726821434207,4.722048845623671,,,,,
584,7.38384747505188,4.557567383282519,4.721417296591221,,,,,
585,7.379960536956787,4.575056341538618,4.720783242087953,,,,,
586,7.4022057056427,4.546271108999485,4.720146682798194,,,,,
587,7.352869987487793,4.506696159444605,4.719507619408971,,,,,
588,7.323336601257324,4.463116920926773,4.718866052610016,,,,,
589,7.301217555999756,4.492038518065058,4.7182219830937635,,,,,
590,7.2991414070129395,4.521417363738693,4.717575411555347,,,,,
591,7.344642639160156,4.525117972801471,4.716926338692603,,,,,
592,7.353230953216553,4.489156758113505,4.716274765206063,,,,,
593,7.294527530670166,4.463425381229744,4.715620691798963,,,,,
594,7.316925525665283,4.551529244879297,4.714964119177235,,,,,
595,7.368228912353516,4.53972419336927,4.714305048049506,,,,,
596,7.361366033554077,4.453995574914276,4.713643479127103,,,,,
597,7.327371835708618,4.522992504254622,4.712979413124047,,,,,
598,7.359148979187012,4.5176042120831665,4.712312850757053,,,,,
599,7.415180444717407,4.531146243402595,4.711643792745535,,,,,
600,7.384271621704102,4.517062960200394,4.710972239811594,,,,,
601,7.353054523468018,4.517523749722865,4.710298192680028,,,,,
602,7.366464376449585,4.52532352390562,4.709621652078328,,,,,
603,7.345087051391602,4.5150379298413075,4.708942618736671,,,,,
604,7.408041954040527,4.6839382824925835,4.70826109338793,,,,,
605,7.425447463989258,4.583862218062752,4.707577076767664,,,,,
606,7.3727357387542725,4.541480332888707,4.706890569614121,,,,,
607,7.392303466796875,4.537053074126889,4.706201572668239,,,,,
608,7.394890785217285,4.551386649714888,4.705510086673641,,,,,
609,7.353713750839233,4.5486626911805,4.70481611237664,,,,,
610,7.384396076202393,4.565996076200467,4.704119650526229,,,,,
611,7.381367206573486,4.678475523516348,4.70342070187409,,,,,
612,7.483520746231079,4.80129016819273,4.702719267174587,,,,,
613,7.515146017074585,4.685574346073943,4.70201534718477,,,,,
614,7.535820484161377,4.716540559587407,4.701308942664369,,,,,
615,7.534699440002441,4.6755118935523265,4.700600054375793,,,,,
616,7.467208623886108,4.614938622467451,4.699888683084137,,,,,
617,7.4484474658966064,4.574200282084831,4.699174829557173,,,,,
618,7.418613433837891,4.566628123853666,4.698458494565352,,,,,
619,7.378636121749878,4.510074384679706,4.6977396788818035,,,,,
620,7.347085475921631,4.535206697085407,4.697018383282334,,,,,
621,7.328464031219482,4.563119403247176,4.696294608545428,,,,,
622,7.432436466217041,4.520251865643629,4.695568355452244,,,,,
623,7.347867250442505,4.602321120647947,4.694839624786617,,,,,
624,7.417386531829834,4.53656906556241,4.6941084173350545,,,,,
625,7.370913982391357,4.556941927131031,4.6933747338867375,,,,,
626,7.374993324279785,4.549932809914733,4.69263857523352,,,,,
627,7.364318132400513,4.539163613539969,4.6918999421699255,,,,,
628,7.321259021759033,4.492601327077995,4.691158835493152,,,,,
629,7.326625347137451,4.51654955837484,4.690415256003063,,,,,
630,7.317805290222168,4.497935295706541,4.689669204502193,,,,,
631,7.306037902832031,4.437581666885453,4.688920681795744,,,,,
632,7.27071475982666,4.523064255213116,4.688169688691587,,,,,
633,7.333876609802246,4.5077249396238335,4.687416226000255,,,,,
634,7.303984880447388,4.530965497656165,4.686660294534951,,,,,
635,7.338043689727783,4.509762743724505,4.68590189511154,,,,,
636,7.344024181365967,4.587625690825954,4.68514102854855,,,,,
637,7.3498992919921875,4.548902627898426,4.684377695667174,,,,,
638,7.377415180206299,4.512016476253384,4.683611897291264,,,,,
639,7.388675689697266,4.565624685223309,4.682843634247338,,,,,
640,7.390474319458008,4.601026159860789,4.682072907364568,,,,,
641,7.3941051959991455,4.57048381588056,4.68129971747479,,,,,
642,7.405931234359741,4.602826503067081,4.680524065412493,,,,,
643,7.430152654647827,4.6121402428469,4.67974595201483,,,,,
644,7.375792026519775,4.5342781182795235,4.678965378121606,,,,,
645,7.444308042526245,4.653700462402266,4.678182344575281,,,,,
646,7.5431907176971436,4.628106153342181,4.677396852220974,,,,,
647,7.509730577468872,4.557961948786191,4.6766089019064525,,,,,
648,7.390435218811035,4.813469137636125,4.675818494482143,,,,,
649,7.696990966796875,5.20035133249525,4.675025630801116,,,,,
650,7.91273307800293,4.932643486733593,4.6742303117191,,,,,
651,7.702319622039795,4.702269938334986,4.673432538094471,,,,,
652,7.616232633590698,4.870673886259832,4.672632310788254,,,,,
653,7.783456087112427,4.961568736548781,4.671829630664121,,,,,
654,7.782789945602417,4.901165209065174,4.671024498588393,,,,,
655,7.70145058631897,4.81626033823063,4.670216915430038,,,,,
656,7.6333396434783936,4.728769237199082,4.669406882060668,,,,,
657,7.631511211395264,4.7451398043796935,4.668594399354539,,,,,
658,7.605215072631836,4.66980819806419,4.667779468188552,,,,,
659,7.5284059047698975,4.666588995615107,4.666962089442252,,,,,
660,7.493779897689819,4.640146407086474,4.666142263997819,,,,,
661,7.475623607635498,4.6760845529221005,4.665319992740082,,,,,
662,7.520121812820435,4.784065179808787,4.664495276556505,,,,,
663,7.602478742599487,4.583513239033589,4.663668116337191,,,,,
664,7.461306095123291,4.642405238243789,4.662838512974882,,,,,
665,7.466140270233154,4.613861609146914,4.662006467364958,,,,,
666,7.443425893783569,4.550567971847958,4.661171980405431,,,,,
667,7.409112215042114,4.540881402759215,4.6603350529969525,,,,,
668,7.406989812850952,4.593838502420308,4.659495686042803,,,,,
669,7.375253438949585,4.633823119461085,4.6586538804489015,,,,,
670,7.386311769485474,4.54381429036191,4.657809637123793,,,,,
671,7.342589378356934,4.530284431624352,4.65696295697866,,,,,
672,7.312047243118286,4.496170366181357,4.6561138409273095,,,,,
673,7.331887245178223,4.538018058387044,4.65526228988618,,,,,
674,7.360191106796265,4.55655939885806,4.654408304774338,,,,,
675,7.363107442855835,4.687136973123574,4.653551886513477,,,,,
676,7.425579786300659,4.579268766512281,4.652693036027916,,,,,
677,7.390892028808594,4.5415718770007105,4.6518317542446,,,,,
678,7.3575074672698975,4.5128583595269465,4.650968042093097,,,,,
679,7.321518182754517,4.540780495554585,4.650101900505598,,,,,
680,7.348891019821167,4.449443634464723,4.6492333304169176,,,,,
681,7.294788599014282,4.5444781465426125,4.64836233276449,,,,,
682,7.371775150299072,4.6136728997386935,4.64748890848837,,,,,
683,7.3513429164886475,4.515540480713969,4.646613058531231,,,,,
684,7.340246915817261,4.503994144442905,4.645734783838366,,,,,
685,7.3113014698028564,4.501808403117803,4.644854085357681,,,,,
686,7.283414363861084,4.463788421139986,4.6439709640397036,,,,,
687,7.261463165283203,4.454440618784514,4.643085420837572,,,,,
688,7.2536232471466064,4.482630611969905,4.642197456707039,,,,,
689,7.367502212524414,4.568422386283329,4.641307072606472,,,,,
690,7.32483434677124,4.48644754062489,4.6404142694968495,,,,,
691,7.31412148475647,4.447711417211816,4.639519048341759,,,,,
692,7.267414331436157,4.477841773285798,4.638621410107401,,,,,
693,7.258444547653198,4.437920404543287,4.637721355762581,,,,,
694,7.256801128387451,4.432368445737308,4.636818886278717,,,,,
695,7.265264511108398,4.4466402418378825,4.635914002629827,,,,,
696,7.248133182525635,4.489196083543679,4.635006705792541,,,,,
697,7.284362316131592,4.465236502199037,4.63409699674609,,,,,
698,7.3059797286987305,4.479695468915422,4.63318487647231,,,,,
699,7.305393934249878,4.4464147828826395,4.632270345955637,,,,,
700,7.261045217514038,4.415606622439257,4.631353406183113,,,,,
701,7.245666980743408,4.455860883072708,4.630434058144373,,,,,
702,7.2524378299713135,4.443478849978884,4.62951230283166,,,,,
703,7.2492516040802,4.438916160240206,4.628588141239808,,,,,
704,7.23576021194458,4.4666358857118755,4.627661574366252,,,,,
705,7.261646032333374,4.480340840136734,4.62673260321102,,,,,
706,7.256563186645508,4.455775527817748,4.62580122877674,,,,,
707,7.253208160400391,4.482045747333459,4.624867452068626,,,,,
708,7.272230625152588,4.424220530900562,4.623931274094493,,,,,
709,7.228030681610107,4.448936580107731,4.622992695864741,,,,,
710,7.241254806518555,4.461601120368887,4.622051718392365,,,,,
711,7.25559401512146,4.4419747702307415,4.621108342692947,,,,,
712,7.267748832702637,4.481767043834779,4.62016256978466,,,,,
713,7.264406681060791,4.438647635751055,4.61921440068826,,,,,
714,7.230380535125732,4.471894566806251,4.618263836427093,,,,,
715,7.292205095291138,4.511187678329878,4.617310878027088,,,,,
716,7.283633708953857,4.457052374808502,4.6163555265167595,,,,,
717,7.246670961380005,4.41554860330811,4.615397782927205,,,,,
718,7.211849689483643,4.47286711148197,4.6144376482921,,,,,
719,7.269407510757446,4.51549539694373,4.613475123647706,,,,,
720,7.298043489456177,4.447005521559334,4.61251021003286,,,,,
721,7.244339942932129,4.456470926636102,4.611542908488978,,,,,
722,7.272440671920776,4.440453966893099,4.610573220060056,,,,,
723,7.255021095275879,4.471961594911259,4.609601145792664,,,,,
724,7.308225631713867,4.487071752548218,4.6086266867359456,,,,,
725,7.283386468887329,4.45870390170958,4.60764984394162,,,,,
726,7.289925575256348,4.540281204740173,4.606670618463981,,,,,
727,7.279329299926758,4.520508795049232,4.605689011359889,,,,,
728,7.319327354431152,4.487232436243479,4.604705023688781,,,,,
729,7.294656753540039,4.500295515317091,4.603718656512657,,,,,
730,7.315499782562256,4.47672271989192,4.602729910896091,,,,,
731,7.287541627883911,4.492000723406485,4.6017387879062195,,,,,
732,7.322504281997681,4.593992206607174,4.600745288612747,,,,,
733,7.3785319328308105,4.555727662510788,4.599749414087943,,,,,
734,7.3544535636901855,4.5495494436676305,4.598751165406639,,,,,
735,7.335148334503174,4.508850108684864,4.597750543646231,,,,,
736,7.2995924949646,4.526552718662233,4.596747549886673,,,,,
737,7.3643951416015625,4.498431093859211,4.595742185210483,,,,,
738,7.291263103485107,4.504573304278195,4.5947344507027355,,,,,
739,7.307900428771973,4.485867113501611,4.593724347451063,,,,,
740,7.321293115615845,4.512704784274603,4.592711876545655,,,,,
741,7.2884862422943115,4.488219599246578,4.591697039079256,,,,,
742,7.260940790176392,4.439410162132462,4.590679836147165,,,,,
743,7.213932275772095,4.466725418004196,4.589660268847234,,,,,
744,7.255130052566528,4.401756206412993,4.588638338279865,,,,,
745,7.230218410491943,4.474285474437139,4.587614045548015,,,,,
746,7.234658241271973,4.417277896775229,4.586587391757186,,,,,
747,7.208761692047119,4.391876066302531,4.58555837801543,,,,,
748,7.209589958190918,4.435298928701146,4.5845270054333485,,,,,
749,7.223291635513306,4.472934111915184,4.5834932751240824,,,,,
750,7.2328736782073975,4.442290850303271,4.582457188203324,,,,,
751,7.25159478187561,4.637795385339864,4.581418745789306,,,,,
752,7.532969951629639,4.715687556864335,4.580377949002803,,,,,
753,7.496545791625977,4.725583086503064,4.579334798967132,,,,,
754,7.5107645988464355,4.827134415118809,4.578289296808149,,,,,
755,7.570654630661011,4.684650394072344,4.577241443654248,,,,,
756,7.5764195919036865,4.607338436317605,4.576191240636363,,,,,
757,7.441678762435913,4.643660515872644,4.57513868888796,,,,,
758,7.435370206832886,4.5959607048933,4.5740837895450435,,,,,
759,7.475602626800537,4.641439510655062,4.573026543746151,,,,,
760,7.424380779266357,4.641789544220227,4.571966952632351,,,,,
761,7.4491448402404785,4.6462420484817155,4.570905017347246,,,,,
762,7.424476623535156,4.537856441270011,4.569840739036965,,,,,
763,7.3436431884765625,4.516688844754578,4.568774118850168,,,,,
764,7.305781841278076,4.523830546562766,4.567705157938042,,,,,
765,7.309123992919922,4.456628246604143,4.566633857454301,,,,,
766,7.251906871795654,4.420458696588335,4.565560218555183,,,,,
767,7.292701721191406,4.5051638418330775,4.564484242399452,,,,,
768,7.30407977104187,4.483792989167774,4.563405930148391,,,,,
769,7.306038856506348,4.459174353901933,4.562325282965806,,,,,
770,7.302010536193848,4.459946148930928,4.561242302018024,,,,,
771,7.272989273071289,4.450702767295934,4.56015698847389,,,,,
772,7.259373664855957,4.463991168168937,4.559069343504768,,,,,
773,7.299560546875,4.488790948015988,4.557979368284535,,,,,
774,7.29265022277832,4.439438101621713,4.556887063989585,,,,,
775,7.264183759689331,4.426358201706279,4.555792431798825,,,,,
776,7.235358238220215,4.510442227049973,4.554695472893679,,,,,
777,7.2736592292785645,4.401973261765014,4.553596188458074,,,,,
778,7.221264600753784,4.435212169603904,4.552494579678451,,,,,
779,7.226598024368286,4.454394476868908,4.551390647743764,,,,,
780,7.256889343261719,4.451431586423574,4.550284393845466,,,,,
781,7.222552061080933,4.48028671330419,4.549175819177522,,,,,
782,7.266711235046387,4.527310777652955,4.5480649249364005,,,,,
783,7.31278395652771,4.4933928330471975,4.546951712321071,,,,,
784,7.3164963722229,4.614161960009871,4.54583618253301,,,,,
785,7.471029043197632,4.775687268644546,4.54471833677619,,,,,
786,7.643563985824585,4.667223227535405,4.543598176257084,,,,,
787,7.461571931838989,4.659823115880596,4.542475702184667,,,,,
788,7.505273342132568,4.696464068153708,4.541350915770408,,,,,
789,7.443652868270874,4.560997356177379,4.540223818228271,,,,,
790,7.402291536331177,4.522161606683563,4.539094410774716,,,,,
791,7.363793849945068,4.563244634761442,4.537962694628695,,,,,
792,7.359769821166992,4.587167779771694,4.536828671011653,,,,,
793,7.36964225769043,4.533536642313605,4.5356923411475245,,,,,
794,7.368718147277832,4.550760563328248,4.534553706262733,,,,,
795,7.398853302001953,4.688442905376296,4.5334127675861895,,,,,
796,7.461894989013672,4.565912892980872,4.532269526349293,,,,,
797,7.430964231491089,4.500127012936181,4.5311239837859265,,,,,
798,7.3799073696136475,4.567750781198026,4.529976141132456,,,,,
799,7.346673250198364,4.532684995708995,4.528825999627732,,,,,
800,7.368577480316162,4.518341653982665,4.527673560513084,,,,,
801,7.372510671615601,4.525874703947088,4.526518825032323,,,,,
802,7.295577526092529,4.590256849390003,4.525361794431736,,,,,
803,7.364635705947876,4.557740769534677,4.524202469960091,,,,,
804,7.324558258056641,4.5396739915201305,4.523040852868628,,,,,
805,7.346776723861694,4.608400324596087,4.521876944411063,,,,,
806,7.380888938903809,4.606130755178261,4.520710745843586,,,,,
807,7.409055233001709,4.525492001221499,4.519542258424857,,,,,
808,7.301092624664307,4.4846139822415285,4.518371483416005,,,,,
809,7.2960662841796875,4.420300637101605,4.517198422080634,,,,,
810,7.265196800231934,4.456257303990267,4.516023075684807,,,,,
811,7.293824195861816,4.425526010779596,4.514845445497062,,,,,
812,7.241513013839722,4.41604538902302,4.513665532788394,,,,,
813,7.2378129959106445,4.425836245686793,4.512483338832266,,,,,
814,7.224214553833008,4.421966039202011,4.511298864904604,,,,,
815,7.260801315307617,4.471337245832079,4.510112112283791,,,,,
816,7.282086610794067,4.455372682632369,4.508923082250671,,,,,
817,7.288147449493408,4.442512624097332,4.507731776088549,,,,,
818,7.285837173461914,4.4660879141949525,4.50653819508318,,,,,
819,7.317007303237915,4.4620244342605035,4.50534234052278,,,,,
820,7.26093864440918,4.4625667302522265,4.5041442136980185,,,,,
821,7.230548858642578,4.442603620989569,4.502943815902013,,,,,
822,7.228898525238037,4.415871404618953,4.5017411484303365,,,,,
823,7.219335556030273,4.394081161641794,4.500536212581009,,,,,
824,7.18229866027832,4.405007825968545,4.4993290096545,,,,,
825,7.200295448303223,4.393156229697726,4.498119540953725,,,,,
826,7.182758331298828,4.406578026668077,4.496907807784047,,,,,
827,7.1915576457977295,4.366282069251956,4.49569381145327,,,,,
828,7.211448431015015,4.450095100098041,4.494477553271642,,,,,
829,7.305333375930786,4.4711198377649355,4.493259034551853,,,,,
830,7.3112006187438965,4.520035527352028,4.492038256609031,,,,,
831,7.3537373542785645,4.416619625284052,4.4908152207607435,,,,,
832,7.32636284828186,4.432302904891006,4.489589928326995,,,,,
833,7.259881496429443,4.490615693534293,4.488362380630226,,,,,
834,7.2689125537872314,4.410029832007406,4.487132578995309,,,,,
835,7.241395473480225,4.4403606395544974,4.485900524749551,,,,,
836,7.214063882827759,4.400888977179115,4.48466621922269,,,,,
837,7.249332904815674,4.455093401033804,4.483429663746892,,,,,
838,7.2985711097717285,4.52158342398346,4.482190859656755,,,,,
839,7.290450096130371,4.409908821043395,4.4809498082893,,,,,
840,7.2128119468688965,4.416332612827708,4.479706510983975,,,,,
841,7.218384742736816,4.424220571205133,4.478460969082653,,,,,
842,7.19576621055603,4.412832044572566,4.477213183929628,,,,,
843,7.209383726119995,4.383556704244461,4.475963156871615,,,,,
844,7.191514015197754,4.454285535218838,4.474710889257753,,,,,
845,7.2136383056640625,4.393195354407128,4.473456382439591,,,,,
846,7.18522572517395,4.391258623541855,4.4721996377711015,,,,,
847,7.1657819747924805,4.396892607362457,4.470940656608671,,,,,
848,7.160037279129028,4.413310608811695,4.469679440311097,,,,,
849,7.184914827346802,4.3657255309083265,4.468415990239594,,,,,
850,7.158969402313232,4.370872128601331,4.467150307757781,,,,,
851,7.149383544921875,4.473895612537008,4.465882394231693,,,,,
852,7.261101484298706,4.367043904440056,4.464612251029769,,,,,
853,7.2017693519592285,4.422314584706389,4.463339879522857,,,,,
854,7.201626777648926,4.462509512801046,4.462065281084206,,,,,
855,7.245063781738281,4.429234976724379,4.460788457089472,,,,,
856,7.2341108322143555,4.489774895275812,4.459509408916711,,,,,
857,7.394918203353882,4.513719141232657,4.458228137946382,,,,,
858,7.322858095169067,4.4361213238124995,4.456944645561342,,,,,
859,7.273419141769409,4.438447481649478,4.455658933146844,,,,,
860,7.31849479675293,4.492644804079458,4.454371002090537,,,,,
861,7.337949752807617,4.545750864620866,4.453080853782467,,,,,
862,7.3507490158081055,4.5369602053781035,4.451788489615072,,,,,
863,7.302507162094116,4.498426034332224,4.450493910983179,,,,,
864,7.289495229721069,4.422458470619657,4.449197119284012,,,,,
865,7.2307281494140625,4.518492311264308,4.447898115917173,,,,,
866,7.3563947677612305,4.514146979462709,4.446596902284661,,,,,
867,7.32072377204895,4.452412949779437,4.4452934797908545,,,,,
868,7.298157691955566,4.602734855486627,4.443987849842518,,,,,
869,7.41866397857666,4.482349898456223,4.442680013848799,,,,,
870,7.344625234603882,4.4452322030689055,4.441369973221224,,,,,
871,7.302424192428589,4.5003535368544805,4.440057729373701,,,,,
872,7.310103178024292,4.458825395726877,4.438743283722516,,,,,
873,7.299879312515259,4.60951163389785,4.43742663768633,,,,,
874,7.388221740722656,4.515456424028158,4.436107792686177,,,,,
875,7.325345516204834,4.4556322466735585,4.434786750145469,,,,,
876,7.275479793548584,4.4741202868565075,4.433463511489987,,,,,
877,7.2608442306518555,4.452768402604921,4.432138078147882,,,,,
878,7.240584850311279,4.456226229366883,4.430810451549674,,,,,
879,7.228547096252441,4.432494417171302,4.429480633128252,,,,,
880,7.208500862121582,4.402098178663005,4.428148624318868,,,,,
881,7.1943628787994385,4.3773512140455315,4.4268144265591385,,,,,
882,7.199300765991211,4.389434466751009,4.425478041289044,,,,,
883,7.242166042327881,4.427335869674426,4.4241394699509256,,,,,
884,7.220865249633789,4.455334114767705,4.422798713989482,,,,,
885,7.237156391143799,4.43475941994092,4.421455774851771,,,,,
886,7.203924894332886,4.369525123785483,4.420110653987208,,,,,
887,7.162800312042236,4.377564309924665,4.41876335284756,,,,,
888,7.150188446044922,4.3544102396856745,4.41741387288695,,,,,
889,7.167032957077026,4.3346731947489,4.416062215561852,,,,,
890,7.142131328582764,4.338668822039066,4.414708382331088,,,,,
891,7.13019061088562,4.376207684748708,4.41335237465583,,,,,
892,7.151660919189453,4.474636640540686,4.411994193999598,,,,,
893,7.262429237365723,4.4458455082947115,4.410633841828253,,,,,
894,7.23333477973938,4.413799844738613,4.409271319610007,,,,,
895,7.181299924850464,4.380661693714164,4.407906628815407,,,,,
896,7.19870662689209,4.386883961242021,4.406539770917344,,,,,
897,7.210326194763184,4.479176519496587,4.405170747391048,,,,,
898,7.2530128955841064,4.53019745616576,4.403799559714083,,,,,
899,7.267572402954102,4.479328580018951,4.402426209366354,,,,,
900,7.220694065093994,4.409339431757883,4.401050697830096,,,,,
901,7.235902309417725,4.562821884131211,4.399673026589877,,,,,
902,7.3026604652404785,4.410917988336818,4.398293197132599,,,,,
903,7.220912456512451,4.388191040270062,4.396911210947491,,,,,
904,7.1801676750183105,4.389073547141907,4.395527069526109,,,,,
905,7.178567409515381,4.354692053253456,4.394140774362335,,,,,
906,7.159515142440796,4.3878053094881535,4.392752326952379,,,,,
907,7.229313373565674,4.447055119040435,4.39136172879477,,,,,
908,7.222504615783691,4.416403067222255,4.38996898139036,,,,,
909,7.182597637176514,4.405806843225849,4.388574086242319,,,,,
910,7.19748067855835,4.390212076867298,4.3871770448561405,,,,,
911,7.156666040420532,4.375753212215722,4.385777858739625,,,,,
912,7.135380029678345,4.37089764380074,4.384376529402896,,,,,
913,7.163862228393555,4.381474313062214,4.382973058358387,,,,,
914,7.188848972320557,4.362083825271004,4.381567447120844,,,,,
915,7.192129611968994,4.5093399975057205,4.380159697207319,,,,,
916,7.413046836853027,4.647005773372666,4.378749810137179,,,,,
917,7.501836538314819,4.581970954562958,4.377337787432091,,,,,
918,7.359096050262451,4.6277666462881415,4.375923630616033,,,,,
919,7.40198278427124,4.490875774516691,4.3745073412152795,,,,,
920,7.3102476596832275,4.456268444093363,4.373088920758414,,,,,
921,7.262565851211548,4.44862720222409,4.371668370776313,,,,,
922,7.25485372543335,4.451142065859924,4.370245692802158,,,,,
923,7.2149388790130615,4.398634939658932,4.368820888371421,,,,,
924,7.209653854370117,4.45091336248701,4.367393959021874,,,,,
925,7.260682821273804,4.486534704973559,4.365964906293581,,,,,
926,7.24718713760376,4.460068632114625,4.364533731728894,,,,,
927,7.2676897048950195,4.503155210421204,4.363100436872461,,,,,
928,7.262665271759033,4.483399661676136,4.361665023271215,,,,,
929,7.2199530601501465,4.480231570636053,4.360227492474376,,,,,
930,7.407073736190796,4.567433497001385,4.358787846033449,,,,,
931,7.323489665985107,4.546283206787302,4.357346085502225,,,,,
932,7.3982439041137695,4.682350860913327,4.355902212436771,,,,,
933,7.546954154968262,4.576630627838276,4.35445622839544,,,,,
934,7.413978099822998,4.531659502858771,4.35300813493886,,,,,
935,7.37219762802124,4.522586861611215,4.351557933629937,,,,,
936,7.315174341201782,4.4846827231905255,4.350105626033851,,,,,
937,7.259640693664551,4.440273102639201,4.348651213718056,,,,,
938,7.210046052932739,4.4046822155694985,4.3471946982522764,,,,,
939,7.198719024658203,4.434063208815027,4.34573608120851,,,,,
940,7.252575397491455,4.49140290756803,4.3442753641610174,,,,,
941,7.228970527648926,4.470617181819662,4.34281254868633,,,,,
942,7.2653257846832275,4.397415213067558,4.341347636363242,,,,,
943,7.230316400527954,4.37853033027296,4.339880628772812,,,,,
944,7.19886589050293,4.456137715917961,4.3384115274983595,,,,,
945,7.268941164016724,4.540281558658417,4.336940334125463,,,,,
946,7.29233717918396,4.455375682014292,4.3354670502419586,,,,,
947,7.280619382858276,4.430726863036544,4.33399167743794,,,,,
948,7.218906879425049,4.450250525550746,4.3325142173057545,,,,,
949,7.220277547836304,4.43699175134439,4.331034671440004,,,,,
950,7.237688064575195,4.440120627641478,4.329553041437539,,,,,
951,7.193763256072998,4.412004786845111,4.3280693288974605,,,,,
952,7.190876007080078,4.35522419469912,4.3265835354211175,,,,,
953,7.1622185707092285,4.373735357874877,4.325095662612105,,,,,
954,7.150476932525635,4.418928798253643,4.323605712076261,,,,,
955,7.171420574188232,4.379407105473935,4.322113685421667,,,,,
956,7.154435396194458,4.427104951956374,4.320619584258645,,,,,
957,7.1933746337890625,4.3437701504806,4.319123410199755,,,,,
958,7.1511406898498535,4.387939446908872,4.317625164859797,,,,,
959,7.155852794647217,4.375537188339875,4.316124849855804,,,,,
960,7.18901801109314,4.3911028862801595,4.314622466807044,,,,,
961,7.149498462677002,4.39369949921527,4.313118017335014,,,,,
962,7.158107280731201,4.347409939344837,4.311611503063445,,,,,
963,7.1299521923065186,4.334276678584222,4.310102925618297,,,,,
964,7.128105163574219,4.384567790917733,4.3085922866277535,,,,,
965,7.163469314575195,4.353639339779083,4.3070795877222245,,,,,
966,7.180476903915405,4.392608472135911,4.305564830534343,,,,,
967,7.199378967285156,4.459676318453379,4.304048016698964,,,,,
968,7.177122592926025,4.423900246519918,4.3025291478531615,,,,,
969,7.194349765777588,4.400666276379931,4.301008225636229,,,,,
970,7.173638343811035,4.482404524183153,4.299485251689674,,,,,
971,7.291492223739624,4.400602252068291,4.297960227657219,,,,,
972,7.2020134925842285,4.4118334984358265,4.2964331551848005,,,,,
973,7.237845420837402,4.497606183622342,4.294904035920565,,,,,
974,7.264357566833496,4.443482143524016,4.293372871514867,,,,,
975,7.203514099121094,4.401745736448579,4.2918396636202685,,,,,
976,7.1810736656188965,4.402168554453613,4.2903044138915405,,,,,
977,7.198280572891235,4.373667699735239,4.288767123985654,,,,,
978,7.160762310028076,4.431385227368597,4.287227795561781,,,,,
979,7.2052600383758545,4.428592751866334,4.285686430281297,,,,,
980,7.208238840103149,4.466856189692492,4.284143029807773,,,,,
981,7.2630860805511475,4.454634200032766,4.2825975958069815,,,,,
982,7.1777708530426025,4.443582235613824,4.281050129946883,,,,,
983,7.191848993301392,4.398694025958858,4.279500633897635,,,,,
984,7.187224864959717,4.357445811904509,4.277949109331585,,,,,
985,7.201502323150635,4.4860866839791464,4.276395557923272,,,,,
986,7.262292385101318,4.44418815186888,4.274839981349418,,,,,
987,7.27092981338501,4.5427332221208445,4.273282381288935,,,,,
988,7.357516288757324,4.480881046506916,4.271722759422916,,,,,
989,7.247302770614624,4.4024415792187686,4.27016111743464,,,,,
990,7.208808660507202,4.381796591015199,4.268597457009561,,,,,
991,7.181784629821777,4.39768402630587,4.267031779835316,,,,,
992,7.1615986824035645,4.354284035247148,4.265464087601716,,,,,
993,7.159618854522705,4.46717484384349,4.263894382000748,,,,,
994,7.232661008834839,4.433897018232097,4.262322664726572,,,,,
995,7.187796115875244,4.420979141286685,4.260748937475518,,,,,
996,7.162883758544922,4.420397184394407,4.259173201946087,,,,,
997,7.165168762207031,4.368495421413617,4.257595459838946,,,,,
998,7.153599262237549,4.3863129222763995,4.256015712856929,,,,,
999,7.189016103744507,4.414003747766814,4.254433962705033,,,,,
1000,7.2444939613342285,4.516037310944373,4.252850211090417,,,,,
1001,7.258988380432129,4.489093282625793,4.2512644597224,,,,,
1002,7.1968300342559814,4.408666680899861,4.2496767103124595,,,,,
1003,7.16865348815918,4.390469566526485,4.248086964574231,,,,,
1004,7.146995782852173,4.393174711448792,4.2464952242235015,,,,,
1005,7.117959976196289,4.342111932619767,4.244901490978214,,,,,
1006,7.1456146240234375,4.458184045137128,4.24330576655846,,,,,
1007,7.219675540924072,4.3351222273679815,4.241708052686481,,,,,
1008,7.169400691986084,4.389407981635142,4.240108351086665,,,,,
1009,7.15431547164917,4.369449508601222,4.238506663485547,,,,,
1010,7.141991138458252,4.3754502740399595,4.236902991611804,,,,,
1011,7.157453536987305,4.325727052303599,4.235297337196254,,,,,
1012,7.0954673290252686,4.360401673914506,4.233689701971858,,,,,
1013,7.212545871734619,4.41090436699613,4.23208008767371,,,,,
1014,7.199431896209717,4.508222450419972,4.230468496039044,,,,,
1015,7.24039626121521,4.57500419604668,4.228854928807226,,,,,
1016,7.276295900344849,4.456275357229555,4.227239387719755,,,,,
1017,7.242916107177734,4.563366505756811,4.22562187452026,,,,,
1018,7.3575599193573,4.6006802014686965,4.2240023909544995,,,,,
1019,7.332099914550781,4.499921857257968,4.222380938770358,,,,,
1020,7.2729387283325195,4.39958195930975,4.220757519717843,,,,,
1021,7.191816329956055,4.391276170868549,4.219132135549087,,,,,
1022,7.187457323074341,4.391140019021383,4.217504788018343,,,,,
1023,7.1597089767456055,4.379171891609493,4.2158754788819826,,,,,
1024,7.147344589233398,4.3443529998885175,4.214244209898495,,,,,
1025,7.141577243804932,4.430065228018669,4.212610982828484,,,,,
1026,7.222184658050537,4.35882181014405,4.210975799434666,,,,,
1027,7.161714792251587,4.3817944592844045,4.209338661481872,,,,,
1028,7.183454751968384,4.336169323267508,4.207699570737039,,,,,
1029,7.136329412460327,4.3884153604707965,4.206058528969212,,,,,
1030,7.161723375320435,4.391472386752386,4.204415537949545,,,,,
1031,7.1839964389801025,4.407776706854369,4.202770599451293,,,,,
1032,7.156136512756348,4.36393353816739,4.201123715249813,,,,,
1033,7.186621904373169,4.39630452176921,4.199474887122562,,,,,
1034,7.177334785461426,4.444686338217745,4.1978241168490955,,,,,
1035,7.201351165771484,4.394893089194976,4.196171406211066,,,,,
1036,7.16309666633606,4.429932012590067,4.1945167569922175,,,,,
1037,7.169674396514893,4.387595509560395,4.19286017097839,,,,,
1038,7.122244834899902,4.371576027272628,4.191201649957511,,,,,
1039,7.172608137130737,4.406455027345252,4.189541195719597,,,,,
1040,7.20548677444458,4.490057009022411,4.187878810056753,,,,,
1041,7.257006645202637,4.461979319810667,4.186214494763163,,,,,
1042,7.237947225570679,4.384971785485193,4.1845482516351025,,,,,
1043,7.177770376205444,4.3807200619510684,4.182880082470919,,,,,
1044,7.1820762157440186,4.391033245195753,4.181209989071044,,,,,
1045,7.158566474914551,4.3941709690479,4.179537973237983,,,,,
1046,7.1308770179748535,4.354673021475341,4.17786403677632,,,,,
1047,7.135997533798218,4.456962080739745,4.176188181492707,,,,,
1048,7.2474799156188965,4.351842489435053,4.174510409195871,,,,,
1049,7.171677827835083,4.346733963319091,4.172830721696606,,,,,
1050,7.174835205078125,4.38577808202867,4.171149120807772,,,,,
1051,7.268386125564575,4.382530715106614,4.169465608344297,,,,,
1052,7.228927373886108,4.415252484024022,4.167780186123172,,,,,
1053,7.185111999511719,4.491151588117505,4.166092855963445,,,,,
1054,7.250783205032349,4.474587471771882,4.164403619686229,,,,,
1055,7.24398136138916,4.451894324200809,4.162712479114688,,,,,
1056,7.215052604675293,4.422748749751419,4.1610194360740484,,,,,
1057,7.195988416671753,4.394784564025469,4.159324492391582,,,,,
1058,7.176167249679565,4.3766091724119836,4.157627649896621,,,,,
1059,7.13371205329895,4.34657391828083,4.1559289104205375,,,,,
1060,7.116339445114136,4.343700401516298,4.154228275796759,,,,,
1061,7.139997720718384,4.410897222660087,4.152525747860751,,,,,
1062,7.142125606536865,4.367343621458498,4.1508213284500295,,,,,
1063,7.140151262283325,4.403516324454741,4.149115019404148,,,,,
1064,7.13809871673584,4.402397370518909,4.1474068225647,,,,,
1065,7.153914928436279,4.446063426886415,4.145696739775317,,,,,
1066,7.2125232219696045,4.378161895565871,4.143984772881665,,,,,
1067,7.156103134155273,4.425164046058944,4.142270923731444,,,,,
1068,7.186156511306763,4.380898687596878,4.140555194174387,,,,,
1069,7.131835699081421,4.340543252465302,4.138837586062254,,,,,
1070,7.1092376708984375,4.36451905148685,4.137118101248834,,,,,
1071,7.125827312469482,4.387359764517807,4.1353967415899415,,,,,
1072,7.1568803787231445,4.332854584548732,4.133673508943413,,,,,
1073,7.1161627769470215,4.353153074960733,4.131948405169109,,,,,
1074,7.1610190868377686,4.327354160650525,4.130221432128907,,,,,
1075,7.113754749298096,4.352572725639311,4.128492591686704,,,,,
1076,7.1038384437561035,4.343997211592653,4.126761885708411,,,,,
1077,7.139815330505371,4.418272312395306,4.125029316061951,,,,,
1078,7.1226677894592285,4.416815979526863,4.123294884617265,,,,,
1079,7.19231653213501,4.384920103796597,4.121558593246294,,,,,
1080,7.166039228439331,4.444821076998698,4.119820443822995,,,,,
1081,7.316853046417236,4.433550477930234,4.118080438223324,,,,,
1082,7.303139925003052,4.423673193027635,4.116338578325244,,,,,
1083,7.253810882568359,4.442169087789358,4.114594866008718,,,,,
1084,7.221852779388428,4.611269524761164,4.112849303155709,,,,,
1085,7.427899360656738,4.683547471931143,4.1111018916501765,,,,,
1086,7.657608270645142,5.0013679529660084,4.109352633378075,,,,,
1087,7.7959113121032715,5.0075271825413425,4.1076015302273525,,,,,
1088,7.7757344245910645,4.907790264028576,4.105848584087949,,,,,
1089,7.72931170463562,4.789052554596563,4.104093796851792,,,,,
1090,7.605936527252197,4.7754377558814864,4.1023371704128,,,,,
1091,7.553764581680298,4.650995256120764,4.100578706666869,,,,,
1092,7.473019361495972,4.552677036234067,4.098818407511886,,,,,
1093,7.363810777664185,4.5423986681175395,4.097056274847714,,,,,
1094,7.354564666748047,4.4484187004644395,4.0952923105761965,,,,,
1095,7.258685111999512,4.486198157397912,4.093526516601154,,,,,
1096,7.394522428512573,4.44510324107588,4.09175889482838,,,,,
1097,7.265730142593384,4.497234633231584,4.089989447165644,,,,,
1098,7.289191722869873,4.430234926502879,4.088218175522684,,,,,
1099,7.228579044342041,4.492428331238768,4.086445081811206,,,,,
1100,7.300114870071411,4.47511884382134,4.084670167944883,,,,,
1101,7.32378363609314,4.547750115695373,4.082893435839354,,,,,
1102,7.328599452972412,4.525078185172117,4.08111488741222,,,,,
1103,7.316098213195801,4.467829265947398,4.0793345245830395,,,,,
1104,7.251992702484131,4.394202320389231,4.077552349273333,,,,,
1105,7.206900358200073,4.437618767944477,4.075768363406574,,,,,
1106,7.231350898742676,4.3590051381902795,4.073982568908194,,,,,
1107,7.166630029678345,4.4407875178941065,4.072194967705571,,,,,
1108,7.2096335887908936,4.370127773966681,4.07040556172804,,,,,
1109,7.216011047363281,4.407720408989062,4.068614352906877,,,,,
1110,7.198317527770996,4.467555374934755,4.066821343175307,,,,,
1111,7.260415077209473,4.360558086327889,4.0650265344685,,,,,
1112,7.155434608459473,4.385246903882296,4.0632299287235645,,,,,
1113,7.177504777908325,4.358908126292056,4.0614315278795505,,,,,
1114,7.14383602142334,4.384797032286481,4.059631333877447,,,,,
1115,7.1943089962005615,4.42833455537326,4.057829348660173,,,,,
1116,7.1886069774627686,4.5228746502814525,4.056025574172586,,,,,
1117,7.24172306060791,4.409959658140691,4.054220012361473,,,,,
1118,7.1833014488220215,4.371337402558708,4.052412665175549,,,,,
1119,7.147954702377319,4.346683630530227,4.0506035345654565,,,,,
1120,7.140261650085449,4.375962658024717,4.048792622483764,,,,,
1121,7.191587686538696,4.430998758672164,4.0469799308849606,,,,,
1122,7.192773818969727,4.399977964348308,4.045165461725458,,,,,
1123,7.173282623291016,4.473740719265051,4.043349216963584,,,,,
1124,7.208135604858398,4.4366041037893975,4.0415311985595865,,,,,
1125,7.186263561248779,4.389770092936099,4.039711408475624,,,,,
1126,7.185858726501465,4.331395713294425,4.037889848675769,,,,,
1127,7.154458522796631,4.365473041622653,4.036066521126003,,,,,
1128,7.169750690460205,4.419212495308147,4.034241427794217,,,,,
1129,7.175572872161865,4.383089763161713,4.032414570650206,,,,,
1130,7.140247583389282,4.459116037800294,4.030585951665671,,,,,
1131,7.1785197257995605,4.391872752504854,4.0287555728142115,,,,,
1132,7.146586656570435,4.401396021510093,4.0269234360713275,,,,,
1133,7.176613092422485,4.396413863256662,4.025089543414418,,,,,
1134,7.162018537521362,4.329595212880256,4.023253896822775,,,,,
1135,7.131566286087036,4.435847082892018,4.021416498277585,,,,,
1136,7.184357166290283,4.367603906369991,4.019577349761923,,,,,
1137,7.154451847076416,4.385676840556781,4.017736453260756,,,,,
1138,7.142063617706299,4.380045376674181,4.015893810760937,,,,,
1139,7.123697280883789,4.3492547930339684,4.014049424251199,,,,,
1140,7.135343790054321,4.364694778211383,4.012203295722164,,,,,
1141,7.129496097564697,4.426944835332384,4.010355427166328,,,,,
1142,7.183926582336426,4.391812605051758,4.00850582057807,,,,,
1143,7.162999391555786,4.4779447580807545,4.006654477953641,,,,,
1144,7.207793951034546,4.364436275122846,4.004801401291169,,,,,
1145,7.125650882720947,4.366353542690422,4.002946592590649,,,,,
1146,7.105561017990112,4.331291553651314,4.001090053853952,,,,,
1147,7.105504989624023,4.378622251162517,3.9992317870848093,,,,,
1148,7.1552183628082275,4.530600933390971,3.9973717942888216,,,,,
1149,7.26508903503418,4.3893735948182435,3.99551007747345,,,,,
1150,7.184539079666138,4.355741700773183,3.99364663864802,,,,,
1151,7.145858526229858,4.412286412124377,3.9917814798237106,,,,,
1152,7.186882019042969,4.413477422411047,3.989914603013561,,,,,
1153,7.136518239974976,4.444838629538919,3.9880460102324626,,,,,
1154,7.12899923324585,4.396437177144749,3.9861757034971603,,,,,
1155,7.185385704040527,4.342724996218669,3.984303684826247,,,,,
1156,7.120594024658203,4.417262587856103,3.982429956240165,,,,,
1157,7.15162992477417,4.366976747601046,3.980554519761202,,,,,
1158,7.123108386993408,4.307932340567406,3.9786773774134874,,,,,
1159,7.067659378051758,4.345507806043248,3.976798531222993,,,,,
1160,7.091267347335815,4.322484166608126,3.9749179832175296,,,,,
1161,7.098467588424683,4.370489454550137,3.9730357354267443,,,,,
1162,7.105684518814087,4.331679154685609,3.9711517898821187,,,,,
1163,7.11977481842041,4.410351796146197,3.969266148616967,,,,,
1164,7.155626058578491,4.390030458657255,3.967378813666434,,,,,
1165,7.179502248764038,4.472390155014217,3.9654897870674906,,,,,
1166,7.219831943511963,4.38074530745074,3.963599070858936,,,,,
1167,7.166602373123169,4.39826187975172,3.9617066670813923,,,,,
1168,7.1638593673706055,4.360112841335839,3.9598125777773,,,,,
1169,7.121429204940796,4.406289797855887,3.9579168049909246,,,,,
1170,7.1230340003967285,4.352684812650047,3.9560193507683423,,,,,
1171,7.100719451904297,4.32706887768135,3.954120217157449,,,,,
1172,7.101170539855957,4.290690817885082,3.9522194062079503,,,,,
1173,7.080799341201782,4.34906752757208,3.950316919971362,,,,,
1174,7.109676122665405,4.3424804134465145,3.9484127605010104,,,,,
1175,7.056085586547852,4.321296542707464,3.946506929852026,,,,,
1176,7.078083038330078,4.315229209157176,3.9445994300813414,,,,,
1177,7.060077905654907,4.337770350145832,3.942690263247694,,,,,
1178,7.048865795135498,4.312442112811179,3.9407794314116193,,,,,
1179,7.037038564682007,4.42131834976607,3.9388669366354487,,,,,
1180,7.1729514598846436,4.312715202945937,3.936952780983309,,,,,
1181,7.0574517250061035,4.358437350660537,3.93503696652112,,,,,
1182,7.113434076309204,4.301147986300559,3.9331194953165918,,,,,
1183,7.066310167312622,4.391710403889944,3.9312003694392206,,,,,
1184,7.188262462615967,4.321202178077601,3.929279590960292,,,,,
1185,7.221679210662842,4.536781749171906,3.9273571619528727,,,,,
1186,7.423567533493042,4.524813170789971,3.925433084491811,,,,,
1187,7.296649217605591,4.466196878904851,3.9235073606537347,,,,,
1188,7.26283597946167,4.449999671307204,3.9215799925170503,,,,,
1189,7.291470050811768,4.4723279670670415,3.9196509821619356,,,,,
1190,7.265628337860107,4.499343185689491,3.917720331670342,,,,,
1191,7.24104905128479,4.383284024374138,3.915788043125994,,,,,
1192,7.198289394378662,4.35027778840446,3.91385411861438,,,,,
1193,7.156962633132935,4.382319709450583,3.911918560222755,,,,,
1194,7.162448406219482,4.341498814278836,3.9099813700401396,,,,,
1195,7.145240783691406,4.36791596019639,3.9080425501573135,,,,,
1196,7.148695230484009,4.45183617553358,3.906102102666815,,,,,
1197,7.144561529159546,4.341465711994668,3.9041600296629406,,,,,
1198,7.123816013336182,4.401027698492784,3.902216333241742,,,,,
1199,7.183377504348755,4.603012662860302,3.900271015501019,,,,,
1200,7.360858678817749,4.388133209026392,3.898324078540325,,,,,
1201,7.189254999160767,4.418389146923517,3.8963755244609604,,,,,
1202,7.1761884689331055,4.426842562183801,3.8944253553659696,,,,,
1203,7.159021854400635,4.360141380982203,3.8924735733601405,,,,,
1204,7.125982999801636,4.381380047489356,3.8905201805500034,,,,,
1205,7.1304144859313965,4.35211942895708,3.8885651790438236,,,,,
1206,7.07513427734375,4.336123177542016,3.8866085709516076,,,,,
1207,7.103851079940796,4.303686212149861,3.8846503583850915,,,,,
1208,7.043642997741699,4.335273227539255,3.882690543457745,,,,,
1209,7.068307638168335,4.298055302505237,3.8807291282847665,,,,,
1210,7.049996376037598,4.312629622105694,3.8787661149830823,,,,,
1211,7.0588059425354,4.344065316892452,3.876801505671343,,,,,
1212,7.050548553466797,4.285788076880401,3.874835302469922,,,,,
1213,7.063372373580933,4.323675353954177,3.8728675075009136,,,,,
1214,7.0903472900390625,4.3461284360733226,3.8708981228881285,,,,,
1215,7.116666316986084,4.339283171774862,3.8689271507570946,,,,,
1216,7.090360403060913,4.315209278847813,3.8669545932350515,,,,,
1217,7.053901672363281,4.362399117900505,3.8649804524509515,,,,,
1218,7.071983575820923,4.352871712563517,3.863004730535455,,,,,
1219,7.06723690032959,4.306715923161743,3.8610274296209295,,,,,
1220,7.069238901138306,4.365503826694793,3.859048551841445,,,,,
1221,7.168602228164673,4.381134845310144,3.857068099332776,,,,,
1222,7.162423849105835,4.416097078932946,3.8550860742323945,,,,,
1223,7.165114402770996,4.3757303067873865,3.8531024786794696,,,,,
1224,7.120867490768433,4.356575087201605,3.851117314814868,,,,,
1225,7.108499526977539,4.352481045574576,3.8491305847811454,,,,,
1226,7.109312534332275,4.362183020634246,3.8471422907225508,,,,,
1227,7.085422515869141,4.3502588097642105,3.8451524347850192,,,,,
1228,7.050135374069214,4.30484931422844,3.843161019116174,,,,,
1229,7.0566699504852295,4.340821806776915,3.8411680458653183,,,,,
1230,7.082204818725586,4.3138085319977835,3.8391735171834385,,,,,
1231,7.07615327835083,4.355524626572258,3.8371774352232006,,,,,
1232,7.092629671096802,4.324153301794054,3.8351798021389443,,,,,
1233,7.076324462890625,4.356297858328856,3.8331806200866865,,,,,
1234,7.0990941524505615,4.440759841687946,3.8311798912241137,,,,,
1235,7.141908645629883,4.360344356403719,3.8291776177105827,,,,,
1236,7.113333702087402,4.346386733428083,3.827173801707116,,,,,
1237,7.102948188781738,4.363288334380488,3.8251684453764034,,,,,
1238,7.1260833740234375,4.352504543941295,3.823161550882796,,,,,
1239,7.099203586578369,4.38116415976676,3.821153120392305,,,,,
1240,7.132567882537842,4.388197735641262,3.819143156072598,,,,,
1241,7.0944013595581055,4.333799343734754,3.817131660092999,,,,,
1242,7.079024314880371,4.364071876487379,3.815118634624488,,,,,
1243,7.103778123855591,4.374073711335909,3.813104081839691,,,,,
1244,7.0924153327941895,4.325979193285597,3.8110880039128854,,,,,
1245,7.091057777404785,4.373751646134911,3.8090704030199936,,,,,
1246,7.109315633773804,4.3018494701064665,3.8070512813385817,,,,,
1247,7.065914630889893,4.302820050686322,3.8050306410478574,,,,,
1248,7.042501211166382,4.319889291782555,3.8030084843286676,,,,,
1249,7.078936576843262,4.332157995843206,3.800984813363496,,,,,
1250,7.138577699661255,4.3403989472641875,3.7989596303364594,,,,,
1251,7.06230092048645,4.336487847481384,3.7969329374333083,,,,,
1252,7.086549282073975,4.337527932591354,3.7949047368414215,,,,,
1253,7.0617594718933105,4.475993522182044,3.792875030749805,,,,,
1254,7.21988582611084,4.416933554175323,3.790843821349092,,,,,
1255,7.159165620803833,4.445230898684669,3.788811110831534,,,,,
1256,7.14701509475708,4.475211327370723,3.7867769013910055,,,,,
1257,7.191550970077515,4.373390744372112,3.784741195222999,,,,,
1258,7.110482215881348,4.393303262575822,3.7827039945246206,,,,,
1259,7.139157772064209,4.310323240979566,3.7806653014945915,,,,,
1260,7.068855047225952,4.379493395955348,3.7786251183332418,,,,,
1261,7.155435085296631,4.357515319642949,3.77658344724251,,,,,
1262,7.07515287399292,4.333750737224736,3.774540290425943,,,,,
1263,7.102089881896973,4.401924226342178,3.772495650088686,,,,,
1264,7.134703874588013,4.344921411437283,3.770449528437492,,,,,
1265,7.079579591751099,4.3039514591355,3.768401927680708,,,,,
1266,7.05234956741333,4.3873734909311075,3.766352850028278,,,,,
1267,7.160141706466675,4.329120619343147,3.7643022976917417,,,,,
1268,7.104152202606201,4.397186427280821,3.762250272884229,,,,,
1269,7.13012957572937,4.394383541368656,3.7601967778204592,,,,,
1270,7.154951095581055,4.380519542301072,3.7581418147167387,,,,,
1271,7.109393835067749,4.390948618631387,3.7560853857909597,,,,,
1272,7.137425184249878,4.312185318556225,3.754027493262593,,,,,
1273,7.066008806228638,4.3230552109877936,3.7519681393526927,,,,,
1274,7.055680513381958,4.305587757526074,3.7499073262838873,,,,,
1275,7.076543092727661,4.342553028847813,3.747845056280383,,,,,
1276,7.104337453842163,4.304199551413097,3.745781331567955,,,,,
1277,7.067270278930664,4.350263589966487,3.743716154373951,,,,,
1278,7.099865436553955,4.298142147024105,3.741649526927287,,,,,
1279,7.069476842880249,4.407781591126656,3.7395814514584416,,,,,
1280,7.113467454910278,4.368086793825745,3.737511930199457,,,,,
1281,7.0774312019348145,4.361130830517729,3.7354409653839387,,,,,
1282,7.084795713424683,4.338907938428643,3.733368559247045,,,,,
1283,7.054742813110352,4.308857415682935,3.7312947140254953,,,,,
1284,7.038946151733398,4.290490947118619,3.7292194319575582,,,,,
1285,7.054670095443726,4.390429398109173,3.7271427152830543,,,,,
1286,7.090017080307007,4.348443231229726,3.7250645662433537,,,,,
1287,7.060271263122559,4.324085263267498,3.722984987081371,,,,,
1288,7.067930221557617,4.379896986273981,3.720903980041565,,,,,
1289,7.1556220054626465,4.361624395275838,3.7188215473699344,,,,,
1290,7.119637966156006,4.312263423399929,3.716737691314018,,,,,
1291,7.043665170669556,4.309221855224532,3.714652414122891,,,,,
1292,7.033369064331055,4.312629272999936,3.712565718047161,,,,,
1293,7.107396125793457,4.408019685464511,3.7104776053389683,,,,,
1294,7.117334604263306,4.438848628628845,3.708388078251981,,,,,
1295,7.125877857208252,4.311868588998601,3.706297139041394,,,,,
1296,7.079607009887695,4.331138516996366,3.704204789963928,,,,,
1297,7.049811601638794,4.348780236793627,3.7021110332778226,,,,,
1298,7.074182987213135,4.337095041250962,3.7000158712428384,,,,,
1299,7.073192358016968,4.362919049066491,3.697919306120252,,,,,
1300,7.1015472412109375,4.35748314115558,3.6958213401728557,,,,,
1301,7.075001239776611,4.370901057658023,3.693721975664951,,,,,
1302,7.104842662811279,4.409379242046025,3.6916212148623515,,,,,
1303,7.141841411590576,4.339094975297445,3.6895190600323775,,,,,
1304,7.092227220535278,4.336959288038057,3.687415513443851,,,,,
1305,7.09314489364624,4.366149789851889,3.6853105773671,,,,,
1306,7.1035237312316895,4.403663243236815,3.68320425407395,,,,,
1307,7.112408399581909,4.307238488562273,3.681096545837724,,,,,
1308,7.058124303817749,4.305070310003924,3.67898745493324,,,,,
1309,7.016372442245483,4.338184414238765,3.6768769836368076,,,,,
1310,7.053034782409668,4.328399875567078,3.6747651342262273,,,,,
1311,7.048084497451782,4.280967976286995,3.6726519089807863,,,,,
1312,7.009662628173828,4.319885961943259,3.670537310181256,,,,,
1313,7.028954744338989,4.472285987149776,3.6684213401098926,,,,,
1314,7.2393505573272705,4.389228011701566,3.6663040010504306,,,,,
1315,7.143868923187256,4.3423623102266715,3.6641852952880813,,,,,
1316,7.112687587738037,4.328538206267297,3.662065225109533,,,,,
1317,7.112093448638916,4.322924748301205,3.659943792802944,,,,,
1318,7.066994667053223,4.335784224124392,3.657821000657946,,,,,
1319,7.041032552719116,4.3272093727971646,3.655696850965637,,,,,
1320,7.038030624389648,4.298992352489667,3.653571346018578,,,,,
1321,7.002164125442505,4.282760078511988,3.651444488110795,,,,,
1322,7.00836706161499,4.446576301343708,3.649316279537775,,,,,
1323,7.107440233230591,4.412307108421101,3.6471867225964605,,,,,
1324,7.1061718463897705,4.339049906967266,3.6450558195852514,,,,,
1325,7.082440376281738,4.370224938861856,3.6429235728039977,,,,,
1326,7.051871299743652,4.461048356016912,3.6407899845540026,,,,,
1327,7.21894907951355,4.4901851655255856,3.6386550571380156,,,,,
1328,7.195159673690796,4.4582260603459565,3.636518792860232,,,,,
1329,7.202197074890137,4.3772700669085705,3.6343811940262887,,,,,
1330,7.148268461227417,4.405256152453796,3.6322422629432647,,,,,
1331,7.173929691314697,4.331439340686076,3.6301020019196764,,,,,
1332,7.151726484298706,4.379030109554705,3.627960413265475,,,,,
1333,7.104886531829834,4.445674219684905,3.6258174992920456,,,,,
1334,7.14205265045166,4.315265259289561,3.623673262312202,,,,,
1335,7.128936767578125,4.336023308230208,3.621527704640188,,,,,
1336,7.089107275009155,4.320951496080955,3.6193808285916704,,,,,
1337,7.074127674102783,4.304174901859614,3.6172326364837417,,,,,
1338,7.06153416633606,4.35560755994362,3.6150831306349134,,,,,
1339,7.087096214294434,4.299083909033927,3.612932313365114,,,,,
1340,7.076599597930908,4.272310599647118,3.6107801869956884,,,,,
1341,7.041955471038818,4.289678661837309,3.608626753849394,,,,,
1342,7.022557020187378,4.336666588827379,3.6064720162504003,,,,,
1343,7.045218229293823,4.307849321172857,3.6043159765242825,,,,,
1344,7.053502559661865,4.267431542490389,3.60215863699802,,,,,
1345,7.006818771362305,4.3160380140084795,3.5999999999999996,,,,,
1346,7.052432537078857,4.289882755159229,3.5978400678600053,,,,,
1347,7.0184643268585205,4.30651055172374,3.595678842909218,,,,,
1348,7.029949188232422,4.293191380416575,3.593516327480217,,,,,
1349,7.007822751998901,4.330732199000751,3.591352523906971,,,,,
1350,7.020206451416016,4.292426186915302,3.5891874345248413,,,,,
1351,7.0088372230529785,4.30485349106528,3.5870210616705775,,,,,
1352,7.0094451904296875,4.380233548086566,3.584853407682312,,,,,
1353,7.10062313079834,4.370964681731241,3.5826844748995623,,,,,
1354,7.095014810562134,4.360364419658009,3.5805142656632243,,,,,
1355,7.070918321609497,4.299732324152658,3.578342782315572,,,,,
1356,7.048468351364136,4.50236143977628,3.576170027200254,,,,,
1357,7.23774266242981,4.367697806394431,3.5739960026622946,,,,,
1358,7.106609344482422,4.3362899712898635,3.5718207110480837,,,,,
1359,7.086424112319946,4.4639744471861995,3.5696441547053817,,,,,
1360,7.200419902801514,4.44516320024046,3.5674663359833128,,,,,
1361,7.162259101867676,4.3546744389529985,3.565287257232365,,,,,
1362,7.145627975463867,4.368539738193894,3.5631069208043846,,,,,
1363,7.105940103530884,4.397989598315137,3.5609253290525755,,,,,
1364,7.120250225067139,4.364715864319477,3.5587424843314976,,,,,
1365,7.117302417755127,4.277553881187214,3.556558388997062,,,,,
1366,7.068071365356445,4.340514188659001,3.5543730454065305,,,,,
1367,7.076375722885132,4.322503039373681,3.552186455918511,,,,,
1368,7.062463045120239,4.292302922905745,3.549998622892957,,,,,
1369,7.023886442184448,4.322937287033056,3.5478095486911636,,,,,
1370,7.045881509780884,4.315794434238623,3.545619235675766,,,,,
1371,7.010438680648804,4.272058500373333,3.543427686210736,,,,,
1372,6.990761756896973,4.3479948597259135,3.541234902661381,,,,,
1373,7.09732985496521,4.321552312905494,3.539040887394337,,,,,
1374,7.043497800827026,4.321801257795201,3.536845642777574,,,,,
1375,7.071004390716553,4.330613310543603,3.534649171180385,,,,,
1376,7.037627220153809,4.279380858696439,3.532451474973389,,,,,
1377,6.994735240936279,4.314233988849328,3.5302525565285285,,,,,
1378,7.033225059509277,4.417724396422493,3.5280524182190605,,,,,
1379,7.1675567626953125,4.355610101337288,3.5258510624195623,,,,,
1380,7.075921297073364,4.359352772330115,3.5236484915059245,,,,,
1381,7.068719387054443,4.361889026864824,3.521444707855349,,,,,
1382,7.119095802307129,4.342256413476622,3.519239713846345,,,,,
1383,7.120070934295654,4.395866039122123,3.517033511858731,,,,,
1384,7.142298936843872,4.394380946436081,3.514826104273626,,,,,
1385,7.095240592956543,4.3403961828919995,3.5126174934734533,,,,,
1386,7.1189799308776855,4.540505800455733,3.510407681841933,,,,,
1387,7.242855548858643,4.561947084255235,3.508196671764082,,,,,
1388,7.402077913284302,4.686736373163453,3.5059844656262085,,,,,
1389,7.544803142547607,4.742524953125103,3.5037710658159154,,,,,
1390,7.5598978996276855,4.721552562472999,3.5015564747220904,,,,,
1391,7.505340576171875,4.6118553105876465,3.4993406947349093,,,,,
1392,7.426437854766846,4.5297608046696105,3.49712372824583,,,,,
1393,7.344594478607178,4.472041321362238,3.4949055776475912,,,,,
1394,7.275880575180054,4.446117457268717,3.492686245334209,,,,,
1395,7.2262115478515625,4.508356175972094,3.4904657337009755,,,,,
1396,7.251077890396118,4.392859780156783,3.4882440451444565,,,,,
1397,7.216639995574951,4.346942168709809,3.4860211820624865,,,,,
1398,7.130594730377197,4.374013640281029,3.4837971468541675,,,,,
1399,7.126819372177124,4.3636863853271715,3.481571941919869,,,,,
1400,7.117875814437866,4.323875605709118,3.479345569661219,,,,,
1401,7.062540531158447,4.2953178220882045,3.4771180324811093,,,,,
1402,7.060995101928711,4.285609177925489,3.4748893327836865,,,,,
1403,7.044747352600098,4.285621068976926,3.4726594729743536,,,,,
1404,7.053182125091553,4.308944740247285,3.4704284554597638,,,,,
1405,7.02833890914917,4.32183711983959,3.468196282647821,,,,,
1406,7.0288307666778564,4.290100333668586,3.4659629569476778,,,,,
1407,7.009892702102661,4.310796392174505,3.4637284807697255,,,,,
1408,7.090428113937378,4.505849304271406,3.461492856525603,,,,,
1409,7.226238250732422,4.420818409667083,3.4592560866281854,,,,,
1410,7.176241636276245,4.327178210145391,3.4570181734915852,,,,,
1411,7.083604335784912,4.378276802893944,3.454779119531148,,,,,
1412,7.104996681213379,4.341947755861724,3.4525389271634515,,,,,
1413,7.064388751983643,4.338455035367666,3.4502975988063005,,,,,
1414,7.078725814819336,4.294199772899747,3.4480551368787284,,,,,
1415,7.0713136196136475,4.412733771803,3.4458115438009904,,,,,
1416,7.180547714233398,4.343457962506152,3.4435668219945628,,,,,
1417,7.108455181121826,4.392046918179229,3.441320973882139,,,,,
1418,7.087067127227783,4.321083173118187,3.4390740018876307,,,,,
1419,7.071054220199585,4.308814295206479,3.436825908436161,,,,,
1420,7.050194501876831,4.361089147570957,3.434576695954062,,,,,
1421,7.043234825134277,4.343883067043616,3.432326366868876,,,,,
1422,7.05522084236145,4.3128618275648005,3.4300749236093497,,,,,
1423,7.05155873298645,4.325568307238131,3.42782236860543,,,,,
1424,7.02988076210022,4.290139429703593,3.425568704288268,,,,,
1425,7.017110109329224,4.293751388161597,3.4233139330902094,,,,,
1426,6.987656116485596,4.273883973980672,3.4210580574447937,,,,,
1427,7.0103185176849365,4.313504103555511,3.418801079786754,,,,,
1428,6.992847919464111,4.275841396129663,3.4165430025520127,,,,,
1429,7.021845817565918,4.363681315172611,3.4142838281776786,,,,,
1430,7.100712060928345,4.309166899842309,3.4120235591020447,,,,,
1431,7.105879306793213,4.3818405047497695,3.4097621977645853,,,,,
1432,7.186228036880493,4.4028248472109475,3.407499746605954,,,,,
1433,7.137246131896973,4.411157078658762,3.4052362080679797,,,,,
1434,7.198014497756958,4.444532906938942,3.402971584593666,,,,,
1435,7.175469875335693,4.338674738790129,3.4007058786271878,,,,,
1436,7.07308292388916,4.317595207560855,3.398439092613886,,,,,
1437,7.061889171600342,4.335472128990822,3.396171229000269,,,,,
1438,7.104303359985352,4.362043992524592,3.393902290234009,,,,,
1439,7.15585470199585,4.376537897288047,3.3916322787639364,,,,,
1440,7.087019681930542,4.410264758726846,3.3893611970400417,,,,,
1441,7.112098693847656,4.3308118961757724,3.3870890475134683,,,,,
1442,7.095999240875244,4.334609320225888,3.3848158326365123,,,,,
1443,7.061227798461914,4.315241868401697,3.382541554862622,,,,,
1444,7.016644716262817,4.313205450096484,3.380266216646391,,,,,
1445,7.033791780471802,4.325566730146352,3.3779898204435566,,,,,
1446,7.028402805328369,4.283071467212713,3.375712368711,,,,,
1447,7.00349760055542,4.266548462331144,3.3734338639067403,,,,,
1448,7.008530139923096,4.326310235978777,3.3711543084899334,,,,,
1449,7.012563467025757,4.371600916247291,3.3688737049208695,,,,,
1450,7.052396774291992,4.2662141112543335,3.3665920556609694,,,,,
1451,7.045806646347046,4.322437749578734,3.3643093631727834,,,,,
1452,7.00653338432312,4.362095191159902,3.3620256299199864,,,,,
1453,7.0536088943481445,4.318773794615339,3.359740858367378,,,,,
1454,7.040446043014526,4.262463573049957,3.357455050980878,,,,,
1455,6.998086214065552,4.359763682440011,3.3551682102275238,,,,,
1456,7.0740814208984375,4.290624289877581,3.352880338575468,,,,,
1457,7.026674270629883,4.309743668674119,3.3505914384939763,,,,,
1458,7.007967472076416,4.272287536810385,3.3483015124534243,,,,,
1459,6.975037574768066,4.3043948039976465,3.3460105629252945,,,,,
1460,6.981642961502075,4.323132298191221,3.343718592382175,,,,,
1461,7.0088725090026855,4.29156652010219,3.341425603297753,,,,,
1462,6.991146564483643,4.258431420193889,3.3391315981468197,,,,,
1463,6.999003887176514,4.353830593789295,3.33683657940526,,,,,
1464,7.065794944763184,4.3123421795334105,3.3345405495500526,,,,,
1465,7.029052734375,4.29317907689498,3.3322435110592674,,,,,
1466,7.030921220779419,4.292123272400929,3.3299454664120645,,,,,
1467,6.972431659698486,4.322948451198581,3.3276464180886887,,,,,
1468,7.026144981384277,4.280999980522265,3.325346368570468,,,,,
1469,6.986809968948364,4.281656474200891,3.3230453203398125,,,,,
1470,6.971105575561523,4.273604577484003,3.3207432758802073,,,,,
1471,7.015562057495117,4.294723626843413,3.3184402376762154,,,,,
1472,6.984831094741821,4.256854795026017,3.316136208213471,,,,,
1473,6.999830484390259,4.354587605262224,3.313831189978679,,,,,
1474,7.111792325973511,4.3103246654754335,3.311525185459611,,,,,
1475,7.11165452003479,4.323264976225549,3.309218197145101,,,,,
1476,7.0594398975372314,4.277373945743121,3.30691022752505,,,,,
1477,7.0281782150268555,4.330323216291513,3.3046012790904125,,,,,
1478,7.053303003311157,4.31088190263214,3.302291354333203,,,,,
1479,7.007149696350098,4.334461830362138,3.2999804557464887,,,,,
1480,7.019589900970459,4.303484098363865,3.2976685858243875,,,,,
1481,7.029037237167358,4.281657603530948,3.2953557470620654,,,,,
1482,6.995473384857178,4.272812491810753,3.2930419419557344,,,,,
1483,7.017864227294922,4.29079997308922,3.290727173002651,,,,,
1484,7.009116172790527,4.320814282278537,3.2884114427011095,,,,,
1485,6.986567258834839,4.30966326386313,3.2860947535504423,,,,,
1486,6.9987688064575195,4.326157699421336,3.2837771080510185,,,,,
1487,7.024210691452026,4.245075469261663,3.281458508704237,,,,,
1488,6.975183486938477,4.256243519867239,3.279138958012529,,,,,
1489,6.982222080230713,4.362545240015619,3.2768184584793487,,,,,
1490,7.111626625061035,4.3919999850107105,3.2744970126091766,,,,,
1491,7.1227922439575195,4.384654195094129,3.2721746229075146,,,,,
1492,7.1053056716918945,4.318767101449862,3.2698512918808835,,,,,
1493,7.061002969741821,4.322186486674919,3.2675270220368207,,,,,
1494,7.034721851348877,4.426135101470755,3.265201815883873,,,,,
1495,7.112925052642822,4.333474485487172,3.262875675931602,,,,,
1496,7.037999868392944,4.281671794950712,3.260548604690576,,,,,
1497,7.039884328842163,4.310210689764448,3.2582206046723665,,,,,
1498,6.998363494873047,4.314832380381424,3.2558916783895513,,,,,
1499,7.00551176071167,4.306501103811048,3.253561828355704,,,,,
1500,6.980576992034912,4.254603163147293,3.251231057085396,,,,,
1501,6.960387945175171,4.295162731905361,3.2488993670941952,,,,,
1502,7.031853914260864,4.291648677861219,3.2465667608986597,,,,,
1503,7.0220959186553955,4.323030241203469,3.2442332410163353,,,,,
1504,7.070033550262451,4.2694174691947,3.241898809965755,,,,,
1505,7.052864074707031,4.4053131820175,3.2395634702664355,,,,,
1506,7.078117847442627,4.38356642005221,3.237227224438874,,,,,
1507,7.071066379547119,4.352317678717829,3.234890075004545,,,,,
1508,7.081812858581543,4.3875492066270265,3.2325520244859005,,,,,
1509,7.110924482345581,4.387453981163724,3.2302130754063607,,,,,
1510,7.101019859313965,4.3616992466784605,3.22787323029032,,,,,
1511,7.050334930419922,4.312429788435478,3.225532491663137,,,,,
1512,7.038769960403442,4.279771953194556,3.2231908620511374,,,,,
1513,6.9956746101379395,4.26213829571505,3.220848343981605,,,,,
1514,6.980596303939819,4.3236063575423795,3.2185049399827848,,,,,
1515,7.000239372253418,4.310879078504917,3.216160652583879,,,,,
1516,7.036779880523682,4.270437028049119,3.21381548431504,,,,,
1517,6.980136871337891,4.258553581342063,3.2114694377073736,,,,,
1518,6.990471124649048,4.267436663376573,3.209122515292932,,,,,
1519,6.9821107387542725,4.297565307408647,3.2067747196047143,,,,,
1520,7.01382303237915,4.449554352523701,3.2044260531766597,,,,,
1521,7.186307907104492,4.365026410033063,3.20207651854365,,,,,
1522,7.077972888946533,4.3789686986235035,3.1997261182415024,,,,,
1523,7.0722880363464355,4.353855250962549,3.1973748548069674,,,,,
1524,7.071315050125122,4.296512054735317,3.19502273077773,,,,,
1525,7.0018250942230225,4.305117263625508,3.1926697486924014,,,,,
1526,7.006453275680542,4.29225309963884,3.190315911090519,,,,,
1527,6.982483386993408,4.262580363864754,3.187961220512547,,,,,
1528,6.964296817779541,4.303781217040887,3.1856056794998646,,,,,
1529,6.994435787200928,4.331192315376737,3.1832492905947736,,,,,
1530,7.060731649398804,4.34091209242382,3.1808920563404883,,,,,
1531,6.996731519699097,4.29712153984981,3.1785339792811373,,,,,
1532,7.027132511138916,4.285742859363155,3.1761750619617564,,,,,
1533,6.993692398071289,4.356088090283817,3.1738153069282906,,,,,
1534,7.054280042648315,4.3220028554420695,3.1714547167275877,,,,,
1535,7.00576639175415,4.321103355481506,3.1690932939073977,,,,,
1536,7.033935546875,4.300096684488757,3.1667310410163676,,,,,
1537,7.0223917961120605,4.277478986271697,3.164367960604043,,,,,
1538,6.992940425872803,4.287404429120512,3.1620040552208595,,,,,
1539,6.96997594833374,4.2785555135311455,3.159639327418146,,,,,
1540,6.9581921100616455,4.241629616566523,3.157273779748117,,,,,
1541,6.967984676361084,4.266331681491348,3.1549074147638727,,,,,
1542,6.970517635345459,4.274039367951697,3.152540235019396,,,,,
1543,6.988597631454468,4.244156996676459,3.1501722430695467,,,,,
1544,6.97209620475769,4.267275507255599,3.147803441470065,,,,,
1545,6.975183486938477,4.298687411918673,3.145433832777561,,,,,
1546,6.971593618392944,4.26007077631778,3.143063419549519,,,,,
1547,6.954944133758545,4.268835574463699,3.1406922043442904,,,,,
1548,6.9631452560424805,4.311217109529385,3.138320189721092,,,,,
1549,6.99760890007019,4.261085262611395,3.1359473782400022,,,,,
1550,6.952326059341431,4.271618109575533,3.1335737724619634,,,,,
1551,6.95389723777771,4.29812337131035,3.1311993749487703,,,,,
1552,6.9484710693359375,4.275816042148535,3.128824188263075,,,,,
1553,6.962926149368286,4.347618057910287,3.1264482149683825,,,,,
1554,7.000887870788574,4.266559152266275,3.124071457629043,,,,,
1555,6.939177751541138,4.339172894659916,3.121693918810255,,,,,
1556,7.05719780921936,4.282291378064553,3.1193156010780623,,,,,
1557,6.972750902175903,4.339279393973323,3.116936506999347,,,,,
1558,6.98534083366394,4.283848703158212,3.1145566391418273,,,,,
1559,6.974646091461182,4.278272522107406,3.112176000074061,,,,,
1560,6.927562952041626,4.291597063146387,3.1097945923654366,,,,,
1561,6.945054531097412,4.315331892169153,3.1074124185861702,,,,,
1562,7.017014503479004,4.312017108333321,3.105029481307306,,,,,
1563,7.029651165008545,4.3229084079059055,3.1026457831007144,,,,,
1564,7.020442724227905,4.357785381119827,3.1002613265390826,,,,,
1565,7.045099258422852,4.348719051447708,3.09787611419592,,,,,
1566,6.992367267608643,4.286105096390309,3.0954901486455513,,,,,
1567,6.973596572875977,4.282274790227262,3.0931034324631117,,,,,
1568,6.988611459732056,4.31048550517545,3.0907159682245484,,,,,
1569,6.959413766860962,4.272147438123108,3.0883277585066167,,,,,
1570,6.9895946979522705,4.385730974407533,3.0859388058868746,,,,,
1571,7.198573112487793,4.477979653216491,3.083549112943683,,,,,
1572,7.195446968078613,4.4768008439855675,3.0811586822562016,,,,,
1573,7.195945739746094,4.395583457962819,3.078767516404386,,,,,
1574,7.11127495765686,4.372005905996761,3.0763756179689854,,,,,
1575,7.086864471435547,4.363624348973305,3.073982989531542,,,,,
1576,7.034164905548096,4.342081049092183,3.0715896336743813,,,,,
1577,7.04608416557312,4.283408886249372,3.0691955529806165,,,,,
1578,6.977720260620117,4.288129789273813,3.0668007500341443,,,,,
1579,7.012876033782959,4.282239357095691,3.064405227419638,,,,,
1580,6.974038124084473,4.2484254219433755,3.062008987722551,,,,,
1581,6.947203159332275,4.2445382187605105,3.0596120335291075,,,,,
1582,6.947251558303833,4.286894213962795,3.057214367426304,,,,,
1583,6.96637749671936,4.28549212262448,3.0548159920019065,,,,,
1584,6.959943771362305,4.275610075365906,3.0524169098444442,,,,,
1585,6.940486907958984,4.234530002756014,3.0500171235432125,,,,,
1586,6.928376913070679,4.256933654627948,3.0476166356882626,,,,,
1587,6.92328143119812,4.237423860294865,3.0452154488704055,,,,,
1588,6.921848297119141,4.244698173965698,3.042813565681208,,,,,
1589,6.92067551612854,4.302007117524079,3.040410988712983,,,,,
1590,6.980352401733398,4.341258730379045,3.0380077205587988,,,,,
1591,6.94831919670105,4.334477713170224,3.0356037638124653,,,,,
1592,7.008877515792847,4.474126280406827,3.0331991210685367,,,,,
1593,7.108671188354492,4.278879195727452,3.0307937949223085,,,,,
1594,6.999418258666992,4.2881892513486894,3.028387787969813,,,,,
1595,6.975446701049805,4.303282612607297,3.0259811028078176,,,,,
1596,6.998230218887329,4.291377680556327,3.02357374203382,,,,,
1597,6.976484060287476,4.292235265768707,3.0211657082460497,,,,,
1598,6.941001892089844,4.32989009314971,3.0187570040434615,,,,,
1599,7.011530876159668,4.308781234229484,3.016347632025733,,,,,
1600,6.94825005531311,4.3311527392962486,3.0139375947932643,,,,,
1601,7.018473863601685,4.300801939880076,3.0115268949471714,,,,,
1602,7.004545211791992,4.284264045166709,3.009115535089286,,,,,
1603,7.037071704864502,4.3174839284462125,3.0067035178221535,,,,,
1604,7.030369758605957,4.357398381044726,3.0042908457490287,,,,,
1605,7.01391863822937,4.294032115310656,3.0018775214738707,,,,,
1606,6.992660284042358,4.294656687769397,2.9994635476013447,,,,,
1607,7.0017266273498535,4.2648333524635005,2.997048926736816,,,,,
1608,6.969249248504639,4.340861733567324,2.99463366148635,,,,,
1609,7.003605842590332,4.265401188118103,2.9922177544567043,,,,,
1610,6.94208836555481,4.270752225030461,2.9898012082553334,,,,,
1611,7.006609201431274,4.303961211036894,2.987384025490377,,,,,
1612,7.007580757141113,4.30030735688013,2.9849662087706657,,,,,
1613,6.962498664855957,4.313557469012659,2.9825477607057116,,,,,
1614,6.97554087638855,4.248195398746167,2.9801286839057104,,,,,
1615,6.949466228485107,4.293669093848277,2.9777089809815354,,,,,
1616,6.942781925201416,4.306379949675577,2.9752886545447343,,,,,
1617,6.957062244415283,4.248095113354836,2.972867707207531,,,,,
1618,6.932713031768799,4.3124098069934504,2.970446141582815,,,,,
1619,7.018558025360107,4.462333317260165,2.9680239602841483,,,,,
1620,7.176531553268433,4.406778857525504,2.9656011659257544,,,,,
1621,7.075216293334961,4.430830576923136,2.9631777611225165,,,,,
1622,7.135375261306763,4.352851901162663,2.960753748489982,,,,,
1623,7.047919750213623,4.3316363742915,2.9583291306443487,,,,,
1624,7.066248893737793,4.386021995063185,2.955903910202473,,,,,
1625,7.059314727783203,4.286480146862059,2.953478089781856,,,,,
1626,7.0010223388671875,4.309590720047562,2.9510516720006517,,,,,
1627,7.015985012054443,4.376869312948896,2.948624659477655,,,,,
1628,7.085671424865723,4.3610185391768574,2.946197054832304,,,,,
1629,7.09593391418457,4.343119212616583,2.9437688606846772,,,,,
1630,7.051291227340698,4.350679724029978,2.941340079655487,,,,,
1631,7.058630466461182,4.297060800661451,2.93891071436608,,,,,
1632,7.011595249176025,4.289561726647931,2.9364807674384337,,,,,
1633,6.992333889007568,4.3168893253432294,2.934050241495154,,,,,
1634,6.966383457183838,4.235476492832848,2.9316191391594715,,,,,
1635,6.948020696640015,4.2342284405502175,2.9291874630552375,,,,,
1636,6.91710901260376,4.292122360434825,2.926755215806924,,,,,
1637,6.957613945007324,4.305453092937614,2.9243224000396175,,,,,
1638,6.958911180496216,4.231737396113505,2.9218890183790207,,,,,
1639,6.942937135696411,4.242804658422959,2.919455073451447,,,,,
1640,6.921820163726807,4.2872138336188055,2.917020567883815,,,,,
1641,6.930269718170166,4.28949838731347,2.91458550430365,,,,,
1642,6.93580436706543,4.262513826031761,2.91214988533908,,,,,
1643,6.926921606063843,4.251027192860917,2.909713713618832,,,,,
1644,6.913290977478027,4.262640890501646,2.9072769917722296,,,,,
1645,6.9257283210754395,4.324420671286555,2.9048397224291898,,,,,
1646,6.94597601890564,4.292224997527666,2.9024019082202206,,,,,
1647,6.927230358123779,4.28103326407674,2.8999635517764193,,,,,
1648,6.964439630508423,4.230233543354288,2.8975246557294665,,,,,
1649,6.910895109176636,4.270645518980676,2.8950852227116264,,,,,
1650,6.920035123825073,4.268356765790383,2.8926452553557414,,,,,
1651,6.8980185985565186,4.264908311144457,2.890204756295233,,,,,
1652,6.88898229598999,4.274937442213272,2.8877637281640944,,,,,
1653,6.967077732086182,4.3996072727857864,2.8853221735968915,,,,,
1654,7.05717921257019,4.34551573902544,2.882880095228756,,,,,
1655,7.0513060092926025,4.308362318950104,2.880437495695387,,,,,
1656,7.038721084594727,4.294122150908808,2.8779943776330468,,,,,
1657,6.999433994293213,4.412501316295139,2.8755507436785543,,,,,
1658,7.066246271133423,4.348597846781135,2.8731065964692877,,,,,
1659,7.07411789894104,4.304366035758195,2.870661938643178,,,,,
1660,6.999562740325928,4.241034651123445,2.868216772838708,,,,,
1661,6.962645769119263,4.308848490526538,2.8657711016949077,,,,,
1662,6.997616291046143,4.286612575449194,2.863324927851355,,,,,
1663,7.027597427368164,4.294036252845527,2.860878253948167,,,,,
1664,6.999474048614502,4.3490405062650614,2.858431082626002,,,,,
1665,7.016931772232056,4.306427206684302,2.8559834165260565,,,,,
1666,7.0179524421691895,4.277203546641152,2.853535258290058,,,,,
1667,6.956328630447388,4.3039251380452,2.851086610560268,,,,,
1668,6.971068859100342,4.2353739951015825,2.8486374759794764,,,,,
1669,6.95868992805481,4.313630867245019,2.8461878571909955,,,,,
1670,7.0033276081085205,4.293687387110307,2.8437377568386615,,,,,
1671,6.936700105667114,4.2721384255398815,2.841287177566833,,,,,
1672,6.939744234085083,4.255193127013737,2.838836122020383,,,,,
1673,6.944640159606934,4.261454177564488,2.836384592844698,,,,,
1674,6.9685046672821045,4.333725950515401,2.833932592685677,,,,,
1675,6.972179174423218,4.247616736602142,2.8314801241897265,,,,,
1676,6.915624380111694,4.250479334838457,2.82902719000376,,,,,
1677,6.949078559875488,4.226712642947198,2.826573792775191,,,,,
1678,6.913519859313965,4.316159047631279,2.8241199351519364,,,,,
1679,6.986426830291748,4.300429405335922,2.8216656197824057,,,,,
1680,6.962310075759888,4.4931446268740975,2.8192108493155055,,,,,
1681,7.070011854171753,4.358737430019074,2.8167556264006333,,,,,
1682,7.004916191101074,4.2773396571811455,2.8142999536876734,,,,,
1683,7.000622272491455,4.313680624340241,2.8118438338269964,,,,,
1684,7.032333850860596,4.38634513384961,2.809387269469456,,,,,
1685,7.020256996154785,4.312697356443028,2.8069302632663864,,,,,
1686,6.979526519775391,4.309455149709126,2.8044728178695943,,,,,
1687,6.984753131866455,4.2885684541938085,2.8020149359313673,,,,,
1688,6.984356880187988,4.246321092843007,2.799556620104459,,,,,
1689,6.954080581665039,4.261228972668403,2.7970978730420906,,,,,
1690,6.951610326766968,4.2937596959161395,2.7946386973979536,,,,,
1691,6.982395887374878,4.2579559531905655,2.792179095826199,,,,,
1692,6.941255569458008,4.271882283577305,2.7897190709814375,,,,,
1693,6.967376232147217,4.287264165605588,2.787258625518736,,,,,
1694,6.947849273681641,4.280868209039994,2.7847977620936173,,,,,
1695,6.923773527145386,4.303735315148022,2.7823364833620543,,,,,
1696,6.9344096183776855,4.26142804195542,2.7798747919804674,,,,,
1697,6.914701700210571,4.2640813780592906,2.777412690605725,,,,,
1698,6.919315338134766,4.284489317638118,2.774950181895134,,,,,
1699,6.91478157043457,4.271889942849354,2.7724872685064437,,,,,
1700,6.966354846954346,4.2820326339506725,2.77002395309784,,,,,
1701,6.946260452270508,4.310583171972816,2.7675602383279423,,,,,
1702,6.911915302276611,4.237119813843671,2.7650961268558,,,,,
1703,6.910477638244629,4.274738214114215,2.762631621340893,,,,,
1704,6.904582500457764,4.2833831290220195,2.7601667244431236,,,,,
1705,6.911444425582886,4.274988510309898,2.7577014388228185,,,,,
1706,6.9086692333221436,4.253566825760824,2.755235767140724,,,,,
1707,6.885723829269409,4.282930488241531,2.752769712058003,,,,,
1708,6.897240877151489,4.259475773978975,2.750303276236229,,,,,
1709,6.881370306015015,4.237197854320375,2.747836462337392,,,,,
1710,6.871076583862305,4.2399676754456594,2.745369273023887,,,,,
1711,6.856204271316528,4.324645028383016,2.742901710958512,,,,,
1712,6.942332744598389,4.278074491715812,2.7404337788044715,,,,,
1713,6.900123596191406,4.248271769290215,2.7379654792253683,,,,,
1714,6.918476343154907,4.287430854882384,2.735496814885199,,,,,
1715,6.973509311676025,4.357727591383848,2.733027788448357,,,,,
1716,6.95909857749939,4.292847673465867,2.7305584025796255,,,,,
1717,6.9098100662231445,4.2715267491400795,2.7280886599441763,,,,,
1718,6.904673337936401,4.24349983205707,2.725618563207564,,,,,
1719,6.907236576080322,4.27318847309751,2.7231481150357277,,,,,
1720,6.889378309249878,4.264187456280169,2.7206773180949853,,,,,
1721,6.918365716934204,4.308675497895635,2.7182061750520305,,,,,
1722,6.93435525894165,4.402007634144455,2.7157346885739306,,,,,
1723,7.0251874923706055,4.263583362152638,2.713262861328124,,,,,
1724,6.944397926330566,4.306740315648264,2.710790695982417,,,,,
1725,6.939449787139893,4.299901599940179,2.7083181952049795,,,,,
1726,6.983757734298706,4.268534063390566,2.7058453616643465,,,,,
1727,6.973937749862671,4.314261895252738,2.7033721980294083,,,,,
1728,6.952771186828613,4.340068194924331,2.7008987069694133,,,,,
1729,6.9987382888793945,4.260070558151746,2.6984248911539646,,,,,
1730,6.929412364959717,4.25035291484066,2.6959507532530127,,,,,
1731,6.902627468109131,4.262155647534498,2.6934762959368594,,,,,
1732,6.927571773529053,4.2352912075084435,2.691001521876147,,,,,
1733,6.8792877197265625,4.270319362765505,2.688526433741865,,,,,
1734,6.8761820793151855,4.23967610676816,2.686051034205336,,,,,
1735,6.867629051208496,4.27673229898496,2.683575325938223,,,,,
1736,6.88854455947876,4.260361491781609,2.6810993116125204,,,,,
1737,6.875882148742676,4.291549187131646,2.6786229939005524,,,,,
1738,6.883961200714111,4.232185865671721,2.6761463754749726,,,,,
1739,6.860513687133789,4.2287653501140055,2.673669459008759,,,,,
1740,6.825905084609985,4.268640412514304,2.6711922471752088,,,,,
1741,6.882033348083496,4.281863738349549,2.6687147426479387,,,,,
1742,6.852234601974487,4.2460306635215765,2.6662369481008845,,,,,
1743,6.871301651000977,4.327536202960901,2.6637588662082905,,,,,
1744,6.880924224853516,4.372548137822003,2.661280499644715,,,,,
1745,6.948528528213501,4.316502975154264,2.658801851085021,,,,,
1746,6.9405152797698975,4.300448468595718,2.656322923204377,,,,,
1747,6.925775527954102,4.2746840000553625,2.653843718678251,,,,,
1748,6.891422986984253,4.274641074685112,2.6513642401824127,,,,,
1749,6.94710636138916,4.307806328427802,2.6488844903929265,,,,,
1750,6.957194089889526,4.3254958101437815,2.6464044719861484,,,,,
1751,6.904802322387695,4.289369048743413,2.6439241876387247,,,,,
1752,6.932236194610596,4.249358833688362,2.6414436400275894,,,,,
1753,6.894620656967163,4.2597023051160035,2.6389628318299603,,,,,
1754,6.876859903335571,4.311916872269973,2.6364817657233357,,,,,
1755,6.897248268127441,4.324703227781868,2.634000444385495,,,,,
1756,6.937697410583496,4.26782074347577,2.6315188704944883,,,,,
1757,6.897893190383911,4.274923665669909,2.6290370467286426,,,,,
1758,6.88057017326355,4.255546648027117,2.626554975766554,,,,,
1759,6.871533632278442,4.2571044301064305,2.6240726602870814,,,,,
1760,6.88170599937439,4.255877528699934,2.621590102969354,,,,,
1761,6.8538453578948975,4.336329350659986,2.619107306492756,,,,,
1762,6.935863018035889,4.3221453687942155,2.616624273536934,,,,,
1763,6.941421747207642,4.28266897033101,2.6141410067817867,,,,,
1764,6.944719552993774,4.2254010008803125,2.6116575089074683,,,,,
1765,6.870182991027832,4.321715666327385,2.60917378259438,,,,,
1766,6.93443489074707,4.272114684744178,2.6066898305231696,,,,,
1767,6.902191638946533,4.254827628524691,2.6042056553747295,,,,,
1768,6.885185718536377,4.291210433231671,2.601721259830194,,,,,
1769,6.913832187652588,4.229750443547588,2.5992366465709322,,,,,
1770,6.90054178237915,4.305189799620786,2.5967518182785514,,,,,
1771,6.872146129608154,4.2485416753638985,2.5942667776348878,,,,,
1772,6.8852574825286865,4.318106022675163,2.5917815273220093,,,,,
1773,6.894236087799072,4.292559718965381,2.5892960700222094,,,,,
1774,6.927689075469971,4.2512657878978395,2.586810408418005,,,,,
1775,6.878209352493286,4.309091427027427,2.5843245451921324,,,,,
1776,6.892251491546631,4.2852879348575215,2.5818384830275467,,,,,
1777,6.916716575622559,4.279084971614802,2.5793522246074185,,,,,
1778,6.887111186981201,4.274721810354516,2.5768657726151276,,,,,
1779,6.902057886123657,4.308463056715122,2.5743791297342655,,,,,
1780,6.887901306152344,4.275156356388025,2.571892298648628,,,,,
1781,6.921950340270996,4.330980998513276,2.569405282042215,,,,,
1782,6.932961463928223,4.324075089070454,2.5669180825992246,,,,,
1783,6.914308309555054,4.307995092778571,2.564430703004056,,,,,
1784,6.90012001991272,4.226296848364494,2.5619431459413,,,,,
1785,6.874011993408203,4.263117481822021,2.5594554140957384,,,,,
1786,6.875847578048706,4.227843403715963,2.5569675101523432,,,,,
1787,6.873653411865234,4.232494217292715,2.554479436796273,,,,,
1788,6.850296258926392,4.305658770770561,2.551991196712866,,,,,
1789,6.856367111206055,4.230218950894021,2.5495027925876452,,,,,
1790,6.855273962020874,4.309205770292033,2.547014227106305,,,,,
1791,6.891745090484619,4.25623450547933,2.5445255029547185,,,,,
1792,6.852918386459351,4.286983415597221,2.5420366228189266,,,,,
1793,6.8805553913116455,4.240128903954444,2.539547589385142,,,,,
1794,6.857153654098511,4.269108175730084,2.5370584053397405,,,,,
1795,6.85350775718689,4.308443535066032,2.5345690733692603,,,,,
1796,6.937623023986816,4.250402377572152,2.5320795961604006,,,,,
1797,6.876845836639404,4.299557899606639,2.5295899764000174,,,,,
1798,6.894250154495239,4.2908548620992395,2.5271002167751186,,,,,
1799,6.850931882858276,4.272766541191467,2.524610319972866,,,,,
1800,6.866750955581665,4.231762539347848,2.5221202886805663,,,,,
1801,6.857746362686157,4.252594130093356,2.5196301255856732,,,,,
1802,6.844819784164429,4.22855928307125,2.5171398333757824,,,,,
1803,6.845124244689941,4.272758139593447,2.51464941473863,,,,,
1804,6.827685594558716,4.270743206231107,2.5121588723620856,,,,,
1805,6.837129831314087,4.264379125968863,2.5096682089341553,,,,,
1806,6.856467247009277,4.29470747473663,2.5071774271429748,,,,,
1807,6.863342761993408,4.281600431397345,2.5046865296768064,,,,,
1808,6.880384922027588,4.358505205711063,2.5021955192240397,,,,,
1809,6.955944776535034,4.306978085945392,2.499704398473184,,,,,
1810,6.974523544311523,4.290227893824533,2.4972131701128686,,,,,
1811,6.91710352897644,4.296664635206692,2.4947218368318387,,,,,
1812,6.897783041000366,4.286724071326228,2.492230401318953,,,,,
1813,6.924481391906738,4.255149309328367,2.489738866263182,,,,,
1814,6.879931926727295,4.281124619098147,2.4872472343535996,,,,,
1815,6.909139633178711,4.300706626588903,2.4847555082793873,,,,,
1816,6.878096342086792,4.28869714207565,2.4822636907298286,,,,,
1817,6.9665446281433105,4.357361139019965,2.4797717843943037,,,,,
1818,7.010938405990601,4.3754209170730505,2.477279791962291,,,,,
1819,7.100882053375244,4.314126976404599,2.4747877161233593,,,,,
1820,6.960748672485352,4.325353802303189,2.4722955595671694,,,,,
1821,6.960867404937744,4.299106944599906,2.469803324983467,,,,,
1822,6.965083360671997,4.281893186553172,2.4673110150620854,,,,,
1823,6.9230124950408936,4.370443064791501,2.4648186324929364,,,,,
1824,6.991058826446533,4.29769310397797,2.4623261799660106,,,,,
1825,6.911014795303345,4.241834160256928,2.459833660171375,,,,,
1826,6.880172491073608,4.302087737292778,2.4573410757991687,,,,,
1827,6.9051103591918945,4.247526298158804,2.454848429539601,,,,,
1828,6.8610851764678955,4.2928225861766744,2.4523557240829468,,,,,
1829,6.911411285400391,4.245806937863388,2.4498629621195462,,,,,
1830,6.8863584995269775,4.26597864072397,2.447370146339799,,,,,
1831,6.852909326553345,4.245218762437068,2.444877279434165,,,,,
1832,6.90944766998291,4.272105250266343,2.4423843640931575,,,,,
1833,6.9240381717681885,4.287895616109478,2.4398914030073433,,,,,
1834,6.937340021133423,4.318352385866632,2.4373983988673356,,,,,
1835,6.915986061096191,4.275095271903793,2.434905354363799,,,,,
1836,6.897416591644287,4.2369632871337455,2.4324122721874364,,,,,
1837,6.870562791824341,4.271722948380736,2.4299191550289962,,,,,
1838,6.856808662414551,4.277740957157466,2.4274260055792616,,,,,
1839,6.874472141265869,4.298833898980644,2.42493282652905,,,,,
1840,6.883305549621582,4.247304024267237,2.4224396205692145,,,,,
1841,6.857473373413086,4.278964071939531,2.419946390390633,,,,,
1842,6.919267654418945,4.316661389962879,2.417453138684212,,,,,
1843,6.907474756240845,4.293312879446878,2.4149598681408806,,,,,
1844,6.875374794006348,4.303883685897237,2.412466581451588,,,,,
1845,6.885114669799805,4.287091933146959,2.4099732813073023,,,,,
1846,6.850767612457275,4.290525484726748,2.4074799703990024,,,,,
1847,6.857994079589844,4.272015196621368,2.404986651417684,,,,,
1848,6.866001844406128,4.2805487808808245,2.402493327054348,,,,,
1849,6.927755355834961,4.25439744902018,2.4,,,,,
1850,6.853678464889526,4.335571355033663,2.3975066729456533,,,,,
1851,6.8754799365997314,4.3349231937735695,2.395013348582316,,,,,
1852,6.9241979122161865,4.257933355961857,2.3925200296009974,,,,,
1853,6.8781633377075195,4.276001681391184,2.3900267186926984,,,,,
1854,6.893383026123047,4.317444669588761,2.3875334185484114,,,,,
1855,6.8906474113464355,4.3009699624160245,2.3850401318591192,,,,,
1856,6.911174535751343,4.386170314078175,2.3825468613157885,,,,,
1857,6.980170726776123,4.288956310289863,2.380053609609367,,,,,
1858,6.925278902053833,4.243811413457757,2.377560379430786,,,,,
1859,6.909608364105225,4.264424654091979,2.37506717347095,,,,,
1860,6.9076807498931885,4.3032274719443615,2.3725739944207387,,,,,
1861,6.937144756317139,4.343755469590902,2.370080844971004,,,,,
1862,6.96529221534729,4.323041464522468,2.3675877278125634,,,,,
1863,6.928004503250122,4.266665178552408,2.3650946456362014,,,,,
1864,6.9011945724487305,4.278880683387198,2.3626016011326647,,,,,
1865,6.88318395614624,4.239366065764046,2.360108596992657,,,,,
1866,6.84444785118103,4.260065789379123,2.3576156359068423,,,,,
1867,6.842629432678223,4.2414860962016725,2.355122720565835,,,,,
1868,6.8310887813568115,4.25556964709841,2.3526298536602,,,,,
1869,6.8316004276275635,4.268039014381556,2.3501370378804536,,,,,
1870,6.831911325454712,4.271177741637041,2.3476442759170535,,,,,
1871,6.861435651779175,4.257040480388324,2.345151570460399,,,,,
1872,6.824553489685059,4.2479813776665925,2.342658924200831,,,,,
1873,6.836419582366943,4.241387638953476,2.340166339828625,,,,,
1874,6.86583137512207,4.330452616421288,2.3376738200339893,,,,,
1875,6.909425973892212,4.271004474092873,2.3351813675070634,,,,,
1876,6.890068292617798,4.303020575148804,2.3326889849379144,,,,,
1877,6.886419057846069,4.319067709580302,2.3301966750165324,,,,,
1878,6.884732484817505,4.30541475687436,2.327704440432831,,,,,
1879,6.9021947383880615,4.293572261616199,2.325212283876641,,,,,
1880,6.898158073425293,4.27612359670153,2.3227202080377087,,,,,
1881,6.858194828033447,4.339973469959577,2.320228215605696,,,,,
1882,6.921220779418945,4.277786421916182,2.3177363092701717,,,,,
1883,6.897585868835449,4.259736702359956,2.3152444917206125,,,,,
1884,6.847172737121582,4.259449630950658,2.3127527656464006,,,,,
1885,6.834512948989868,4.242397777566998,2.3102611337368186,,,,,
1886,6.827871322631836,4.3232049936001,2.3077695986810465,,,,,
1887,6.898481369018555,4.2594673840111295,2.3052781631681616,,,,,
1888,6.844446659088135,4.318012487196541,2.302786829887132,,,,,
1889,6.864719390869141,4.243714103385919,2.300295601526816,,,,,
1890,6.867990016937256,4.255666467900833,2.2978044807759606,,,,,
1891,6.797435760498047,4.243369053350566,2.295313470323194,,,,,
1892,6.8541343212127686,4.2661394471376255,2.2928225728570255,,,,,
1893,6.817002773284912,4.322142571737227,2.290331791065845,,,,,
1894,6.929323434829712,4.294935691446893,2.2878411276379147,,,,,
1895,6.908595323562622,4.390507125974804,2.2853505852613707,,,,,
1896,6.974052429199219,4.27044298350059,2.282860166624218,,,,,
1897,6.879350900650024,4.351444695956372,2.2803698744143266,,,,,
1898,6.894535064697266,4.2830627896988265,2.2778797113194336,,,,,
1899,6.88353967666626,4.256073280178869,2.2753896800271343,,,,,
1900,6.872722148895264,4.33472106956052,2.2728997832248807,,,,,
1901,6.896492958068848,4.255513843916563,2.2704100235999825,,,,,
1902,6.844418287277222,4.274710038813149,2.2679204038395993,,,,,
1903,6.8434507846832275,4.349489284022903,2.2654309266307395,,,,,
1904,6.872120380401611,4.279978032870088,2.2629415946602593,,,,,
1905,6.878524303436279,4.264712797482541,2.260452410614858,,,,,
1906,6.836728811264038,4.296079165801168,2.257963377181073,,,,,
1907,6.879408121109009,4.289722078682696,2.2554744970452822,,,,,
1908,6.849847316741943,4.2931154945299745,2.2529857728936955,,,,,
1909,6.896999835968018,4.2469733000002154,2.250497207412355,,,,,
1910,6.865087032318115,4.216596785866984,2.2480088032871337,,,,,
1911,6.809997081756592,4.257575380591608,2.2455205632037276,,,,,
1912,6.815644979476929,4.302627762793692,2.2430324898476566,,,,,
1913,6.829025030136108,4.230193749508806,2.240544585904262,,,,,
1914,6.808818340301514,4.311317083111724,2.238056854058701,,,,,
1915,6.840054273605347,4.263385886801101,2.2355692969959438,,,,,
1916,6.852900981903076,4.354707110118626,2.233081917400775,,,,,
1917,6.892914533615112,4.35034088049745,2.230594717957786,,,,,
1918,6.975948333740234,4.274218106490409,2.2281077013513717,,,,,
1919,6.881974458694458,4.397340696132715,2.2256208702657343,,,,,
1920,6.92842698097229,4.326971024801192,2.2231342273848727,,,,,
1921,6.943220138549805,4.298296829549278,2.2206477753925817,,,,,
1922,6.93497896194458,4.2609224820758635,2.218161516972453,,,,,
1923,6.890383005142212,4.232032990435576,2.2156754548078683,,,,,
1924,6.825258493423462,4.25938144724744,2.2131895915819952,,,,,
1925,6.813647270202637,4.255748738552764,2.210703929977791,,,,,
1926,6.863135099411011,4.303006252989837,2.208218472677991,,,,,
1927,6.877960681915283,4.249376423124309,2.205733222365112,,,,,
1928,6.863915681838989,4.33847525402515,2.203248181721449,,,,,
1929,6.903204441070557,4.356987512643043,2.200763353429067,,,,,
1930,6.94866418838501,4.2945749312513914,2.198278740169806,,,,,
1931,6.879311561584473,4.259668603476804,2.1957943446252703,,,,,
1932,6.955746412277222,4.367817388250609,2.19331016947683,,,,,
1933,6.95156455039978,4.285178932048775,2.19082621740562,,,,,
1934,6.929913520812988,4.309598066508018,2.1883424910925315,,,,,
1935,6.907347917556763,4.309664457760707,2.185858993218213,,,,,
1936,6.924663305282593,4.253949464119413,2.1833757264630664,,,,,
1937,6.887380361557007,4.2592751286027815,2.180892693507244,,,,,
1938,6.851349353790283,4.3028678699538325,2.1784098970306465,,,,,
1939,6.898446321487427,4.247301921010318,2.1759273397129184,,,,,
1940,6.823417663574219,4.314229551336162,2.1734450242334473,,,,,
1941,6.851311683654785,4.292551107422658,2.170962953271357,,,,,
1942,6.851567029953003,4.25619789409076,2.168481129505512,,,,,
1943,6.825998306274414,4.343785721680214,2.1659995556145057,,,,,
1944,6.879721164703369,4.27542259755307,2.163518234276664,,,,,
1945,6.870701313018799,4.29506236610541,2.1610371681700404,,,,,
1946,6.851365327835083,4.242951176365049,2.1585563599724114,,,,,
1947,6.85649847984314,4.274387437019958,2.156075812361275,,,,,
1948,6.8756794929504395,4.360463095673801,2.153595528013852,,,,,
1949,6.961174964904785,4.398415867273701,2.1511155096070738,,,,,
1950,6.984934568405151,4.344023503406996,2.148635759817587,,,,,
1951,6.944330453872681,4.293663533421702,2.1461562813217494,,,,,
1952,6.92715311050415,4.418471884988154,2.1436770767956244,,,,,
1953,7.0166401863098145,4.30050371012034,2.1411981489149796,,,,,
1954,6.981044292449951,4.282292065046934,2.1387195003552857,,,,,
1955,6.910351991653442,4.272001061748315,2.1362411337917098,,,,,
1956,6.892930507659912,4.303785676210241,2.1337630518991153,,,,,
1957,6.903908967971802,4.286789660698431,2.131285257352061,,,,,
1958,6.8837196826934814,4.292749338936064,2.1288077528247924,,,,,
1959,6.86702036857605,4.241641825643079,2.126330540991241,,,,,
1960,6.832864761352539,4.262973209105188,2.1238536245250272,,,,,
1961,6.838447093963623,4.260901807435327,2.121377006099447,,,,,
1962,6.812591075897217,4.253632739975836,2.11890068838748,,,,,
1963,6.832735538482666,4.295582815415725,2.1164246740617774,,,,,
1964,6.830003261566162,4.27932573908813,2.113948965794664,,,,,
1965,6.818755149841309,4.232260954490322,2.111473566258135,,,,,
1966,6.800839185714722,4.282064334798801,2.1089984781238527,,,,,
1967,6.861340045928955,4.251512172344455,2.106523704063141,,,,,
1968,6.835759162902832,4.293352204877053,2.104049246746987,,,,,
1969,6.830657482147217,4.318616598568813,2.101575108846036,,,,,
1970,6.863909959793091,4.269448028681557,2.099101293030586,,,,,
1971,6.847823619842529,4.3022341738236465,2.096627801970592,,,,,
1972,6.84660005569458,4.272663544164775,2.0941546383356537,,,,,
1973,6.817432880401611,4.2628469084169405,2.0916818047950203,,,,,
1974,6.802509784698486,4.283924246355704,2.0892093040175834,,,,,
1975,6.820543527603149,4.265865384279127,2.0867371386718765,,,,,
1976,6.794509649276733,4.2590228606914655,2.084265311426069,,,,,
1977,6.803023815155029,4.312921500386462,2.0817938249479697,,,,,
1978,6.849892616271973,4.300966486999024,2.079322681905015,,,,,
1979,6.815678119659424,4.248881336618012,2.076851884964272,,,,,
1980,6.816543102264404,4.24014351185477,2.0743814367924363,,,,,
1981,6.787260055541992,4.2419616827150675,2.071911340055824,,,,,
1982,6.791177988052368,4.256357011522336,2.0694415974203744,,,,,
1983,6.766677141189575,4.269776330663939,2.066972211551643,,,,,
1984,6.783884048461914,4.252507290186453,2.064503185114802,,,,,
1985,6.776741981506348,4.274435493101885,2.062034520774632,,,,,
1986,6.773589611053467,4.28945075914176,2.0595662211955283,,,,,
1987,6.778890132904053,4.277855827990853,2.0570982890414884,,,,,
1988,6.825815200805664,4.348601272268592,2.054630726976114,,,,,
1989,6.846956253051758,4.350503604285751,2.052163537662608,,,,,
1990,6.90743088722229,4.323701084311817,2.049696723763771,,,,,
1991,6.883025884628296,4.325534366979832,2.0472302879419977,,,,,
1992,6.860902786254883,4.3426744430580495,2.0447642328592757,,,,,
1993,6.873753547668457,4.2781986959648295,2.042298561177181,,,,,
1994,6.847865343093872,4.280791647199626,2.0398332755568767,,,,,
1995,6.862018585205078,4.255367286672504,2.037368378659108,,,,,
1996,6.863089323043823,4.30025002814021,2.0349038731442,,,,,
1997,6.816400051116943,4.276616167280231,2.0324397616720584,,,,,
1998,6.808057069778442,4.28258799864927,2.0299760469021604,,,,,
1999,6.882671594619751,4.3020786848060215,2.027512731493556,,,,,
2000,6.882294654846191,4.302909176323572,2.025049818104866,,,,,
2001,6.884780406951904,4.262592365402851,2.0225873093942757,,,,,
2002,6.900033950805664,4.294465488300692,2.020125208019532,,,,,
2003,6.840802907943726,4.262347160015315,2.017663516637946,,,,,
2004,6.870732069015503,4.2761956117451945,2.015202237906383,,,,,
2005,6.85129451751709,4.236423504262335,2.012741374481264,,,,,
2006,6.807219505310059,4.2525950220074344,2.010280929018563,,,,,
2007,6.787367105484009,4.25393130300023,2.007820904173801,,,,,
2008,6.788082122802734,4.280699636878037,2.005361302602046,,,,,
2009,6.805541038513184,4.311453271453575,2.0029021269579093,,,,,
2010,6.821741104125977,4.267279985875418,2.000443379895542,,,,,
2011,6.830071687698364,4.272205615665253,1.9979850640686327,,,,,
2012,6.842478275299072,4.366792403919743,1.9955271821304053,,,,,
2013,6.879025220870972,4.252014097192891,1.9930697367336148,,,,,
2014,6.84712028503418,4.237609616641341,1.9906127305305432,,,,,
2015,6.804307460784912,4.235849299683503,1.9881561661730038,,,,,
2016,6.7961626052856445,4.276707272252884,1.9857000463123273,,,,,
2017,6.81262993812561,4.293269245839099,1.9832443735993672,,,,,
2018,6.8339316844940186,4.278027446055432,1.9807891506844948,,,,,
2019,6.824094772338867,4.327374535312765,1.978334380217595,,,,,
2020,6.828077793121338,4.231257019171302,1.9758800648480639,,,,,
2021,6.782179594039917,4.295343434740456,1.9734262072248088,,,,,
2022,6.799161911010742,4.249504617124771,1.9709728099962405,,,,,
2023,6.7778120040893555,4.250938234056516,1.9685198758102735,,,,,
2024,6.794529438018799,4.27678265222689,1.9660674073143236,,,,,
2025,6.80860447883606,4.267748004553998,1.9636154071553023,,,,,
2026,6.81447958946228,4.255671115960265,1.9611638779796172,,,,,
2027,6.794384956359863,4.259710162301541,1.958712822433167,,,,,
2028,6.789249658584595,4.2876704216404455,1.9562622431613377,,,,,
2029,6.783752202987671,4.237737091375661,1.953812142809005,,,,,
2030,6.776168346405029,4.272240532858217,1.9513625240205241,,,,,
2031,6.776535987854004,4.2719851460549085,1.9489133894397315,,,,,
2032,6.807877063751221,4.3469573741604846,1.946464741709942,,,,,
2033,6.812978506088257,4.289988794880218,1.9440165834739445,,,,,
2034,6.810393571853638,4.292310176124284,1.9415689173739976,,,,,
2035,6.828078508377075,4.2823856695045235,1.9391217460518333,,,,,
2036,6.831830978393555,4.321242198711488,1.9366750721486454,,,,,
2037,6.81829309463501,4.281915289699981,1.9342288983050917,,,,,
2038,6.807978391647339,4.277942223745399,1.9317832271612922,,,,,
2039,6.831180810928345,4.270539243447871,1.9293380613568225,,,,,
2040,6.794804334640503,4.2372472232083895,1.9268934035307126,,,,,
2041,6.773013353347778,4.2490776896577005,1.9244492563214461,,,,,
2042,6.793476581573486,4.241306396569396,1.922005622366954,,,,,
2043,6.759865760803223,4.389979178610722,1.9195625043046123,,,,,
2044,6.866135358810425,4.255816052599651,1.9171199047712442,,,,,
2045,6.8528969287872314,4.316336300916487,1.9146778264031092,,,,,
2046,6.9139323234558105,4.326264972141352,1.9122362718359056,,,,,
2047,6.929272651672363,4.302583147839802,1.9097952437047674,,,,,
2048,6.899036407470703,4.31344535533273,1.9073547446442594,,,,,
2049,6.885287284851074,4.316688805292192,1.9049147772883739,,,,,
2050,6.901210069656372,4.288260280233757,1.9024753442705338,,,,,
2051,6.8581383228302,4.264089569712608,1.900036448223581,,,,,
2052,6.85205340385437,4.280661558884347,1.897598091779779,,,,,
2053,6.8181681632995605,4.32080926245456,1.8951602775708105,,,,,
2054,6.849513530731201,4.271811948692829,1.8927230082277704,,,,,
2055,6.80936598777771,4.279107933990889,1.8902862863811682,,,,,
2056,6.809115886688232,4.261158655630229,1.8878501146609203,,,,,
2057,6.813509941101074,4.27309133687673,1.8854144956963497,,,,,
2058,6.797871112823486,4.275244948440886,1.8829794321161852,,,,,
2059,6.798574209213257,4.289648038585011,1.880544926548553,,,,,
2060,6.814206600189209,4.277351245246483,1.8781109816209787,,,,,
2061,6.818630218505859,4.329896946530868,1.8756775999603827,,,,,
2062,6.860093593597412,4.2664404669361415,1.873244784193077,,,,,
2063,6.8381853103637695,4.351463404295322,1.8708125369447621,,,,,
2064,6.8531599044799805,4.268089947929093,1.8683808608405281,,,,,
2065,6.808340072631836,4.25134612132362,1.8659497585048455,,,,,
2066,6.792279481887817,4.251746394636252,1.863519232561566,,,,,
2067,6.8202080726623535,4.268764954038384,1.8610892856339203,,,,,
2068,6.846373558044434,4.296589128303367,1.8586599203445138,,,,,
2069,6.854158401489258,4.3742003236326275,1.856231139315323,,,,,
2070,6.87907075881958,4.291142895604704,1.853802945167696,,,,,
2071,6.849374532699585,4.291671747716161,1.8513753405223454,,,,,
2072,6.841521739959717,4.249042216422079,1.848948327999348,,,,,
2073,6.821375370025635,4.246479638390825,1.8465219102181436,,,,,
2074,6.822680473327637,4.262777431558621,1.8440960897975276,,,,,
2075,6.7867021560668945,4.304703158425924,1.8416708693556507,,,,,
2076,6.800577163696289,4.261310975425277,1.8392462515100185,,,,,
2077,6.790104866027832,4.292875248810341,1.836822238877484,,,,,
2078,6.829018592834473,4.2820275078509615,1.834398834074246,,,,,
2079,6.802216529846191,4.298556433092957,1.8319760397158513,,,,,
2080,6.794087648391724,4.270457648950229,1.8295538584171847,,,,,
2081,6.777845144271851,4.263252227019622,1.8271322927924694,,,,,
2082,6.772891998291016,4.279624252383503,1.8247113454552657,,,,,
2083,6.790502548217773,4.277754351709749,1.8222910190184654,,,,,
2084,6.783406734466553,4.2471203619537485,1.8198713160942894,,,,,
2085,6.795724630355835,4.2477648913910455,1.8174522392942887,,,,,
2086,6.777251243591309,4.291913689035042,1.815033791229334,,,,,
2087,6.78010892868042,4.241348407366779,1.8126159745096226,,,,,
2088,6.791851043701172,4.2835645882195035,1.810198791744667,,,,,
2089,6.762139797210693,4.255926652953241,1.807782245543295,,,,,
2090,6.786083936691284,4.271327125615087,1.8053663385136502,,,,,
2091,6.744564533233643,4.325692621372245,1.8029510732631842,,,,,
2092,6.827625751495361,4.285143219592493,1.8005364523986551,,,,,
2093,6.809683799743652,4.338295184031969,1.7981224785261294,,,,,
2094,6.826937913894653,4.3425081099052205,1.7957091542509718,,,,,
2095,6.859555721282959,4.365130822131171,1.7932964821778457,,,,,
2096,6.903548002243042,4.366293741335279,1.7908844649107138,,,,,
2097,6.953202486038208,4.295485593773318,1.788473105052829,,,,,
2098,6.884321928024292,4.31868449452547,1.786062405206736,,,,,
2099,6.863586902618408,4.272065061596485,1.783652367974267,,,,,
2100,6.859093904495239,4.318967609068643,1.781242995956539,,,,,
2101,6.869024753570557,4.268892825802802,1.77883429175395,,,,,
2102,6.83898663520813,4.280057842135931,1.77642625796618,,,,,
2103,6.845492839813232,4.3084728976475075,1.7740188971921829,,,,,
2104,6.8541436195373535,4.300858062490683,1.771612212030187,,,,,
2105,6.897870063781738,4.322470527822175,1.7692062050776913,,,,,
2106,6.824783802032471,4.283529122202611,1.7668008789314635,,,,,
2107,6.8075056076049805,4.263511156614735,1.7643962361875345,,,,,
2108,6.805251598358154,4.264950589235336,1.7619922794412013,,,,,
2109,6.798815488815308,4.305063081850416,1.759589011287017,,,,,
2110,6.81907057762146,4.293416989762007,1.7571864343187926,,,,,
2111,6.813404560089111,4.2508734375413875,1.7547845511295943,,,,,
2112,6.800672292709351,4.291101957991707,1.7523833643117377,,,,,
2113,6.8085808753967285,4.258652506604528,1.749982876456788,,,,,
2114,6.840750694274902,4.269429078314663,1.7475830901555558,,,,,
2115,6.802074909210205,4.294374721405183,1.7451840079980943,,,,,
2116,6.808936357498169,4.241707870597294,1.7427856325736957,,,,,
2117,6.771620512008667,4.255057158642601,1.7403879664708926,,,,,
2118,6.794531345367432,4.266364318368012,1.737991012277449,,,,,
2119,6.844781160354614,4.34018410284846,1.7355947725803615,,,,,
2120,6.851965427398682,4.30331207685254,1.7331992499658562,,,,,
2121,6.833912134170532,4.291509772871,1.730804447019383,,,,,
2122,6.836987018585205,4.290239981586337,1.7284103663256192,,,,,
2123,6.809746980667114,4.243062188787757,1.7260170104684585,,,,,
2124,6.7733471393585205,4.213558821642068,1.7236243820310138,,,,,
2125,6.767895221710205,4.26692818071383,1.721232483595614,,,,,
2126,6.77963662147522,4.261884559794972,1.718841317743799,,,,,
2127,6.766960620880127,4.2392743578269965,1.7164508870563173,,,,,
2128,6.790284633636475,4.2733766158355,1.7140611941131259,,,,,
2129,6.767494440078735,4.256188422717198,1.711672241493384,,,,,
2130,6.769925117492676,4.302771378004621,1.7092840317754512,,,,,
2131,6.804803371429443,4.278026246342767,1.7068965675368886,,,,,
2132,6.757630348205566,4.279298355842058,1.704509851354449,,,,,
2133,6.77482533454895,4.260592045354883,1.7021238858040795,,,,,
2134,6.75709867477417,4.245763000266907,1.6997386734609174,,,,,
2135,6.742796897888184,4.316485320749756,1.6973542168992863,,,,,
2136,6.770530700683594,4.275861340675964,1.694970518692693,,,,,
2137,6.763805389404297,4.294556066306124,1.6925875814138298,,,,,
2138,6.768491744995117,4.312759224961444,1.6902054076345636,,,,,
2139,6.7888100147247314,4.312245861234737,1.6878239999259383,,,,,
2140,6.777402400970459,4.273840856110979,1.6854433608581727,,,,,
2141,6.775912046432495,4.296395681804724,1.6830634930006543,,,,,
2142,6.782182455062866,4.272759554464342,1.6806843989219378,,,,,
2143,6.771205425262451,4.271498871210546,1.6783060811897448,,,,,
2144,6.767589569091797,4.296657991569718,1.675928542370958,,,,,
2145,6.795809507369995,4.2845568277938115,1.673551785031618,,,,,
2146,6.772770166397095,4.3304477275370346,1.6711758117369246,,,,,
2147,6.801603555679321,4.28227877336154,1.6688006250512302,,,,,
2148,6.768404960632324,4.2882395532574344,1.666426227538037,,,,,
2149,6.7406909465789795,4.265933259782719,1.664052621759998,,,,,
2150,6.763940334320068,4.289745694955323,1.661679810278908,,,,,
2151,6.7433977127075195,4.273288690913516,1.6593077956557094,,,,,
2152,6.7446253299713135,4.284697991644665,1.6569365804504808,,,,,
2153,6.745211601257324,4.264588517035828,1.6545661672224388,,,,,
2154,6.7539873123168945,4.336351135781675,1.6521965585299354,,,,,
2155,6.755358934402466,4.289148467242768,1.6498277569304536,,,,,
2156,6.783164024353027,4.333476458205407,1.6474597649806044,,,,,
2157,6.808123588562012,4.300661031090983,1.6450925852361276,,,,,
2158,6.797213315963745,4.283610292198881,1.6427262202518833,,,,,
2159,6.751081466674805,4.262203341075811,1.6403606725818538,,,,,
2160,6.779358863830566,4.269471233286108,1.6379959447791403,,,,,
2161,6.758315563201904,4.275444026350273,1.6356320393959576,,,,,
2162,6.759855508804321,4.286727253983661,1.6332689589836324,,,,,
2163,6.768220901489258,4.328114352174122,1.6309067060926028,,,,,
2164,6.77211594581604,4.24728067889747,1.6285452832724128,,,,,
2165,6.75930380821228,4.289320243317305,1.626184693071709,,,,,
2166,6.769764423370361,4.267731380021502,1.6238249380382435,,,,,
2167,6.73349928855896,4.314904600557306,1.6214660207188631,,,,,
2168,6.791672468185425,4.320794806749105,1.6191079436595115,,,,,
2169,6.8100433349609375,4.334198245689386,1.6167507094052267,,,,,
2170,6.805933952331543,4.290622693936899,1.6143943205001359,,,,,
2171,6.792378664016724,4.281083605889015,1.6120387794874536,,,,,
2172,6.788191795349121,4.280480402271922,1.609684088909481,,,,,
2173,6.780245542526245,4.294191843727439,1.6073302513075998,,,,,
2174,6.766796827316284,4.25570325995815,1.60497726922227,,,,,
2175,6.754591464996338,4.322410330840577,1.6026251451930327,,,,,
2176,6.762239217758179,4.297180165354197,1.600273881758498,,,,,
2177,6.776224613189697,4.31437497544028,1.5979234814563499,,,,,
2178,6.781689405441284,4.273939066719267,1.5955739468233403,,,,,
2179,6.750046253204346,4.291677925344071,1.5932252803952867,,,,,
2180,6.739240646362305,4.2614140642902445,1.5908774847070677,,,,,
2181,6.726616382598877,4.274644539073498,1.5885305622926267,,,,,
2182,6.7415220737457275,4.268241619041128,1.5861845156849597,,,,,
2183,6.728609085083008,4.324598924365738,1.5838393474161212,,,,,
2184,6.711305379867554,4.268556708142575,1.5814950600172148,,,,,
2185,6.771112442016602,4.350504152107078,1.5791516560183951,,,,,
2186,6.845308780670166,4.378640208152085,1.5768091379488631,,,,,
2187,6.88025426864624,4.362063013675135,1.5744675083368633,,,,,
2188,6.860010385513306,4.274658576694229,1.5721267697096801,,,,,
2189,6.835041761398315,4.345733220081955,1.569786924593639,,,,,
2190,6.8064963817596436,4.261137916021131,1.5674479755141004,,,,,
2191,6.773027420043945,4.288568615813131,1.5651099249954543,,,,,
2192,6.780642986297607,4.2429479808743205,1.5627727755611263,,,,,
2193,6.753176689147949,4.314201482912389,1.5604365297335652,,,,,
2194,6.766363143920898,4.226220879663029,1.5581011900342452,,,,,
2195,6.745055437088013,4.284544604279796,1.5557667589836652,,,,,
2196,6.758091926574707,4.258322822636571,1.5534332391013408,,,,,
2197,6.734813928604126,4.264157705090445,1.5511006329058046,,,,,
2198,6.737178087234497,4.290627385108184,1.5487689429146039,,,,,
2199,6.741928577423096,4.298806197709451,1.5464381716442968,,,,,
2200,6.752239465713501,4.273183168334255,1.5441083216104488,,,,,
2201,6.729007244110107,4.3045735680024295,1.541779395327633,,,,,
2202,6.735532283782959,4.282699779465582,1.5394513953094247,,,,,
2203,6.792278289794922,4.353600688899035,1.5371243240683978,,,,,
2204,6.802378177642822,4.29281030691803,1.5347981841161273,,,,,
2205,6.7628583908081055,4.267413952653402,1.5324729779631803,,,,,
2206,6.77033805847168,4.3178458392269174,1.530148708119116,,,,,
2207,6.806893825531006,4.2937806408579755,1.5278253770924857,,,,,
2208,6.769188165664673,4.269728183946858,1.5255029873908246,,,,,
2209,6.780746698379517,4.296069292785542,1.5231815415206518,,,,,
2210,6.7971038818359375,4.303101060769456,1.5208610419874715,,,,,
2211,6.794133901596069,4.258241795410721,1.5185414912957624,,,,,
2212,6.757049083709717,4.302293245285073,1.5162228919489813,,,,,
2213,6.791164875030518,4.3041864121230935,1.5139052464495577,,,,,
2214,6.800559997558594,4.270869266295052,1.5115885572988905,,,,,
2215,6.780574560165405,4.289792128226855,1.509272826997349,,,,,
2216,6.758129835128784,4.320085283083711,1.5069580580442656,,,,,
2217,6.785684823989868,4.283374924134366,1.5046442529379342,,,,,
2218,6.746030330657959,4.282908987457557,1.5023314141756123,,,,,
2219,6.758346319198608,4.255922886781877,1.5000195442535114,,,,,
2220,6.752882957458496,4.277041560165816,1.4977086456667967,,,,,
2221,6.765077352523804,4.271761614299803,1.4953987209095874,,,,,
2222,6.751694679260254,4.319424550607487,1.4930897724749506,,,,,
2223,6.787715196609497,4.303886220272696,1.4907818028548983,,,,,
2224,6.7899885177612305,4.326321254967641,1.4884748145403897,,,,,
2225,6.80636191368103,4.3052640528714985,1.486168810021321,,,,,
2226,6.7738001346588135,4.247263083646436,1.4838637917865287,,,,,
2227,6.750475883483887,4.283920426043871,1.4815597623237846,,,,,
2228,6.787306070327759,4.275124150028341,1.479256724119793,,,,,
2229,6.762835741043091,4.347017633704401,1.476954679660188,,,,,
2230,6.780931711196899,4.301955946560564,1.474653631429532,,,,,
2231,6.785722732543945,4.274613369202995,1.4723535819113118,,,,,
2232,6.76452112197876,4.3049515893822266,1.4700545335879354,,,,,
2233,6.767747163772583,4.312981459150001,1.4677564889407326,,,,,
2234,6.831881523132324,4.303744139843773,1.4654594504499483,,,,,
2235,6.815175771713257,4.295277381965952,1.4631634205947404,,,,,
2236,6.80190372467041,4.264608847583614,1.4608684018531803,,,,,
2237,6.786333084106445,4.287454094979019,1.458574396702247,,,,,
2238,6.761674880981445,4.291675263237211,1.4562814076178257,,,,,
2239,6.74989914894104,4.287582035321363,1.4539894370747057,,,,,
2240,6.7427074909210205,4.272277438811036,1.4516984875465762,,,,,
2241,6.736490964889526,4.3062859904976625,1.4494085615060235,,,,,
2242,6.7358715534210205,4.2653526519906935,1.447119661424532,,,,,
2243,6.730755090713501,4.302327585180233,1.4448317897724758,,,,,
2244,6.7513439655303955,4.274338397787237,1.442544949019122,,,,,
2245,6.716549634933472,4.282680263431058,1.440259141632622,,,,,
2246,6.710371732711792,4.268943447140308,1.4379743700800132,,,,,
2247,6.709853649139404,4.305217292350917,1.4356906368272166,,,,,
2248,6.728266477584839,4.306810347747161,1.433407944339031,,,,,
2249,6.781667709350586,4.3213186197866404,1.4311262950791306,,,,,
2250,6.759827136993408,4.306379958698988,1.4288456915100667,,,,,
2251,6.752803802490234,4.316991599694934,1.4265661360932602,,,,,
2252,6.754452228546143,4.305549504277684,1.4242876312889996,,,,,
2253,6.741454124450684,4.294952921149508,1.422010179556443,,,,,
2254,6.752095460891724,4.273834465330042,1.4197337833536094,,,,,
2255,6.731967210769653,4.337504226686175,1.4174584451373777,,,,,
2256,6.802472352981567,4.27750322836803,1.4151841673634877,,,,,
2257,6.7655110359191895,4.3441128157286,1.4129109524865326,,,,,
2258,6.78690767288208,4.3121998725166035,1.4106388029599588,,,,,
2259,6.785090208053589,4.2819338243883935,1.4083677212360637,,,,,
2260,6.75209641456604,4.290592223079993,1.4060977097659915,,,,,
2261,6.764072895050049,4.340731895701839,1.4038287709997306,,,,,
2262,6.7763190269470215,4.31742020471443,1.4015609073861144,,,,,
2263,6.758960723876953,4.338623494837242,1.3992941213728134,,,,,
2264,6.774402856826782,4.281463107910349,1.397028415406334,,,,,
2265,6.734849452972412,4.299259074301756,1.3947637919320208,,,,,
2266,6.746707439422607,4.289282939331787,1.3925002533940467,,,,,
2267,6.722185373306274,4.275515184971943,1.3902378022354145,,,,,
2268,6.721016883850098,4.2625652143592285,1.3879764408979554,,,,,
2269,6.724358558654785,4.291569848537846,1.3857161718223217,,,,,
2270,6.7095725536346436,4.306480837028702,1.3834569974479867,,,,,
2271,6.7129998207092285,4.305871493481507,1.3811989202132469,,,,,
2272,6.764165878295898,4.366695607179749,1.3789419425552074,,,,,
2273,6.778454303741455,4.327449338590528,1.3766860669097911,,,,,
2274,6.809047698974609,4.280261446388957,1.374431295711732,,,,,
2275,6.755558967590332,4.322048407627616,1.372177631394569,,,,,
2276,6.764723300933838,4.32745366080455,1.3699250763906508,,,,,
2277,6.752386569976807,4.272272342388323,1.3676736331311237,,,,,
2278,6.738457918167114,4.305649979160652,1.3654233040459371,,,,,
2279,6.7181150913238525,4.3211330830098404,1.3631740915638388,,,,,
2280,6.79828667640686,4.311282890197908,1.3609259981123685,,,,,
2281,6.767436742782593,4.29018644929634,1.3586790261178605,,,,,
2282,6.758439540863037,4.318258793239738,1.3564331780054377,,,,,
2283,6.770305871963501,4.300228115888681,1.35418845619901,,,,,
2284,6.767094135284424,4.345427326237684,1.3519448631212714,,,,,
2285,6.775032997131348,4.26557142580127,1.3497024011936996,,,,,
2286,6.748398065567017,4.307135035352009,1.3474610728365493,,,,,
2287,6.762679576873779,4.29571573026447,1.3452208804688517,,,,,
2288,6.737498998641968,4.298242550521864,1.3429818265084148,,,,,
2289,6.730247974395752,4.303217759344936,1.3407439133718144,,,,,
2290,6.734402179718018,4.317846417928363,1.3385071434743974,,,,,
2291,6.726514101028442,4.277474574224602,1.336271519230275,,,,,
2292,6.700966835021973,4.275174106641213,1.3340370430523232,,,,,
2293,6.694739103317261,4.301093409901612,1.3318037173521782,,,,,
2294,6.702569246292114,4.299428465588941,1.329571544540236,,,,,
2295,6.715116024017334,4.305539016667487,1.3273405270256469,,,,,
2296,6.713371992111206,4.27015383750877,1.3251106672163129,,,,,
2297,6.70036244392395,4.3207904017202186,1.3228819675188908,,,,,
2298,6.717610836029053,4.309714049827762,1.3206544303387813,,,,,
2299,6.7373597621917725,4.332200846218882,1.318428058080131,,,,,
2300,6.720152139663696,4.3036056541414,1.316202853145833,,,,,
2301,6.770564794540405,4.294207513181977,1.3139788179375143,,,,,
2302,6.719099998474121,4.286835319360231,1.3117559548555435,,,,,
2303,6.722253799438477,4.280561453961243,1.3095342662990244,,,,,
2304,6.707894802093506,4.292979660306887,1.3073137546657914,,,,,
2305,6.729745388031006,4.3307923286075445,1.3050944223524088,,,,,
2306,6.73662543296814,4.325766836123069,1.30287627175417,,,,,
2307,6.755171060562134,4.313395944335463,1.30065930526509,,,,,
2308,6.711342811584473,4.295522615025282,1.2984435252779092,,,,,
2309,6.730922698974609,4.293897323592357,1.2962289341840847,,,,,
2310,6.697600603103638,4.304947557521528,1.2940155343737916,,,,,
2311,6.703498840332031,4.3387483762431485,1.2918033282359191,,,,,
2312,6.7294628620147705,4.3237687131754985,1.2895923181580675,,,,,
2313,6.703767776489258,4.2930248585741895,1.2873825065265463,,,,,
2314,6.705200433731079,4.296549681758961,1.2851738957263736,,,,,
2315,6.695881128311157,4.2846250189162784,1.2829664881412695,,,,,
2316,6.686688184738159,4.349628017167267,1.2807602861536544,,,,,
2317,6.752316474914551,4.289306172209693,1.278555292144651,,,,,
2318,6.717587471008301,4.3176296264609935,1.2763515084940753,,,,,
2319,6.736722230911255,4.310530794278426,1.2741489375804376,,,,,
2320,6.7094550132751465,4.278225914984816,1.2719475817809398,,,,,
2321,6.706010818481445,4.3643186956619,1.2697474434714724,,,,,
2322,6.755029916763306,4.310868080169639,1.2675485250266103,,,,,
2323,6.7383341789245605,4.354995007270319,1.2653508288196156,,,,,
2324,6.746705770492554,4.304140963807038,1.263154357222427,,,,,
2325,6.771029233932495,4.35235515174192,1.260959112605663,,,,,
2326,6.731678009033203,4.267748346441027,1.2587650973386195,,,,,
2327,6.721750259399414,4.328168452939033,1.256572313789264,,,,,
2328,6.712952136993408,4.306512070263605,1.2543807643242335,,,,,
2329,6.702304840087891,4.28887979336603,1.2521904513088369,,,,,
2330,6.752938270568848,4.320646255130623,1.250001377107044,,,,,
2331,6.718767166137695,4.311780789201253,1.2478135440814893,,,,,
2332,6.707021951675415,4.319638250654139,1.24562695459347,,,,,
2333,6.689511775970459,4.273051024485878,1.2434416110029385,,,,,
2334,6.68581485748291,4.307997168564215,1.2412575156685022,,,,,
2335,6.709780216217041,4.322352277620988,1.2390746709474245,,,,,
2336,6.699191570281982,4.32871427608198,1.2368930791956159,,,,,
2337,6.731496334075928,4.309023636544422,1.2347127427676343,,,,,
2338,6.717742681503296,4.302912099507799,1.2325336640166868,,,,,
2339,6.706195116043091,4.327451950767844,1.2303558452946184,,,,,
2340,6.7003748416900635,4.29005787470844,1.2281792889519167,,,,,
2341,6.691784620285034,4.3032243807241635,1.2260039973377064,,,,,
2342,6.719749212265015,4.339669401050116,1.2238299727997457,,,,,
2343,6.741375923156738,4.298830487730124,1.2216572176844285,,,,,
2344,6.707197904586792,4.308351619189481,1.2194857343367762,,,,,
2345,6.7136523723602295,4.277603512556238,1.217315525100437,,,,,
2346,6.693579196929932,4.310474661842327,1.2151465923176872,,,,,
2347,6.699411392211914,4.297811230257643,1.212978938329422,,,,,
2348,6.6868813037872314,4.301154319732705,1.2108125654751583,,,,,
2349,6.6738786697387695,4.287965113220343,1.2086474760930295,,,,,
2350,6.687786102294922,4.333715599860535,1.206483672519784,,,,,
2351,6.705923080444336,4.30380980441107,1.2043211570907821,,,,,
2352,6.706309795379639,4.318015695320046,1.2021599321399952,,,,,
2353,6.696397542953491,4.31089606798427,1.2000000000000004,,,,,
2354,6.692957639694214,4.347123605047985,1.1978413630019793,,,,,
2355,6.763660430908203,4.311314528283199,1.1956840234757178,,,,,
2356,6.7069244384765625,4.350476827813959,1.1935279837495998,,,,,
2357,6.776965141296387,4.280230487866799,1.1913732461506048,,,,,
2358,6.737589359283447,4.290638951717855,1.1892198130043121,,,,,
2359,6.718284368515015,4.278044281735753,1.1870676866348868,,,,,
2360,6.707553386688232,4.291961774192406,1.1849168693650869,,,,,
2361,6.683704137802124,4.3185199315654215,1.1827673635162583,,,,,
2362,6.705998182296753,4.328809580951303,1.1806191714083298,,,,,
2363,6.715388298034668,4.306534533143745,1.1784722953598121,,,,,
2364,6.679176330566406,4.336277809536086,1.1763267376877982,,,,,
2365,6.711133718490601,4.3048703151154255,1.1741825007079552,,,,,
2366,6.70582389831543,4.296842636031399,1.1720395867345244,,,,,
2367,6.693894386291504,4.3195377037844,1.1698979980803235,,,,,
2368,6.70847749710083,4.30120125831527,1.1677577370567354,,,,,
2369,6.6934814453125,4.332098410047334,1.1656188059737116,,,,,
2370,6.686946153640747,4.348505511416218,1.1634812071397687,,,,,
2371,6.732011795043945,4.286053608203757,1.1613449428619838,,,,,
2372,6.722236156463623,4.311796484121864,1.159210015445997,,,,,
2373,6.717676162719727,4.288698539100243,1.1570764271960021,,,,,
2374,6.68860125541687,4.344138302053094,1.154944180414748,,,,,
2375,6.711176633834839,4.306808759025208,1.152813277403539,,,,,
2376,6.698211669921875,4.352711042904673,1.1506837204622247,,,,,
2377,6.7165021896362305,4.31383102375284,1.1485555118892048,,,,,
2378,6.710508346557617,4.306925215572745,1.1464286539814228,,,,,
2379,6.724061965942383,4.328882769639999,1.144303149034364,,,,,
2380,6.695876598358154,4.281752327092061,1.1421789993420535,,,,,
2381,6.668559551239014,4.323071946608509,1.1400562071970557,,,,,
2382,6.683655738830566,4.346019702162233,1.1379347748904678,,,,,
2383,6.687835931777954,4.298167184383755,1.135814704711918,,,,,
2384,6.667780160903931,4.306051806505233,1.1336959989495692,,,,,
2385,6.680454730987549,4.316304088140155,1.131578659890107,,,,,
2386,6.684905767440796,4.304566995349624,1.1294626898187428,,,,,
2387,6.6814045906066895,4.351493642749257,1.1273480910192144,,,,,
2388,6.672430038452148,4.292728083187838,1.1252348657737734,,,,,
2389,6.681069850921631,4.321208384780948,1.1231230163631925,,,,,
2390,6.675905704498291,4.303153233331628,1.1210125450667603,,,,,
2391,6.667299747467041,4.34538077125036,1.1189034541622762,,,,,
2392,6.703965663909912,4.287426091924849,1.1167957459260496,,,,,
2393,6.687953233718872,4.350200225566995,1.1146894226328998,,,,,
2394,6.757139682769775,4.31404261793581,1.1125844865561492,,,,,
2395,6.7215735912323,4.311329579333281,1.1104809399676223,,,,,
2396,6.722235441207886,4.325752549656706,1.108378785137648,,,,,
2397,6.712706089019775,4.313250568356205,1.106278024335049,,,,,
2398,6.694888114929199,4.29807268179596,1.1041786598271448,,,,,
2399,6.682090520858765,4.323477151115167,1.102080693879748,,,,,
2400,6.687193393707275,4.293433094546011,1.0999841287571626,,,,,
2401,6.705710411071777,4.337594086428066,1.0978889667221776,,,,,
2402,6.679450511932373,4.342837808711675,1.0957952100360724,,,,,
2403,6.7463133335113525,4.324536424008009,1.093702860958605,,,,,
2404,6.725876808166504,4.283924874184611,1.091611921748019,,,,,
2405,6.714197397232056,4.3255053986211704,1.0895223946610317,,,,,
2406,6.707728862762451,4.291381603735049,1.087434281952839,,,,,
2407,6.678827524185181,4.303901793678033,1.0853475858771091,,,,,
2408,6.67386269569397,4.333465471099263,1.0832623086859823,,,,,
2409,6.702696323394775,4.310049197571533,1.0811784526300656,,,,,
2410,6.690907955169678,4.315196741920644,1.0790960199584352,,,,,
2411,6.682746171951294,4.362365262462273,1.0770150129186293,,,,,
2412,6.705564498901367,4.316165932694636,1.0749354337566457,,,,,
2413,6.720303297042847,4.343627597826484,1.0728572847169453,,,,,
2414,6.717786550521851,4.3676276740354085,1.070780568042442,,,,,
2415,6.706404209136963,4.285287241257971,1.068705285974504,,,,,
2416,6.673891305923462,4.339106861937437,1.0666314407529554,,,,,
2417,6.699674367904663,4.317799645376566,1.0645590346160623,,,,,
2418,6.69311261177063,4.320706429854474,1.0624880698005426,,,,,
2419,6.69070839881897,4.300949010857019,1.060418548541559,,,,,
2420,6.689518928527832,4.318376577431861,1.0583504730727133,,,,,
2421,6.677296161651611,4.309252065204592,1.0562838456260482,,,,,
2422,6.68681788444519,4.334021145000089,1.0542186684320447,,,,,
2423,6.705088376998901,4.320168291650167,1.0521549437196174,,,,,
2424,6.694524765014648,4.301946167989977,1.0500926737161118,,,,,
2425,6.684898138046265,4.316797362143899,1.048031860647307,,,,,
2426,6.681416273117065,4.331188994360331,1.0459725067374066,,,,,
2427,6.693011522293091,4.328548790528255,1.0439146142090407,,,,,
2428,6.665763854980469,4.308051740752237,1.0418581852832611,,,,,
2429,6.659827947616577,4.300372027468541,1.0398032221795417,,,,,
2430,6.670545339584351,4.324582936685561,1.0377497271157714,,,,,
2431,6.661279678344727,4.329880702986849,1.0356977023082587,,,,,
2432,6.674773931503296,4.337138879589919,1.0336471499717215,,,,,
2433,6.674585342407227,4.345397182830348,1.0315980723192917,,,,,
2434,6.680253982543945,4.3049484448236415,1.0295504715625075,,,,,
2435,6.675215482711792,4.318620961287926,1.0275043499113132,,,,,
2436,6.665605783462524,4.345413095315431,1.0254597095740576,,,,,
2437,6.655978202819824,4.3157080950307884,1.0234165527574899,,,,,
2438,6.655691862106323,4.335228639054038,1.021374881666758,,,,,
2439,6.659725189208984,4.312590005720634,1.0193346985054084,,,,,
2440,6.653034687042236,4.306502270838911,1.0172960054753792,,,,,
2441,6.653504848480225,4.3314525026348685,1.0152588047770006,,,,,
2442,6.651409387588501,4.311161423852406,1.0132230986089943,,,,,
2443,6.66684627532959,4.354335734982567,1.0111888891684662,,,,,
2444,6.6730592250823975,4.323485804967664,1.0091561786509078,,,,,
2445,6.677233934402466,4.3038387452984574,1.0071249692501942,,,,,
2446,6.660470724105835,4.320982624042726,1.0050952631585792,,,,,
2447,6.672122955322266,4.375652091256503,1.003067062566692,,,,,
2448,6.703282117843628,4.294005950225111,1.0010403696635408,,,,,
2449,6.669440031051636,4.354526316247335,0.9990151866365049,,,,,
2450,6.686967372894287,4.340494872142128,0.9969915156713323,,,,,
2451,6.687081575393677,4.33329518087979,0.9949693589521428,,,,,
2452,6.672298192977905,4.314425394252331,0.992948718661419,,,,,
2453,6.678865909576416,4.3548997382941215,0.9909295969800063,,,,,
2454,6.707309246063232,4.302398894994172,0.9889119960871142,,,,,
2455,6.705851078033447,4.357083338062938,0.9868959181603087,,,,,
2456,6.698951005935669,4.322673621951681,0.9848813653755121,,,,,
2457,6.70185399055481,4.34041474043972,0.9828683399070007,,,,,
2458,6.700257778167725,4.339407780874267,0.9808568439274028,,,,,
2459,6.688398122787476,4.319924982983691,0.9788468796076953,,,,,
2460,6.678287029266357,4.31969514145783,0.976838449117204,,,,,
2461,6.671123504638672,4.323879081126117,0.9748315546235964,,,,,
2462,6.676231145858765,4.334227561750163,0.9728261982928835,,,,,
2463,6.669851303100586,4.315667017254135,0.9708223822894178,,,,,
2464,6.681639194488525,4.332764163350136,0.9688201087758864,,,,,
2465,6.670179605484009,4.318183048719915,0.9668193799133137,,,,,
2466,6.677318811416626,4.308900928176482,0.9648201978610557,,,,,
2467,6.6593780517578125,4.315208265017421,0.9628225647767993,,,,,
2468,6.654226779937744,4.286435821459412,0.9608264828165612,,,,,
2469,6.648751258850098,4.306747262471859,0.9588319541346821,,,,,
2470,6.648998498916626,4.311546882528332,0.9568389808838257,,,,,
2471,6.651569843292236,4.327670813408893,0.9548475652149802,,,,,
2472,6.66996693611145,4.333792489150475,0.9528577092774491,,,,,
2473,6.6701819896698,4.338179042100706,0.9508694152188537,,,,,
2474,6.67667818069458,4.3258909144453686,0.9488826851851317,,,,,
2475,6.653664588928223,4.350117651728445,0.9468975213205306,,,,,
2476,6.653900384902954,4.296548186479445,0.9449139257676054,,,,,
2477,6.639087438583374,4.335794062851055,0.942931900667224,,,,,
2478,6.643723726272583,4.330264631091696,0.9409514481585548,,,,,
2479,6.653012752532959,4.346756185775448,0.9389725703790703,,,,,
2480,6.640239000320435,4.3232353252959514,0.9369952694645448,,,,,
2481,6.646681308746338,4.386930832249262,0.9350195475490486,,,,,
2482,6.688053131103516,4.344041522156801,0.9330454067649481,,,,,
2483,6.668287038803101,4.329243209203619,0.9310728492429056,,,,,
2484,6.674365282058716,4.335134758480063,0.9291018771118713,,,,,
2485,6.681372165679932,4.31895777736019,0.9271324924990866,,,,,
2486,6.6745123863220215,4.3472324526540564,0.9251646975300781,,,,,
2487,6.6848344802856445,4.321888645723951,0.9231984943286575,,,,,
2488,6.683826923370361,4.356327718401076,0.9212338850169179,,,,,
2489,6.710754632949829,4.326613419190287,0.919270871715234,,,,,
2490,6.692097902297974,4.360484811415484,0.9173094565422559,,,,,
2491,6.6959450244903564,4.347244009839275,0.9153496416149083,,,,,
2492,6.690530300140381,4.343943114036066,0.9133914290483922,,,,,
2493,6.681602716445923,4.320650426954457,0.9114348209561761,,,,,
2494,6.667935848236084,4.3406902135571475,0.9094798194499973,,,,,
2495,6.683639764785767,4.320951867243941,0.9075264266398599,,,,,
2496,6.6676788330078125,4.3238187666396515,0.9055746446340304,,,,,
2497,6.659200668334961,4.353462702692608,0.9036244755390396,,,,,
2498,6.658794403076172,4.3177418247604695,0.9016759214596748,,,,,
2499,6.661741495132446,4.380385363974223,0.8997289844989805,,,,,
2500,6.675111293792725,4.319646760733614,0.8977836667582582,,,,,
2501,6.662632465362549,4.3503287167384705,0.895839970337059,,,,,
2502,6.654807806015015,4.305404989332387,0.8938978973331844,,,,,
2503,6.6638007164001465,4.338024718105743,0.8919574498426864,,,,,
2504,6.656846284866333,4.317582601053159,0.8900186299598613,,,,,
2505,6.662147283554077,4.34195696776208,0.8880814397772449,,,,,
2506,6.647942066192627,4.300886436707839,0.8861458813856204,,,,,
2507,6.650665760040283,4.347660091366459,0.8842119568740062,,,,,
2508,6.659797191619873,4.334389296773104,0.8822796683296571,,,,,
2509,6.675309658050537,4.362064948495042,0.8803490178380647,,,,,
2510,6.675914764404297,4.313149620044923,0.8784200074829501,,,,,
2511,6.65340256690979,4.359385827492023,0.8764926393462644,,,,,
2512,6.673015117645264,4.3030849585922155,0.8745669155081889,,,,,
2513,6.661920070648193,4.329815054461172,0.8726428380471275,,,,,
2514,6.635106086730957,4.3425285429188545,0.8707204090397083,,,,,
2515,6.6510419845581055,4.334584656435466,0.8687996305607797,,,,,
2516,6.647503137588501,4.352113471299886,0.8668805046834094,,,,,
2517,6.636566877365112,4.33570785097358,0.8649630334788799,,,,,
2518,6.633769750595093,4.349273641135534,0.8630472190166909,,,,,
2519,6.639825105667114,4.3668412999810045,0.8611330633645514,,,,,
2520,6.638793468475342,4.325775516243719,0.8592205685883801,,,,,
2521,6.654995918273926,4.345716003212636,0.8573097367523055,,,,,
2522,6.667571067810059,4.334625745641774,0.8554005699186588,,,,,
2523,6.662036418914795,4.356141431879055,0.8534930701479752,,,,,
2524,6.644923686981201,4.325613249441071,0.8515872394989903,,,,,
2525,6.646420240402222,4.359251066453322,0.8496830800286385,,,,,
2526,6.63991379737854,4.35433182343402,0.8477805937920502,,,,,
2527,6.6396260261535645,4.328763175752606,0.8458797828425513,,,,,
2528,6.63592004776001,4.357862609288992,0.8439806492316568,,,,,
2529,6.663426399230957,4.349010866765118,0.8420831950090754,,,,,
2530,6.651578426361084,4.331601576608605,0.8401874222226994,,,,,
2531,6.64655327796936,4.342927750265829,0.8382933329186076,,,,,
2532,6.649256944656372,4.328525205336267,0.8364009291410633,,,,,
2533,6.640882968902588,4.322742546376709,0.8345102129325099,,,,,
2534,6.627715110778809,4.376394903689898,0.8326211863335664,,,,,
2535,6.635880947113037,4.342448936780026,0.830733851383033,,,,,
2536,6.642729043960571,4.356310125957325,0.8288482101178817,,,,,
2537,6.626780033111572,4.349300066496365,0.8269642645732553,,,,,
2538,6.644625186920166,4.33045275337662,0.8250820167824703,,,,,
2539,6.64774751663208,4.367693058876955,0.8232014687770072,,,,,
2540,6.650542736053467,4.343589441629896,0.8213226225865123,,,,,
2541,6.642300605773926,4.3861167531137815,0.8194454802387977,,,,,
2542,6.641777038574219,4.328442329714737,0.8175700437598348,,,,,
2543,6.647265911102295,4.3520445256197124,0.8156963151737533,,,,,
2544,6.64723539352417,4.358639362582246,0.8138242965028405,,,,,
2545,6.648804187774658,4.327087432622308,0.811953989767538,,,,,
2546,6.668140172958374,4.344217712484156,0.8100853969864391,,,,,
2547,6.64907693862915,4.351458537869338,0.8082185201762896,,,,,
2548,6.667083740234375,4.321889572528554,0.8063533613519803,,,,,
2549,6.664057016372681,4.31525562148419,0.804489922526549,,,,,
2550,6.657007217407227,4.350397576796497,0.8026282057111784,,,,,
2551,6.643893241882324,4.349310266961562,0.8007682129151906,,,,,
2552,6.645705461502075,4.369666615687468,0.7989099461460482,,,,,
2553,6.659929275512695,4.354580505642197,0.7970534074093506,,,,,
2554,6.655309200286865,4.347747651542106,0.7951985987088319,,,,,
2555,6.634166717529297,4.351209451412332,0.7933455220463587,,,,,
2556,6.653162956237793,4.35065613923903,0.7914941794219301,,,,,
2557,6.650355815887451,4.32973809940059,0.7896445728336722,,,,,
2558,6.634824752807617,4.342087284469925,0.7877967042778361,,,,,
2559,6.633699178695679,4.329868519977926,0.7859505757488006,,,,,
2560,6.63494873046875,4.348407321060476,0.7841061892390627,,,,,
2561,6.629458904266357,4.347304489955469,0.7822635467392428,,,,,
2562,6.636776924133301,4.378183992697072,0.7804226502380772,,,,,
2563,6.644219636917114,4.341431389945811,0.7785835017224154,,,,,
2564,6.64888072013855,4.374179696715911,0.7767461031772253,,,,,
2565,6.644712924957275,4.357395789320475,0.7749104565855826,,,,,
2566,6.659613847732544,4.349200287819711,0.7730765639286724,,,,,
2567,6.638910531997681,4.3177839610835305,0.7712444271857889,,,,,
2568,6.633629083633423,4.358784025712009,0.7694140483343294,,,,,
2569,6.645644664764404,4.3321997253106765,0.767585429349793,,,,,
2570,6.64722204208374,4.3796835356745225,0.7657585722057826,,,,,
2571,6.6540913581848145,4.31301767070119,0.7639334788739968,,,,,
2572,6.640801429748535,4.3334354335666205,0.7621101513242314,,,,,
2573,6.638784170150757,4.3491326992606,0.7602885915243763,,,,,
2574,6.636214971542358,4.343151313903655,0.7584688014404141,,,,,
2575,6.619276762008667,4.349713490528655,0.7566507830364155,,,,,
2576,6.656635999679565,4.3355441997791155,0.7548345382745425,,,,,
2577,6.63858962059021,4.3469909183912865,0.7530200691150396,,,,,
2578,6.638958692550659,4.36291663359954,0.7512073775162359,,,,,
2579,6.6404194831848145,4.342682591198471,0.7493964654345432,,,,,
2580,6.635499000549316,4.319167568665577,0.7475873348244512,,,,,
2581,6.620665550231934,4.336025769816817,0.7457799876385272,,,,,
2582,6.623632431030273,4.381019432470516,0.743974425827414,,,,,
2583,6.630418062210083,4.355965526490977,0.7421706513398275,,,,,
2584,6.63542103767395,4.379555432309214,0.7403686661225537,,,,,
2585,6.645522594451904,4.34477317824496,0.7385684721204491,,,,,
2586,6.6222453117370605,4.370222279963321,0.7367700712764359,,,,,
2587,6.633770942687988,4.3275310616216505,0.7349734655315,,,,,
2588,6.629589796066284,4.337396447251483,0.7331786568246929,,,,,
2589,6.63841700553894,4.354386367148166,0.7313856470931236,,,,,
2590,6.613306760787964,4.358894141608672,0.7295944382719598,,,,,
2591,6.627762794494629,4.352440160898926,0.7278050322944286,,,,,
2592,6.617457866668701,4.358326037858493,0.7260174310918059,,,,,
2593,6.617043972015381,4.3492816491123,0.7242316365934254,,,,,
2594,6.63157057762146,4.350688917883511,0.7224476507266672,,,,,
2595,6.62758994102478,4.364243127198857,0.72066547541696,,,,,
2596,6.6457226276397705,4.3808294637951155,0.71888511258778,,,,,
2597,6.642116546630859,4.346226239023938,0.7171065641606454,,,,,
2598,6.648791790008545,4.38608841478975,0.715329832055116,,,,,
2599,6.653248071670532,4.376514446645148,0.713554918188794,,,,,
2600,6.668112754821777,4.378437248772188,0.711781824477316,,,,,
2601,6.67667293548584,4.370930284487288,0.7100105528343558,,,,,
2602,6.661585569381714,4.345095469031242,0.7082411051716199,,,,,
2603,6.6468260288238525,4.320378850547078,0.7064734833988469,,,,,
2604,6.6545329093933105,4.33929657795732,0.7047076894238034,,,,,
2605,6.648910045623779,4.344356234881736,0.7029437251522861,,,,,
2606,6.6366190910339355,4.3544602067256,0.7011815924881141,,,,,
2607,6.643370151519775,4.3333726949908336,0.6994212933331303,,,,,
2608,6.629082441329956,4.372658928870353,0.6976628295872006,,,,,
2609,6.64487886428833,4.335196555813789,0.6959062031482073,,,,,
2610,6.641512632369995,4.34785227679324,0.6941514159120513,,,,,
2611,6.618785858154297,4.363598901750262,0.6923984697726482,,,,,
2612,6.640057563781738,4.347926218435481,0.6906473666219262,,,,,
2613,6.611509323120117,4.329005947225329,0.6888981083498239,,,,,
2614,6.62178111076355,4.358026888312363,0.687150696844291,,,,,
2615,6.626071453094482,4.373010083544244,0.6854051339912819,,,,,
2616,6.636511325836182,4.345822775835145,0.6836614216747555,,,,,
2617,6.644216775894165,4.323855689837213,0.6819195617766757,,,,,
2618,6.622180223464966,4.318182911965103,0.6801795561770052,,,,,
2619,6.627111434936523,4.340622550404503,0.6784414067537051,,,,,
2620,6.627201080322266,4.363560279945649,0.676705115382736,,,,,
2621,6.610629558563232,4.355677486969905,0.6749706839380484,,,,,
2622,6.624584436416626,4.330784445153855,0.67323811429159,,,,,
2623,6.612600088119507,4.362282421129707,0.6715074083132967,,,,,
2624,6.621348142623901,4.366212136210064,0.6697785678710927,,,,,
2625,6.609839916229248,4.357849903122731,0.6680515948308908,,,,,
2626,6.621915817260742,4.35486341204535,0.6663264910565868,,,,,
2627,6.617866277694702,4.3514015624461,0.6646032584100581,,,,,
2628,6.629588603973389,4.35316908710438,0.6628818987511653,,,,,
2629,6.619586706161499,4.341377602794574,0.6611624139377456,,,,,
2630,6.6153175830841064,4.3508140756063245,0.6594448058256127,,,,,
2631,6.617387294769287,4.352747565262251,0.6577290762685559,,,,,
2632,6.61517858505249,4.3434697611177535,0.6560152271183355,,,,,
2633,6.618413686752319,4.335309777568628,0.654303260224683,,,,,
2634,6.611313819885254,4.361229026889079,0.6525931774352999,,,,,
2635,6.6024041175842285,4.377514106872405,0.650884980595852,,,,,
2636,6.624598026275635,4.356512834085347,0.6491786715499698,,,,,
2637,6.612584590911865,4.350209394355498,0.6474742521392487,,,,,
2638,6.612160682678223,4.350793730420561,0.6457717242032418,,,,,
2639,6.611117362976074,4.36944300332322,0.6440710895794622,,,,,
2640,6.607005596160889,4.374106113002318,0.6423723501033796,,,,,
2641,6.6262366771698,4.351326285539503,0.6406755076084173,,,,,
2642,6.626328706741333,4.386721730733539,0.6389805639259519,,,,,
2643,6.624353647232056,4.334179645430852,0.6372875208853117,,,,,
2644,6.626855134963989,4.345961041767323,0.635596380313772,,,,,
2645,6.6186487674713135,4.354399388331741,0.6339071440365545,,,,,
2646,6.623030424118042,4.338256810671949,0.6322198138768282,,,,,
2647,6.61176061630249,4.322208816209092,0.6305343916557025,,,,,
2648,6.617748260498047,4.359608070703993,0.6288508791922276,,,,,
2649,6.628846883773804,4.352268847424609,0.6271692783033951,,,,,
2650,6.621874809265137,4.347376950154092,0.6254895908041297,,,,,
2651,6.61452317237854,4.365615099793828,0.6238118185072926,,,,,
2652,6.615612745285034,4.34874545274611,0.6221359632236799,,,,,
2653,6.623267412185669,4.3541433714938025,0.6204620267620158,,,,,
2654,6.615932464599609,4.373147532356397,0.6187900109289558,,,,,
2655,6.62055516242981,4.382350142208642,0.6171199175290808,,,,,
2656,6.6173255443573,4.363007668991666,0.615451748364897,,,,,
2657,6.614170074462891,4.3455604793044875,0.613785505236836,,,,,
2658,6.631608486175537,4.346944874931124,0.6121211899432476,,,,,
2659,6.610098123550415,4.34622918967944,0.6104588042804026,,,,,
2660,6.617451429367065,4.337348753309129,0.6087983500424892,,,,,
2661,6.633984565734863,4.35257499633064,0.60713982902161,,,,,
2662,6.627927780151367,4.351824723140245,0.605483243007782,,,,,
2663,6.625201225280762,4.365989066654138,0.6038285937889343,,,,,
2664,6.614128112792969,4.325402274464638,0.6021758831509046,,,,,
2665,6.622002124786377,4.379652162877525,0.6005251128774376,,,,,
2666,6.609835863113403,4.392003787877281,0.598876284750187,,,,,
2667,6.609639883041382,4.381139240112497,0.5972294005487065,,,,,
2668,6.608824968338013,4.349665232322314,0.5955844620504546,,,,,
2669,6.614138126373291,4.382044073510712,0.5939414710307879,,,,,
2670,6.607850790023804,4.3473562801255206,0.5923004292629621,,,,,
2671,6.592503070831299,4.349854265771261,0.5906613385181284,,,,,
2672,6.59771203994751,4.388967415582642,0.589024200565334,,,,,
2673,6.614717245101929,4.373687386412496,0.5873890171715168,,,,,
2674,6.607916593551636,4.3816567092908345,0.5857557901015048,,,,,
2675,6.620191812515259,4.359370308227154,0.5841245211180172,,,,,
2676,6.601123332977295,4.388613870506832,0.582495211981657,,,,,
2677,6.609259366989136,4.3454574487909134,0.5808678644509124,,,,,
2678,6.62042760848999,4.382829683783477,0.5792424802821576,,,,,
2679,6.6179540157318115,4.357274485596896,0.577619061229643,,,,,
2680,6.602794170379639,4.371274557306147,0.5759976090455002,,,,,
2681,6.613663673400879,4.353168448647899,0.5743781254797399,,,,,
2682,6.607530355453491,4.357079099866901,0.5727606122802454,,,,,
2683,6.607159614562988,4.385701225223012,0.571145071192774,,,,,
2684,6.60917854309082,4.354901009993557,0.5695315039609562,,,,,
2685,6.6184141635894775,4.369972459401676,0.5679199123262896,,,,,
2686,6.645117998123169,4.357342621375775,0.566310298028142,,,,,
2687,6.633791923522949,4.367295224492143,0.5647026628037453,,,,,
2688,6.632893085479736,4.352780295180312,0.563097008388196,,,,,
2689,6.617136716842651,4.390128576625186,0.561493336514453,,,,,
2690,6.616798639297485,4.351508754155935,0.5598916489133351,,,,,
2691,6.604569673538208,4.362978709054856,0.558291947313519,,,,,
2692,6.622511386871338,4.353160740849949,0.55669423344154,,,,,
2693,6.617397308349609,4.360386483101808,0.5550985090217863,,,,,
2694,6.6027655601501465,4.375928356428925,0.5535047757764979,,,,,
2695,6.607374906539917,4.366570711336385,0.5519130354257693,,,,,
2696,6.6031174659729,4.366509340108193,0.5503232896875406,,,,,
2697,6.614327907562256,4.363786871639794,0.5487355402776007,,,,,
2698,6.601958751678467,4.345665693684121,0.5471497889095841,,,,,
2699,6.6234822273254395,4.38016597195971,0.5455660372949681,,,,,
2700,6.606132745742798,4.352680994142896,0.5439842871430713,,,,,
2701,6.61167049407959,4.37407043523604,0.5424045401610542,,,,,
2702,6.605902910232544,4.36314429747547,0.5408267980539136,,,,,
2703,6.604259967803955,4.354931347705016,0.5392510625244819,,,,,
2704,6.599937677383423,4.370379192273691,0.5376773352734282,,,,,
2705,6.593745708465576,4.356597287400216,0.5361056179992519,,,,,
2706,6.612238645553589,4.3606353566063065,0.5345359123982836,,,,,
2707,6.603747129440308,4.359832159303837,0.5329682201646846,,,,,
2708,6.606201410293579,4.368478044529137,0.5314025429904397,,,,,
2709,6.601538419723511,4.371889579185826,0.5298388825653605,,,,,
2710,6.610433101654053,4.361534324787162,0.5282772405770841,,,,,
2711,6.600863695144653,4.401651450422654,0.526717618711066,,,,,
2712,6.593348503112793,4.363947427202614,0.5251600186505824,,,,,
2713,6.605802536010742,4.392218293814824,0.5236044420767284,,,,,
2714,6.606751441955566,4.353126806807778,0.5220508906684146,,,,,
2715,6.614274024963379,4.366555374745465,0.5204993661023646,,,,,
2716,6.611501216888428,4.35069607445129,0.5189498700531167,,,,,
2717,6.60223126411438,4.3517987082443685,0.5174024041930183,,,,,
2718,6.603485107421875,4.364257827338498,0.5158569701922261,,,,,
2719,6.61023473739624,4.370918093858595,0.5143135697187036,,,,,
2720,6.608719348907471,4.3556422463377755,0.5127722044382192,,,,,
2721,6.609360694885254,4.375833318251537,0.5112328760143467,,,,,
2722,6.605454921722412,4.369247862428452,0.5096955861084591,,,,,
2723,6.599233388900757,4.355806682569024,0.5081603363797301,,,,,
2724,6.606726169586182,4.368626641264676,0.5066271284851331,,,,,
2725,6.6048383712768555,4.39169233781736,0.5050959640794352,,,,,
2726,6.612250328063965,4.3782319198444775,0.5035668448151991,,,,,
2727,6.602298736572266,4.356917154899257,0.5020397723427809,,,,,
2728,6.616330862045288,4.398772339945184,0.5005147483103265,,,,,
2729,6.600442886352539,4.345951313527318,0.4989917743637707,,,,,
2730,6.600335121154785,4.369017349360268,0.4974708521468379,,,,,
2731,6.604888677597046,4.370969266025232,0.49595198330103585,,,,,
2732,6.5947229862213135,4.370357686075671,0.4944351694656564,,,,,
2733,6.598081111907959,4.382178788830795,0.49292041227777517,,,,,
2734,6.603046417236328,4.367611145151073,0.4914077133722462,,,,,
2735,6.6048290729522705,4.37791148186532,0.48989707438170194,,,,,
2736,6.592015266418457,4.3562473334415905,0.4883884969365545,,,,,
2737,6.602819204330444,4.367091920417933,0.4868819826649868,,,,,
2738,6.596883773803711,4.384523036602268,0.4853775331929568,,,,,
2739,6.595989227294922,4.354699689265155,0.4838751501441958,,,,,
2740,6.596433162689209,4.387193823783111,0.48237483514020285,,,,,
2741,6.60506796836853,4.368708449516906,0.4808765898002441,,,,,
2742,6.597227096557617,4.3861276726446,0.47938041574135526,,,,,
2743,6.602631568908691,4.38129839484084,0.47788631457833314,,,,,
2744,6.590113878250122,4.370715169369222,0.47639428792373867,,,,,
2745,6.592014789581299,4.369503017029309,0.4749043373878947,,,,,
2746,6.5939412117004395,4.372227224208809,0.4734164645788822,,,,,
2747,6.5848894119262695,4.37445564125645,0.47193067110253945,,,,,
2748,6.597862005233765,4.3522355323884545,0.4704469585624613,,,,,
2749,6.5969648361206055,4.37852057295752,0.46896532855999595,,,,,
2750,6.593801259994507,4.3746190422016396,0.46748578269424523,,,,,
2751,6.595813751220703,4.396087786648031,0.46600832256206065,,,,,
2752,6.590610980987549,4.393000945812318,0.4645329497580416,,,,,
2753,6.5911338329315186,4.380126201174057,0.46305966587453723,,,,,
2754,6.5950376987457275,4.34997808923232,0.4615884725016404,,,,,
2755,6.588866472244263,4.357312208469221,0.46011937122718743,,,,,
2756,6.596271991729736,4.380685728272036,0.45865236363675793,,,,,
2757,6.605498552322388,4.376937210309195,0.45718745131367045,,,,,
2758,6.59169340133667,4.374646214901449,0.4557246358389827,,,,,
2759,6.602130651473999,4.382844986285955,0.4542639187914907,,,,,
2760,6.5791449546813965,4.367304686040213,0.45280530174772343,,,,,
2761,6.594656467437744,4.389227020931004,0.45134878628194436,,,,,
2762,6.595263242721558,4.391897195722999,0.44989437396614934,,,,,
2763,6.591097116470337,4.373636579393238,0.44844206637006323,,,,,
2764,6.589944362640381,4.385586391686391,0.44699186506113964,,,,,
2765,6.580289125442505,4.376668739559472,0.4455437716045605,,,,,
2766,6.5871031284332275,4.372766242897541,0.44409778756322965,,,,,
2767,6.5793938636779785,4.38586356481451,0.4426539144977756,,,,,
2768,6.578667879104614,4.384714951727749,0.44121215396655067,,,,,
2769,6.585667133331299,4.387869976266679,0.4397725075256243,,,,,
2770,6.583789348602295,4.413374069861948,0.4383349767287848,,,,,
2771,6.5896313190460205,4.4001428710000665,0.4368995631275388,,,,,
2772,6.589377403259277,4.397742398152139,0.435466268271106,,,,,
2773,6.592800617218018,4.387651440674162,0.4340350937064194,,,,,
2774,6.58303427696228,4.369292281474056,0.4326060409781255,,,,,
2775,6.5904388427734375,4.386699798028944,0.43117911162857886,,,,,
2776,6.587022304534912,4.415517414789224,0.4297543071978424,,,,,
2777,6.581249237060547,4.400401072305627,0.42833162922368695,,,,,
2778,6.601775646209717,4.396688040612223,0.42691107924158683,,,,,
2779,6.583891868591309,4.379356415357983,0.4254926587847199,,,,,
2780,6.597283124923706,4.377981606404053,0.4240763693839676,,,,,
2781,6.5869691371917725,4.399543886128547,0.42266221256790804,,,,,
2782,6.596442461013794,4.381592006619183,0.4212501898628207,,,,,
2783,6.593642950057983,4.3882554140885,0.41984030279268036,,,,,
2784,6.589611053466797,4.382884932526828,0.41843255287915654,,,,,
2785,6.595254182815552,4.398242830528343,0.41702694164161275,,,,,
2786,6.592011213302612,4.389088780063857,0.41562347059710375,,,,,
2787,6.590182065963745,4.382696632982002,0.41422214126037465,,,,,
2788,6.594092130661011,4.38672791698382,0.41282295514386025,,,,,
2789,6.58892297744751,4.397437406649,0.4114259137576802,,,,,
2790,6.586430072784424,4.4037800057782555,0.4100310186096399,,,,,
2791,6.588597774505615,4.373921056672041,0.40863827120523,,,,,
2792,6.595622777938843,4.373054524446556,0.40724767304762094,,,,,
2793,6.5883495807647705,4.382424621646198,0.40585922563766436,,,,,
2794,6.591967344284058,4.389905406408094,0.40447293047389116,,,,,
2795,6.5916383266448975,4.395697774157191,0.4030887890525096,,,,,
2796,6.581806659698486,4.378036983279845,0.40170680286740046,,,,,
2797,6.589701890945435,4.3863666961933,0.4003269734101228,,,,,
2798,6.5925211906433105,4.376401887008179,0.39894930216990493,,,,,
2799,6.5791895389556885,4.385970285903315,0.3975737906336464,,,,,
2800,6.591228485107422,4.387140669473788,0.3962004402859171,,,,,
2801,6.593954086303711,4.367547291682687,0.39482925260895296,,,,,
2802,6.592039346694946,4.391882869954666,0.3934602290826555,,,,,
2803,6.593327522277832,4.388271023988524,0.3920933711845926,,,,,
2804,6.577599763870239,4.389441900036734,0.3907286803899928,,,,,
2805,6.5923614501953125,4.38054244953409,0.3893661581717464,,,,,
2806,6.588383674621582,4.399186168827862,0.3880058060004033,,,,,
2807,6.586147308349609,4.387931459184651,0.3866476253441708,,,,,
2808,6.597089052200317,4.389683548796568,0.3852916176689127,,,,,
2809,6.588987588882446,4.365103763727905,0.38393778443814863,,,,,
2810,6.589866399765015,4.3818900691450295,0.38258612711304957,,,,,
2811,6.5849339962005615,4.389231706086681,0.3812366471524397,,,,,
2812,6.586220979690552,4.379890229343064,0.3798893460127922,,,,,
2813,6.590934991836548,4.390913390632033,0.3785442251482286,,,,,
2814,6.5899083614349365,4.360752375011589,0.37720128601051833,,,,,
2815,6.592888116836548,4.3760438787526095,0.37586053004907477,,,,,
2816,6.5777387619018555,4.405005366587659,0.37452195871095534,,,,,
2817,6.5924458503723145,4.392789635766545,0.3731855734408612,,,,,
2818,6.578827619552612,4.382590243152654,0.37185137568113236,,,,,
2819,6.588433742523193,4.4128159303641095,0.37051936687174775,,,,,
2820,6.58743953704834,4.386274067467256,0.3691895484503253,,,,,
2821,6.585508584976196,4.38207891490702,0.3678619218521181,,,,,
2822,6.589077711105347,4.401908834207148,0.3665364885100127,,,,,
2823,6.582639932632446,4.404851431601984,0.36521324985453063,,,,,
2824,6.592434406280518,4.3987742741635305,0.36389220731382316,,,,,
2825,6.588369846343994,4.381551589155719,0.3625733623136705,,,,,
2826,6.5892014503479,4.375245504563751,0.36125671627748346,,,,,
2827,6.589906692504883,4.39365710081224,0.3599422706262981,,,,,
2828,6.585559844970703,4.401879986160638,0.35863002677877504,,,,,
2829,6.580448150634766,4.39000378364871,0.35731998615120064,,,,,
2830,6.585759878158569,4.367069380538016,0.35601215015748167,,,,,
2831,6.58313775062561,4.379619013872139,0.3547065202091451,,,,,
2832,6.576051473617554,4.386541135778339,0.3534030977153386,,,,,
2833,6.587384939193726,4.381137422596937,0.35210188408282656,,,,,
2834,6.581977844238281,4.39191534741773,0.3508028807159887,,,,,
2835,6.58188009262085,4.422313141562139,0.34950608901682007,,,,,
2836,6.590062856674194,4.4096724471692985,0.34821151038492865,,,,,
2837,6.581625699996948,4.375786034573618,0.3469191462175328,,,,,
2838,6.577097177505493,4.395472570865269,0.3456289979094633,,,,,
2839,6.576685190200806,4.405485084419796,0.3443410668531568,,,,,
2840,6.583349704742432,4.381230226377162,0.3430553544386579,,,,,
2841,6.586185932159424,4.40707544502438,0.34177186205361715,,,,,
2842,6.591579914093018,4.380183534726463,0.34049059108328883,,,,,
2843,6.570364952087402,4.37577069136553,0.33921154291052896,,,,,
2844,6.588295221328735,4.37483282085223,0.3379347189157948,,,,,
2845,6.577845811843872,4.385936751297485,0.3366601204771433,,,,,
2846,6.569911479949951,4.384072769580517,0.3353877489702302,,,,,
2847,6.570694923400879,4.418142171343201,0.3341176057683068,,,,,
2848,6.576220750808716,4.401360376829656,0.3328496922422185,,,,,
2849,6.589925050735474,4.401063164108636,0.3315840097604065,,,,,
2850,6.580779552459717,4.373017553124135,0.33032055968890256,,,,,
2851,6.580601453781128,4.400530998801062,0.3290593433913287,,,,,
2852,6.5763328075408936,4.404801403603902,0.3278003622288979,,,,,
2853,6.576033115386963,4.389317675535172,0.3265436175604098,,,,,
2854,6.588967561721802,4.408632179385378,0.3252891107422477,,,,,
2855,6.574290752410889,4.36921560974859,0.32403684312838443,,,,,
2856,6.572744369506836,4.40028996523736,0.3227868160703727,,,,,
2857,6.577056407928467,4.400923399889138,0.3215390309173471,,,,,
2858,6.58109450340271,4.406080638189292,0.3202934890160251,,,,,
2859,6.5826356410980225,4.403500247342532,0.3190501917107005,,,,,
2860,6.576252698898315,4.405334928238261,0.3178091403432446,,,,,
2861,6.586392641067505,4.391008746834539,0.31657033625310704,,,,,
2862,6.586660146713257,4.41548418778146,0.31533378077730984,,,,,
2863,6.579801797866821,4.39493915751965,0.3140994752504486,,,,,
2864,6.591901063919067,4.4071682933201,0.3128674210046908,,,,,
2865,6.577846527099609,4.38691932038162,0.311637619369774,,,,,
2866,6.576278209686279,4.4255273302028515,0.31041007167300433,,,,,
2867,6.581548690795898,4.385550374038286,0.30918477923925625,,,,,
2868,6.589752435684204,4.394021658460265,0.3079617433909694,,,,,
2869,6.576318740844727,4.390099100950287,0.3067409654481472,,,,,
2870,6.5714240074157715,4.415156075491235,0.305522446728358,,,,,
2871,6.57699179649353,4.395548700584495,0.3043061885467302,,,,,
2872,6.578981161117554,4.407329293436319,0.3030921922159533,,,,,
2873,6.584108829498291,4.417637681239187,0.3018804590462749,,,,,
2874,6.5781450271606445,4.416003630079072,0.3006709903455001,,,,,
2875,6.577069520950317,4.394568152744496,0.29946378741899116,,,,,
2876,6.581241130828857,4.392231563844031,0.29825885156966386,,,,,
2877,6.5798163414001465,4.407723134861361,0.2970561840979866,,,,,
2878,6.591423988342285,4.395362608968159,0.29585578630198156,,,,,
2879,6.571056842803955,4.3782068506021075,0.2946576594772193,,,,,
2880,6.58246374130249,4.411375858685467,0.2934618049168195,,,,,
2881,6.571213483810425,4.423547282752317,0.2922682239114512,,,,,
2882,6.579193592071533,4.406697393967586,0.2910769177493287,,,,,
2883,6.567892551422119,4.390778489028635,0.28988788771620905,,,,,
2884,6.579333543777466,4.415016416745391,0.28870113509539613,,,,,
2885,6.570979833602905,4.378342218214569,0.2875166611677336,,,,,
2886,6.579060077667236,4.396087183683634,0.28633446721160594,,,,,
2887,6.579261064529419,4.397029288182046,0.2851545545029382,,,,,
2888,6.570799112319946,4.380989418599262,0.2839769243151924,,,,,
2889,6.584089040756226,4.395540632652174,0.28280157791936583,,,,,
2890,6.580073833465576,4.39028845763788,0.28162851658399407,,,,,
2891,6.565396070480347,4.391354734101548,0.2804577415751434,,,,,
2892,6.568554639816284,4.405633936818655,0.27928925415641387,,,,,
2893,6.567575454711914,4.420777989997896,0.2781230555889368,,,,,
2894,6.572463035583496,4.421340178200134,0.27695914713137243,,,,,
2895,6.5675952434539795,4.395056721941576,0.27579753003990914,,,,,
2896,6.572305679321289,4.425804632666534,0.27463820556826385,,,,,
2897,6.571416616439819,4.399946911782152,0.2734811749676778,,,,,
2898,6.568119525909424,4.4089171914516925,0.2723264394869158,,,,,
2899,6.563623666763306,4.424227182758867,0.27117400037226785,,,,,
2900,6.565821647644043,4.403040414301661,0.2700238588675436,,,,,
2901,6.566880941390991,4.41161167992575,0.2688760162140735,,,,,
2902,6.5743560791015625,4.417155569195246,0.2677304736507068,,,,,
2903,6.569101810455322,4.400192635715058,0.2665872324138106,,,,,
2904,6.560484170913696,4.4166245468531065,0.26544629373726714,,,,,
2905,6.576960563659668,4.415681967723259,0.2643076588524755,,,,,
2906,6.5711634159088135,4.420889320044682,0.26317132898834644,,,,,
2907,6.564367055892944,4.4082461215549404,0.26203730537130454,,,,,
2908,6.563335657119751,4.398203579892222,0.2609055892252841,,,,,
2909,6.572028636932373,4.429888160415213,0.2597761817717286,,,,,
2910,6.576059579849243,4.404346339736694,0.25864908422959176,,,,,
2911,6.567341566085815,4.415178192273421,0.2575242978153328,,,,,
2912,6.567331314086914,4.40703247313343,0.2564018237429156,,,,,
2913,6.574293613433838,4.404075051877958,0.2552816632238108,,,,,
2914,6.568096160888672,4.412929361662612,0.2541638174669905,,,,,
2915,6.568390369415283,4.420033284853846,0.2530482876789283,,,,,
2916,6.57680606842041,4.411621932927253,0.2519350750635995,,,,,
2917,6.5707104206085205,4.4021377804100865,0.25082418082247776,,,,,
2918,6.566514730453491,4.38974372512458,0.24971560615453353,,,,,
2919,6.578548431396484,4.4087350043656945,0.24860935225623615,,,,,
2920,6.569512605667114,4.409995709676719,0.24750542032154818,,,,,
2921,6.570902347564697,4.41638240140461,0.24640381154192664,,,,,
2922,6.570344686508179,4.419715860694071,0.24530452710632156,,,,,
2923,6.576622486114502,4.3978026913834585,0.24420756820117429,,,,,
2924,6.563516855239868,4.425393479325573,0.24311293601041511,,,,,
2925,6.569949150085449,4.410595445496581,0.2420206317154654,,,,,
2926,6.563124179840088,4.395009547346675,0.2409306564952322,,,,,
2927,6.566106557846069,4.4091320230341235,0.23984301152610923,,,,,
2928,6.558771133422852,4.42376561561886,0.2387576979819756,,,,,
2929,6.576358795166016,4.428948186444474,0.2376747170341943,,,,,
2930,6.565591096878052,4.403078928627418,0.23659406985160958,,,,,
2931,6.569948196411133,4.424128060786036,0.23551575760054844,,,,,
2932,6.559761047363281,4.429460182823585,0.23443978144481648,,,,,
2933,6.564207553863525,4.412686659569896,0.23336614254569862,,,,,
2934,6.563961744308472,4.403199694756203,0.23229484206195783,,,,,
2935,6.562189817428589,4.410358719508922,0.23122588114983245,,,,,
2936,6.568087577819824,4.425870301645277,0.230159260963035,,,,,
2937,6.568049907684326,4.406858635309667,0.229094982652754,,,,,
2938,6.580424785614014,4.414966057287334,0.22803304736764796,,,,,
2939,6.574647426605225,4.4170766354008215,0.22697345625384857,,,,,
2940,6.571386098861694,4.411447986220993,0.22591621045495652,,,,,
2941,6.567338466644287,4.419239155277673,0.22486131111204014,,,,,
2942,6.566000461578369,4.41223802137415,0.22380875936363775,,,,,
2943,6.567831039428711,4.397231132468824,0.2227585563457521,,,,,
2944,6.564937114715576,4.407253079097545,0.22171070319185118,,,,,
2945,6.559500694274902,4.4145507277110925,0.22066520103286819,,,,,
2946,6.569676160812378,4.417428085441044,0.21962205099719706,,,,,
2947,6.560345649719238,4.4055942839389095,0.21858125421069374,,,,,
2948,6.575330018997192,4.413441883204262,0.21754281179667564,,,,,
2949,6.55869722366333,4.434299879659616,0.21650672487591718,,,,,
2950,6.569573879241943,4.416641118648776,0.2154729945666519,,,,,
2951,6.575362205505371,4.428817748622397,0.21444162198456915,,,,,
2952,6.576287031173706,4.4049258396543305,0.21341260824281374,,,,,
2953,6.565803527832031,4.4391811096537905,0.21238595445198447,,,,,
2954,6.57474422454834,4.409707698429002,0.21136166172013418,,,,,
2955,6.5692737102508545,4.391676614422875,0.21033973115276633,,,,,
2956,6.562857151031494,4.410208158878041,0.2093201638528346,,,,,
2957,6.575643539428711,4.427742432304748,0.20830296092074363,,,,,
2958,6.565516948699951,4.41479073721787,0.20728812345434475,,,,,
2959,6.574801921844482,4.4152167519167556,0.2062756525489368,,,,,
2960,6.564425706863403,4.4100029027391825,0.20526554929726454,,,,,
2961,6.563159465789795,4.416100328564142,0.20425781478951704,,,,,
2962,6.566448926925659,4.421391470077361,0.20325245011332696,,,,,
2963,6.564907073974609,4.445949955684383,0.20224945635376973,,,,,
2964,6.575704097747803,4.419722128957134,0.20124883459336135,,,,,
2965,6.563916444778442,4.40748430982771,0.20025058591205713,,,,,
2966,6.567758798599243,4.414331633068113,0.19925471138725284,,,,,
2967,6.5657148361206055,4.410014734837666,0.1982612120937807,,,,,
2968,6.559914588928223,4.412186362745383,0.19727008910390884,,,,,
2969,6.571126937866211,4.4272519379127315,0.19628134348734266,,,,,
2970,6.562419652938843,4.4164266359715825,0.19529497631121898,,,,,
2971,6.574126243591309,4.417599085502207,0.19431098864011043,,,,,
2972,6.555745363235474,4.416325625499023,0.19332938153601953,,,,,
2973,6.566422939300537,4.445232312552963,0.19235015605837935,,,,,
2974,6.564918041229248,4.412100779498897,0.19137331326405463,,,,,
2975,6.566648960113525,4.4219326756399555,0.1903988542073364,,,,,
2976,6.556975364685059,4.4195145034709835,0.1894267799399434,,,,,
2977,6.561735391616821,4.407588398887692,0.18845709151102144,,,,,
2978,6.563900947570801,4.420950276596994,0.18748978996714055,,,,,
2979,6.560067653656006,4.4044126575989715,0.18652487635229445,,,,,
2980,6.558785438537598,4.402027729080944,0.18556235170789995,,,,,
2981,6.563361644744873,4.4283134794917,0.18460221707279567,,,,,
2982,6.560378551483154,4.428492798536539,0.18364447348323987,,,,,
2983,6.557852506637573,4.416084042309311,0.18268912197291182,,,,,
2984,6.570725679397583,4.428412236718193,0.18173616357290756,,,,,
2985,6.568118095397949,4.406297845736184,0.18078559931174035,,,,,
2986,6.558398008346558,4.409063764336332,0.17983743021534043,,,,,
2987,6.560274839401245,4.422699086900716,0.17889165730705273,,,,,
2988,6.571185827255249,4.409224902811523,0.17794828160763512,,,,,
2989,6.561120271682739,4.412961290903308,0.17700730413525925,,,,,
2990,6.575274467468262,4.408325520556348,0.17606872590550768,,,,,
2991,6.563337802886963,4.39816022320291,0.1751325479313736,,,,,
2992,6.56541109085083,4.42042687181869,0.17419877122326044,,,,,
2993,6.5587427616119385,4.429076066831263,0.17326739678897915,,,,,
2994,6.566797256469727,4.412694168050717,0.17233842563374777,,,,,
2995,6.572981119155884,4.4013119788607,0.17141185876019147,,,,,
2996,6.561680316925049,4.412690931854376,0.17048769716833964,,,,,
2997,6.55966591835022,4.401337398411949,0.1695659418556259,,,,,
2998,6.5752058029174805,4.409549195591996,0.16864659381688776,,,,,
2999,6.558969020843506,4.416344886471786,0.1677296540443625,,,,,
3000,6.568586826324463,4.414188118518351,0.16681512352769046,,,,,
3001,6.5548200607299805,4.411349103669342,0.16590300325391008,,,,,
3002,6.549638509750366,4.441474385377838,0.16499329420745895,,,,,
3003,6.558575868606567,4.429312220133083,0.1640859973701728,,,,,
3004,6.563150644302368,4.421902011882567,0.16318111372128374,,,,,
3005,6.569015979766846,4.396473046407868,0.16227864423741803,,,,,
3006,6.570673942565918,4.41463207115738,0.1613785898925987,,,,,
3007,6.564145088195801,4.428356301192981,0.1604809516582404,,,,,
3008,6.5519492626190186,4.436540999464672,0.15958573050315028,,,,,
3009,6.566765785217285,4.41699772747351,0.1586929273935275,,,,,
3010,6.568264484405518,4.417163914848116,0.1578025432929607,,,,,
3011,6.565760374069214,4.430290742518022,0.15691457916242788,,,,,
3012,6.557663679122925,4.406790122552716,0.156029035960296,,,,,
3013,6.551335096359253,4.419055899819774,0.15514591464231842,,,,,
3014,6.56702733039856,4.410301190850312,0.15426521616163402,,,,,
3015,6.557711124420166,4.411401809815903,0.15338694146876833,,,,,
3016,6.5643837451934814,4.41874827328001,0.1525110915116298,,,,,
3017,6.5565290451049805,4.393137292565169,0.15163766723550998,,,,,
3018,6.565459489822388,4.4111774858052835,0.15076666958308252,,,,,
3019,6.566985607147217,4.429130063526163,0.14989809949440216,,,,,
3020,6.563747882843018,4.4037678610687,0.1490319579069033,,,,,
3021,6.558586835861206,4.419563045012439,0.14816824575540027,,,,,
3022,6.568096160888672,4.41597686142757,0.14730696397208395,,,,,
3023,6.559622764587402,4.403386100788293,0.14644811348652276,,,,,
3024,6.569032907485962,4.4228245999454145,0.14559169522566187,,,,,
3025,6.5523669719696045,4.426367737045801,0.14473771011382003,,,,,
3026,6.56503701210022,4.418148570345469,0.1438861590726904,,,,,
3027,6.555257320404053,4.3923158669692315,0.14303704302134015,,,,,
3028,6.559751749038696,4.422698344574744,0.14219036287620668,,,,,
3029,6.559202671051025,4.408867724308755,0.14134611955109894,,,,,
3030,6.5672221183776855,4.413594755232084,0.14050431395719665,,,,,
3031,6.555539131164551,4.411520602424371,0.13966494700304768,,,,,
3032,6.559000253677368,4.418549511791579,0.13882801959456845,,,,,
3033,6.554501295089722,4.423300183049965,0.13799353263504174,,,,,
3034,6.561208248138428,4.423201832879582,0.137161487025117,,,,,
3035,6.561178207397461,4.423828919461236,0.13633188366280863,,,,,
3036,6.557682037353516,4.427087757545324,0.13550472344349512,,,,,
3037,6.547557592391968,4.433984854123089,0.13468000725991783,,,,,
3038,6.565064430236816,4.427216442619882,0.13385773600218095,,,,,
3039,6.569798469543457,4.437990797578637,0.13303791055774877,,,,,
3040,6.559393405914307,4.419867298601052,0.1322205318114471,,,,,
3041,6.560112476348877,4.423719522429676,0.1314056006454604,,,,,
3042,6.5616960525512695,4.430598711345856,0.13059311793933198,,,,,
3043,6.564053773880005,4.4222895162661,0.12978308456996154,,,,,
3044,6.56584906578064,4.4272251915189775,0.12897550141160652,,,,,
3045,6.564798355102539,4.427648089732113,0.12817036933587928,,,,,
3046,6.5651397705078125,4.411474663836301,0.1273676892117466,,,,,
3047,6.552286863327026,4.451893260440874,0.12656746190552884,,,,,
3048,6.555766582489014,4.435810850486723,0.12576968828089966,,,,,
3049,6.557212829589844,4.441669864550271,0.12497436919888391,,,,,
3050,6.560076951980591,4.421704845933778,0.12418150551785762,,,,,
3051,6.559343338012695,4.424681648273644,0.12339109809354695,,,,,
3052,6.555968999862671,4.427996603353772,0.12260314777902605,,,,,
3053,6.5564351081848145,4.42770590252792,0.12181765542471865,,,,,
3054,6.573869228363037,4.416377091227307,0.12103462187839459,,,,,
3055,6.553008556365967,4.425242808408552,0.1202540479851696,,,,,
3056,6.560509920120239,4.418841267153433,0.11947593458750658,,,,,
3057,6.56222128868103,4.42700424126159,0.11870028252521081,,,,,
3058,6.556633234024048,4.431005041172166,0.1179270926354313,,,,,
3059,6.554553270339966,4.415956739019806,0.11715636575266161,,,,,
3060,6.555807828903198,4.426896710271491,0.11638810270873527,,,,,
3061,6.5487120151519775,4.441380688480413,0.11562230433282633,,,,,
3062,6.551616430282593,4.43114686714089,0.1148589714514502,,,,,
3063,6.565627098083496,4.436319037181575,0.1140981048884604,,,,,
3064,6.548545598983765,4.41387550483941,0.1133397054650488,,,,,
3065,6.552295446395874,4.433617920109562,0.1125837739997447,,,,,
3066,6.560897350311279,4.423603770510302,0.11183031130841332,,,,,
3067,6.556980609893799,4.4452588335619545,0.11107931820425562,,,,,
3068,6.5565185546875,4.430268487978423,0.11033079549780726,,,,,
3069,6.557775497436523,4.445448148942375,0.1095847439969372,,,,,
3070,6.555127382278442,4.432381630745929,0.10884116450684801,,,,,
3071,6.556188583374023,4.429948398503464,0.10810005783007401,,,,,
3072,6.563686847686768,4.412391565746375,0.10736142476648015,,,,,
3073,6.557057857513428,4.425019111224239,0.1066252661132621,,,,,
3074,6.560573577880859,4.420923378409409,0.1058915826649451,,,,,
3075,6.565121173858643,4.429635753142322,0.10516037521338237,,,,,
3076,6.5591065883636475,4.426553597462288,0.10443164454775519,,,,,
3077,6.561342239379883,4.418660610237475,0.10370539145457176,,,,,
3078,6.55846095085144,4.41804472351395,0.10298161671766559,,,,,
3079,6.553993225097656,4.4315332698661605,0.10226032111819662,,,,,
3080,6.561303377151489,4.433471633968883,0.10154150543464828,,,,,
3081,6.555103302001953,4.415731505048285,0.10082517044282664,,,,,
3082,6.554103374481201,4.43161137872027,0.10011131691586232,,,,,
3083,6.550069093704224,4.4365300717125224,0.09939994562420651,,,,,
3084,6.551806449890137,4.434461064856026,0.0986910573356309,,,,,
3085,6.562131881713867,4.432735277284986,0.09798465281522936,,,,,
3086,6.552452564239502,4.419994689718428,0.09728073282541229,,,,,
3087,6.5627617835998535,4.402193168715533,0.09657929812591011,,,,,
3088,6.5577473640441895,4.4418075415544696,0.09588034947377135,,,,,
3089,6.5531346797943115,4.42207490886531,0.09518388762336061,,,,,
3090,6.547048568725586,4.450884727393007,0.09448991332635845,,,,,
3091,6.548963308334351,4.432024454047842,0.09379842733176122,,,,,
3092,6.550201654434204,4.431344922998555,0.09310943038587913,,,,,
3093,6.557328224182129,4.4229484207997105,0.09242292323233627,,,,,
3094,6.5616607666015625,4.413916413978532,0.09173890661206982,,,,,
3095,6.561215877532959,4.4479050489911724,0.09105738126332845,,,,,
3096,6.547121047973633,4.418907143069076,0.09037834792167203,,,,,
3097,6.553512096405029,4.409371397894305,0.08970180731997113,,,,,
3098,6.560316562652588,4.4179547673218185,0.08902776018840593,,,,,
3099,6.5495851039886475,4.440072820004142,0.08835620725446543,,,,,
3100,6.557832717895508,4.427776198110428,0.08768714924294638,,,,,
3101,6.549210548400879,4.410251977365492,0.0870205868759533,,,,,
3102,6.555527687072754,4.4174178308353795,0.08635652087289687,,,,,
3103,6.5639848709106445,4.445789021539327,0.0856949519504936,,,,,
3104,6.555975914001465,4.4413546501236665,0.08503588082276492,,,,,
3105,6.561329364776611,4.442537898070879,0.08437930820103619,,,,,
3106,6.556850910186768,4.4390484645047845,0.08372523479393656,,,,,
3107,6.548001289367676,4.43184393709502,0.08307366130739736,,,,,
3108,6.54936957359314,4.453315161174841,0.08242458844465235,,,,,
3109,6.551659107208252,4.41794289150992,0.08177801690623632,,,,,
3110,6.559861183166504,4.434063398507185,0.08113394738998334,,,,,
3111,6.561089992523193,4.440094059309707,0.0804923805910291,,,,,
3112,6.556723117828369,4.438051105046894,0.07985331720180637,,,,,
3113,6.550553560256958,4.444626994048777,0.07921675791204663,,,,,
3114,6.558107376098633,4.441760242436492,0.07858270340877924,,,,,
3115,6.556292533874512,4.443773744685796,0.07795115437632934,,,,,
3116,6.553666591644287,4.446224112386359,0.0773221114963178,,,,,
3117,6.5488362312316895,4.44273511414973,0.0766955754476621,,,,,
3118,6.561601161956787,4.427728073450575,0.07607154690657278,,,,,
3119,6.555596828460693,4.430751650949002,0.07545002654655404,,,,,
3120,6.552391052246094,4.4486461421639305,0.07483101503840447,,,,,
3121,6.569781064987183,4.436834992231493,0.07421451305021316,,,,,
3122,6.548195838928223,4.433606713433743,0.07360052124736116,,,,,
3123,6.554946422576904,4.440325467700814,0.0729890402925216,,,,,
3124,6.550353288650513,4.443613332093915,0.0723800708456559,,,,,
3125,6.555491924285889,4.436745301327654,0.0717736135640159,,,,,
3126,6.557504177093506,4.4400435805421,0.07116966910214177,,,,,
3127,6.548222064971924,4.444902712402472,0.0705682381118617,,,,,
3128,6.553532361984253,4.418380179457348,0.06996932124229138,,,,,
3129,6.550581216812134,4.418078454228587,0.06937291913983241,,,,,
3130,6.553539514541626,4.4431979363459915,0.06877903244817256,,,,,
3131,6.563940525054932,4.429344746924128,0.06818766180828524,,,,,
3132,6.572300434112549,4.432512624209623,0.06759880785842762,,,,,
3133,6.559773921966553,4.443739515076774,0.0670124712341412,,,,,
3134,6.556629180908203,4.436129159341849,0.0664286525682499,,,,,
3135,6.560079336166382,4.437537138756832,0.06584735249086061,,,,,
3136,6.557961702346802,4.414894893251616,0.06526857162936163,,,,,
3137,6.548432350158691,4.434196194848461,0.06469231060842286,,,,,
3138,6.555690050125122,4.445982709263832,0.064118570049994,,,,,
3139,6.548261642456055,4.454054154098485,0.06354735057330396,,,,,
3140,6.556945323944092,4.4455661238292565,0.06297865279486227,,,,,
3141,6.5662970542907715,4.443657196500504,0.06241247732845556,,,,,
3142,6.558753728866577,4.438240396364884,0.061848824785148346,,,,,
3143,6.5506205558776855,4.427296945886315,0.06128769577328281,,,,,
3144,6.55398416519165,4.427142600836726,0.06072909089847664,,,,,
3145,6.5497965812683105,4.432910236819037,0.06017301076362331,,,,,
3146,6.549054145812988,4.432117315778419,0.05961945596889259,,,,,
3147,6.563350200653076,4.4246795311808285,0.05906842711172766,,,,,
3148,6.551241874694824,4.438497331585575,0.05851992478684504,,,,,
3149,6.548424959182739,4.429906023962343,0.057973949586236,,,,,
3150,6.554932355880737,4.447601606105936,0.057430502099162783,,,,,
3151,6.549243211746216,4.43899361980974,0.056889582912159925,,,,,
3152,6.550476789474487,4.429244549561188,0.05635119260903378,,,,,
3153,6.552645683288574,4.435570154198084,0.05581533177086113,,,,,
3154,6.559325218200684,4.432693651687006,0.05528200097598788,,,,,
3155,6.562060594558716,4.426415446027174,0.05475120080003064,,,,,
3156,6.5487425327301025,4.434319490139178,0.054222931815873295,,,,,
3157,6.549244165420532,4.415125200586022,0.053697194593669104,,,,,
3158,6.536395072937012,4.430479816071019,0.05317398970083831,,,,,
3159,6.547741651535034,4.444663721538572,0.05265331770206814,,,,,
3160,6.551321983337402,4.436964316364093,0.052135179159312005,,,,,
3161,6.551814794540405,4.453330826217933,0.05161957463178899,,,,,
3162,6.56145453453064,4.438238286490797,0.05110650467598327,,,,,
3163,6.55054235458374,4.44508609478969,0.050595969845643914,,,,,
3164,6.552794933319092,4.4524202797972325,0.050087970691782946,,,,,
3165,6.556769132614136,4.432746996891609,0.049582507762676455,,,,,
3166,6.546491384506226,4.440965681741777,0.049079581603862985,,,,,
3167,6.55108380317688,4.424826593735922,0.04857919275814355,,,,,
3168,6.546553134918213,4.4181308265089285,0.048081341765579474,,,,,
3169,6.553468227386475,4.420852198733113,0.04758602916349481,,,,,
3170,6.557640075683594,4.432575895367198,0.04709325548647234,,,,,
3171,6.55655574798584,4.423973290633514,0.046603021266355425,,,,,
3172,6.546433925628662,4.421738180420396,0.04611532703224697,,,,,
3173,6.552147150039673,4.422484286599444,0.04563017331050751,,,,,
3174,6.559751749038696,4.436853333217342,0.04514756062475609,,,,,
3175,6.552244424819946,4.423599398767777,0.04466748949586963,,,,,
3176,6.553238391876221,4.442915061625039,0.04418996044198193,,,,,
3177,6.554510593414307,4.456137225645946,0.04371497397848207,,,,,
3178,6.55080246925354,4.44023374813359,0.04324253061801677,,,,,
3179,6.547479152679443,4.451570481588301,0.04277263087048642,,,,,
3180,6.552688837051392,4.448275454611815,0.042305275243046926,,,,,
3181,6.54931902885437,4.447719088916121,0.04184046424010814,,,,,
3182,6.550699949264526,4.447493728015281,0.04137819836333385,,,,,
3183,6.550482273101807,4.452135282970457,0.040918478111640684,,,,,
3184,6.55317497253418,4.42574617680228,0.04046130398119736,,,,,
3185,6.550804138183594,4.421503048368218,0.04000667646542544,,,,,
3186,6.5523765087127686,4.435303790715685,0.03955459605499749,,,,,
3187,6.541275978088379,4.4309135195184295,0.03910506323783682,,,,,
3188,6.548326730728149,4.440914338330845,0.03865807849911773,,,,,
3189,6.552006483078003,4.434277952168547,0.03821364232126445,,,,,
3190,6.555229425430298,4.45358109393974,0.03777175518394982,,,,,
3191,6.546810150146484,4.449912461039396,0.0373324175640958,,,,,
3192,6.548381805419922,4.4383438688250925,0.036895629935873496,,,,,
3193,6.550599098205566,4.432371530139817,0.03646139277070075,,,,,
3194,6.547112703323364,4.429724899433158,0.036029706537243196,,,,,
3195,6.549826383590698,4.449355395327505,0.03560057170141375,,,,,
3196,6.551511764526367,4.447059394533239,0.03517398872637099,,,,,
3197,6.54850959777832,4.448779302248942,0.03474995807251915,,,,,
3198,6.554027318954468,4.452236243713995,0.03432848019750869,,,,,
3199,6.5556440353393555,4.436943358789481,0.03390955555623387,,,,,
3200,6.553529262542725,4.433944023186866,0.03349318460083408,,,,,
3201,6.5566301345825195,4.4371505828340885,0.033079367780692245,,,,,
3202,6.547457218170166,4.454914257444185,0.03266810554243458,,,,,
3203,6.557037353515625,4.4506521804479116,0.03225939832993001,,,,,
3204,6.551838397979736,4.450770249579311,0.03185324658429049,,,,,
3205,6.546595335006714,4.421633854947038,0.031449650743869385,,,,,
3206,6.548815727233887,4.450576235608357,0.03104861124426117,,,,,
3207,6.548807144165039,4.430816061462647,0.03065012851830229,,,,,
3208,6.56216287612915,4.446791375956684,0.030254202996068978,,,,,
3209,6.548594951629639,4.439106412050201,0.029860835104877557,,,,,
3210,6.547521591186523,4.430586074960643,0.029470025269284682,,,,,
3211,6.5539631843566895,4.4335352460108854,0.029081773911084685,,,,,
3212,6.5539305210113525,4.441969867911632,0.02869608144931224,,,,,
3213,6.549015283584595,4.4658059087292905,0.028312948300238894,,,,,
3214,6.556766986846924,4.426681000610878,0.02793237487737441,,,,,
3215,6.557453870773315,4.429094508678799,0.027554361591466226,,,,,
3216,6.553073883056641,4.446744262720979,0.027178908850498385,,,,,
3217,6.557485342025757,4.434927783361295,0.026806017059691545,,,,,
3218,6.537814617156982,4.432217421503604,0.02643568662150191,,,,,
3219,6.547314643859863,4.440165787809931,0.026067917935621753,,,,,
3220,6.548723936080933,4.4320156909118085,0.025702711398978107,,,,,
3221,6.54427170753479,4.444405125609158,0.025340067405733267,,,,,
3222,6.552856206893921,4.430171480892685,0.024979986347282955,,,,,
3223,6.552093982696533,4.441561214857687,0.02462246861225763,,,,,
3224,6.5574798583984375,4.449135436843282,0.02426751458652063,,,,,
3225,6.554323434829712,4.424577244998428,0.023915124653168716,,,,,
3226,6.548828840255737,4.461944359505848,0.02356529919253045,,,,,
3227,6.552353858947754,4.440784783599956,0.023218038582168088,,,,,
3228,6.5558741092681885,4.430646817357325,0.022873343196874084,,,,,
3229,6.561141014099121,4.438177725364422,0.022531213408673256,,,,,
3230,6.549560070037842,4.445717738996142,0.022191649586821426,,,,,
3231,6.558311939239502,4.448101168825809,0.02185465209780437,,,,,
3232,6.543675422668457,4.44402534927612,0.021520221305338084,,,,,
3233,6.538751602172852,4.441067466222508,0.021188357570369565,,,,,
3234,6.552656650543213,4.434109621432973,0.02085906125107364,,,,,
3235,6.546258449554443,4.438860960624316,0.020532332702855084,,,,,
3236,6.554523229598999,4.446028357097539,0.02020817227834728,,,,,
3237,6.554267406463623,4.4306997960109085,0.01988658032741144,,,,,
3238,6.547233819961548,4.427436124586678,0.01956755719713712,,,,,
3239,6.55543327331543,4.437528933267617,0.01925110323184116,,,,,
3240,6.557074546813965,4.427482998000162,0.01893721877306742,,,,,
3241,6.5493011474609375,4.447615800132462,0.018625904159587047,,,,,
3242,6.547149658203125,4.441628918715943,0.018317159727396868,,,,,
3243,6.54767370223999,4.444837814424096,0.018010985809720204,,,,,
3244,6.552687644958496,4.43781491665403,0.01770738273700605,,,,,
3245,6.552000999450684,4.4406003248200285,0.017406350836928562,,,,,
3246,6.557000637054443,4.4290975329252324,0.01710789043438705,,,,,
3247,6.550700902938843,4.45425625104078,0.01681200185150491,,,,,
3248,6.542771339416504,4.457477844693863,0.01651868540763095,,,,,
3249,6.542856454849243,4.447447141546276,0.016227941419336745,,,,,
3250,6.544642448425293,4.43585522361319,0.015939770200418212,,,,,
3251,6.541077136993408,4.445304705978343,0.015654172061893765,,,,,
3252,6.545019865036011,4.4578252767092845,0.015371147312005638,,,,,
3253,6.5460381507873535,4.448159207206899,0.015090696256217749,,,,,
3254,6.550940990447998,4.424696001513251,0.014812819197217308,,,,,
3255,6.554900169372559,4.461605523392571,0.014537516434912145,,,,,
3256,6.5474488735198975,4.443079190258222,0.014264788266432848,,,,,
3257,6.557537317276001,4.434534686467947,0.013994634986130893,,,,,
3258,6.555441379547119,4.4425083899116995,0.013727056885578381,,,,,
3259,6.546365022659302,4.433111402745804,0.013462054253568567,,,,,
3260,6.547652721405029,4.44469711898855,0.013199627376114798,,,,,
3261,6.536440372467041,4.435947096979447,0.012939776536449977,,,,,
3262,6.551327705383301,4.4467775815670185,0.012682502015027896,,,,,
3263,6.554033041000366,4.44115554133416,0.012427804089520844,,,,,
3264,6.543260097503662,4.448914114620828,0.012175683034820127,,,,,
3265,6.546158313751221,4.452789875917619,0.011926139123036616,,,,,
3266,6.549807548522949,4.43847068745715,0.011679172623499134,,,,,
3267,6.54991888999939,4.4413584275241655,0.011434783802755,,,,,
3268,6.548985719680786,4.435965226817472,0.011192972924569488,,,,,
3269,6.531647443771362,4.448059328069599,0.010953740249925303,,,,,
3270,6.543549299240112,4.44643063862049,0.010717086037022571,,,,,
3271,6.544349193572998,4.450834710423539,0.010483010541278847,,,,,
3272,6.554115533828735,4.441857336347498,0.010251514015328311,,,,,
3273,6.542417049407959,4.440348953434757,0.010022596709021236,,,,,
3274,6.541471004486084,4.444207220943762,0.009796258869425322,,,,,
3275,6.549514293670654,4.441148851377007,0.00957250074082303,,,,,
3276,6.54624080657959,4.455334253126678,0.009351322564713448,,,,,
3277,6.552951335906982,4.425735076201674,0.00913272457981069,,,,,
3278,6.554075241088867,4.440553916814048,0.008916707022044433,,,,,
3279,6.553174734115601,4.453613691714955,0.008703270124559114,,,,,
3280,6.547175168991089,4.433646922556666,0.008492414117714198,,,,,
3281,6.556701183319092,4.450738507424011,0.008284139229082842,,,,,
3282,6.542669296264648,4.442074825224303,0.008078445683453506,,,,,
3283,6.547067880630493,4.433884794718082,0.007875333702827803,,,,,
3284,6.544432640075684,4.452629653619456,0.0076748035064218454,,,,,
3285,6.555657625198364,4.45105035491507,0.007476855310664643,,,,,
3286,6.552098751068115,4.430642465065265,0.007281489329198631,,,,,
3287,6.5474488735198975,4.436766526797321,0.0070887057728794105,,,,,
3288,6.545286178588867,4.434041662512956,0.006898504849775477,,,,,
3289,6.551088333129883,4.4355820502625285,0.00671088676516769,,,,,
3290,6.552781820297241,4.439442408395676,0.0065258517215495354,,,,,
3291,6.5511908531188965,4.452234284430617,0.006343399918626602,,,,,
3292,6.540201187133789,4.435747936255196,0.006163531553316303,,,,,
3293,6.555129289627075,4.436024393927059,0.00598624681974762,,,,,
3294,6.547441482543945,4.4364095947339415,0.0058115459092618945,,,,,
3295,6.556983470916748,4.439457865298746,0.0056394290104107014,,,,,
3296,6.550105094909668,4.440784559017274,0.005469896308957445,,,,,
3297,6.543478965759277,4.4358467498278795,0.005302947987876027,,,,,
3298,6.551896810531616,4.449258300814938,0.00513858422735165,,,,,
3299,6.554283142089844,4.445913757568051,0.004976805204779211,,,,,
3300,6.549039840698242,4.443551913141904,0.00481761109476464,,,,,
3301,6.553128004074097,4.444908323761192,0.004661002069123565,,,,,
3302,6.553240060806274,4.442624135614945,0.004506978296881847,,,,,
3303,6.547328948974609,4.447788861742333,0.004355539944275044,,,,,
3304,6.540957450866699,4.446040697715381,0.004206687174748413,,,,,
3305,6.538918495178223,4.452759696817679,0.004060420148956378,,,,,
3306,6.542672395706177,4.446220082530863,0.003916739024762528,,,,,
3307,6.5576512813568115,4.434124308939838,0.0037756439572401487,,,,,
3308,6.547081470489502,4.422326342612379,0.0036371350986708958,,,,,
3309,6.554486989974976,4.431822380766937,0.0035012125985453223,,,,,
3310,6.5476555824279785,4.431530315200254,0.0033678766035623474,,,,,
