class_name,label,split,tf,condition,x,y,representation,method
Rtg1 @ 0.1% glucose,4,train,Rtg1,0.1% glucose,2.387800156396719,2.0452812902331665,Raw traces,PCA
Nrg1 @ 0.1% glucose,1,train,Nrg1,0.1% glucose,-26.93751912971475,0.5719157231884954,Raw traces,PCA
Nrg1 @ 0.01% glucose,0,train,Nrg1,0.01% glucose,-9.942668009807493,1.4838510381049825,Raw traces,PCA
Nrg1 @ 0.01% glucose,0,train,Nrg1,0.01% glucose,-19.629462641310038,-1.580103182333629,Raw traces,PCA
Nrg1 @ 0.1% glucose,1,train,Nrg1,0.1% glucose,-23.955484348484717,2.757427866901043,Raw traces,PCA
Rtg1 @ 2% glucose (mock/steady),5,train,Rtg1,2% glucose (mock/steady),17.733068234390725,-0.7117559754405156,Raw traces,PCA
Nrg1 @ 0.01% glucose,0,train,Nrg1,0.01% glucose,-11.048511798824718,4.092025265200611,Raw traces,PCA
Rtg1 @ 0.01% glucose,3,train,Rtg1,0.01% glucose,28.09027137183388,-1.1747685722703605,Raw traces,PCA
Nrg1 @ 2% glucose (mock/steady),2,train,Nrg1,2% glucose (mock/steady),-24.175212294468405,-1.793517936393105,Raw traces,PCA
Nrg1 @ 2% glucose (mock/steady),2,train,Nrg1,2% glucose (mock/steady),-19.991102874606298,-1.0411014795797913,Raw traces,PCA
Rtg1 @ 0.1% glucose,4,train,Rtg1,0.1% glucose,5.205233913871422,-3.7370799023721584,Raw traces,PCA
Rtg1 @ 0.1% glucose,4,train,Rtg1,0.1% glucose,11.091197127658132,-3.3942130707336498,Raw traces,PCA
Rtg1 @ 0.1% glucose,4,train,Rtg1,0.1% glucose,3.338241190256788,-2.50027786531256,Raw traces,PCA
Nrg1 @ 0.1% glucose,1,train,Nrg1,0.1% glucose,-28.049465952045058,-1.2890693438405392,Raw traces,PCA
Rtg1 @ 2% glucose (mock/steady),5,train,Rtg1,2% glucose (mock/steady),30.70236014231236,-4.268481228971107,Raw traces,PCA
Rtg1 @ 0.01% glucose,3,train,Rtg1,0.01% glucose,48.51817755116488,2.675014142764992,Raw traces,PCA
Nrg1 @ 0.01% glucose,0,train,Nrg1,0.01% glucose,-11.540256433095355,2.016919454906646,Raw traces,PCA
Nrg1 @ 2% glucose (mock/steady),2,train,Nrg1,2% glucose (mock/steady),-25.4409786349792,-1.891070533941432,Raw traces,PCA
Nrg1 @ 0.1% glucose,1,train,Nrg1,0.1% glucose,-21.97708696594252,0.5503595998465967,Raw traces,PCA
Nrg1 @ 0.1% glucose,1,train,Nrg1,0.1% glucose,-27.28495759347839,0.36708527714379463,Raw traces,PCA
Rtg1 @ 2% glucose (mock/steady),5,train,Rtg1,2% glucose (mock/steady),9.073856203971669,-0.8587954232977137,Raw traces,PCA
Rtg1 @ 0.01% glucose,3,train,Rtg1,0.01% glucose,14.943653204208251,-7.850963326121358,Raw traces,PCA
Rtg1 @ 0.01% glucose,3,train,Rtg1,0.01% glucose,40.41757173030301,0.18643143671606704,Raw traces,PCA
Rtg1 @ 0.01% glucose,3,train,Rtg1,0.01% glucose,25.38708520829782,0.926826937923967,Raw traces,PCA
Nrg1 @ 2% glucose (mock/steady),2,train,Nrg1,2% glucose (mock/steady),-24.325618577104095,-0.39682955909795065,Raw traces,PCA
Rtg1 @ 0.1% glucose,4,train,Rtg1,0.1% glucose,15.605341051167578,-13.376777953114177,Raw traces,PCA
Nrg1 @ 0.1% glucose,1,train,Nrg1,0.1% glucose,-30.892259803218195,-2.6684489560428717,Raw traces,PCA
Rtg1 @ 0.1% glucose,4,train,Rtg1,0.1% glucose,8.57477091254851,1.7102857873932453,Raw traces,PCA
Nrg1 @ 2% glucose (mock/steady),2,train,Nrg1,2% glucose (mock/steady),-19.547623819945535,-0.5224571364727293,Raw traces,PCA
Rtg1 @ 2% glucose (mock/steady),5,train,Rtg1,2% glucose (mock/steady),19.903709197899985,-1.1069652155306238,Raw traces,PCA
Nrg1 @ 0.1% glucose,1,train,Nrg1,0.1% glucose,-22.365792713469776,-1.2391655457665869,Raw traces,PCA
Nrg1 @ 0.1% glucose,1,train,Nrg1,0.1% glucose,-24.28702849580989,-2.437619193935463,Raw traces,PCA
Nrg1 @ 2% glucose (mock/steady),2,train,Nrg1,2% glucose (mock/steady),-18.908330570011817,-2.2866739081485847,Raw traces,PCA
Nrg1 @ 0.1% glucose,1,train,Nrg1,0.1% glucose,-23.837953055750926,0.7047823760962916,Raw traces,PCA
Rtg1 @ 0.1% glucose,4,train,Rtg1,0.1% glucose,-2.0343788043467317,-2.47664150219499,Raw traces,PCA
Nrg1 @ 0.1% glucose,1,train,Nrg1,0.1% glucose,-28.331495038693674,-1.422596111863288,Raw traces,PCA
Rtg1 @ 2% glucose (mock/steady),5,train,Rtg1,2% glucose (mock/steady),8.002589960058753,0.4524874189700351,Raw traces,PCA
Rtg1 @ 2% glucose (mock/steady),5,train,Rtg1,2% glucose (mock/steady),36.71526455183919,-1.7383172262616378,Raw traces,PCA
Rtg1 @ 0.01% glucose,3,train,Rtg1,0.01% glucose,27.236683821642607,4.18993882622892,Raw traces,PCA
Nrg1 @ 0.1% glucose,1,train,Nrg1,0.1% glucose,-24.43868502090348,2.4650150991161275,Raw traces,PCA
Rtg1 @ 2% glucose (mock/steady),5,train,Rtg1,2% glucose (mock/steady),9.482538073617341,-13.222286911449016,Raw traces,PCA
Rtg1 @ 2% glucose (mock/steady),5,train,Rtg1,2% glucose (mock/steady),15.205245415800151,-1.2644839475839826,Raw traces,PCA
Nrg1 @ 0.1% glucose,1,train,Nrg1,0.1% glucose,-22.842998404128053,3.263834946093976,Raw traces,PCA
Rtg1 @ 2% glucose (mock/steady),5,train,Rtg1,2% glucose (mock/steady),23.461170606702456,-1.4717515589932348,Raw traces,PCA
Rtg1 @ 0.01% glucose,3,train,Rtg1,0.01% glucose,36.879630889289054,1.169464879732241,Raw traces,PCA
Rtg1 @ 0.1% glucose,4,train,Rtg1,0.1% glucose,7.917813106334612,1.4976770304864144,Raw traces,PCA
Nrg1 @ 0.01% glucose,0,train,Nrg1,0.01% glucose,-12.23110527041269,2.630447282857895,Raw traces,PCA
Rtg1 @ 2% glucose (mock/steady),5,train,Rtg1,2% glucose (mock/steady),10.542971238305608,-1.460301445041451,Raw traces,PCA
Nrg1 @ 2% glucose (mock/steady),2,train,Nrg1,2% glucose (mock/steady),-26.39043991591613,-1.694931925452881,Raw traces,PCA
Nrg1 @ 2% glucose (mock/steady),2,train,Nrg1,2% glucose (mock/steady),-9.340600641689447,7.224618142715246,Raw traces,PCA
Rtg1 @ 0.1% glucose,4,train,Rtg1,0.1% glucose,11.052036687655328,1.9467020370440489,Raw traces,PCA
Nrg1 @ 2% glucose (mock/steady),2,train,Nrg1,2% glucose (mock/steady),-21.87508847751336,-0.6704179769257052,Raw traces,PCA
Nrg1 @ 0.01% glucose,0,train,Nrg1,0.01% glucose,-10.545209510139923,4.056144902148591,Raw traces,PCA
Nrg1 @ 2% glucose (mock/steady),2,train,Nrg1,2% glucose (mock/steady),-14.759872556529007,5.393920119325006,Raw traces,PCA
Nrg1 @ 2% glucose (mock/steady),2,train,Nrg1,2% glucose (mock/steady),-20.659280885466302,0.20489275217470698,Raw traces,PCA
Nrg1 @ 2% glucose (mock/steady),2,train,Nrg1,2% glucose (mock/steady),-23.882344311481354,-0.9268752157508527,Raw traces,PCA
Nrg1 @ 0.1% glucose,1,train,Nrg1,0.1% glucose,-22.996457742164587,-0.5475646573371281,Raw traces,PCA
Rtg1 @ 0.01% glucose,3,train,Rtg1,0.01% glucose,27.08853353723637,5.3639444258251805,Raw traces,PCA
Rtg1 @ 0.1% glucose,4,train,Rtg1,0.1% glucose,17.878828422261943,-1.9560634170052271,Raw traces,PCA
Nrg1 @ 0.01% glucose,0,train,Nrg1,0.01% glucose,-19.43606230353911,-3.1099394922025856,Raw traces,PCA
Nrg1 @ 0.1% glucose,1,train,Nrg1,0.1% glucose,-24.522652510442345,-0.49026887767284133,Raw traces,PCA
Nrg1 @ 0.1% glucose,1,train,Nrg1,0.1% glucose,-23.125487377780622,1.9291056970384313,Raw traces,PCA
Nrg1 @ 0.1% glucose,1,train,Nrg1,0.1% glucose,-25.183789092985258,0.5423913679835097,Raw traces,PCA
Nrg1 @ 0.01% glucose,0,train,Nrg1,0.01% glucose,-5.873071540568166,5.5702938228682894,Raw traces,PCA
Nrg1 @ 2% glucose (mock/steady),2,train,Nrg1,2% glucose (mock/steady),-28.245604128464795,-1.2008154909785491,Raw traces,PCA
Rtg1 @ 0.01% glucose,3,train,Rtg1,0.01% glucose,32.95815764837687,-0.9739328317585397,Raw traces,PCA
Nrg1 @ 2% glucose (mock/steady),2,train,Nrg1,2% glucose (mock/steady),-21.537718232612256,-1.5656117640099312,Raw traces,PCA
Rtg1 @ 2% glucose (mock/steady),5,train,Rtg1,2% glucose (mock/steady),14.515789247412899,0.8644150212572215,Raw traces,PCA
Rtg1 @ 0.1% glucose,4,train,Rtg1,0.1% glucose,12.442716490247426,-6.974563030554751,Raw traces,PCA
Nrg1 @ 2% glucose (mock/steady),2,train,Nrg1,2% glucose (mock/steady),-23.19345419136752,0.6428465526756335,Raw traces,PCA
Rtg1 @ 2% glucose (mock/steady),5,train,Rtg1,2% glucose (mock/steady),11.264595334957445,0.5630843052345245,Raw traces,PCA
Rtg1 @ 2% glucose (mock/steady),5,train,Rtg1,2% glucose (mock/steady),9.449680900406465,2.4745527014931965,Raw traces,PCA
Rtg1 @ 0.01% glucose,3,train,Rtg1,0.01% glucose,37.06055149256373,-0.17223849345742517,Raw traces,PCA
Nrg1 @ 0.01% glucose,0,train,Nrg1,0.01% glucose,-12.131003561157533,1.0285754599967536,Raw traces,PCA
Rtg1 @ 0.01% glucose,3,train,Rtg1,0.01% glucose,16.175123154497047,-5.0971262661946275,Raw traces,PCA
Nrg1 @ 2% glucose (mock/steady),2,train,Nrg1,2% glucose (mock/steady),-26.987899218470318,-0.2775371443296168,Raw traces,PCA
Nrg1 @ 0.1% glucose,1,train,Nrg1,0.1% glucose,-27.373994369706256,0.04410070147052252,Raw traces,PCA
Rtg1 @ 0.01% glucose,3,train,Rtg1,0.01% glucose,30.628485085330368,-1.1424005432152564,Raw traces,PCA
Rtg1 @ 0.01% glucose,3,train,Rtg1,0.01% glucose,27.266259902324578,-2.0947259118812442,Raw traces,PCA
Nrg1 @ 0.1% glucose,1,train,Nrg1,0.1% glucose,-19.87780871314381,0.16318462610116433,Raw traces,PCA
Nrg1 @ 0.01% glucose,0,train,Nrg1,0.01% glucose,-8.78848566495201,2.496749142075855,Raw traces,PCA
Nrg1 @ 0.01% glucose,0,train,Nrg1,0.01% glucose,-13.981908343812345,2.535552053091001,Raw traces,PCA
Nrg1 @ 2% glucose (mock/steady),2,train,Nrg1,2% glucose (mock/steady),-22.03614021497089,-1.1973790122015249,Raw traces,PCA
Rtg1 @ 2% glucose (mock/steady),5,train,Rtg1,2% glucose (mock/steady),1.9427605674863513,-1.3852512329340545,Raw traces,PCA
Rtg1 @ 2% glucose (mock/steady),5,train,Rtg1,2% glucose (mock/steady),9.836832605988972,-4.010451258506815,Raw traces,PCA
Nrg1 @ 2% glucose (mock/steady),2,train,Nrg1,2% glucose (mock/steady),-22.924328849994698,-1.9833031346268666,Raw traces,PCA
Rtg1 @ 0.1% glucose,4,train,Rtg1,0.1% glucose,4.371081582393939,-3.402075423353012,Raw traces,PCA
Nrg1 @ 0.01% glucose,0,train,Nrg1,0.01% glucose,-2.8087449018325357,5.383061447741823,Raw traces,PCA
Nrg1 @ 0.1% glucose,1,train,Nrg1,0.1% glucose,-24.461707569957408,-1.2223031859095974,Raw traces,PCA
Nrg1 @ 0.1% glucose,1,train,Nrg1,0.1% glucose,-24.738589239767894,-1.2456102008509258,Raw traces,PCA
Nrg1 @ 0.1% glucose,1,train,Nrg1,0.1% glucose,-29.667814283205633,-2.2589034329383075,Raw traces,PCA
Nrg1 @ 0.1% glucose,1,train,Nrg1,0.1% glucose,-24.679856690472928,-0.4748877814104113,Raw traces,PCA
Nrg1 @ 0.01% glucose,0,train,Nrg1,0.01% glucose,-14.848051961900879,-1.5947004513421148,Raw traces,PCA
Rtg1 @ 0.01% glucose,3,train,Rtg1,0.01% glucose,17.226126108282674,-10.886378129251066,Raw traces,PCA
Rtg1 @ 0.01% glucose,3,train,Rtg1,0.01% glucose,30.12998707690721,-5.935860429787633,Raw traces,PCA
Rtg1 @ 0.01% glucose,3,train,Rtg1,0.01% glucose,39.09534070430413,0.15482291809003856,Raw traces,PCA
Rtg1 @ 0.1% glucose,4,train,Rtg1,0.1% glucose,6.282920642770542,-3.1968497633158584,Raw traces,PCA
Rtg1 @ 0.1% glucose,4,train,Rtg1,0.1% glucose,8.01937142783511,-0.6880493509019879,Raw traces,PCA
Rtg1 @ 2% glucose (mock/steady),5,train,Rtg1,2% glucose (mock/steady),20.247223607326113,0.04757780900779379,Raw traces,PCA
Rtg1 @ 0.1% glucose,4,train,Rtg1,0.1% glucose,16.259780552669397,-0.34394024043082116,Raw traces,PCA
Nrg1 @ 2% glucose (mock/steady),2,train,Nrg1,2% glucose (mock/steady),-19.73996790474037,-3.1857487513175604,Raw traces,PCA
Rtg1 @ 0.1% glucose,4,train,Rtg1,0.1% glucose,3.3482931205757227,-2.6716789830015637,Raw traces,PCA
Rtg1 @ 2% glucose (mock/steady),5,train,Rtg1,2% glucose (mock/steady),20.30030439726573,-1.552315658783433,Raw traces,PCA
Rtg1 @ 0.1% glucose,4,train,Rtg1,0.1% glucose,25.059748331521053,11.233243480989582,Raw traces,PCA
Nrg1 @ 0.1% glucose,1,train,Nrg1,0.1% glucose,-24.89205555430419,-0.8317698442919755,Raw traces,PCA
Nrg1 @ 2% glucose (mock/steady),2,train,Nrg1,2% glucose (mock/steady),-26.753654591172612,-0.8008267975252052,Raw traces,PCA
Nrg1 @ 0.01% glucose,0,train,Nrg1,0.01% glucose,-15.130344791382969,-1.7301233571442542,Raw traces,PCA
Nrg1 @ 0.01% glucose,0,train,Nrg1,0.01% glucose,-12.417840339549464,-0.16010194901824637,Raw traces,PCA
Nrg1 @ 0.01% glucose,0,train,Nrg1,0.01% glucose,-12.0798143665572,4.286182738738344,Raw traces,PCA
Nrg1 @ 2% glucose (mock/steady),2,train,Nrg1,2% glucose (mock/steady),-23.316745205508816,-0.7972164252805636,Raw traces,PCA
Rtg1 @ 0.1% glucose,4,train,Rtg1,0.1% glucose,9.981567991981718,5.63985104938666,Raw traces,PCA
Rtg1 @ 0.01% glucose,3,train,Rtg1,0.01% glucose,46.86173376694688,-6.721032912369496,Raw traces,PCA
Nrg1 @ 0.1% glucose,1,train,Nrg1,0.1% glucose,-30.651778155293155,-1.8180728822813563,Raw traces,PCA
Rtg1 @ 2% glucose (mock/steady),5,train,Rtg1,2% glucose (mock/steady),16.76416912147178,-1.5556513172308262,Raw traces,PCA
Nrg1 @ 0.1% glucose,1,train,Nrg1,0.1% glucose,-17.762691992861114,4.161780023931336,Raw traces,PCA
Nrg1 @ 0.1% glucose,1,train,Nrg1,0.1% glucose,-31.12198968623373,-2.602174895869104,Raw traces,PCA
Rtg1 @ 2% glucose (mock/steady),5,train,Rtg1,2% glucose (mock/steady),23.983429350106785,7.5237891443880365,Raw traces,PCA
Nrg1 @ 0.01% glucose,0,train,Nrg1,0.01% glucose,-2.90159131090717,4.81771221013509,Raw traces,PCA
Rtg1 @ 0.01% glucose,3,train,Rtg1,0.01% glucose,28.344197998420555,-7.649641099592067,Raw traces,PCA
Nrg1 @ 0.1% glucose,1,train,Nrg1,0.1% glucose,-28.984787478104458,0.8703846688531113,Raw traces,PCA
Nrg1 @ 0.01% glucose,0,train,Nrg1,0.01% glucose,-15.6386826666612,0.1561285235971295,Raw traces,PCA
Nrg1 @ 0.01% glucose,0,train,Nrg1,0.01% glucose,-4.66748620523041,4.585121530254012,Raw traces,PCA
Nrg1 @ 0.1% glucose,1,train,Nrg1,0.1% glucose,-23.791568162773807,-0.8353181098382985,Raw traces,PCA
Nrg1 @ 0.01% glucose,0,train,Nrg1,0.01% glucose,-7.396287404504345,4.069808673324484,Raw traces,PCA
Rtg1 @ 2% glucose (mock/steady),5,train,Rtg1,2% glucose (mock/steady),8.1148658924926,0.4456312671352007,Raw traces,PCA
Nrg1 @ 0.1% glucose,1,train,Nrg1,0.1% glucose,-26.970876084254073,2.2436963629030657,Raw traces,PCA
Rtg1 @ 2% glucose (mock/steady),5,train,Rtg1,2% glucose (mock/steady),12.192617493904962,-6.506231644188074,Raw traces,PCA
Nrg1 @ 0.01% glucose,0,train,Nrg1,0.01% glucose,-12.57039960021407,2.4136207749345204,Raw traces,PCA
Rtg1 @ 0.01% glucose,3,train,Rtg1,0.01% glucose,41.62652989404306,4.334120405588163,Raw traces,PCA
Rtg1 @ 0.1% glucose,4,train,Rtg1,0.1% glucose,6.665373072720621,-2.929450637766077,Raw traces,PCA
Rtg1 @ 2% glucose (mock/steady),5,train,Rtg1,2% glucose (mock/steady),19.378306134810963,0.5866817349950726,Raw traces,PCA
Nrg1 @ 0.1% glucose,1,train,Nrg1,0.1% glucose,-24.248014506883294,-2.1825236496980085,Raw traces,PCA
Rtg1 @ 0.1% glucose,4,train,Rtg1,0.1% glucose,2.453679603912174,0.09350646276856635,Raw traces,PCA
Rtg1 @ 2% glucose (mock/steady),5,train,Rtg1,2% glucose (mock/steady),4.2477058278812745,-1.3768152882310325,Raw traces,PCA
Nrg1 @ 0.01% glucose,0,train,Nrg1,0.01% glucose,-10.02071743962834,-0.6769978195420432,Raw traces,PCA
Rtg1 @ 0.01% glucose,3,train,Rtg1,0.01% glucose,42.259416455705264,8.451627762089569,Raw traces,PCA
Rtg1 @ 2% glucose (mock/steady),5,train,Rtg1,2% glucose (mock/steady),8.948557836360733,-2.030466951088245,Raw traces,PCA
Nrg1 @ 2% glucose (mock/steady),2,train,Nrg1,2% glucose (mock/steady),-15.464205087325517,1.742097261068256,Raw traces,PCA
Rtg1 @ 2% glucose (mock/steady),5,train,Rtg1,2% glucose (mock/steady),16.880273371878562,-1.5779252638475108,Raw traces,PCA
Nrg1 @ 0.1% glucose,1,train,Nrg1,0.1% glucose,-25.633785003337998,-0.543685234041928,Raw traces,PCA
Rtg1 @ 2% glucose (mock/steady),5,train,Rtg1,2% glucose (mock/steady),15.179070181134232,-0.4647910873075435,Raw traces,PCA
Rtg1 @ 2% glucose (mock/steady),5,train,Rtg1,2% glucose (mock/steady),6.72010413744983,0.9941525013476467,Raw traces,PCA
Nrg1 @ 0.01% glucose,0,train,Nrg1,0.01% glucose,-10.70282561070569,2.099597919777462,Raw traces,PCA
Rtg1 @ 0.1% glucose,4,train,Rtg1,0.1% glucose,-0.36076575600075045,-4.124337238983522,Raw traces,PCA
Rtg1 @ 0.1% glucose,4,train,Rtg1,0.1% glucose,10.86993517064133,-1.3376631908014034,Raw traces,PCA
Nrg1 @ 0.01% glucose,0,train,Nrg1,0.01% glucose,-17.871986989378154,-2.0311320772180985,Raw traces,PCA
Rtg1 @ 2% glucose (mock/steady),5,train,Rtg1,2% glucose (mock/steady),22.432090231621956,-6.993882675634078,Raw traces,PCA
Nrg1 @ 0.01% glucose,0,train,Nrg1,0.01% glucose,-14.55434675646283,4.148592637698513,Raw traces,PCA
Nrg1 @ 0.01% glucose,0,train,Nrg1,0.01% glucose,-7.219632871976487,2.333735149591568,Raw traces,PCA
Rtg1 @ 0.01% glucose,3,train,Rtg1,0.01% glucose,54.38926644062056,8.710024878557768,Raw traces,PCA
Rtg1 @ 0.01% glucose,3,train,Rtg1,0.01% glucose,26.300071040694107,-3.6998602941539365,Raw traces,PCA
Rtg1 @ 0.01% glucose,3,train,Rtg1,0.01% glucose,35.30814168288318,-4.757499670628279,Raw traces,PCA
Rtg1 @ 2% glucose (mock/steady),5,train,Rtg1,2% glucose (mock/steady),23.4881822999154,-0.4970601102076897,Raw traces,PCA
Nrg1 @ 0.01% glucose,0,train,Nrg1,0.01% glucose,-12.102944345463317,1.6548878194497998,Raw traces,PCA
Rtg1 @ 0.01% glucose,3,train,Rtg1,0.01% glucose,41.54213628002704,3.5107421226304183,Raw traces,PCA
Rtg1 @ 0.1% glucose,4,train,Rtg1,0.1% glucose,3.832014185659203,-1.4465648522636936,Raw traces,PCA
Nrg1 @ 0.1% glucose,1,train,Nrg1,0.1% glucose,-24.33860166999139,1.0720041131688163,Raw traces,PCA
Rtg1 @ 2% glucose (mock/steady),5,train,Rtg1,2% glucose (mock/steady),46.98700454224206,18.373994125736836,Raw traces,PCA
Rtg1 @ 0.1% glucose,4,train,Rtg1,0.1% glucose,6.745649235914798,-0.7547927019512807,Raw traces,PCA
Rtg1 @ 2% glucose (mock/steady),5,train,Rtg1,2% glucose (mock/steady),6.516312256722582,-6.405835436068848,Raw traces,PCA
Rtg1 @ 0.1% glucose,4,train,Rtg1,0.1% glucose,19.977489786285837,-1.490120908515516,Raw traces,PCA
Nrg1 @ 0.01% glucose,0,train,Nrg1,0.01% glucose,-14.341130050933678,4.167929897059239,Raw traces,PCA
Nrg1 @ 2% glucose (mock/steady),2,train,Nrg1,2% glucose (mock/steady),-20.262453822458983,2.767536873247837,Raw traces,PCA
Nrg1 @ 0.01% glucose,0,train,Nrg1,0.01% glucose,-11.229565225994824,5.013577330069562,Raw traces,PCA
Rtg1 @ 0.1% glucose,4,train,Rtg1,0.1% glucose,10.899340914362954,-0.36259909885607516,Raw traces,PCA
Rtg1 @ 0.01% glucose,3,train,Rtg1,0.01% glucose,24.400993286244624,1.3550893018981205,Raw traces,PCA
Rtg1 @ 0.01% glucose,3,train,Rtg1,0.01% glucose,23.6117178576067,-7.794637305024888,Raw traces,PCA
Nrg1 @ 2% glucose (mock/steady),2,train,Nrg1,2% glucose (mock/steady),-19.83242672353785,-1.3920025853460163,Raw traces,PCA
Nrg1 @ 0.01% glucose,0,train,Nrg1,0.01% glucose,-5.654777481941856,-1.8706232458569443,Raw traces,PCA
Nrg1 @ 0.01% glucose,0,train,Nrg1,0.01% glucose,-6.994902203059986,4.688342746584118,Raw traces,PCA
Rtg1 @ 2% glucose (mock/steady),5,train,Rtg1,2% glucose (mock/steady),25.56232410971537,2.17569767701415,Raw traces,PCA
Rtg1 @ 0.1% glucose,4,train,Rtg1,0.1% glucose,7.889185722056195,-2.032306512111068,Raw traces,PCA
Nrg1 @ 0.01% glucose,0,train,Nrg1,0.01% glucose,-8.513023055723822,5.398550955753424,Raw traces,PCA
Rtg1 @ 2% glucose (mock/steady),5,train,Rtg1,2% glucose (mock/steady),18.180418510174654,1.0568311251920668,Raw traces,PCA
Rtg1 @ 0.1% glucose,4,train,Rtg1,0.1% glucose,6.656404068138723,-0.4813688819231707,Raw traces,PCA
Nrg1 @ 0.1% glucose,1,train,Nrg1,0.1% glucose,-32.226365070464,-2.0432692687222147,Raw traces,PCA
Nrg1 @ 0.1% glucose,1,train,Nrg1,0.1% glucose,-26.558820946745403,-0.014603824578009364,Raw traces,PCA
Nrg1 @ 2% glucose (mock/steady),2,train,Nrg1,2% glucose (mock/steady),-18.435280366529796,-1.6870186613193643,Raw traces,PCA
Nrg1 @ 0.01% glucose,0,train,Nrg1,0.01% glucose,-11.118136699964012,7.912481397067535,Raw traces,PCA
Rtg1 @ 0.01% glucose,3,train,Rtg1,0.01% glucose,33.29101834769351,14.668852440263322,Raw traces,PCA
Rtg1 @ 0.1% glucose,4,train,Rtg1,0.1% glucose,4.578634601797364,-2.205333065672884,Raw traces,PCA
Rtg1 @ 2% glucose (mock/steady),5,train,Rtg1,2% glucose (mock/steady),7.380745536252354,1.7767639109266566,Raw traces,PCA
Rtg1 @ 0.01% glucose,3,train,Rtg1,0.01% glucose,35.31187594421764,5.057358394320082,Raw traces,PCA
Rtg1 @ 2% glucose (mock/steady),5,train,Rtg1,2% glucose (mock/steady),5.786546715728127,0.12336103509061774,Raw traces,PCA
Rtg1 @ 2% glucose (mock/steady),5,train,Rtg1,2% glucose (mock/steady),10.004937330458148,-0.005196765453146805,Raw traces,PCA
Nrg1 @ 2% glucose (mock/steady),2,train,Nrg1,2% glucose (mock/steady),-21.155875386322847,-0.2713902369389967,Raw traces,PCA
Nrg1 @ 0.1% glucose,1,train,Nrg1,0.1% glucose,-25.539317748203537,0.11006919630219425,Raw traces,PCA
Rtg1 @ 0.1% glucose,4,train,Rtg1,0.1% glucose,9.209781775520929,-1.2622963911758365,Raw traces,PCA
Nrg1 @ 2% glucose (mock/steady),2,train,Nrg1,2% glucose (mock/steady),-25.581259752384035,-1.9662097361490374,Raw traces,PCA
Nrg1 @ 0.01% glucose,0,train,Nrg1,0.01% glucose,-8.438286095299869,3.867161571445841,Raw traces,PCA
Nrg1 @ 2% glucose (mock/steady),2,train,Nrg1,2% glucose (mock/steady),-20.527284170486215,0.9636979575765254,Raw traces,PCA
Nrg1 @ 0.1% glucose,1,train,Nrg1,0.1% glucose,-26.698760378067544,-0.42713923019301625,Raw traces,PCA
Rtg1 @ 0.01% glucose,3,train,Rtg1,0.01% glucose,38.78945959877829,0.8539434459725106,Raw traces,PCA
Rtg1 @ 0.1% glucose,4,train,Rtg1,0.1% glucose,25.841746650306035,-7.664920064656896,Raw traces,PCA
Nrg1 @ 0.1% glucose,1,train,Nrg1,0.1% glucose,-21.838491642818155,-0.49938976780326283,Raw traces,PCA
Nrg1 @ 2% glucose (mock/steady),2,train,Nrg1,2% glucose (mock/steady),-18.664393788575474,0.6740599969209683,Raw traces,PCA
Nrg1 @ 0.01% glucose,0,train,Nrg1,0.01% glucose,-12.005281450461128,2.6092233920798495,Raw traces,PCA
Rtg1 @ 0.1% glucose,4,train,Rtg1,0.1% glucose,2.158328936733614,-3.1362947426724626,Raw traces,PCA
Rtg1 @ 2% glucose (mock/steady),5,train,Rtg1,2% glucose (mock/steady),5.689675318976425,-1.677578675588287,Raw traces,PCA
Nrg1 @ 2% glucose (mock/steady),2,train,Nrg1,2% glucose (mock/steady),-24.43738252781381,-1.6609934369895767,Raw traces,PCA
Nrg1 @ 0.01% glucose,0,train,Nrg1,0.01% glucose,-11.380998321902467,2.318768539599557,Raw traces,PCA
Rtg1 @ 0.01% glucose,3,train,Rtg1,0.01% glucose,39.55868993529464,-3.1415912469042695,Raw traces,PCA
Nrg1 @ 2% glucose (mock/steady),2,train,Nrg1,2% glucose (mock/steady),-22.866140806149428,-0.9433738985299978,Raw traces,PCA
Nrg1 @ 0.01% glucose,0,train,Nrg1,0.01% glucose,-9.368011232189794,3.307186782357153,Raw traces,PCA
Rtg1 @ 0.01% glucose,3,train,Rtg1,0.01% glucose,31.687026282106938,-1.2106486184364922,Raw traces,PCA
Rtg1 @ 0.01% glucose,3,train,Rtg1,0.01% glucose,35.09905666641298,6.92872466500125,Raw traces,PCA
Nrg1 @ 2% glucose (mock/steady),2,train,Nrg1,2% glucose (mock/steady),-19.666554703941607,-2.1087460888009346,Raw traces,PCA
Rtg1 @ 0.01% glucose,3,train,Rtg1,0.01% glucose,41.5106922781599,6.634821705007632,Raw traces,PCA
Nrg1 @ 0.1% glucose,1,train,Nrg1,0.1% glucose,-16.746546814819418,2.581007998103461,Raw traces,PCA
Rtg1 @ 0.1% glucose,4,train,Rtg1,0.1% glucose,9.229846487227347,1.7096103357752914,Raw traces,PCA
Rtg1 @ 0.01% glucose,3,train,Rtg1,0.01% glucose,35.773634916379024,-14.637446701019224,Raw traces,PCA
Rtg1 @ 2% glucose (mock/steady),5,train,Rtg1,2% glucose (mock/steady),11.117493592425589,-1.3021822025300684,Raw traces,PCA
Rtg1 @ 0.01% glucose,3,train,Rtg1,0.01% glucose,39.633836640571566,-3.1079908417747664,Raw traces,PCA
Nrg1 @ 0.1% glucose,1,train,Nrg1,0.1% glucose,-26.97473512416573,1.8036600764034583,Raw traces,PCA
Nrg1 @ 2% glucose (mock/steady),2,train,Nrg1,2% glucose (mock/steady),-23.727807330210627,-0.1735922581367578,Raw traces,PCA
Nrg1 @ 2% glucose (mock/steady),2,train,Nrg1,2% glucose (mock/steady),-20.86228428267663,-0.9025240883302312,Raw traces,PCA
Nrg1 @ 0.1% glucose,1,train,Nrg1,0.1% glucose,-25.959771767753846,-0.9881288521158824,Raw traces,PCA
Rtg1 @ 0.01% glucose,3,train,Rtg1,0.01% glucose,18.808989899515886,-1.5570918734270844,Raw traces,PCA
Rtg1 @ 2% glucose (mock/steady),5,train,Rtg1,2% glucose (mock/steady),7.5842070098200525,3.676168874028844,Raw traces,PCA
Nrg1 @ 2% glucose (mock/steady),2,train,Nrg1,2% glucose (mock/steady),-22.89168860815827,-1.9584108426046345,Raw traces,PCA
Nrg1 @ 0.1% glucose,1,train,Nrg1,0.1% glucose,-25.818968857540423,-0.668456761034748,Raw traces,PCA
Rtg1 @ 0.1% glucose,4,train,Rtg1,0.1% glucose,10.371807356090256,1.7843461119322463,Raw traces,PCA
Nrg1 @ 2% glucose (mock/steady),2,train,Nrg1,2% glucose (mock/steady),-17.61131794814379,-1.1931071290113855,Raw traces,PCA
Nrg1 @ 0.01% glucose,0,train,Nrg1,0.01% glucose,-15.45739630331526,1.525329338791193,Raw traces,PCA
Rtg1 @ 0.1% glucose,4,train,Rtg1,0.1% glucose,5.575490180706001,0.0405327593215791,Raw traces,PCA
Nrg1 @ 0.1% glucose,1,train,Nrg1,0.1% glucose,-21.522182118086032,2.1179097285157504,Raw traces,PCA
Rtg1 @ 0.01% glucose,3,train,Rtg1,0.01% glucose,24.39637414920818,-8.614698827716053,Raw traces,PCA
Nrg1 @ 0.1% glucose,1,train,Nrg1,0.1% glucose,-25.043947717799245,0.3547634940207122,Raw traces,PCA
Rtg1 @ 2% glucose (mock/steady),5,train,Rtg1,2% glucose (mock/steady),7.814613072983069,0.5663805731422316,Raw traces,PCA
Rtg1 @ 0.1% glucose,4,train,Rtg1,0.1% glucose,3.4876018141790786,-3.0448768782261646,Raw traces,PCA
Nrg1 @ 2% glucose (mock/steady),2,train,Nrg1,2% glucose (mock/steady),-26.69156081518205,-1.9289011546589259,Raw traces,PCA
Nrg1 @ 0.1% glucose,1,train,Nrg1,0.1% glucose,-26.65129307550932,-1.7155480489995416,Raw traces,PCA
Nrg1 @ 2% glucose (mock/steady),2,train,Nrg1,2% glucose (mock/steady),-22.794196784820496,-0.9213108035034615,Raw traces,PCA
Nrg1 @ 2% glucose (mock/steady),2,train,Nrg1,2% glucose (mock/steady),-20.83863398802059,0.0737945032150719,Raw traces,PCA
Nrg1 @ 0.01% glucose,0,train,Nrg1,0.01% glucose,-11.74386521277073,6.443591221813879,Raw traces,PCA
Nrg1 @ 0.01% glucose,0,train,Nrg1,0.01% glucose,-15.903142135763513,3.7793713854842754,Raw traces,PCA
Rtg1 @ 0.01% glucose,3,train,Rtg1,0.01% glucose,20.68370270658038,-1.6219653979230897,Raw traces,PCA
Rtg1 @ 0.1% glucose,4,train,Rtg1,0.1% glucose,35.41458011530117,19.767581778916306,Raw traces,PCA
Nrg1 @ 0.01% glucose,0,train,Nrg1,0.01% glucose,-4.614937325266815,5.191832939462986,Raw traces,PCA
Rtg1 @ 2% glucose (mock/steady),5,train,Rtg1,2% glucose (mock/steady),20.192485808044392,-0.395731879875214,Raw traces,PCA
Nrg1 @ 2% glucose (mock/steady),2,train,Nrg1,2% glucose (mock/steady),-21.589918184809843,-0.36242373348402207,Raw traces,PCA
Nrg1 @ 2% glucose (mock/steady),2,train,Nrg1,2% glucose (mock/steady),-16.4662395237127,-0.173161984710514,Raw traces,PCA
Rtg1 @ 2% glucose (mock/steady),5,train,Rtg1,2% glucose (mock/steady),5.66454697582004,-1.4424346223273796,Raw traces,PCA
Nrg1 @ 2% glucose (mock/steady),2,train,Nrg1,2% glucose (mock/steady),0.7070409150323314,-11.805437739683368,Raw traces,PCA
Nrg1 @ 2% glucose (mock/steady),2,train,Nrg1,2% glucose (mock/steady),-21.038769494766623,2.5981134886539268,Raw traces,PCA
Nrg1 @ 0.01% glucose,0,train,Nrg1,0.01% glucose,-1.3486399189042304,5.699444076786035,Raw traces,PCA
Rtg1 @ 0.01% glucose,3,train,Rtg1,0.01% glucose,30.75438390332111,5.168197714718882,Raw traces,PCA
Nrg1 @ 2% glucose (mock/steady),2,train,Nrg1,2% glucose (mock/steady),-23.93325879096902,-1.2071213542314494,Raw traces,PCA
Rtg1 @ 0.01% glucose,3,train,Rtg1,0.01% glucose,32.402999775483956,0.42021417492391305,Raw traces,PCA
Rtg1 @ 2% glucose (mock/steady),5,train,Rtg1,2% glucose (mock/steady),28.31106941025193,-5.080359980818227,Raw traces,PCA
Nrg1 @ 0.1% glucose,1,train,Nrg1,0.1% glucose,-20.979960695562184,-1.1842281485790627,Raw traces,PCA
Nrg1 @ 0.01% glucose,0,train,Nrg1,0.01% glucose,-17.68273458683883,2.541655038636306,Raw traces,PCA
Rtg1 @ 0.1% glucose,4,train,Rtg1,0.1% glucose,0.006470376921066473,0.500825488586373,Raw traces,PCA
Rtg1 @ 0.01% glucose,3,train,Rtg1,0.01% glucose,23.06293660627588,2.0466714114060873,Raw traces,PCA
Nrg1 @ 2% glucose (mock/steady),2,train,Nrg1,2% glucose (mock/steady),-24.64756232418994,-1.3518713497689934,Raw traces,PCA
Rtg1 @ 0.1% glucose,4,train,Rtg1,0.1% glucose,13.943146206091345,-3.7215189250382728,Raw traces,PCA
Rtg1 @ 0.01% glucose,3,train,Rtg1,0.01% glucose,35.2334672495895,6.3458570312476175,Raw traces,PCA
Rtg1 @ 0.01% glucose,3,train,Rtg1,0.01% glucose,28.8389866878279,-7.446316866423797,Raw traces,PCA
Rtg1 @ 2% glucose (mock/steady),5,train,Rtg1,2% glucose (mock/steady),9.145924626317852,-5.03787063722402,Raw traces,PCA
Rtg1 @ 2% glucose (mock/steady),5,train,Rtg1,2% glucose (mock/steady),25.267158562684678,0.670122003222929,Raw traces,PCA
Nrg1 @ 2% glucose (mock/steady),2,train,Nrg1,2% glucose (mock/steady),-21.6258025721895,0.18944690499043107,Raw traces,PCA
Nrg1 @ 0.1% glucose,1,train,Nrg1,0.1% glucose,-23.80379471332276,1.8062517583041662,Raw traces,PCA
Rtg1 @ 0.1% glucose,4,train,Rtg1,0.1% glucose,18.51647423118119,0.3912483873154277,Raw traces,PCA
Nrg1 @ 2% glucose (mock/steady),2,train,Nrg1,2% glucose (mock/steady),-22.745552976930654,-1.4835507785287565,Raw traces,PCA
Nrg1 @ 0.01% glucose,0,train,Nrg1,0.01% glucose,-11.925028152689283,4.0579041980897195,Raw traces,PCA
Nrg1 @ 2% glucose (mock/steady),2,train,Nrg1,2% glucose (mock/steady),-24.704144211302363,-3.3182715827358282,Raw traces,PCA
Nrg1 @ 0.1% glucose,1,train,Nrg1,0.1% glucose,-26.155687879304416,-1.5594063506104996,Raw traces,PCA
Rtg1 @ 2% glucose (mock/steady),5,train,Rtg1,2% glucose (mock/steady),23.726503434736895,-5.432838136548792,Raw traces,PCA
Nrg1 @ 0.01% glucose,0,train,Nrg1,0.01% glucose,-15.11872327133531,2.243719300828607,Raw traces,PCA
Rtg1 @ 0.1% glucose,4,train,Rtg1,0.1% glucose,5.35884294889864,-0.3632761452571972,Raw traces,PCA
Rtg1 @ 0.1% glucose,4,train,Rtg1,0.1% glucose,4.7334213455537375,-2.962685299194752,Raw traces,PCA
Nrg1 @ 0.01% glucose,0,train,Nrg1,0.01% glucose,-21.828190013200487,-2.1933366888645693,Raw traces,PCA
Nrg1 @ 0.01% glucose,0,train,Nrg1,0.01% glucose,2.535345595880896,14.909753623032014,Raw traces,PCA
Rtg1 @ 0.1% glucose,4,train,Rtg1,0.1% glucose,17.454038791693982,4.4020193831148315,Raw traces,PCA
Nrg1 @ 0.1% glucose,1,train,Nrg1,0.1% glucose,-26.57726936669179,-0.6901931454724256,Raw traces,PCA
Nrg1 @ 2% glucose (mock/steady),2,train,Nrg1,2% glucose (mock/steady),-8.822746074938532,11.75208030077333,Raw traces,PCA
Nrg1 @ 0.01% glucose,0,train,Nrg1,0.01% glucose,-16.404687835211753,-1.5855729927469948,Raw traces,PCA
Rtg1 @ 2% glucose (mock/steady),5,train,Rtg1,2% glucose (mock/steady),23.306310466788908,10.43334377624956,Raw traces,PCA
Rtg1 @ 0.01% glucose,3,train,Rtg1,0.01% glucose,36.52555410969693,9.951282464563636,Raw traces,PCA
Rtg1 @ 0.1% glucose,4,train,Rtg1,0.1% glucose,5.57834611723323,-2.5251162180492726,Raw traces,PCA
Nrg1 @ 0.1% glucose,1,train,Nrg1,0.1% glucose,-25.64666731259078,-4.989370499409804,Raw traces,PCA
Rtg1 @ 0.01% glucose,3,train,Rtg1,0.01% glucose,43.52400860853544,-3.9016041282658858,Raw traces,PCA
Rtg1 @ 2% glucose (mock/steady),5,train,Rtg1,2% glucose (mock/steady),30.22345065893561,1.1249588895167797,Raw traces,PCA
Rtg1 @ 0.1% glucose,4,train,Rtg1,0.1% glucose,8.724686495574334,3.537639323269428,Raw traces,PCA
Nrg1 @ 0.01% glucose,0,train,Nrg1,0.01% glucose,-7.666370846019848,1.542606492488013,Raw traces,PCA
Nrg1 @ 2% glucose (mock/steady),2,train,Nrg1,2% glucose (mock/steady),-23.118339453434817,-1.0018686371836156,Raw traces,PCA
Rtg1 @ 0.1% glucose,4,train,Rtg1,0.1% glucose,19.566967745622172,-2.1797694956751696,Raw traces,PCA
Nrg1 @ 0.1% glucose,1,train,Nrg1,0.1% glucose,-27.87374440612803,1.197026026699036,Raw traces,PCA
Nrg1 @ 0.01% glucose,0,train,Nrg1,0.01% glucose,-4.6198277040013425,11.46231946674,Raw traces,PCA
Rtg1 @ 0.1% glucose,4,train,Rtg1,0.1% glucose,5.035350645952529,-1.4604227877877247,Raw traces,PCA
Rtg1 @ 0.1% glucose,4,train,Rtg1,0.1% glucose,2.297173336679565,0.10910198883598995,Raw traces,PCA
Rtg1 @ 0.1% glucose,4,train,Rtg1,0.1% glucose,11.621616002294699,-1.1171256529231275,Raw traces,PCA
Rtg1 @ 0.1% glucose,4,train,Rtg1,0.1% glucose,6.740260152097961,1.9257362628536443,Raw traces,PCA
Nrg1 @ 0.01% glucose,0,train,Nrg1,0.01% glucose,-1.7954837934733887,6.3574666673773095,Raw traces,PCA
Nrg1 @ 2% glucose (mock/steady),2,train,Nrg1,2% glucose (mock/steady),-25.997201345449678,-0.07699836705321642,Raw traces,PCA
Rtg1 @ 2% glucose (mock/steady),5,train,Rtg1,2% glucose (mock/steady),24.42247367412808,-2.600136828384333,Raw traces,PCA
Nrg1 @ 0.01% glucose,0,train,Nrg1,0.01% glucose,-6.32714855902518,2.9840470803755883,Raw traces,PCA
Rtg1 @ 0.01% glucose,3,train,Rtg1,0.01% glucose,33.98068633379433,-5.821495239062968,Raw traces,PCA
Rtg1 @ 0.01% glucose,3,train,Rtg1,0.01% glucose,40.26957065735674,2.2204157939230864,Raw traces,PCA
Nrg1 @ 2% glucose (mock/steady),2,train,Nrg1,2% glucose (mock/steady),-20.118223876222206,-2.325953959205307,Raw traces,PCA
Rtg1 @ 2% glucose (mock/steady),5,train,Rtg1,2% glucose (mock/steady),23.465086405562747,4.37545398543171,Raw traces,PCA
Rtg1 @ 2% glucose (mock/steady),5,train,Rtg1,2% glucose (mock/steady),28.405295277077272,-2.1060999949956587,Raw traces,PCA
Nrg1 @ 0.01% glucose,0,train,Nrg1,0.01% glucose,-6.664797715786823,4.824525972705557,Raw traces,PCA
Nrg1 @ 0.1% glucose,1,train,Nrg1,0.1% glucose,-29.822425735917076,-1.9014292791566183,Raw traces,PCA
Nrg1 @ 2% glucose (mock/steady),2,train,Nrg1,2% glucose (mock/steady),-24.351883074591164,-1.0473156310527523,Raw traces,PCA
Rtg1 @ 0.01% glucose,3,train,Rtg1,0.01% glucose,31.78947509666236,2.2942017479006007,Raw traces,PCA
Rtg1 @ 0.01% glucose,3,train,Rtg1,0.01% glucose,34.04745290039722,6.923157650694613,Raw traces,PCA
Nrg1 @ 2% glucose (mock/steady),2,train,Nrg1,2% glucose (mock/steady),-25.01455261518085,-1.2208769258905368,Raw traces,PCA
Rtg1 @ 0.01% glucose,3,train,Rtg1,0.01% glucose,21.398171967464503,-2.5783165370105254,Raw traces,PCA
Rtg1 @ 0.1% glucose,4,train,Rtg1,0.1% glucose,8.913713495974081,-1.4519962604695775,Raw traces,PCA
Rtg1 @ 0.01% glucose,3,train,Rtg1,0.01% glucose,29.593697488626983,0.8510670995138914,Raw traces,PCA
Nrg1 @ 0.1% glucose,1,train,Nrg1,0.1% glucose,-32.55549719371823,-1.6336121010918423,Raw traces,PCA
Nrg1 @ 0.1% glucose,1,train,Nrg1,0.1% glucose,-19.012583632642563,0.9083895960103326,Raw traces,PCA
Rtg1 @ 0.01% glucose,3,train,Rtg1,0.01% glucose,29.55357381553866,3.5835409882444615,Raw traces,PCA
Nrg1 @ 0.1% glucose,1,train,Nrg1,0.1% glucose,-27.3520119269167,-0.6461044680750957,Raw traces,PCA
Nrg1 @ 0.1% glucose,1,train,Nrg1,0.1% glucose,-27.959587686020072,-0.958091472809153,Raw traces,PCA
Rtg1 @ 2% glucose (mock/steady),5,train,Rtg1,2% glucose (mock/steady),21.107825756942468,-4.212679985405655,Raw traces,PCA
Nrg1 @ 0.1% glucose,1,train,Nrg1,0.1% glucose,-23.91795923669227,1.4899788759576447,Raw traces,PCA
Rtg1 @ 0.1% glucose,4,train,Rtg1,0.1% glucose,9.82578003195469,-3.3442749894341057,Raw traces,PCA
Nrg1 @ 0.1% glucose,1,train,Nrg1,0.1% glucose,-19.015625415653794,3.8861752332664046,Raw traces,PCA
Rtg1 @ 0.01% glucose,3,train,Rtg1,0.01% glucose,34.1276083867022,1.6383767480210782,Raw traces,PCA
Nrg1 @ 0.01% glucose,0,train,Nrg1,0.01% glucose,-12.13619937441258,6.199077750306187,Raw traces,PCA
Rtg1 @ 0.01% glucose,3,train,Rtg1,0.01% glucose,26.106835952410368,-0.8271265871485368,Raw traces,PCA
Rtg1 @ 0.1% glucose,4,train,Rtg1,0.1% glucose,10.940566806196834,-2.3567901703868595,Raw traces,PCA
Rtg1 @ 0.1% glucose,4,train,Rtg1,0.1% glucose,3.9345732150462838,-3.006012832415621,Raw traces,PCA
Nrg1 @ 0.1% glucose,1,train,Nrg1,0.1% glucose,-26.57755490305206,-0.35788301790118565,Raw traces,PCA
Nrg1 @ 0.01% glucose,0,train,Nrg1,0.01% glucose,-12.801992609112895,3.3917812344685188,Raw traces,PCA
Rtg1 @ 0.1% glucose,4,train,Rtg1,0.1% glucose,13.711637821796025,0.45092092035701126,Raw traces,PCA
Nrg1 @ 0.01% glucose,0,train,Nrg1,0.01% glucose,-14.427797303275728,1.7579013440951041,Raw traces,PCA
Nrg1 @ 0.01% glucose,0,train,Nrg1,0.01% glucose,-13.694933626870045,2.2877221697845393,Raw traces,PCA
Rtg1 @ 2% glucose (mock/steady),5,train,Rtg1,2% glucose (mock/steady),19.99154006315433,-3.163936016076257,Raw traces,PCA
Nrg1 @ 2% glucose (mock/steady),2,train,Nrg1,2% glucose (mock/steady),-9.536953309680301,9.59785834831068,Raw traces,PCA
Nrg1 @ 0.1% glucose,1,train,Nrg1,0.1% glucose,-22.373986594632807,2.7772833912164576,Raw traces,PCA
Rtg1 @ 2% glucose (mock/steady),5,train,Rtg1,2% glucose (mock/steady),23.463602411746145,-4.354783907991158,Raw traces,PCA
Rtg1 @ 0.1% glucose,4,train,Rtg1,0.1% glucose,7.566016568653457,-1.4772063978302967,Raw traces,PCA
Nrg1 @ 0.1% glucose,1,train,Nrg1,0.1% glucose,-25.439554301040285,-1.3455090152592803,Raw traces,PCA
Nrg1 @ 2% glucose (mock/steady),2,train,Nrg1,2% glucose (mock/steady),-23.83874675803031,-1.8573549119881863,Raw traces,PCA
Nrg1 @ 0.01% glucose,0,train,Nrg1,0.01% glucose,-13.813258509493787,3.630266347128377,Raw traces,PCA
Nrg1 @ 2% glucose (mock/steady),2,train,Nrg1,2% glucose (mock/steady),-21.755790220704746,0.05631309040855743,Raw traces,PCA
Nrg1 @ 2% glucose (mock/steady),2,train,Nrg1,2% glucose (mock/steady),-23.98088096035994,-3.0283995784316815,Raw traces,PCA
Nrg1 @ 2% glucose (mock/steady),2,train,Nrg1,2% glucose (mock/steady),-17.57978242355221,-0.37684598331668234,Raw traces,PCA
Rtg1 @ 2% glucose (mock/steady),5,train,Rtg1,2% glucose (mock/steady),5.0164859867132385,-9.404944064868632,Raw traces,PCA
Nrg1 @ 2% glucose (mock/steady),2,train,Nrg1,2% glucose (mock/steady),-23.742000767758118,-1.3086727267186014,Raw traces,PCA
Rtg1 @ 0.1% glucose,4,train,Rtg1,0.1% glucose,18.249521137709642,-5.915626180138855,Raw traces,PCA
Rtg1 @ 0.01% glucose,3,train,Rtg1,0.01% glucose,40.23137788728744,-0.2752335683335222,Raw traces,PCA
Rtg1 @ 2% glucose (mock/steady),5,train,Rtg1,2% glucose (mock/steady),19.48649489013956,0.9734550587339191,Raw traces,PCA
Rtg1 @ 0.1% glucose,4,train,Rtg1,0.1% glucose,23.9697919405049,1.458085270717014,Raw traces,PCA
Nrg1 @ 0.01% glucose,0,train,Nrg1,0.01% glucose,-1.1599716689784165,4.044839054888395,Raw traces,PCA
Nrg1 @ 0.01% glucose,0,train,Nrg1,0.01% glucose,-0.11612985682442442,5.610813865855945,Raw traces,PCA
Rtg1 @ 2% glucose (mock/steady),5,train,Rtg1,2% glucose (mock/steady),15.836672122879193,2.30488718338933,Raw traces,PCA
Rtg1 @ 0.1% glucose,4,train,Rtg1,0.1% glucose,1.0914923426356253,8.569159557393583,Raw traces,PCA
Nrg1 @ 0.1% glucose,1,train,Nrg1,0.1% glucose,-25.58799222682577,-0.9211329762955475,Raw traces,PCA
Nrg1 @ 2% glucose (mock/steady),2,train,Nrg1,2% glucose (mock/steady),-25.835127372333332,-1.572572661353706,Raw traces,PCA
Rtg1 @ 2% glucose (mock/steady),5,train,Rtg1,2% glucose (mock/steady),29.04734363778077,2.123205411780542,Raw traces,PCA
Rtg1 @ 0.01% glucose,3,train,Rtg1,0.01% glucose,31.06078852388833,1.3611482647676474,Raw traces,PCA
Nrg1 @ 2% glucose (mock/steady),2,train,Nrg1,2% glucose (mock/steady),-24.934707495375015,-1.7834301640439711,Raw traces,PCA
Rtg1 @ 0.1% glucose,4,train,Rtg1,0.1% glucose,6.935427921868282,-1.681288845979214,Raw traces,PCA
Rtg1 @ 2% glucose (mock/steady),5,train,Rtg1,2% glucose (mock/steady),21.229638496820318,-3.4226632697545782,Raw traces,PCA
Rtg1 @ 2% glucose (mock/steady),5,train,Rtg1,2% glucose (mock/steady),16.192025378115346,-5.356330328632385,Raw traces,PCA
Rtg1 @ 0.01% glucose,3,train,Rtg1,0.01% glucose,29.148346136387065,0.7865325710000942,Raw traces,PCA
Nrg1 @ 0.01% glucose,0,train,Nrg1,0.01% glucose,-16.54724127912553,3.239357829708158,Raw traces,PCA
Rtg1 @ 0.01% glucose,3,train,Rtg1,0.01% glucose,32.49105930700249,0.5653599179252656,Raw traces,PCA
Nrg1 @ 0.01% glucose,0,train,Nrg1,0.01% glucose,-13.346844567200995,5.345561341773099,Raw traces,PCA
Rtg1 @ 2% glucose (mock/steady),5,train,Rtg1,2% glucose (mock/steady),33.52426483923744,0.031847207995043536,Raw traces,PCA
Rtg1 @ 0.01% glucose,3,train,Rtg1,0.01% glucose,45.913809895742766,0.23070753435192193,Raw traces,PCA
Rtg1 @ 0.1% glucose,4,train,Rtg1,0.1% glucose,0.11009801506328687,1.699493184866483,Raw traces,PCA
Rtg1 @ 0.1% glucose,4,train,Rtg1,0.1% glucose,2.1255037115795994,0.22826453532646263,Raw traces,PCA
Nrg1 @ 0.1% glucose,1,train,Nrg1,0.1% glucose,-27.741396563195433,-1.8770913332168029,Raw traces,PCA
Nrg1 @ 0.01% glucose,0,train,Nrg1,0.01% glucose,-12.773434870134942,2.3710788904229623,Raw traces,PCA
Rtg1 @ 2% glucose (mock/steady),5,train,Rtg1,2% glucose (mock/steady),4.676380420650034,-1.462743310445822,Raw traces,PCA
Rtg1 @ 0.01% glucose,3,train,Rtg1,0.01% glucose,35.741821063765464,2.2360031956574176,Raw traces,PCA
Rtg1 @ 0.01% glucose,3,train,Rtg1,0.01% glucose,36.20278827585288,-4.740272655189194,Raw traces,PCA
Rtg1 @ 0.01% glucose,3,train,Rtg1,0.01% glucose,22.752035900087073,1.6563931734778063,Raw traces,PCA
Nrg1 @ 0.1% glucose,1,train,Nrg1,0.1% glucose,-26.80645766539547,-1.0355240314663752,Raw traces,PCA
Nrg1 @ 2% glucose (mock/steady),2,test,Nrg1,2% glucose (mock/steady),-24.9434369742712,-1.1987416798421684,Raw traces,PCA
Rtg1 @ 0.1% glucose,4,test,Rtg1,0.1% glucose,15.515674430767195,-6.148696915655952,Raw traces,PCA
Rtg1 @ 0.1% glucose,4,test,Rtg1,0.1% glucose,1.5958926469759205,-4.267558934453138,Raw traces,PCA
Nrg1 @ 0.1% glucose,1,test,Nrg1,0.1% glucose,-26.261295652541282,2.524281275341559,Raw traces,PCA
Nrg1 @ 0.1% glucose,1,test,Nrg1,0.1% glucose,-25.83670957513316,1.2807391671863992,Raw traces,PCA
Rtg1 @ 0.01% glucose,3,test,Rtg1,0.01% glucose,35.81018202763208,11.822933583102033,Raw traces,PCA
Rtg1 @ 2% glucose (mock/steady),5,test,Rtg1,2% glucose (mock/steady),7.600430329210725,-0.6591822223431133,Raw traces,PCA
Nrg1 @ 0.1% glucose,1,test,Nrg1,0.1% glucose,-29.028381557692285,-0.32202765945825423,Raw traces,PCA
Rtg1 @ 0.01% glucose,3,test,Rtg1,0.01% glucose,31.88326634556919,-7.271695424214248,Raw traces,PCA
Rtg1 @ 2% glucose (mock/steady),5,test,Rtg1,2% glucose (mock/steady),20.372156667395373,-1.990278466730138,Raw traces,PCA
Nrg1 @ 0.01% glucose,0,test,Nrg1,0.01% glucose,-12.327749746727251,3.621029675595498,Raw traces,PCA
Nrg1 @ 0.1% glucose,1,test,Nrg1,0.1% glucose,-27.867139587792987,-0.9311991003307981,Raw traces,PCA
Nrg1 @ 0.1% glucose,1,test,Nrg1,0.1% glucose,-23.12575496502374,0.038354412644856235,Raw traces,PCA
Rtg1 @ 2% glucose (mock/steady),5,test,Rtg1,2% glucose (mock/steady),20.942648895391176,-3.45344132777936,Raw traces,PCA
Nrg1 @ 0.01% glucose,0,test,Nrg1,0.01% glucose,-7.3844671732233165,0.4857946428634874,Raw traces,PCA
Rtg1 @ 2% glucose (mock/steady),5,test,Rtg1,2% glucose (mock/steady),10.888495119114557,-1.1456291943598351,Raw traces,PCA
Nrg1 @ 2% glucose (mock/steady),2,test,Nrg1,2% glucose (mock/steady),-25.05132471340337,-1.0244856186250784,Raw traces,PCA
Nrg1 @ 2% glucose (mock/steady),2,test,Nrg1,2% glucose (mock/steady),-21.836511733126766,-2.3288492215047243,Raw traces,PCA
Rtg1 @ 2% glucose (mock/steady),5,test,Rtg1,2% glucose (mock/steady),4.359773483942497,-6.61807278647464,Raw traces,PCA
Rtg1 @ 0.1% glucose,4,test,Rtg1,0.1% glucose,3.025836585225609,-1.9399710200997025,Raw traces,PCA
Rtg1 @ 0.01% glucose,3,test,Rtg1,0.01% glucose,25.47256145260826,-4.93518569833486,Raw traces,PCA
Rtg1 @ 0.1% glucose,4,test,Rtg1,0.1% glucose,12.410451442488753,-1.572733187583105,Raw traces,PCA
Nrg1 @ 2% glucose (mock/steady),2,test,Nrg1,2% glucose (mock/steady),-20.45201983873261,-1.3530352049980772,Raw traces,PCA
Rtg1 @ 0.1% glucose,4,test,Rtg1,0.1% glucose,13.978723757364943,-6.671701276544181,Raw traces,PCA
Nrg1 @ 2% glucose (mock/steady),2,test,Nrg1,2% glucose (mock/steady),-21.81689872702788,1.4512754929438185,Raw traces,PCA
Rtg1 @ 0.01% glucose,3,test,Rtg1,0.01% glucose,20.888026139518008,3.1850315653940737,Raw traces,PCA
Rtg1 @ 2% glucose (mock/steady),5,test,Rtg1,2% glucose (mock/steady),18.11872582838052,0.7704789947626147,Raw traces,PCA
Rtg1 @ 2% glucose (mock/steady),5,test,Rtg1,2% glucose (mock/steady),24.7695489582238,-2.1839974699436016,Raw traces,PCA
Rtg1 @ 0.1% glucose,4,test,Rtg1,0.1% glucose,-0.44051037725422015,-5.411241098277188,Raw traces,PCA
Rtg1 @ 0.01% glucose,3,test,Rtg1,0.01% glucose,23.17357231036427,-4.336030000117263,Raw traces,PCA
Nrg1 @ 0.01% glucose,0,test,Nrg1,0.01% glucose,-11.08273337339196,-0.10221799145947154,Raw traces,PCA
Rtg1 @ 2% glucose (mock/steady),5,test,Rtg1,2% glucose (mock/steady),6.321619301822024,-1.7528428630310615,Raw traces,PCA
Rtg1 @ 0.01% glucose,3,test,Rtg1,0.01% glucose,27.110806680324387,-9.740890586457068,Raw traces,PCA
Nrg1 @ 0.01% glucose,0,test,Nrg1,0.01% glucose,-12.069554658435822,-1.3313628382715559,Raw traces,PCA
Nrg1 @ 2% glucose (mock/steady),2,test,Nrg1,2% glucose (mock/steady),-16.149629975507466,3.4681633446701854,Raw traces,PCA
Nrg1 @ 0.1% glucose,1,test,Nrg1,0.1% glucose,-26.71434435593489,-1.1724679776904372,Raw traces,PCA
Nrg1 @ 0.01% glucose,0,test,Nrg1,0.01% glucose,-11.704643380794412,2.503187185045199,Raw traces,PCA
Rtg1 @ 0.01% glucose,3,test,Rtg1,0.01% glucose,32.23295136523667,8.391505619270498,Raw traces,PCA
Rtg1 @ 0.1% glucose,4,test,Rtg1,0.1% glucose,-1.6662208024504754,-6.4943431159291976,Raw traces,PCA
Rtg1 @ 0.1% glucose,4,test,Rtg1,0.1% glucose,9.334258143223842,-4.647142797383882,Raw traces,PCA
Rtg1 @ 2% glucose (mock/steady),5,test,Rtg1,2% glucose (mock/steady),3.6127963650028945,-2.5359223776502704,Raw traces,PCA
Nrg1 @ 2% glucose (mock/steady),2,test,Nrg1,2% glucose (mock/steady),-23.592230218520164,-2.3559569499372146,Raw traces,PCA
Nrg1 @ 0.1% glucose,1,test,Nrg1,0.1% glucose,-24.885342468085337,-0.37674576496182277,Raw traces,PCA
Nrg1 @ 2% glucose (mock/steady),2,test,Nrg1,2% glucose (mock/steady),-25.32064001569749,-1.6211531667934744,Raw traces,PCA
Nrg1 @ 0.01% glucose,0,test,Nrg1,0.01% glucose,-14.528199814342667,6.884700297687062,Raw traces,PCA
Rtg1 @ 0.1% glucose,4,test,Rtg1,0.1% glucose,0.440107062008623,1.0407506562864572,Raw traces,PCA
Nrg1 @ 2% glucose (mock/steady),2,test,Nrg1,2% glucose (mock/steady),-21.74411506952737,-1.9415923396460817,Raw traces,PCA
Nrg1 @ 0.1% glucose,1,test,Nrg1,0.1% glucose,-26.615025901401673,-0.2619623398818516,Raw traces,PCA
Nrg1 @ 0.01% glucose,0,test,Nrg1,0.01% glucose,-12.52420502621785,2.5030346118668145,Raw traces,PCA
Nrg1 @ 2% glucose (mock/steady),2,test,Nrg1,2% glucose (mock/steady),-23.677685247138957,-2.1884895935266657,Raw traces,PCA
Nrg1 @ 2% glucose (mock/steady),2,test,Nrg1,2% glucose (mock/steady),-22.11747231170742,-1.9259439461721708,Raw traces,PCA
Nrg1 @ 0.1% glucose,1,test,Nrg1,0.1% glucose,-25.33348522210898,-0.8706318512381959,Raw traces,PCA
Rtg1 @ 2% glucose (mock/steady),5,test,Rtg1,2% glucose (mock/steady),13.940445194493158,-8.011613444652987,Raw traces,PCA
Rtg1 @ 0.01% glucose,3,test,Rtg1,0.01% glucose,46.88826898175102,4.287254034781363,Raw traces,PCA
Nrg1 @ 2% glucose (mock/steady),2,test,Nrg1,2% glucose (mock/steady),-41.54573867241105,-1.596560627326598,Raw traces,PCA
Rtg1 @ 2% glucose (mock/steady),5,test,Rtg1,2% glucose (mock/steady),22.271385672339896,4.497906840417536,Raw traces,PCA
Nrg1 @ 0.1% glucose,1,test,Nrg1,0.1% glucose,-26.925421093614876,-1.719401694321223,Raw traces,PCA
Rtg1 @ 2% glucose (mock/steady),5,test,Rtg1,2% glucose (mock/steady),25.230864305832025,4.508531189258193,Raw traces,PCA
Nrg1 @ 0.01% glucose,0,test,Nrg1,0.01% glucose,-14.120015822952565,-1.195192594487507,Raw traces,PCA
Nrg1 @ 0.01% glucose,0,test,Nrg1,0.01% glucose,-10.015068414876717,4.979720316652877,Raw traces,PCA
Rtg1 @ 0.01% glucose,3,test,Rtg1,0.01% glucose,19.613611918661487,-10.62206669677508,Raw traces,PCA
Rtg1 @ 0.1% glucose,4,test,Rtg1,0.1% glucose,2.9728669106311933,-7.770830118274379,Raw traces,PCA
Rtg1 @ 0.01% glucose,3,test,Rtg1,0.01% glucose,27.54302132123404,-5.797096351313607,Raw traces,PCA
Rtg1 @ 0.1% glucose,4,test,Rtg1,0.1% glucose,7.251439522419934,-1.174229560046953,Raw traces,PCA
Rtg1 @ 0.1% glucose,4,test,Rtg1,0.1% glucose,5.177365082545259,0.869295201405965,Raw traces,PCA
Nrg1 @ 0.01% glucose,0,test,Nrg1,0.01% glucose,-9.934393818353197,6.040168305194559,Raw traces,PCA
Nrg1 @ 0.1% glucose,1,test,Nrg1,0.1% glucose,-25.735177853139053,-1.331013826262526,Raw traces,PCA
Nrg1 @ 0.01% glucose,0,test,Nrg1,0.01% glucose,-12.739369609232863,4.837854684389823,Raw traces,PCA
Rtg1 @ 2% glucose (mock/steady),5,test,Rtg1,2% glucose (mock/steady),22.240120738442357,0.1668982996984673,Raw traces,PCA
Rtg1 @ 2% glucose (mock/steady),5,test,Rtg1,2% glucose (mock/steady),22.0807207204076,-0.8980928853060763,Raw traces,PCA
Rtg1 @ 0.01% glucose,3,test,Rtg1,0.01% glucose,34.46996495088974,-1.4750147220961856,Raw traces,PCA
Nrg1 @ 0.01% glucose,0,test,Nrg1,0.01% glucose,-12.86006243515361,3.573799494725493,Raw traces,PCA
Rtg1 @ 2% glucose (mock/steady),5,test,Rtg1,2% glucose (mock/steady),8.465571278725585,0.24011410218701743,Raw traces,PCA
Nrg1 @ 2% glucose (mock/steady),2,test,Nrg1,2% glucose (mock/steady),-23.068216194114793,-0.46036404307044343,Raw traces,PCA
Rtg1 @ 2% glucose (mock/steady),5,test,Rtg1,2% glucose (mock/steady),17.30157308131141,1.3393158492243449,Raw traces,PCA
Rtg1 @ 0.01% glucose,3,test,Rtg1,0.01% glucose,34.008218930139655,-2.60821938071027,Raw traces,PCA
Rtg1 @ 0.01% glucose,3,test,Rtg1,0.01% glucose,46.20266611549939,2.666573644183846,Raw traces,PCA
Rtg1 @ 0.1% glucose,4,test,Rtg1,0.1% glucose,12.03369912882428,3.450001557614947,Raw traces,PCA
Rtg1 @ 0.01% glucose,3,test,Rtg1,0.01% glucose,44.37020074308436,-5.458924510918335,Raw traces,PCA
Rtg1 @ 0.01% glucose,3,test,Rtg1,0.01% glucose,27.749827993109488,0.012956766887742431,Raw traces,PCA
Nrg1 @ 0.1% glucose,1,test,Nrg1,0.1% glucose,-23.327266772295648,-1.9904824403625516,Raw traces,PCA
Rtg1 @ 0.1% glucose,4,test,Rtg1,0.1% glucose,23.748992928121062,-2.920843144818888,Raw traces,PCA
Nrg1 @ 0.1% glucose,1,test,Nrg1,0.1% glucose,-24.40928740393408,1.0928574835888516,Raw traces,PCA
Nrg1 @ 2% glucose (mock/steady),2,test,Nrg1,2% glucose (mock/steady),-15.48429482532125,2.9051482594468925,Raw traces,PCA
Rtg1 @ 0.1% glucose,4,test,Rtg1,0.1% glucose,11.077630797035127,-4.1535701966634395,Raw traces,PCA
Rtg1 @ 0.01% glucose,3,test,Rtg1,0.01% glucose,21.864286408338174,1.196668137584175,Raw traces,PCA
Nrg1 @ 2% glucose (mock/steady),2,test,Nrg1,2% glucose (mock/steady),-21.579484180087466,-0.37898838286013015,Raw traces,PCA
Nrg1 @ 2% glucose (mock/steady),2,test,Nrg1,2% glucose (mock/steady),-27.025814191798716,-2.2858453426192575,Raw traces,PCA
Nrg1 @ 0.01% glucose,0,test,Nrg1,0.01% glucose,-5.447014235889223,1.4709441763023587,Raw traces,PCA
Nrg1 @ 0.01% glucose,0,test,Nrg1,0.01% glucose,-15.87281289233915,4.477249451384933,Raw traces,PCA
Nrg1 @ 0.01% glucose,0,test,Nrg1,0.01% glucose,-9.525109780567663,1.7500419950196584,Raw traces,PCA
Rtg1 @ 0.1% glucose,4,test,Rtg1,0.1% glucose,10.283351980793032,2.1201275133286717,Raw traces,PCA
Nrg1 @ 0.1% glucose,1,test,Nrg1,0.1% glucose,-21.4663112517614,-1.8448785995919883,Raw traces,PCA
Nrg1 @ 0.1% glucose,1,test,Nrg1,0.1% glucose,-26.248370986285167,0.8322583375713136,Raw traces,PCA
Rtg1 @ 0.1% glucose,4,train,Rtg1,0.1% glucose,8.701494216918945,0.12615899741649628,Raw traces,t-SNE
Nrg1 @ 0.1% glucose,1,train,Nrg1,0.1% glucose,-38.192779541015625,-1.4076822996139526,Raw traces,t-SNE
Nrg1 @ 0.01% glucose,0,train,Nrg1,0.01% glucose,-7.68657112121582,1.1088448762893677,Raw traces,t-SNE
Nrg1 @ 0.01% glucose,0,train,Nrg1,0.01% glucose,-23.47506332397461,-2.0739502906799316,Raw traces,t-SNE
Nrg1 @ 0.1% glucose,1,train,Nrg1,0.1% glucose,-33.35670852661133,-4.173223495483398,Raw traces,t-SNE
Rtg1 @ 2% glucose (mock/steady),5,train,Rtg1,2% glucose (mock/steady),25.68143653869629,-1.0193179845809937,Raw traces,t-SNE
Nrg1 @ 0.01% glucose,0,train,Nrg1,0.01% glucose,-8.665904998779297,-1.2014755010604858,Raw traces,t-SNE
Rtg1 @ 0.01% glucose,3,train,Rtg1,0.01% glucose,34.15738296508789,-1.9844772815704346,Raw traces,t-SNE
Nrg1 @ 2% glucose (mock/steady),2,train,Nrg1,2% glucose (mock/steady),-32.81893539428711,3.2601354122161865,Raw traces,t-SNE
Nrg1 @ 2% glucose (mock/steady),2,train,Nrg1,2% glucose (mock/steady),-23.32685661315918,-0.3823539912700653,Raw traces,t-SNE
Rtg1 @ 0.1% glucose,4,train,Rtg1,0.1% glucose,10.944324493408203,0.3520662784576416,Raw traces,t-SNE
Rtg1 @ 0.1% glucose,4,train,Rtg1,0.1% glucose,17.70378303527832,0.6883198022842407,Raw traces,t-SNE
Rtg1 @ 0.1% glucose,4,train,Rtg1,0.1% glucose,10.563593864440918,1.0336639881134033,Raw traces,t-SNE
Nrg1 @ 0.1% glucose,1,train,Nrg1,0.1% glucose,-40.27620315551758,0.9072343111038208,Raw traces,t-SNE
Rtg1 @ 2% glucose (mock/steady),5,train,Rtg1,2% glucose (mock/steady),35.107025146484375,-3.745011568069458,Raw traces,t-SNE
Rtg1 @ 0.01% glucose,3,train,Rtg1,0.01% glucose,42.27486038208008,0.16977615654468536,Raw traces,t-SNE
Nrg1 @ 0.01% glucose,0,train,Nrg1,0.01% glucose,-9.060860633850098,-0.1166708692908287,Raw traces,t-SNE
Nrg1 @ 2% glucose (mock/steady),2,train,Nrg1,2% glucose (mock/steady),-34.23807144165039,3.116014242172241,Raw traces,t-SNE
Nrg1 @ 0.1% glucose,1,train,Nrg1,0.1% glucose,-24.441965103149414,1.0285003185272217,Raw traces,t-SNE
Nrg1 @ 0.1% glucose,1,train,Nrg1,0.1% glucose,-38.75379943847656,1.4616414308547974,Raw traces,t-SNE
Rtg1 @ 2% glucose (mock/steady),5,train,Rtg1,2% glucose (mock/steady),16.06450843811035,1.7727386951446533,Raw traces,t-SNE
Rtg1 @ 0.01% glucose,3,train,Rtg1,0.01% glucose,21.429691314697266,-2.9619908332824707,Raw traces,t-SNE
Rtg1 @ 0.01% glucose,3,train,Rtg1,0.01% glucose,39.73686599731445,-1.9758511781692505,Raw traces,t-SNE
Rtg1 @ 0.01% glucose,3,train,Rtg1,0.01% glucose,30.65298843383789,0.09642699360847473,Raw traces,t-SNE
Nrg1 @ 2% glucose (mock/steady),2,train,Nrg1,2% glucose (mock/steady),-31.80825424194336,-0.2609700858592987,Raw traces,t-SNE
Rtg1 @ 0.1% glucose,4,train,Rtg1,0.1% glucose,22.114614486694336,-3.8612632751464844,Raw traces,t-SNE
Nrg1 @ 0.1% glucose,1,train,Nrg1,0.1% glucose,-42.76803207397461,0.4440124034881592,Raw traces,t-SNE
Rtg1 @ 0.1% glucose,4,train,Rtg1,0.1% glucose,14.182563781738281,-2.3112692832946777,Raw traces,t-SNE
Nrg1 @ 2% glucose (mock/steady),2,train,Nrg1,2% glucose (mock/steady),-23.978412628173828,-1.2589669227600098,Raw traces,t-SNE
Rtg1 @ 2% glucose (mock/steady),5,train,Rtg1,2% glucose (mock/steady),27.628629684448242,-1.3318248987197876,Raw traces,t-SNE
Nrg1 @ 0.1% glucose,1,train,Nrg1,0.1% glucose,-29.513626098632812,-2.050234317779541,Raw traces,t-SNE
Nrg1 @ 0.1% glucose,1,train,Nrg1,0.1% glucose,-30.776716232299805,3.805471897125244,Raw traces,t-SNE
Nrg1 @ 2% glucose (mock/steady),2,train,Nrg1,2% glucose (mock/steady),-23.607534408569336,-3.423793315887451,Raw traces,t-SNE
Nrg1 @ 0.1% glucose,1,train,Nrg1,0.1% glucose,-32.44225311279297,-2.142878293991089,Raw traces,t-SNE
Rtg1 @ 0.1% glucose,4,train,Rtg1,0.1% glucose,7.8553242683410645,1.9626590013504028,Raw traces,t-SNE
Nrg1 @ 0.1% glucose,1,train,Nrg1,0.1% glucose,-40.01311111450195,0.5023276209831238,Raw traces,t-SNE
Rtg1 @ 2% glucose (mock/steady),5,train,Rtg1,2% glucose (mock/steady),11.797759056091309,-3.084444999694824,Raw traces,t-SNE
Rtg1 @ 2% glucose (mock/steady),5,train,Rtg1,2% glucose (mock/steady),37.893489837646484,-3.540804386138916,Raw traces,t-SNE
Rtg1 @ 0.01% glucose,3,train,Rtg1,0.01% glucose,32.784385681152344,1.0904858112335205,Raw traces,t-SNE
Nrg1 @ 0.1% glucose,1,train,Nrg1,0.1% glucose,-34.03379821777344,-4.005654811859131,Raw traces,t-SNE
Rtg1 @ 2% glucose (mock/steady),5,train,Rtg1,2% glucose (mock/steady),15.383232116699219,4.747160911560059,Raw traces,t-SNE
Rtg1 @ 2% glucose (mock/steady),5,train,Rtg1,2% glucose (mock/steady),24.553022384643555,-1.0802240371704102,Raw traces,t-SNE
Nrg1 @ 0.1% glucose,1,train,Nrg1,0.1% glucose,-33.91619873046875,-5.292435169219971,Raw traces,t-SNE
Rtg1 @ 2% glucose (mock/steady),5,train,Rtg1,2% glucose (mock/steady),29.559885025024414,3.4959304332733154,Raw traces,t-SNE
Rtg1 @ 0.01% glucose,3,train,Rtg1,0.01% glucose,38.760379791259766,-0.9958760142326355,Raw traces,t-SNE
Rtg1 @ 0.1% glucose,4,train,Rtg1,0.1% glucose,15.900696754455566,-3.3330326080322266,Raw traces,t-SNE
Nrg1 @ 0.01% glucose,0,train,Nrg1,0.01% glucose,-9.999713897705078,-1.0974558591842651,Raw traces,t-SNE
Rtg1 @ 2% glucose (mock/steady),5,train,Rtg1,2% glucose (mock/steady),14.966065406799316,-2.059600591659546,Raw traces,t-SNE
Nrg1 @ 2% glucose (mock/steady),2,train,Nrg1,2% glucose (mock/steady),-37.40861129760742,3.599817991256714,Raw traces,t-SNE
Nrg1 @ 2% glucose (mock/steady),2,train,Nrg1,2% glucose (mock/steady),-7.7299485206604,-2.853597640991211,Raw traces,t-SNE
Rtg1 @ 0.1% glucose,4,train,Rtg1,0.1% glucose,16.68874740600586,-2.8059701919555664,Raw traces,t-SNE
Nrg1 @ 2% glucose (mock/steady),2,train,Nrg1,2% glucose (mock/steady),-26.43612289428711,1.1346713304519653,Raw traces,t-SNE
Nrg1 @ 0.01% glucose,0,train,Nrg1,0.01% glucose,-8.378862380981445,1.9367344379425049,Raw traces,t-SNE
Nrg1 @ 2% glucose (mock/steady),2,train,Nrg1,2% glucose (mock/steady),-13.550405502319336,-2.0982003211975098,Raw traces,t-SNE
Nrg1 @ 2% glucose (mock/steady),2,train,Nrg1,2% glucose (mock/steady),-24.802425384521484,0.5611494779586792,Raw traces,t-SNE
Nrg1 @ 2% glucose (mock/steady),2,train,Nrg1,2% glucose (mock/steady),-30.889507293701172,-0.37539413571357727,Raw traces,t-SNE
Nrg1 @ 0.1% glucose,1,train,Nrg1,0.1% glucose,-27.51691246032715,1.3998879194259644,Raw traces,t-SNE
Rtg1 @ 0.01% glucose,3,train,Rtg1,0.01% glucose,32.84701919555664,1.7247288227081299,Raw traces,t-SNE
Rtg1 @ 0.1% glucose,4,train,Rtg1,0.1% glucose,26.16541290283203,-0.5355373024940491,Raw traces,t-SNE
Nrg1 @ 0.01% glucose,0,train,Nrg1,0.01% glucose,-22.051420211791992,-3.677400588989258,Raw traces,t-SNE
Nrg1 @ 0.1% glucose,1,train,Nrg1,0.1% glucose,-33.10221862792969,0.14054051041603088,Raw traces,t-SNE
Nrg1 @ 0.1% glucose,1,train,Nrg1,0.1% glucose,-31.95184898376465,-3.8463454246520996,Raw traces,t-SNE
Nrg1 @ 0.1% glucose,1,train,Nrg1,0.1% glucose,-33.98602294921875,-1.4040981531143188,Raw traces,t-SNE
Nrg1 @ 0.01% glucose,0,train,Nrg1,0.01% glucose,-4.478506565093994,1.535020112991333,Raw traces,t-SNE
Nrg1 @ 2% glucose (mock/steady),2,train,Nrg1,2% glucose (mock/steady),-40.1512565612793,0.7520137429237366,Raw traces,t-SNE
Rtg1 @ 0.01% glucose,3,train,Rtg1,0.01% glucose,36.57008361816406,-1.3856667280197144,Raw traces,t-SNE
Nrg1 @ 2% glucose (mock/steady),2,train,Nrg1,2% glucose (mock/steady),-26.455392837524414,-2.496415615081787,Raw traces,t-SNE
Rtg1 @ 2% glucose (mock/steady),5,train,Rtg1,2% glucose (mock/steady),23.068586349487305,0.2652759552001953,Raw traces,t-SNE
Rtg1 @ 0.1% glucose,4,train,Rtg1,0.1% glucose,19.276742935180664,0.5049488544464111,Raw traces,t-SNE
Nrg1 @ 2% glucose (mock/steady),2,train,Nrg1,2% glucose (mock/steady),-32.41278839111328,-5.388330936431885,Raw traces,t-SNE
Rtg1 @ 2% glucose (mock/steady),5,train,Rtg1,2% glucose (mock/steady),14.584707260131836,-5.465075492858887,Raw traces,t-SNE
Rtg1 @ 2% glucose (mock/steady),5,train,Rtg1,2% glucose (mock/steady),12.855880737304688,-4.4771504402160645,Raw traces,t-SNE
Rtg1 @ 0.01% glucose,3,train,Rtg1,0.01% glucose,38.78884506225586,-1.6942182779312134,Raw traces,t-SNE
Nrg1 @ 0.01% glucose,0,train,Nrg1,0.01% glucose,-10.742033958435059,-1.8991661071777344,Raw traces,t-SNE
Rtg1 @ 0.01% glucose,3,train,Rtg1,0.01% glucose,21.042407989501953,-0.3026474118232727,Raw traces,t-SNE
Nrg1 @ 2% glucose (mock/steady),2,train,Nrg1,2% glucose (mock/steady),-38.5017204284668,2.4920382499694824,Raw traces,t-SNE
Nrg1 @ 0.1% glucose,1,train,Nrg1,0.1% glucose,-39.17558670043945,-0.734995424747467,Raw traces,t-SNE
Rtg1 @ 0.01% glucose,3,train,Rtg1,0.01% glucose,35.10279846191406,-2.512401580810547,Raw traces,t-SNE
Rtg1 @ 0.01% glucose,3,train,Rtg1,0.01% glucose,33.438873291015625,-1.9566696882247925,Raw traces,t-SNE
Nrg1 @ 0.1% glucose,1,train,Nrg1,0.1% glucose,-23.56290626525879,0.1782282143831253,Raw traces,t-SNE
Nrg1 @ 0.01% glucose,0,train,Nrg1,0.01% glucose,-6.557104110717773,1.9453634023666382,Raw traces,t-SNE
Nrg1 @ 0.01% glucose,0,train,Nrg1,0.01% glucose,-12.000683784484863,-1.2968354225158691,Raw traces,t-SNE
Nrg1 @ 2% glucose (mock/steady),2,train,Nrg1,2% glucose (mock/steady),-26.90005874633789,0.3136258125305176,Raw traces,t-SNE
Rtg1 @ 2% glucose (mock/steady),5,train,Rtg1,2% glucose (mock/steady),8.599595069885254,1.116905689239502,Raw traces,t-SNE
Rtg1 @ 2% glucose (mock/steady),5,train,Rtg1,2% glucose (mock/steady),18.194046020507812,-0.9289007186889648,Raw traces,t-SNE
Nrg1 @ 2% glucose (mock/steady),2,train,Nrg1,2% glucose (mock/steady),-29.33290672302246,1.179063320159912,Raw traces,t-SNE
Rtg1 @ 0.1% glucose,4,train,Rtg1,0.1% glucose,8.509249687194824,-1.3716946840286255,Raw traces,t-SNE
Nrg1 @ 0.01% glucose,0,train,Nrg1,0.01% glucose,-3.10795259475708,0.6673526167869568,Raw traces,t-SNE
Nrg1 @ 0.1% glucose,1,train,Nrg1,0.1% glucose,-34.90122985839844,-0.1840812861919403,Raw traces,t-SNE
Nrg1 @ 0.1% glucose,1,train,Nrg1,0.1% glucose,-33.856475830078125,1.1429426670074463,Raw traces,t-SNE
Nrg1 @ 0.1% glucose,1,train,Nrg1,0.1% glucose,-41.570770263671875,0.66975337266922,Raw traces,t-SNE
Nrg1 @ 0.1% glucose,1,train,Nrg1,0.1% glucose,-32.74266815185547,-0.3997874855995178,Raw traces,t-SNE
Nrg1 @ 0.01% glucose,0,train,Nrg1,0.01% glucose,-15.81336784362793,3.0033345222473145,Raw traces,t-SNE
Rtg1 @ 0.01% glucose,3,train,Rtg1,0.01% glucose,21.82545280456543,-1.55595862865448,Raw traces,t-SNE
Rtg1 @ 0.01% glucose,3,train,Rtg1,0.01% glucose,33.057838439941406,-4.163244247436523,Raw traces,t-SNE
Rtg1 @ 0.01% glucose,3,train,Rtg1,0.01% glucose,39.88497543334961,-2.186002016067505,Raw traces,t-SNE
Rtg1 @ 0.1% glucose,4,train,Rtg1,0.1% glucose,9.387741088867188,-3.1460907459259033,Raw traces,t-SNE
Rtg1 @ 0.1% glucose,4,train,Rtg1,0.1% glucose,14.744444847106934,-0.548210084438324,Raw traces,t-SNE
Rtg1 @ 2% glucose (mock/steady),5,train,Rtg1,2% glucose (mock/steady),27.812898635864258,-0.993171751499176,Raw traces,t-SNE
Rtg1 @ 0.1% glucose,4,train,Rtg1,0.1% glucose,23.0501651763916,1.863281011581421,Raw traces,t-SNE
Nrg1 @ 2% glucose (mock/steady),2,train,Nrg1,2% glucose (mock/steady),-24.17719078063965,-3.092520236968994,Raw traces,t-SNE
Rtg1 @ 0.1% glucose,4,train,Rtg1,0.1% glucose,11.109253883361816,2.51302170753479,Raw traces,t-SNE
Rtg1 @ 2% glucose (mock/steady),5,train,Rtg1,2% glucose (mock/steady),28.34746742248535,0.5391426086425781,Raw traces,t-SNE
Rtg1 @ 0.1% glucose,4,train,Rtg1,0.1% glucose,33.76899719238281,2.5769805908203125,Raw traces,t-SNE
Nrg1 @ 0.1% glucose,1,train,Nrg1,0.1% glucose,-34.420955657958984,-0.3518023192882538,Raw traces,t-SNE
Nrg1 @ 2% glucose (mock/steady),2,train,Nrg1,2% glucose (mock/steady),-38.0605354309082,1.4843018054962158,Raw traces,t-SNE
Nrg1 @ 0.01% glucose,0,train,Nrg1,0.01% glucose,-15.805045127868652,2.9806766510009766,Raw traces,t-SNE
Nrg1 @ 0.01% glucose,0,train,Nrg1,0.01% glucose,-10.931718826293945,-2.6483356952667236,Raw traces,t-SNE
Nrg1 @ 0.01% glucose,0,train,Nrg1,0.01% glucose,-10.061988830566406,1.016364574432373,Raw traces,t-SNE
Nrg1 @ 2% glucose (mock/steady),2,train,Nrg1,2% glucose (mock/steady),-29.5318603515625,-0.36689838767051697,Raw traces,t-SNE
Rtg1 @ 0.1% glucose,4,train,Rtg1,0.1% glucose,12.163277626037598,-4.757380485534668,Raw traces,t-SNE
Rtg1 @ 0.01% glucose,3,train,Rtg1,0.01% glucose,41.984580993652344,-1.7963122129440308,Raw traces,t-SNE
Nrg1 @ 0.1% glucose,1,train,Nrg1,0.1% glucose,-42.34298324584961,0.13607583940029144,Raw traces,t-SNE
Rtg1 @ 2% glucose (mock/steady),5,train,Rtg1,2% glucose (mock/steady),23.471586227416992,1.8518325090408325,Raw traces,t-SNE
Nrg1 @ 0.1% glucose,1,train,Nrg1,0.1% glucose,-14.702560424804688,0.7262458205223083,Raw traces,t-SNE
Nrg1 @ 0.1% glucose,1,train,Nrg1,0.1% glucose,-42.63661193847656,0.15363554656505585,Raw traces,t-SNE
Rtg1 @ 2% glucose (mock/steady),5,train,Rtg1,2% glucose (mock/steady),32.802852630615234,2.96696138381958,Raw traces,t-SNE
Nrg1 @ 0.01% glucose,0,train,Nrg1,0.01% glucose,-3.2200448513031006,1.273650884628296,Raw traces,t-SNE
Rtg1 @ 0.01% glucose,3,train,Rtg1,0.01% glucose,32.5095329284668,-5.89564847946167,Raw traces,t-SNE
Nrg1 @ 0.1% glucose,1,train,Nrg1,0.1% glucose,-40.21009826660156,-1.1909399032592773,Raw traces,t-SNE
Nrg1 @ 0.01% glucose,0,train,Nrg1,0.01% glucose,-14.830142974853516,-0.9584153890609741,Raw traces,t-SNE
Nrg1 @ 0.01% glucose,0,train,Nrg1,0.01% glucose,-4.0368571281433105,0.9118621349334717,Raw traces,t-SNE
Nrg1 @ 0.1% glucose,1,train,Nrg1,0.1% glucose,-30.96550178527832,-0.5552175641059875,Raw traces,t-SNE
Nrg1 @ 0.01% glucose,0,train,Nrg1,0.01% glucose,-5.574218273162842,0.9009776711463928,Raw traces,t-SNE
Rtg1 @ 2% glucose (mock/steady),5,train,Rtg1,2% glucose (mock/steady),12.691282272338867,-3.082423448562622,Raw traces,t-SNE
Nrg1 @ 0.1% glucose,1,train,Nrg1,0.1% glucose,-38.37274169921875,-2.519408941268921,Raw traces,t-SNE
Rtg1 @ 2% glucose (mock/steady),5,train,Rtg1,2% glucose (mock/steady),19.34991455078125,-0.9109741449356079,Raw traces,t-SNE
Nrg1 @ 0.01% glucose,0,train,Nrg1,0.01% glucose,-9.345463752746582,0.7329922914505005,Raw traces,t-SNE
Rtg1 @ 0.01% glucose,3,train,Rtg1,0.01% glucose,40.43699645996094,-0.16640561819076538,Raw traces,t-SNE
Rtg1 @ 0.1% glucose,4,train,Rtg1,0.1% glucose,13.84029483795166,1.2379047870635986,Raw traces,t-SNE
Rtg1 @ 2% glucose (mock/steady),5,train,Rtg1,2% glucose (mock/steady),27.25745391845703,0.0012156430166214705,Raw traces,t-SNE
Nrg1 @ 0.1% glucose,1,train,Nrg1,0.1% glucose,-30.46401023864746,3.58804988861084,Raw traces,t-SNE
Rtg1 @ 0.1% glucose,4,train,Rtg1,0.1% glucose,10.25144100189209,2.8285071849823,Raw traces,t-SNE
Rtg1 @ 2% glucose (mock/steady),5,train,Rtg1,2% glucose (mock/steady),11.5451078414917,1.2894865274429321,Raw traces,t-SNE
Nrg1 @ 0.01% glucose,0,train,Nrg1,0.01% glucose,-6.715775489807129,3.001117706298828,Raw traces,t-SNE
Rtg1 @ 0.01% glucose,3,train,Rtg1,0.01% glucose,40.13568878173828,0.9512630105018616,Raw traces,t-SNE
Rtg1 @ 2% glucose (mock/steady),5,train,Rtg1,2% glucose (mock/steady),14.987605094909668,1.5682659149169922,Raw traces,t-SNE
Nrg1 @ 2% glucose (mock/steady),2,train,Nrg1,2% glucose (mock/steady),-13.267147064208984,-0.41736525297164917,Raw traces,t-SNE
Rtg1 @ 2% glucose (mock/steady),5,train,Rtg1,2% glucose (mock/steady),26.199844360351562,-2.2840099334716797,Raw traces,t-SNE
Nrg1 @ 0.1% glucose,1,train,Nrg1,0.1% glucose,-36.0224609375,0.977958619594574,Raw traces,t-SNE
Rtg1 @ 2% glucose (mock/steady),5,train,Rtg1,2% glucose (mock/steady),24.57360076904297,-0.15321913361549377,Raw traces,t-SNE
Rtg1 @ 2% glucose (mock/steady),5,train,Rtg1,2% glucose (mock/steady),11.761516571044922,-2.762117862701416,Raw traces,t-SNE
Nrg1 @ 0.01% glucose,0,train,Nrg1,0.01% glucose,-8.681705474853516,0.4803183376789093,Raw traces,t-SNE
Rtg1 @ 0.1% glucose,4,train,Rtg1,0.1% glucose,7.992246150970459,2.273693799972534,Raw traces,t-SNE
Rtg1 @ 0.1% glucose,4,train,Rtg1,0.1% glucose,15.929810523986816,-0.3404204547405243,Raw traces,t-SNE
Nrg1 @ 0.01% glucose,0,train,Nrg1,0.01% glucose,-21.877117156982422,-3.064607620239258,Raw traces,t-SNE
Rtg1 @ 2% glucose (mock/steady),5,train,Rtg1,2% glucose (mock/steady),28.61813735961914,-4.963005542755127,Raw traces,t-SNE
Nrg1 @ 0.01% glucose,0,train,Nrg1,0.01% glucose,-12.30443286895752,-0.01679263822734356,Raw traces,t-SNE
Nrg1 @ 0.01% glucose,0,train,Nrg1,0.01% glucose,-5.80996036529541,1.6817445755004883,Raw traces,t-SNE
Rtg1 @ 0.01% glucose,3,train,Rtg1,0.01% glucose,41.93285369873047,0.827232837677002,Raw traces,t-SNE
Rtg1 @ 0.01% glucose,3,train,Rtg1,0.01% glucose,31.75778579711914,-3.0895142555236816,Raw traces,t-SNE
Rtg1 @ 0.01% glucose,3,train,Rtg1,0.01% glucose,37.11793518066406,-4.305477619171143,Raw traces,t-SNE
Rtg1 @ 2% glucose (mock/steady),5,train,Rtg1,2% glucose (mock/steady),29.64400863647461,1.221474289894104,Raw traces,t-SNE
Nrg1 @ 0.01% glucose,0,train,Nrg1,0.01% glucose,-7.655371189117432,2.531947135925293,Raw traces,t-SNE
Rtg1 @ 0.01% glucose,3,train,Rtg1,0.01% glucose,40.230125427246094,-0.5374496579170227,Raw traces,t-SNE
Rtg1 @ 0.1% glucose,4,train,Rtg1,0.1% glucose,10.31283187866211,2.032836437225342,Raw traces,t-SNE
Nrg1 @ 0.1% glucose,1,train,Nrg1,0.1% glucose,-32.57161331176758,-2.539152145385742,Raw traces,t-SNE
Rtg1 @ 2% glucose (mock/steady),5,train,Rtg1,2% glucose (mock/steady),40.26764678955078,2.195626974105835,Raw traces,t-SNE
Rtg1 @ 0.1% glucose,4,train,Rtg1,0.1% glucose,11.860191345214844,-1.8301901817321777,Raw traces,t-SNE
Rtg1 @ 2% glucose (mock/steady),5,train,Rtg1,2% glucose (mock/steady),13.033940315246582,4.505177021026611,Raw traces,t-SNE
Rtg1 @ 0.1% glucose,4,train,Rtg1,0.1% glucose,26.613821029663086,3.011807918548584,Raw traces,t-SNE
Nrg1 @ 0.01% glucose,0,train,Nrg1,0.01% glucose,-12.863137245178223,2.0972940921783447,Raw traces,t-SNE
Nrg1 @ 2% glucose (mock/steady),2,train,Nrg1,2% glucose (mock/steady),-22.55422019958496,1.8733251094818115,Raw traces,t-SNE
Nrg1 @ 0.01% glucose,0,train,Nrg1,0.01% glucose,-9.29477310180664,1.6130785942077637,Raw traces,t-SNE
Rtg1 @ 0.1% glucose,4,train,Rtg1,0.1% glucose,14.462782859802246,-2.202394485473633,Raw traces,t-SNE
Rtg1 @ 0.01% glucose,3,train,Rtg1,0.01% glucose,30.298343658447266,1.3863608837127686,Raw traces,t-SNE
Rtg1 @ 0.01% glucose,3,train,Rtg1,0.01% glucose,30.49910545349121,-4.498733043670654,Raw traces,t-SNE
Nrg1 @ 2% glucose (mock/steady),2,train,Nrg1,2% glucose (mock/steady),-24.32550621032715,-2.276944160461426,Raw traces,t-SNE
Nrg1 @ 0.01% glucose,0,train,Nrg1,0.01% glucose,-5.727952480316162,3.1920337677001953,Raw traces,t-SNE
Nrg1 @ 0.01% glucose,0,train,Nrg1,0.01% glucose,-6.6123270988464355,-1.0997563600540161,Raw traces,t-SNE
Rtg1 @ 2% glucose (mock/steady),5,train,Rtg1,2% glucose (mock/steady),31.53055763244629,0.5796836614608765,Raw traces,t-SNE
Rtg1 @ 0.1% glucose,4,train,Rtg1,0.1% glucose,14.093016624450684,-0.9942030310630798,Raw traces,t-SNE
Nrg1 @ 0.01% glucose,0,train,Nrg1,0.01% glucose,-7.044016361236572,-2.067923069000244,Raw traces,t-SNE
Rtg1 @ 2% glucose (mock/steady),5,train,Rtg1,2% glucose (mock/steady),26.857322692871094,1.4227056503295898,Raw traces,t-SNE
Rtg1 @ 0.1% glucose,4,train,Rtg1,0.1% glucose,12.008654594421387,-1.2199870347976685,Raw traces,t-SNE
Nrg1 @ 0.1% glucose,1,train,Nrg1,0.1% glucose,-42.995792388916016,-0.01822972483932972,Raw traces,t-SNE
Nrg1 @ 0.1% glucose,1,train,Nrg1,0.1% glucose,-37.21320343017578,-1.1214549541473389,Raw traces,t-SNE
Nrg1 @ 2% glucose (mock/steady),2,train,Nrg1,2% glucose (mock/steady),-22.49262809753418,-1.6976778507232666,Raw traces,t-SNE
Nrg1 @ 0.01% glucose,0,train,Nrg1,0.01% glucose,-10.110689163208008,2.7843401432037354,Raw traces,t-SNE
Rtg1 @ 0.01% glucose,3,train,Rtg1,0.01% glucose,37.90053176879883,2.6390345096588135,Raw traces,t-SNE
Rtg1 @ 0.1% glucose,4,train,Rtg1,0.1% glucose,13.168785095214844,1.909322738647461,Raw traces,t-SNE
Rtg1 @ 2% glucose (mock/steady),5,train,Rtg1,2% glucose (mock/steady),11.066991806030273,-4.18080997467041,Raw traces,t-SNE
Rtg1 @ 0.01% glucose,3,train,Rtg1,0.01% glucose,38.1193962097168,0.48701968789100647,Raw traces,t-SNE
Rtg1 @ 2% glucose (mock/steady),5,train,Rtg1,2% glucose (mock/steady),12.376175880432129,-0.4269384443759918,Raw traces,t-SNE
Rtg1 @ 2% glucose (mock/steady),5,train,Rtg1,2% glucose (mock/steady),13.7718505859375,-3.1569697856903076,Raw traces,t-SNE
Nrg1 @ 2% glucose (mock/steady),2,train,Nrg1,2% glucose (mock/steady),-25.549880981445312,-0.644679069519043,Raw traces,t-SNE
Nrg1 @ 0.1% glucose,1,train,Nrg1,0.1% glucose,-35.48006820678711,-1.487387776374817,Raw traces,t-SNE
Rtg1 @ 0.1% glucose,4,train,Rtg1,0.1% glucose,15.678292274475098,0.5220751166343689,Raw traces,t-SNE
Nrg1 @ 2% glucose (mock/steady),2,train,Nrg1,2% glucose (mock/steady),-34.83485794067383,3.2871639728546143,Raw traces,t-SNE
Nrg1 @ 0.01% glucose,0,train,Nrg1,0.01% glucose,-7.14598274230957,-0.8026547431945801,Raw traces,t-SNE
Nrg1 @ 2% glucose (mock/steady),2,train,Nrg1,2% glucose (mock/steady),-23.29912567138672,1.0941157341003418,Raw traces,t-SNE
Nrg1 @ 0.1% glucose,1,train,Nrg1,0.1% glucose,-37.285179138183594,-0.24511782824993134,Raw traces,t-SNE
Rtg1 @ 0.01% glucose,3,train,Rtg1,0.01% glucose,39.93508529663086,-2.8777098655700684,Raw traces,t-SNE
Rtg1 @ 0.1% glucose,4,train,Rtg1,0.1% glucose,31.426109313964844,-5.191372394561768,Raw traces,t-SNE
Nrg1 @ 0.1% glucose,1,train,Nrg1,0.1% glucose,-26.515064239501953,-0.02583995647728443,Raw traces,t-SNE
Nrg1 @ 2% glucose (mock/steady),2,train,Nrg1,2% glucose (mock/steady),-22.232892990112305,0.8385249376296997,Raw traces,t-SNE
Nrg1 @ 0.01% glucose,0,train,Nrg1,0.01% glucose,-8.692708969116211,1.5460773706436157,Raw traces,t-SNE
Rtg1 @ 0.1% glucose,4,train,Rtg1,0.1% glucose,9.358470916748047,1.662620186805725,Raw traces,t-SNE
Rtg1 @ 2% glucose (mock/steady),5,train,Rtg1,2% glucose (mock/steady),12.250344276428223,0.5803771018981934,Raw traces,t-SNE
Nrg1 @ 2% glucose (mock/steady),2,train,Nrg1,2% glucose (mock/steady),-32.19561767578125,0.9272939562797546,Raw traces,t-SNE
Nrg1 @ 0.01% glucose,0,train,Nrg1,0.01% glucose,-9.53641414642334,-1.6358448266983032,Raw traces,t-SNE
Rtg1 @ 0.01% glucose,3,train,Rtg1,0.01% glucose,39.896324157714844,-3.3617289066314697,Raw traces,t-SNE
Nrg1 @ 2% glucose (mock/steady),2,train,Nrg1,2% glucose (mock/steady),-28.21005630493164,-0.40779685974121094,Raw traces,t-SNE
Nrg1 @ 0.01% glucose,0,train,Nrg1,0.01% glucose,-8.027904510498047,-1.5343599319458008,Raw traces,t-SNE
Rtg1 @ 0.01% glucose,3,train,Rtg1,0.01% glucose,35.57612609863281,-2.8064863681793213,Raw traces,t-SNE
Rtg1 @ 0.01% glucose,3,train,Rtg1,0.01% glucose,38.451255798339844,0.9446077346801758,Raw traces,t-SNE
Nrg1 @ 2% glucose (mock/steady),2,train,Nrg1,2% glucose (mock/steady),-23.064233779907227,-2.3099069595336914,Raw traces,t-SNE
Rtg1 @ 0.01% glucose,3,train,Rtg1,0.01% glucose,40.18627166748047,0.412636399269104,Raw traces,t-SNE
Nrg1 @ 0.1% glucose,1,train,Nrg1,0.1% glucose,-14.886748313903809,1.0877670049667358,Raw traces,t-SNE
Rtg1 @ 0.1% glucose,4,train,Rtg1,0.1% glucose,12.71760368347168,-3.7925260066986084,Raw traces,t-SNE
Rtg1 @ 0.01% glucose,3,train,Rtg1,0.01% glucose,34.736629486083984,-5.6999711990356445,Raw traces,t-SNE
Rtg1 @ 2% glucose (mock/steady),5,train,Rtg1,2% glucose (mock/steady),16.622901916503906,-1.2339681386947632,Raw traces,t-SNE
Rtg1 @ 0.01% glucose,3,train,Rtg1,0.01% glucose,39.295650482177734,-2.307921886444092,Raw traces,t-SNE
Nrg1 @ 0.1% glucose,1,train,Nrg1,0.1% glucose,-40.922386169433594,3.7049007415771484,Raw traces,t-SNE
Nrg1 @ 2% glucose (mock/steady),2,train,Nrg1,2% glucose (mock/steady),-31.840011596679688,-1.7332340478897095,Raw traces,t-SNE
Nrg1 @ 2% glucose (mock/steady),2,train,Nrg1,2% glucose (mock/steady),-24.344810485839844,-0.1198498085141182,Raw traces,t-SNE
Nrg1 @ 0.1% glucose,1,train,Nrg1,0.1% glucose,-36.32844924926758,0.07396654039621353,Raw traces,t-SNE
Rtg1 @ 0.01% glucose,3,train,Rtg1,0.01% glucose,27.18848419189453,0.880698025226593,Raw traces,t-SNE
Rtg1 @ 2% glucose (mock/steady),5,train,Rtg1,2% glucose (mock/steady),14.750567436218262,-3.577147960662842,Raw traces,t-SNE
Nrg1 @ 2% glucose (mock/steady),2,train,Nrg1,2% glucose (mock/steady),-28.74789047241211,2.4981958866119385,Raw traces,t-SNE
Nrg1 @ 0.1% glucose,1,train,Nrg1,0.1% glucose,-36.78977584838867,2.681257963180542,Raw traces,t-SNE
Rtg1 @ 0.1% glucose,4,train,Rtg1,0.1% glucose,12.46029281616211,-4.24577522277832,Raw traces,t-SNE
Nrg1 @ 2% glucose (mock/steady),2,train,Nrg1,2% glucose (mock/steady),-22.020877838134766,-2.70061993598938,Raw traces,t-SNE
Nrg1 @ 0.01% glucose,0,train,Nrg1,0.01% glucose,-15.407801628112793,1.6902151107788086,Raw traces,t-SNE
Rtg1 @ 0.1% glucose,4,train,Rtg1,0.1% glucose,11.136799812316895,-1.5858789682388306,Raw traces,t-SNE
Nrg1 @ 0.1% glucose,1,train,Nrg1,0.1% glucose,-23.47548484802246,2.4001529216766357,Raw traces,t-SNE
Rtg1 @ 0.01% glucose,3,train,Rtg1,0.01% glucose,31.487524032592773,-4.249027729034424,Raw traces,t-SNE
Nrg1 @ 0.1% glucose,1,train,Nrg1,0.1% glucose,-34.689117431640625,-2.794766664505005,Raw traces,t-SNE
Rtg1 @ 2% glucose (mock/steady),5,train,Rtg1,2% glucose (mock/steady),11.010190963745117,-2.898414134979248,Raw traces,t-SNE
Rtg1 @ 0.1% glucose,4,train,Rtg1,0.1% glucose,11.186822891235352,2.1340560913085938,Raw traces,t-SNE
Nrg1 @ 2% glucose (mock/steady),2,train,Nrg1,2% glucose (mock/steady),-36.32674789428711,3.8467235565185547,Raw traces,t-SNE
Nrg1 @ 0.1% glucose,1,train,Nrg1,0.1% glucose,-38.27674102783203,-0.0029068661388009787,Raw traces,t-SNE
Nrg1 @ 2% glucose (mock/steady),2,train,Nrg1,2% glucose (mock/steady),-28.504276275634766,0.46249252557754517,Raw traces,t-SNE
Nrg1 @ 2% glucose (mock/steady),2,train,Nrg1,2% glucose (mock/steady),-23.869211196899414,0.7649017572402954,Raw traces,t-SNE
Nrg1 @ 0.01% glucose,0,train,Nrg1,0.01% glucose,-10.39814567565918,1.4030524492263794,Raw traces,t-SNE
Nrg1 @ 0.01% glucose,0,train,Nrg1,0.01% glucose,-13.152754783630371,-0.055537182837724686,Raw traces,t-SNE
Rtg1 @ 0.01% glucose,3,train,Rtg1,0.01% glucose,27.991029739379883,-0.31095191836357117,Raw traces,t-SNE
Rtg1 @ 0.1% glucose,4,train,Rtg1,0.1% glucose,38.56592559814453,2.9927172660827637,Raw traces,t-SNE
Nrg1 @ 0.01% glucose,0,train,Nrg1,0.01% glucose,-3.8031718730926514,1.1254303455352783,Raw traces,t-SNE
Rtg1 @ 2% glucose (mock/steady),5,train,Rtg1,2% glucose (mock/steady),27.203155517578125,-0.353676974773407,Raw traces,t-SNE
Nrg1 @ 2% glucose (mock/steady),2,train,Nrg1,2% glucose (mock/steady),-26.250194549560547,-0.30321040749549866,Raw traces,t-SNE
Nrg1 @ 2% glucose (mock/steady),2,train,Nrg1,2% glucose (mock/steady),-20.01777458190918,-1.7569302320480347,Raw traces,t-SNE
Rtg1 @ 2% glucose (mock/steady),5,train,Rtg1,2% glucose (mock/steady),11.698673248291016,-0.7339610457420349,Raw traces,t-SNE
Nrg1 @ 2% glucose (mock/steady),2,train,Nrg1,2% glucose (mock/steady),11.622294425964355,5.2455291748046875,Raw traces,t-SNE
Nrg1 @ 2% glucose (mock/steady),2,train,Nrg1,2% glucose (mock/steady),-24.972639083862305,2.7190372943878174,Raw traces,t-SNE
Nrg1 @ 0.01% glucose,0,train,Nrg1,0.01% glucose,-3.0897276401519775,2.050879955291748,Raw traces,t-SNE
Rtg1 @ 0.01% glucose,3,train,Rtg1,0.01% glucose,35.87419509887695,0.8041651248931885,Raw traces,t-SNE
Nrg1 @ 2% glucose (mock/steady),2,train,Nrg1,2% glucose (mock/steady),-29.197582244873047,2.716449022293091,Raw traces,t-SNE
Rtg1 @ 0.01% glucose,3,train,Rtg1,0.01% glucose,36.47262191772461,-1.0732003450393677,Raw traces,t-SNE
Rtg1 @ 2% glucose (mock/steady),5,train,Rtg1,2% glucose (mock/steady),33.4849739074707,-3.9669861793518066,Raw traces,t-SNE
Nrg1 @ 0.1% glucose,1,train,Nrg1,0.1% glucose,-25.27387809753418,-1.828755497932434,Raw traces,t-SNE
Nrg1 @ 0.01% glucose,0,train,Nrg1,0.01% glucose,-17.150156021118164,0.6830765604972839,Raw traces,t-SNE
Rtg1 @ 0.1% glucose,4,train,Rtg1,0.1% glucose,7.939733028411865,0.24999551475048065,Raw traces,t-SNE
Rtg1 @ 0.01% glucose,3,train,Rtg1,0.01% glucose,29.624435424804688,-0.061319269239902496,Raw traces,t-SNE
Nrg1 @ 2% glucose (mock/steady),2,train,Nrg1,2% glucose (mock/steady),-32.211700439453125,1.6900885105133057,Raw traces,t-SNE
Rtg1 @ 0.1% glucose,4,train,Rtg1,0.1% glucose,19.26801872253418,1.1590920686721802,Raw traces,t-SNE
Rtg1 @ 0.01% glucose,3,train,Rtg1,0.01% glucose,37.62202453613281,0.8097724914550781,Raw traces,t-SNE
Rtg1 @ 0.01% glucose,3,train,Rtg1,0.01% glucose,32.85523223876953,-4.425364971160889,Raw traces,t-SNE
Rtg1 @ 2% glucose (mock/steady),5,train,Rtg1,2% glucose (mock/steady),13.688472747802734,0.25769689679145813,Raw traces,t-SNE
Rtg1 @ 2% glucose (mock/steady),5,train,Rtg1,2% glucose (mock/steady),30.55634880065918,2.6808993816375732,Raw traces,t-SNE
Nrg1 @ 2% glucose (mock/steady),2,train,Nrg1,2% glucose (mock/steady),-27.845064163208008,-3.3404452800750732,Raw traces,t-SNE
Nrg1 @ 0.1% glucose,1,train,Nrg1,0.1% glucose,-33.709651947021484,-4.831722259521484,Raw traces,t-SNE
Rtg1 @ 0.1% glucose,4,train,Rtg1,0.1% glucose,26.090225219726562,0.21183529496192932,Raw traces,t-SNE
Nrg1 @ 2% glucose (mock/steady),2,train,Nrg1,2% glucose (mock/steady),-27.88768196105957,-2.4155728816986084,Raw traces,t-SNE
Nrg1 @ 0.01% glucose,0,train,Nrg1,0.01% glucose,-8.972838401794434,3.637967586517334,Raw traces,t-SNE
Nrg1 @ 2% glucose (mock/steady),2,train,Nrg1,2% glucose (mock/steady),-31.919631958007812,3.721198558807373,Raw traces,t-SNE
Nrg1 @ 0.1% glucose,1,train,Nrg1,0.1% glucose,-36.1375617980957,-0.24521087110042572,Raw traces,t-SNE
Rtg1 @ 2% glucose (mock/steady),5,train,Rtg1,2% glucose (mock/steady),29.682498931884766,-3.7890865802764893,Raw traces,t-SNE
Nrg1 @ 0.01% glucose,0,train,Nrg1,0.01% glucose,-12.964781761169434,-0.018416933715343475,Raw traces,t-SNE
Rtg1 @ 0.1% glucose,4,train,Rtg1,0.1% glucose,9.800028800964355,-2.020095109939575,Raw traces,t-SNE
Rtg1 @ 0.1% glucose,4,train,Rtg1,0.1% glucose,9.934273719787598,0.2440337836742401,Raw traces,t-SNE
Nrg1 @ 0.01% glucose,0,train,Nrg1,0.01% glucose,-26.93090057373047,-1.624526023864746,Raw traces,t-SNE
Nrg1 @ 0.01% glucose,0,train,Nrg1,0.01% glucose,-1.089645504951477,-0.869391143321991,Raw traces,t-SNE
Rtg1 @ 0.1% glucose,4,train,Rtg1,0.1% glucose,24.53740119934082,3.2832250595092773,Raw traces,t-SNE
Nrg1 @ 0.1% glucose,1,train,Nrg1,0.1% glucose,-38.15486145019531,2.0674216747283936,Raw traces,t-SNE
Nrg1 @ 2% glucose (mock/steady),2,train,Nrg1,2% glucose (mock/steady),-5.467224597930908,-2.451465606689453,Raw traces,t-SNE
Nrg1 @ 0.01% glucose,0,train,Nrg1,0.01% glucose,-21.05681610107422,-3.096214532852173,Raw traces,t-SNE
Rtg1 @ 2% glucose (mock/steady),5,train,Rtg1,2% glucose (mock/steady),32.875064849853516,3.312390089035034,Raw traces,t-SNE
Rtg1 @ 0.01% glucose,3,train,Rtg1,0.01% glucose,38.698604583740234,1.5854099988937378,Raw traces,t-SNE
Rtg1 @ 0.1% glucose,4,train,Rtg1,0.1% glucose,12.243431091308594,2.1659042835235596,Raw traces,t-SNE
Nrg1 @ 0.1% glucose,1,train,Nrg1,0.1% glucose,-35.22397994995117,5.095644950866699,Raw traces,t-SNE
Rtg1 @ 0.01% glucose,3,train,Rtg1,0.01% glucose,41.59611129760742,-1.9954423904418945,Raw traces,t-SNE
Rtg1 @ 2% glucose (mock/steady),5,train,Rtg1,2% glucose (mock/steady),35.338722229003906,-0.9990962743759155,Raw traces,t-SNE
Rtg1 @ 0.1% glucose,4,train,Rtg1,0.1% glucose,16.15166473388672,-3.754380464553833,Raw traces,t-SNE
Nrg1 @ 0.01% glucose,0,train,Nrg1,0.01% glucose,-6.863738536834717,-0.40854209661483765,Raw traces,t-SNE
Nrg1 @ 2% glucose (mock/steady),2,train,Nrg1,2% glucose (mock/steady),-29.307292938232422,-0.026673872023820877,Raw traces,t-SNE
Rtg1 @ 0.1% glucose,4,train,Rtg1,0.1% glucose,25.927810668945312,1.4636492729187012,Raw traces,t-SNE
Nrg1 @ 0.1% glucose,1,train,Nrg1,0.1% glucose,-39.034141540527344,-2.0374622344970703,Raw traces,t-SNE
Nrg1 @ 0.01% glucose,0,train,Nrg1,0.01% glucose,-3.5518083572387695,-0.49156561493873596,Raw traces,t-SNE
Rtg1 @ 0.1% glucose,4,train,Rtg1,0.1% glucose,10.563176155090332,-0.7975812554359436,Raw traces,t-SNE
Rtg1 @ 0.1% glucose,4,train,Rtg1,0.1% glucose,8.80823040008545,0.7205731868743896,Raw traces,t-SNE
Rtg1 @ 0.1% glucose,4,train,Rtg1,0.1% glucose,17.53177261352539,-1.3011714220046997,Raw traces,t-SNE
Rtg1 @ 0.1% glucose,4,train,Rtg1,0.1% glucose,13.286149024963379,-2.167210817337036,Raw traces,t-SNE
Nrg1 @ 0.01% glucose,0,train,Nrg1,0.01% glucose,-1.743443489074707,-0.16471129655838013,Raw traces,t-SNE
Nrg1 @ 2% glucose (mock/steady),2,train,Nrg1,2% glucose (mock/steady),-36.873023986816406,2.1325504779815674,Raw traces,t-SNE
Rtg1 @ 2% glucose (mock/steady),5,train,Rtg1,2% glucose (mock/steady),29.914016723632812,3.766420602798462,Raw traces,t-SNE
Nrg1 @ 0.01% glucose,0,train,Nrg1,0.01% glucose,-5.252057075500488,0.7971800565719604,Raw traces,t-SNE
Rtg1 @ 0.01% glucose,3,train,Rtg1,0.01% glucose,36.13984680175781,-3.957111120223999,Raw traces,t-SNE
Rtg1 @ 0.01% glucose,3,train,Rtg1,0.01% glucose,39.68398666381836,-0.5897294282913208,Raw traces,t-SNE
Nrg1 @ 2% glucose (mock/steady),2,train,Nrg1,2% glucose (mock/steady),-24.773956298828125,-2.2346723079681396,Raw traces,t-SNE
Rtg1 @ 2% glucose (mock/steady),5,train,Rtg1,2% glucose (mock/steady),32.03376770019531,-0.18706850707530975,Raw traces,t-SNE
Rtg1 @ 2% glucose (mock/steady),5,train,Rtg1,2% glucose (mock/steady),33.81220245361328,-2.5139098167419434,Raw traces,t-SNE
Nrg1 @ 0.01% glucose,0,train,Nrg1,0.01% glucose,-5.798272132873535,-0.8002941608428955,Raw traces,t-SNE
Nrg1 @ 0.1% glucose,1,train,Nrg1,0.1% glucose,-41.73340606689453,0.15760110318660736,Raw traces,t-SNE
Nrg1 @ 2% glucose (mock/steady),2,train,Nrg1,2% glucose (mock/steady),-33.13385009765625,2.7868430614471436,Raw traces,t-SNE
Rtg1 @ 0.01% glucose,3,train,Rtg1,0.01% glucose,36.06652069091797,0.3080521523952484,Raw traces,t-SNE
Rtg1 @ 0.01% glucose,3,train,Rtg1,0.01% glucose,37.86954116821289,0.9584833979606628,Raw traces,t-SNE
Nrg1 @ 2% glucose (mock/steady),2,train,Nrg1,2% glucose (mock/steady),-31.9728946685791,2.3517072200775146,Raw traces,t-SNE
Rtg1 @ 0.01% glucose,3,train,Rtg1,0.01% glucose,29.77114486694336,-2.134978771209717,Raw traces,t-SNE
Rtg1 @ 0.1% glucose,4,train,Rtg1,0.1% glucose,17.025842666625977,1.2307929992675781,Raw traces,t-SNE
Rtg1 @ 0.01% glucose,3,train,Rtg1,0.01% glucose,34.779911041259766,-1.4259607791900635,Raw traces,t-SNE
Nrg1 @ 0.1% glucose,1,train,Nrg1,0.1% glucose,-42.896217346191406,-0.29410818219184875,Raw traces,t-SNE
Nrg1 @ 0.1% glucose,1,train,Nrg1,0.1% glucose,-21.96715545654297,-0.00675196060910821,Raw traces,t-SNE
Rtg1 @ 0.01% glucose,3,train,Rtg1,0.01% glucose,34.95384979248047,0.07024525851011276,Raw traces,t-SNE
Nrg1 @ 0.1% glucose,1,train,Nrg1,0.1% glucose,-38.37748336791992,1.173354148864746,Raw traces,t-SNE
Nrg1 @ 0.1% glucose,1,train,Nrg1,0.1% glucose,-39.362369537353516,0.19432543218135834,Raw traces,t-SNE
Rtg1 @ 2% glucose (mock/steady),5,train,Rtg1,2% glucose (mock/steady),26.307762145996094,-3.631406545639038,Raw traces,t-SNE
Nrg1 @ 0.1% glucose,1,train,Nrg1,0.1% glucose,-32.92741012573242,-5.5099101066589355,Raw traces,t-SNE
Rtg1 @ 0.1% glucose,4,train,Rtg1,0.1% glucose,16.665870666503906,0.721301794052124,Raw traces,t-SNE
Nrg1 @ 0.1% glucose,1,train,Nrg1,0.1% glucose,-20.971357345581055,1.9304741621017456,Raw traces,t-SNE
Rtg1 @ 0.01% glucose,3,train,Rtg1,0.01% glucose,37.552818298339844,-0.7255250811576843,Raw traces,t-SNE
Nrg1 @ 0.01% glucose,0,train,Nrg1,0.01% glucose,-10.713140487670898,0.7168890833854675,Raw traces,t-SNE
Rtg1 @ 0.01% glucose,3,train,Rtg1,0.01% glucose,30.561758041381836,-1.080498456954956,Raw traces,t-SNE
Rtg1 @ 0.1% glucose,4,train,Rtg1,0.1% glucose,17.634387969970703,2.3243038654327393,Raw traces,t-SNE
Rtg1 @ 0.1% glucose,4,train,Rtg1,0.1% glucose,10.401838302612305,0.8435621857643127,Raw traces,t-SNE
Nrg1 @ 0.1% glucose,1,train,Nrg1,0.1% glucose,-37.44119644165039,1.4973825216293335,Raw traces,t-SNE
Nrg1 @ 0.01% glucose,0,train,Nrg1,0.01% glucose,-11.126664161682129,-0.25535914301872253,Raw traces,t-SNE
Rtg1 @ 0.1% glucose,4,train,Rtg1,0.1% glucose,21.760066986083984,2.130930185317993,Raw traces,t-SNE
Nrg1 @ 0.01% glucose,0,train,Nrg1,0.01% glucose,-13.068717956542969,0.9975275993347168,Raw traces,t-SNE
Nrg1 @ 0.01% glucose,0,train,Nrg1,0.01% glucose,-11.418285369873047,-1.2573615312576294,Raw traces,t-SNE
Rtg1 @ 2% glucose (mock/steady),5,train,Rtg1,2% glucose (mock/steady),26.571903228759766,-1.1862975358963013,Raw traces,t-SNE
Nrg1 @ 2% glucose (mock/steady),2,train,Nrg1,2% glucose (mock/steady),-10.409655570983887,3.944300413131714,Raw traces,t-SNE
Nrg1 @ 0.1% glucose,1,train,Nrg1,0.1% glucose,-32.8173713684082,-5.0496015548706055,Raw traces,t-SNE
Rtg1 @ 2% glucose (mock/steady),5,train,Rtg1,2% glucose (mock/steady),30.44835090637207,-3.2834391593933105,Raw traces,t-SNE
Rtg1 @ 0.1% glucose,4,train,Rtg1,0.1% glucose,14.17699146270752,1.5008387565612793,Raw traces,t-SNE
Nrg1 @ 0.1% glucose,1,train,Nrg1,0.1% glucose,-35.35371017456055,0.4515150785446167,Raw traces,t-SNE
Nrg1 @ 2% glucose (mock/steady),2,train,Nrg1,2% glucose (mock/steady),-31.629545211791992,2.8649675846099854,Raw traces,t-SNE
Nrg1 @ 0.01% glucose,0,train,Nrg1,0.01% glucose,-11.879921913146973,0.13062699139118195,Raw traces,t-SNE
Nrg1 @ 2% glucose (mock/steady),2,train,Nrg1,2% glucose (mock/steady),-25.576335906982422,-0.6672646403312683,Raw traces,t-SNE
Nrg1 @ 2% glucose (mock/steady),2,train,Nrg1,2% glucose (mock/steady),-31.833171844482422,5.09758186340332,Raw traces,t-SNE
Nrg1 @ 2% glucose (mock/steady),2,train,Nrg1,2% glucose (mock/steady),-20.359176635742188,-1.7288705110549927,Raw traces,t-SNE
Rtg1 @ 2% glucose (mock/steady),5,train,Rtg1,2% glucose (mock/steady),11.79396915435791,4.918182373046875,Raw traces,t-SNE
Nrg1 @ 2% glucose (mock/steady),2,train,Nrg1,2% glucose (mock/steady),-31.036911010742188,0.5918933749198914,Raw traces,t-SNE
Rtg1 @ 0.1% glucose,4,train,Rtg1,0.1% glucose,21.17169761657715,0.5121936202049255,Raw traces,t-SNE
Rtg1 @ 0.01% glucose,3,train,Rtg1,0.01% glucose,40.189117431640625,-1.9953501224517822,Raw traces,t-SNE
Rtg1 @ 2% glucose (mock/steady),5,train,Rtg1,2% glucose (mock/steady),26.47747039794922,0.5854761600494385,Raw traces,t-SNE
Rtg1 @ 0.1% glucose,4,train,Rtg1,0.1% glucose,30.51824188232422,3.219059705734253,Raw traces,t-SNE
Nrg1 @ 0.01% glucose,0,train,Nrg1,0.01% glucose,-2.0717275142669678,0.5451735854148865,Raw traces,t-SNE
Nrg1 @ 0.01% glucose,0,train,Nrg1,0.01% glucose,-2.0683839321136475,0.45849665999412537,Raw traces,t-SNE
Rtg1 @ 2% glucose (mock/steady),5,train,Rtg1,2% glucose (mock/steady),24.10902214050293,-2.372591257095337,Raw traces,t-SNE
Rtg1 @ 0.1% glucose,4,train,Rtg1,0.1% glucose,-1.1540539264678955,-0.35209012031555176,Raw traces,t-SNE
Nrg1 @ 0.1% glucose,1,train,Nrg1,0.1% glucose,-35.31217956542969,0.8707606196403503,Raw traces,t-SNE
Nrg1 @ 2% glucose (mock/steady),2,train,Nrg1,2% glucose (mock/steady),-35.420806884765625,3.289201259613037,Raw traces,t-SNE
Rtg1 @ 2% glucose (mock/steady),5,train,Rtg1,2% glucose (mock/steady),33.770668029785156,0.19636642932891846,Raw traces,t-SNE
Rtg1 @ 0.01% glucose,3,train,Rtg1,0.01% glucose,35.756675720214844,-1.2074958086013794,Raw traces,t-SNE
Nrg1 @ 2% glucose (mock/steady),2,train,Nrg1,2% glucose (mock/steady),-34.164058685302734,4.321006774902344,Raw traces,t-SNE
Rtg1 @ 0.1% glucose,4,train,Rtg1,0.1% glucose,14.87317943572998,-0.6750180125236511,Raw traces,t-SNE
Rtg1 @ 2% glucose (mock/steady),5,train,Rtg1,2% glucose (mock/steady),28.12874984741211,-2.2441577911376953,Raw traces,t-SNE
Rtg1 @ 2% glucose (mock/steady),5,train,Rtg1,2% glucose (mock/steady),22.757701873779297,-0.9163554906845093,Raw traces,t-SNE
Rtg1 @ 0.01% glucose,3,train,Rtg1,0.01% glucose,33.86156463623047,-0.861838698387146,Raw traces,t-SNE
Nrg1 @ 0.01% glucose,0,train,Nrg1,0.01% glucose,-16.663965225219727,0.8254919052124023,Raw traces,t-SNE
Rtg1 @ 0.01% glucose,3,train,Rtg1,0.01% glucose,36.48816680908203,-0.9560123085975647,Raw traces,t-SNE
Nrg1 @ 0.01% glucose,0,train,Nrg1,0.01% glucose,-10.07170581817627,2.7009150981903076,Raw traces,t-SNE
Rtg1 @ 2% glucose (mock/steady),5,train,Rtg1,2% glucose (mock/steady),37.41954040527344,-1.8246479034423828,Raw traces,t-SNE
Rtg1 @ 0.01% glucose,3,train,Rtg1,0.01% glucose,41.34629440307617,-0.7964270114898682,Raw traces,t-SNE
Rtg1 @ 0.1% glucose,4,train,Rtg1,0.1% glucose,6.96519136428833,0.582791268825531,Raw traces,t-SNE
Rtg1 @ 0.1% glucose,4,train,Rtg1,0.1% glucose,8.993437767028809,0.5142199397087097,Raw traces,t-SNE
Nrg1 @ 0.1% glucose,1,train,Nrg1,0.1% glucose,-40.48381805419922,1.4337148666381836,Raw traces,t-SNE
Nrg1 @ 0.01% glucose,0,train,Nrg1,0.01% glucose,-10.74361515045166,-0.9152773022651672,Raw traces,t-SNE
Rtg1 @ 2% glucose (mock/steady),5,train,Rtg1,2% glucose (mock/steady),11.319295883178711,0.6988303661346436,Raw traces,t-SNE
Rtg1 @ 0.01% glucose,3,train,Rtg1,0.01% glucose,38.17073440551758,-0.9060327410697937,Raw traces,t-SNE
Rtg1 @ 0.01% glucose,3,train,Rtg1,0.01% glucose,38.46749496459961,-2.6068687438964844,Raw traces,t-SNE
Rtg1 @ 0.01% glucose,3,train,Rtg1,0.01% glucose,29.416778564453125,0.5228325724601746,Raw traces,t-SNE
Nrg1 @ 0.1% glucose,1,train,Nrg1,0.1% glucose,-37.72797775268555,0.4253595471382141,Raw traces,t-SNE
Nrg1 @ 2% glucose (mock/steady),2,test,Nrg1,2% glucose (mock/steady),-32.922218322753906,1.111357569694519,Raw traces,t-SNE
Rtg1 @ 0.1% glucose,4,test,Rtg1,0.1% glucose,20.029096603393555,0.45964980125427246,Raw traces,t-SNE
Rtg1 @ 0.1% glucose,4,test,Rtg1,0.1% glucose,8.484299659729004,2.1407501697540283,Raw traces,t-SNE
Nrg1 @ 0.1% glucose,1,test,Nrg1,0.1% glucose,-36.06391525268555,-3.8587400913238525,Raw traces,t-SNE
Nrg1 @ 0.1% glucose,1,test,Nrg1,0.1% glucose,-36.145381927490234,-2.373697280883789,Raw traces,t-SNE
Rtg1 @ 0.01% glucose,3,test,Rtg1,0.01% glucose,38.265594482421875,2.013824224472046,Raw traces,t-SNE
Rtg1 @ 2% glucose (mock/steady),5,test,Rtg1,2% glucose (mock/steady),15.5267915725708,-1.2798889875411987,Raw traces,t-SNE
Nrg1 @ 0.1% glucose,1,test,Nrg1,0.1% glucose,-40.533775329589844,-0.38660240173339844,Raw traces,t-SNE
Rtg1 @ 0.01% glucose,3,test,Rtg1,0.01% glucose,33.84190368652344,-4.820497035980225,Raw traces,t-SNE
Rtg1 @ 2% glucose (mock/steady),5,test,Rtg1,2% glucose (mock/steady),26.064279556274414,2.1851675510406494,Raw traces,t-SNE
Nrg1 @ 0.01% glucose,0,test,Nrg1,0.01% glucose,-10.208423614501953,0.0880863219499588,Raw traces,t-SNE
Nrg1 @ 0.1% glucose,1,test,Nrg1,0.1% glucose,-39.40708541870117,0.9005457162857056,Raw traces,t-SNE
Nrg1 @ 0.1% glucose,1,test,Nrg1,0.1% glucose,-30.766929626464844,-1.8929413557052612,Raw traces,t-SNE
Rtg1 @ 2% glucose (mock/steady),5,test,Rtg1,2% glucose (mock/steady),27.683311462402344,-2.7682855129241943,Raw traces,t-SNE
Nrg1 @ 0.01% glucose,0,test,Nrg1,0.01% glucose,-6.013561725616455,2.7689645290374756,Raw traces,t-SNE
Rtg1 @ 2% glucose (mock/steady),5,test,Rtg1,2% glucose (mock/steady),17.346813201904297,-0.9885193109512329,Raw traces,t-SNE
Nrg1 @ 2% glucose (mock/steady),2,test,Nrg1,2% glucose (mock/steady),-34.547447204589844,1.3769433498382568,Raw traces,t-SNE
Nrg1 @ 2% glucose (mock/steady),2,test,Nrg1,2% glucose (mock/steady),-27.715845108032227,2.4609954357147217,Raw traces,t-SNE
Rtg1 @ 2% glucose (mock/steady),5,test,Rtg1,2% glucose (mock/steady),10.681014060974121,3.754929780960083,Raw traces,t-SNE
Rtg1 @ 0.1% glucose,4,test,Rtg1,0.1% glucose,9.486237525939941,0.6492778062820435,Raw traces,t-SNE
Rtg1 @ 0.01% glucose,3,test,Rtg1,0.01% glucose,31.624326705932617,-3.3070051670074463,Raw traces,t-SNE
Rtg1 @ 0.1% glucose,4,test,Rtg1,0.1% glucose,18.644367218017578,-0.0916222631931305,Raw traces,t-SNE
Nrg1 @ 2% glucose (mock/steady),2,test,Nrg1,2% glucose (mock/steady),-24.529905319213867,-1.5029946565628052,Raw traces,t-SNE
Rtg1 @ 0.1% glucose,4,test,Rtg1,0.1% glucose,20.523700714111328,-1.4137591123580933,Raw traces,t-SNE
Nrg1 @ 2% glucose (mock/steady),2,test,Nrg1,2% glucose (mock/steady),-25.39432716369629,2.2346625328063965,Raw traces,t-SNE
Rtg1 @ 0.01% glucose,3,test,Rtg1,0.01% glucose,27.406131744384766,1.554502010345459,Raw traces,t-SNE
Rtg1 @ 2% glucose (mock/steady),5,test,Rtg1,2% glucose (mock/steady),25.279085159301758,1.1560860872268677,Raw traces,t-SNE
Rtg1 @ 2% glucose (mock/steady),5,test,Rtg1,2% glucose (mock/steady),29.705018997192383,-1.1342982053756714,Raw traces,t-SNE
Rtg1 @ 0.1% glucose,4,test,Rtg1,0.1% glucose,7.030519962310791,2.4746787548065186,Raw traces,t-SNE
Rtg1 @ 0.01% glucose,3,test,Rtg1,0.01% glucose,29.92606544494629,3.390002727508545,Raw traces,t-SNE
Nrg1 @ 0.01% glucose,0,test,Nrg1,0.01% glucose,-10.607725143432617,-2.473860502243042,Raw traces,t-SNE
Rtg1 @ 2% glucose (mock/steady),5,test,Rtg1,2% glucose (mock/steady),13.079436302185059,2.934410572052002,Raw traces,t-SNE
Rtg1 @ 0.01% glucose,3,test,Rtg1,0.01% glucose,32.07431411743164,-4.985849857330322,Raw traces,t-SNE
Nrg1 @ 0.01% glucose,0,test,Nrg1,0.01% glucose,-10.892799377441406,-3.2736899852752686,Raw traces,t-SNE
Nrg1 @ 2% glucose (mock/steady),2,test,Nrg1,2% glucose (mock/steady),-13.909207344055176,-0.17622247338294983,Raw traces,t-SNE
Nrg1 @ 0.1% glucose,1,test,Nrg1,0.1% glucose,-37.022003173828125,0.25503548979759216,Raw traces,t-SNE
Nrg1 @ 0.01% glucose,0,test,Nrg1,0.01% glucose,-9.175104141235352,0.497750848531723,Raw traces,t-SNE
Rtg1 @ 0.01% glucose,3,test,Rtg1,0.01% glucose,36.445045471191406,1.8772432804107666,Raw traces,t-SNE
Rtg1 @ 0.1% glucose,4,test,Rtg1,0.1% glucose,8.036359786987305,3.1238813400268555,Raw traces,t-SNE
Rtg1 @ 0.1% glucose,4,test,Rtg1,0.1% glucose,13.578983306884766,-0.7909479737281799,Raw traces,t-SNE
Rtg1 @ 2% glucose (mock/steady),5,test,Rtg1,2% glucose (mock/steady),11.84106731414795,2.963369131088257,Raw traces,t-SNE
Nrg1 @ 2% glucose (mock/steady),2,test,Nrg1,2% glucose (mock/steady),-29.960189819335938,1.0760616064071655,Raw traces,t-SNE
Nrg1 @ 0.1% glucose,1,test,Nrg1,0.1% glucose,-33.72063064575195,-1.17228364944458,Raw traces,t-SNE
Nrg1 @ 2% glucose (mock/steady),2,test,Nrg1,2% glucose (mock/steady),-34.53269958496094,1.930314064025879,Raw traces,t-SNE
Nrg1 @ 0.01% glucose,0,test,Nrg1,0.01% glucose,-10.94863510131836,2.2357938289642334,Raw traces,t-SNE
Rtg1 @ 0.1% glucose,4,test,Rtg1,0.1% glucose,6.673050880432129,1.0660074949264526,Raw traces,t-SNE
Nrg1 @ 2% glucose (mock/steady),2,test,Nrg1,2% glucose (mock/steady),-27.07575798034668,-1.940237045288086,Raw traces,t-SNE
Nrg1 @ 0.1% glucose,1,test,Nrg1,0.1% glucose,-37.31560516357422,-1.0873326063156128,Raw traces,t-SNE
Nrg1 @ 0.01% glucose,0,test,Nrg1,0.01% glucose,-11.104866981506348,-0.8817565441131592,Raw traces,t-SNE
Nrg1 @ 2% glucose (mock/steady),2,test,Nrg1,2% glucose (mock/steady),-30.805450439453125,1.2896239757537842,Raw traces,t-SNE
Nrg1 @ 2% glucose (mock/steady),2,test,Nrg1,2% glucose (mock/steady),-27.0965576171875,0.11469607055187225,Raw traces,t-SNE
Nrg1 @ 0.1% glucose,1,test,Nrg1,0.1% glucose,-35.290855407714844,-0.6053861975669861,Raw traces,t-SNE
Rtg1 @ 2% glucose (mock/steady),5,test,Rtg1,2% glucose (mock/steady),20.94244384765625,-2.8257222175598145,Raw traces,t-SNE
Rtg1 @ 0.01% glucose,3,test,Rtg1,0.01% glucose,41.14445114135742,-0.01082143560051918,Raw traces,t-SNE
Nrg1 @ 2% glucose (mock/steady),2,test,Nrg1,2% glucose (mock/steady),-43.49602508544922,-0.772888720035553,Raw traces,t-SNE
Rtg1 @ 2% glucose (mock/steady),5,test,Rtg1,2% glucose (mock/steady),28.353727340698242,1.9416357278823853,Raw traces,t-SNE
Nrg1 @ 0.1% glucose,1,test,Nrg1,0.1% glucose,-38.0615119934082,0.016460400074720383,Raw traces,t-SNE
Rtg1 @ 2% glucose (mock/steady),5,test,Rtg1,2% glucose (mock/steady),32.31184005737305,1.7652544975280762,Raw traces,t-SNE
Nrg1 @ 0.01% glucose,0,test,Nrg1,0.01% glucose,-12.04550838470459,-2.7219977378845215,Raw traces,t-SNE
Nrg1 @ 0.01% glucose,0,test,Nrg1,0.01% glucose,-8.152527809143066,3.147123336791992,Raw traces,t-SNE
Rtg1 @ 0.01% glucose,3,test,Rtg1,0.01% glucose,30.076980590820312,-5.049745082855225,Raw traces,t-SNE
Rtg1 @ 0.1% glucose,4,test,Rtg1,0.1% glucose,11.859292984008789,4.942557334899902,Raw traces,t-SNE
Rtg1 @ 0.01% glucose,3,test,Rtg1,0.01% glucose,32.558448791503906,-3.71134090423584,Raw traces,t-SNE
Rtg1 @ 0.1% glucose,4,test,Rtg1,0.1% glucose,14.883257865905762,-0.037149060517549515,Raw traces,t-SNE
Rtg1 @ 0.1% glucose,4,test,Rtg1,0.1% glucose,9.748326301574707,-0.4900146424770355,Raw traces,t-SNE
Nrg1 @ 0.01% glucose,0,test,Nrg1,0.01% glucose,-7.893143653869629,-2.1747477054595947,Raw traces,t-SNE
Nrg1 @ 0.1% glucose,1,test,Nrg1,0.1% glucose,-35.22577667236328,1.3818655014038086,Raw traces,t-SNE
Nrg1 @ 0.01% glucose,0,test,Nrg1,0.01% glucose,-10.925482749938965,0.07654695212841034,Raw traces,t-SNE
Rtg1 @ 2% glucose (mock/steady),5,test,Rtg1,2% glucose (mock/steady),29.94344711303711,2.314639091491699,Raw traces,t-SNE
Rtg1 @ 2% glucose (mock/steady),5,test,Rtg1,2% glucose (mock/steady),28.382328033447266,-1.2451261281967163,Raw traces,t-SNE
Rtg1 @ 0.01% glucose,3,test,Rtg1,0.01% glucose,37.56250762939453,-3.2843217849731445,Raw traces,t-SNE
Nrg1 @ 0.01% glucose,0,test,Nrg1,0.01% glucose,-11.821545600891113,1.1945401430130005,Raw traces,t-SNE
Rtg1 @ 2% glucose (mock/steady),5,test,Rtg1,2% glucose (mock/steady),14.880651473999023,-1.390620231628418,Raw traces,t-SNE
Nrg1 @ 2% glucose (mock/steady),2,test,Nrg1,2% glucose (mock/steady),-28.338071823120117,-1.5113826990127563,Raw traces,t-SNE
Rtg1 @ 2% glucose (mock/steady),5,test,Rtg1,2% glucose (mock/steady),25.519989013671875,-0.6041802763938904,Raw traces,t-SNE
Rtg1 @ 0.01% glucose,3,test,Rtg1,0.01% glucose,36.64419937133789,-2.613252878189087,Raw traces,t-SNE
Rtg1 @ 0.01% glucose,3,test,Rtg1,0.01% glucose,41.800445556640625,-0.19528678059577942,Raw traces,t-SNE
Rtg1 @ 0.1% glucose,4,test,Rtg1,0.1% glucose,17.130271911621094,-2.9555749893188477,Raw traces,t-SNE
Rtg1 @ 0.01% glucose,3,test,Rtg1,0.01% glucose,41.81591796875,-2.2954294681549072,Raw traces,t-SNE
Rtg1 @ 0.01% glucose,3,test,Rtg1,0.01% glucose,33.52082824707031,-1.2496944665908813,Raw traces,t-SNE
Nrg1 @ 0.1% glucose,1,test,Nrg1,0.1% glucose,-29.86188316345215,2.227902889251709,Raw traces,t-SNE
Rtg1 @ 0.1% glucose,4,test,Rtg1,0.1% glucose,31.941762924194336,-2.133606195449829,Raw traces,t-SNE
Nrg1 @ 0.1% glucose,1,test,Nrg1,0.1% glucose,-33.80801773071289,-2.8180885314941406,Raw traces,t-SNE
Nrg1 @ 2% glucose (mock/steady),2,test,Nrg1,2% glucose (mock/steady),-14.076345443725586,0.01959121599793434,Raw traces,t-SNE
Rtg1 @ 0.1% glucose,4,test,Rtg1,0.1% glucose,16.366924285888672,0.16840039193630219,Raw traces,t-SNE
Rtg1 @ 0.01% glucose,3,test,Rtg1,0.01% glucose,29.173660278320312,-0.4440953731536865,Raw traces,t-SNE
Nrg1 @ 2% glucose (mock/steady),2,test,Nrg1,2% glucose (mock/steady),-25.64027976989746,0.427266001701355,Raw traces,t-SNE
Nrg1 @ 2% glucose (mock/steady),2,test,Nrg1,2% glucose (mock/steady),-39.62163162231445,1.9118276834487915,Raw traces,t-SNE
Nrg1 @ 0.01% glucose,0,test,Nrg1,0.01% glucose,-5.127172470092773,0.32983967661857605,Raw traces,t-SNE
Nrg1 @ 0.01% glucose,0,test,Nrg1,0.01% glucose,-13.208301544189453,-1.2242405414581299,Raw traces,t-SNE
Nrg1 @ 0.01% glucose,0,test,Nrg1,0.01% glucose,-7.899305820465088,0.4491024315357208,Raw traces,t-SNE
Rtg1 @ 0.1% glucose,4,test,Rtg1,0.1% glucose,16.906597137451172,-2.221402645111084,Raw traces,t-SNE
Nrg1 @ 0.1% glucose,1,test,Nrg1,0.1% glucose,-26.211101531982422,-2.7733960151672363,Raw traces,t-SNE
Nrg1 @ 0.1% glucose,1,test,Nrg1,0.1% glucose,-36.86731719970703,-2.96791410446167,Raw traces,t-SNE
Rtg1 @ 0.1% glucose,4,train,Rtg1,0.1% glucose,0.022855225204157947,0.02261961301282646,Raw traces,PHATE
Nrg1 @ 0.1% glucose,1,train,Nrg1,0.1% glucose,-0.05162498811927415,-0.01630170287794914,Raw traces,PHATE
Nrg1 @ 0.01% glucose,0,train,Nrg1,0.01% glucose,-0.019362994420653718,0.024341734774454796,Raw traces,PHATE
Nrg1 @ 0.01% glucose,0,train,Nrg1,0.01% glucose,-0.04862695295890068,0.004089946940491287,Raw traces,PHATE
Nrg1 @ 0.1% glucose,1,train,Nrg1,0.1% glucose,-0.051878795142503355,-0.007070294993919097,Raw traces,PHATE
Rtg1 @ 2% glucose (mock/steady),5,train,Rtg1,2% glucose (mock/steady),0.04514015990110857,-0.004714975912590462,Raw traces,PHATE
Nrg1 @ 0.01% glucose,0,train,Nrg1,0.01% glucose,-0.017468348627574563,0.024810467815928237,Raw traces,PHATE
Rtg1 @ 0.01% glucose,3,train,Rtg1,0.01% glucose,0.04531779721653212,-0.014926913461930657,Raw traces,PHATE
Nrg1 @ 2% glucose (mock/steady),2,train,Nrg1,2% glucose (mock/steady),-0.052280320976099436,-0.009288164543231543,Raw traces,PHATE
Nrg1 @ 2% glucose (mock/steady),2,train,Nrg1,2% glucose (mock/steady),-0.04841258836156151,0.004461961443165595,Raw traces,PHATE
Rtg1 @ 0.1% glucose,4,train,Rtg1,0.1% glucose,0.03178764195110617,0.016491794801760933,Raw traces,PHATE
Rtg1 @ 0.1% glucose,4,train,Rtg1,0.1% glucose,0.040585252908738816,0.007590063308693566,Raw traces,PHATE
Rtg1 @ 0.1% glucose,4,train,Rtg1,0.1% glucose,0.02980789353956469,0.018088936774750673,Raw traces,PHATE
Nrg1 @ 0.1% glucose,1,train,Nrg1,0.1% glucose,-0.05022813941678691,-0.02195222883421921,Raw traces,PHATE
Rtg1 @ 2% glucose (mock/steady),5,train,Rtg1,2% glucose (mock/steady),0.04489557755565308,-0.01741581407039185,Raw traces,PHATE
Rtg1 @ 0.01% glucose,3,train,Rtg1,0.01% glucose,0.03803663201223074,-0.031727225459460336,Raw traces,PHATE
Nrg1 @ 0.01% glucose,0,train,Nrg1,0.01% glucose,-0.023948331716027952,0.022846640182405207,Raw traces,PHATE
Nrg1 @ 2% glucose (mock/steady),2,train,Nrg1,2% glucose (mock/steady),-0.0521930663171333,-0.013884134071991846,Raw traces,PHATE
Nrg1 @ 0.1% glucose,1,train,Nrg1,0.1% glucose,-0.05004311270145936,0.001037581250858444,Raw traces,PHATE
Nrg1 @ 0.1% glucose,1,train,Nrg1,0.1% glucose,-0.05108197572719372,-0.018810148408917086,Raw traces,PHATE
Rtg1 @ 2% glucose (mock/steady),5,train,Rtg1,2% glucose (mock/steady),0.03797797923544434,0.010719976783035155,Raw traces,PHATE
Rtg1 @ 0.01% glucose,3,train,Rtg1,0.01% glucose,0.042830602796177335,0.003773424134374476,Raw traces,PHATE
Rtg1 @ 0.01% glucose,3,train,Rtg1,0.01% glucose,0.041334593195886817,-0.02624307772147931,Raw traces,PHATE
Rtg1 @ 0.01% glucose,3,train,Rtg1,0.01% glucose,0.04572966074065481,-0.010512116579141789,Raw traces,PHATE
Nrg1 @ 2% glucose (mock/steady),2,train,Nrg1,2% glucose (mock/steady),-0.05237265824465495,-0.009416760191079006,Raw traces,PHATE
Rtg1 @ 0.1% glucose,4,train,Rtg1,0.1% glucose,0.04388198161791775,0.0009354064665139965,Raw traces,PHATE
Nrg1 @ 0.1% glucose,1,train,Nrg1,0.1% glucose,-0.04399408472874136,-0.032275048550189804,Raw traces,PHATE
Rtg1 @ 0.1% glucose,4,train,Rtg1,0.1% glucose,0.03765881387941039,0.010936712934824568,Raw traces,PHATE
Nrg1 @ 2% glucose (mock/steady),2,train,Nrg1,2% glucose (mock/steady),-0.048888120663816516,0.00343167068499742,Raw traces,PHATE
Rtg1 @ 2% glucose (mock/steady),5,train,Rtg1,2% glucose (mock/steady),0.04530140257793607,-0.00581121629274237,Raw traces,PHATE
Nrg1 @ 0.1% glucose,1,train,Nrg1,0.1% glucose,-0.05179146450205923,-0.004907101402389859,Raw traces,PHATE
Nrg1 @ 0.1% glucose,1,train,Nrg1,0.1% glucose,-0.052362392193496136,-0.013036375770677438,Raw traces,PHATE
Nrg1 @ 2% glucose (mock/steady),2,train,Nrg1,2% glucose (mock/steady),-0.04559784225660935,0.008613092570076947,Raw traces,PHATE
Nrg1 @ 0.1% glucose,1,train,Nrg1,0.1% glucose,-0.05221326139632017,-0.008541859915698505,Raw traces,PHATE
Rtg1 @ 0.1% glucose,4,train,Rtg1,0.1% glucose,0.021211580671986172,0.022521720436300977,Raw traces,PHATE
Nrg1 @ 0.1% glucose,1,train,Nrg1,0.1% glucose,-0.050044272864042214,-0.022401043468712585,Raw traces,PHATE
Rtg1 @ 2% glucose (mock/steady),5,train,Rtg1,2% glucose (mock/steady),0.03637806555503747,0.012258910025321515,Raw traces,PHATE
Rtg1 @ 2% glucose (mock/steady),5,train,Rtg1,2% glucose (mock/steady),0.0435788403572602,-0.022195110559649737,Raw traces,PHATE
Rtg1 @ 0.01% glucose,3,train,Rtg1,0.01% glucose,0.045733903051087224,-0.012462718339453983,Raw traces,PHATE
Nrg1 @ 0.1% glucose,1,train,Nrg1,0.1% glucose,-0.05211349234823573,-0.008151154013674404,Raw traces,PHATE
Rtg1 @ 2% glucose (mock/steady),5,train,Rtg1,2% glucose (mock/steady),0.03948766724524871,0.009813388141254977,Raw traces,PHATE
Rtg1 @ 2% glucose (mock/steady),5,train,Rtg1,2% glucose (mock/steady),0.04453903754950864,-0.0019516061076784409,Raw traces,PHATE
Nrg1 @ 0.1% glucose,1,train,Nrg1,0.1% glucose,-0.05131176722614916,-0.003189079139561455,Raw traces,PHATE
Rtg1 @ 2% glucose (mock/steady),5,train,Rtg1,2% glucose (mock/steady),0.04565175828235428,-0.00954223313817848,Raw traces,PHATE
Rtg1 @ 0.01% glucose,3,train,Rtg1,0.01% glucose,0.04194959463414517,-0.025228726490721557,Raw traces,PHATE
Rtg1 @ 0.1% glucose,4,train,Rtg1,0.1% glucose,0.03418267871914055,0.014675429877522862,Raw traces,PHATE
Nrg1 @ 0.01% glucose,0,train,Nrg1,0.01% glucose,-0.02659260091233003,0.02188441597966726,Raw traces,PHATE
Rtg1 @ 2% glucose (mock/steady),5,train,Rtg1,2% glucose (mock/steady),0.038284766488108496,0.010315192053022155,Raw traces,PHATE
Nrg1 @ 2% glucose (mock/steady),2,train,Nrg1,2% glucose (mock/steady),-0.05150433303093173,-0.017725777171548565,Raw traces,PHATE
Nrg1 @ 2% glucose (mock/steady),2,train,Nrg1,2% glucose (mock/steady),-0.017379391400759864,0.025018493520144503,Raw traces,PHATE
Rtg1 @ 0.1% glucose,4,train,Rtg1,0.1% glucose,0.03714662853587725,0.011546016417499406,Raw traces,PHATE
Nrg1 @ 2% glucose (mock/steady),2,train,Nrg1,2% glucose (mock/steady),-0.05133830403013214,-0.0024842938879089784,Raw traces,PHATE
Nrg1 @ 0.01% glucose,0,train,Nrg1,0.01% glucose,-0.023164896548780182,0.023309819525794556,Raw traces,PHATE
Nrg1 @ 2% glucose (mock/steady),2,train,Nrg1,2% glucose (mock/steady),-0.029671327755220047,0.020649096747147114,Raw traces,PHATE
Nrg1 @ 2% glucose (mock/steady),2,train,Nrg1,2% glucose (mock/steady),-0.04981887850644255,0.001632096460278478,Raw traces,PHATE
Nrg1 @ 2% glucose (mock/steady),2,train,Nrg1,2% glucose (mock/steady),-0.052439670982589816,-0.010742409966791124,Raw traces,PHATE
Nrg1 @ 0.1% glucose,1,train,Nrg1,0.1% glucose,-0.05165187454592861,-0.004226452038054127,Raw traces,PHATE
Rtg1 @ 0.01% glucose,3,train,Rtg1,0.01% glucose,0.045685840794518234,-0.013974230449595424,Raw traces,PHATE
Rtg1 @ 0.1% glucose,4,train,Rtg1,0.1% glucose,0.04465171328375104,-0.002417215496021906,Raw traces,PHATE
Nrg1 @ 0.01% glucose,0,train,Nrg1,0.01% glucose,-0.047247964314725735,0.006549658178430391,Raw traces,PHATE
Nrg1 @ 0.1% glucose,1,train,Nrg1,0.1% glucose,-0.052287024515495176,-0.011066011927699163,Raw traces,PHATE
Nrg1 @ 0.1% glucose,1,train,Nrg1,0.1% glucose,-0.05182465257208289,-0.00588578763544699,Raw traces,PHATE
Nrg1 @ 0.1% glucose,1,train,Nrg1,0.1% glucose,-0.052267077671396954,-0.011934453213878213,Raw traces,PHATE
Nrg1 @ 0.01% glucose,0,train,Nrg1,0.01% glucose,-0.0032703415116015857,0.027457454463883403,Raw traces,PHATE
Nrg1 @ 2% glucose (mock/steady),2,train,Nrg1,2% glucose (mock/steady),-0.05021100021700407,-0.02188718073182633,Raw traces,PHATE
Rtg1 @ 0.01% glucose,3,train,Rtg1,0.01% glucose,0.04431833319627055,-0.019319624597054108,Raw traces,PHATE
Nrg1 @ 2% glucose (mock/steady),2,train,Nrg1,2% glucose (mock/steady),-0.05132270008445344,-0.0023799984523276115,Raw traces,PHATE
Rtg1 @ 2% glucose (mock/steady),5,train,Rtg1,2% glucose (mock/steady),0.04239237758427304,0.00466987109835138,Raw traces,PHATE
Rtg1 @ 0.1% glucose,4,train,Rtg1,0.1% glucose,0.04147541837435422,0.006208604954982547,Raw traces,PHATE
Nrg1 @ 2% glucose (mock/steady),2,train,Nrg1,2% glucose (mock/steady),-0.0515701214768685,-0.005137794075850667,Raw traces,PHATE
Rtg1 @ 2% glucose (mock/steady),5,train,Rtg1,2% glucose (mock/steady),0.039258568363693985,0.009389183716581529,Raw traces,PHATE
Rtg1 @ 2% glucose (mock/steady),5,train,Rtg1,2% glucose (mock/steady),0.03675259787552894,0.011867575319346417,Raw traces,PHATE
Rtg1 @ 0.01% glucose,3,train,Rtg1,0.01% glucose,0.04255918297876892,-0.02373725808379213,Raw traces,PHATE
Nrg1 @ 0.01% glucose,0,train,Nrg1,0.01% glucose,-0.029203930116514468,0.020983575267516034,Raw traces,PHATE
Rtg1 @ 0.01% glucose,3,train,Rtg1,0.01% glucose,0.043009846191795445,0.003398163522873382,Raw traces,PHATE
Nrg1 @ 2% glucose (mock/steady),2,train,Nrg1,2% glucose (mock/steady),-0.051163737071109106,-0.01867204556633885,Raw traces,PHATE
Nrg1 @ 0.1% glucose,1,train,Nrg1,0.1% glucose,-0.05086913928847182,-0.01950489360984695,Raw traces,PHATE
Rtg1 @ 0.01% glucose,3,train,Rtg1,0.01% glucose,0.04501131781643701,-0.01743423064779062,Raw traces,PHATE
Rtg1 @ 0.01% glucose,3,train,Rtg1,0.01% glucose,0.04542922840180553,-0.013862898783637901,Raw traces,PHATE
Nrg1 @ 0.1% glucose,1,train,Nrg1,0.1% glucose,-0.04822119661300643,0.0047847592298132045,Raw traces,PHATE
Nrg1 @ 0.01% glucose,0,train,Nrg1,0.01% glucose,-0.014733657228906105,0.025621486242707072,Raw traces,PHATE
Nrg1 @ 0.01% glucose,0,train,Nrg1,0.01% glucose,-0.028106249790435255,0.021373579843046588,Raw traces,PHATE
Nrg1 @ 2% glucose (mock/steady),2,train,Nrg1,2% glucose (mock/steady),-0.051485475542675435,-0.0029766843754694457,Raw traces,PHATE
Rtg1 @ 2% glucose (mock/steady),5,train,Rtg1,2% glucose (mock/steady),0.0258499277528239,0.02092042977112159,Raw traces,PHATE
Rtg1 @ 2% glucose (mock/steady),5,train,Rtg1,2% glucose (mock/steady),0.03996677918202514,0.008332162800752147,Raw traces,PHATE
Nrg1 @ 2% glucose (mock/steady),2,train,Nrg1,2% glucose (mock/steady),-0.052270250468298494,-0.007361418794696864,Raw traces,PHATE
Rtg1 @ 0.1% glucose,4,train,Rtg1,0.1% glucose,0.028837140445080248,0.01897511190365392,Raw traces,PHATE
Nrg1 @ 0.01% glucose,0,train,Nrg1,0.01% glucose,0.0034648885690389316,0.0274233854456482,Raw traces,PHATE
Nrg1 @ 0.1% glucose,1,train,Nrg1,0.1% glucose,-0.052019482559985536,-0.015094018816181077,Raw traces,PHATE
Nrg1 @ 0.1% glucose,1,train,Nrg1,0.1% glucose,-0.05227303412657503,-0.01263618115460546,Raw traces,PHATE
Nrg1 @ 0.1% glucose,1,train,Nrg1,0.1% glucose,-0.04836392247678441,-0.025318929740268607,Raw traces,PHATE
Nrg1 @ 0.1% glucose,1,train,Nrg1,0.1% glucose,-0.052353599520506576,-0.011207618149427452,Raw traces,PHATE
Nrg1 @ 0.01% glucose,0,train,Nrg1,0.01% glucose,-0.03836299383847436,0.01649102908155211,Raw traces,PHATE
Rtg1 @ 0.01% glucose,3,train,Rtg1,0.01% glucose,0.0437334608356263,0.0018409774609876783,Raw traces,PHATE
Rtg1 @ 0.01% glucose,3,train,Rtg1,0.01% glucose,0.0454712748388955,-0.012814856707597156,Raw traces,PHATE
Rtg1 @ 0.01% glucose,3,train,Rtg1,0.01% glucose,0.0414043519567504,-0.026132388979897135,Raw traces,PHATE
Rtg1 @ 0.1% glucose,4,train,Rtg1,0.1% glucose,0.03447573355039142,0.014154787038838332,Raw traces,PHATE
Rtg1 @ 0.1% glucose,4,train,Rtg1,0.1% glucose,0.03643592431153359,0.012363236605988424,Raw traces,PHATE
Rtg1 @ 2% glucose (mock/steady),5,train,Rtg1,2% glucose (mock/steady),0.04549463902711503,-0.0068559773273039115,Raw traces,PHATE
Rtg1 @ 0.1% glucose,4,train,Rtg1,0.1% glucose,0.0435233667095784,0.0019932308243144907,Raw traces,PHATE
Nrg1 @ 2% glucose (mock/steady),2,train,Nrg1,2% glucose (mock/steady),-0.048231825226399135,0.004431485515456377,Raw traces,PHATE
Rtg1 @ 0.1% glucose,4,train,Rtg1,0.1% glucose,0.0314599081485849,0.017079640844505268,Raw traces,PHATE
Rtg1 @ 2% glucose (mock/steady),5,train,Rtg1,2% glucose (mock/steady),0.04537022432421251,-0.006230637989830851,Raw traces,PHATE
Rtg1 @ 0.1% glucose,4,train,Rtg1,0.1% glucose,0.045522546637389,-0.015506307175382166,Raw traces,PHATE
Nrg1 @ 0.1% glucose,1,train,Nrg1,0.1% glucose,-0.0522336209636789,-0.01333011601875252,Raw traces,PHATE
Nrg1 @ 2% glucose (mock/steady),2,train,Nrg1,2% glucose (mock/steady),-0.05127446504680937,-0.018306847026118393,Raw traces,PHATE
Nrg1 @ 0.01% glucose,0,train,Nrg1,0.01% glucose,-0.03654216237559047,0.017779003065842385,Raw traces,PHATE
Nrg1 @ 0.01% glucose,0,train,Nrg1,0.01% glucose,-0.03274124487961727,0.01937196435361339,Raw traces,PHATE
Nrg1 @ 0.01% glucose,0,train,Nrg1,0.01% glucose,-0.023585526443204864,0.02301729351697745,Raw traces,PHATE
Nrg1 @ 2% glucose (mock/steady),2,train,Nrg1,2% glucose (mock/steady),-0.05215458835029215,-0.006726868011050954,Raw traces,PHATE
Rtg1 @ 0.1% glucose,4,train,Rtg1,0.1% glucose,0.03664334748044661,0.011949236715542424,Raw traces,PHATE
Rtg1 @ 0.01% glucose,3,train,Rtg1,0.01% glucose,0.03909773116130718,-0.0297028963427412,Raw traces,PHATE
Nrg1 @ 0.1% glucose,1,train,Nrg1,0.1% glucose,-0.044853157774779245,-0.03080386479686159,Raw traces,PHATE
Rtg1 @ 2% glucose (mock/steady),5,train,Rtg1,2% glucose (mock/steady),0.04410702556546264,0.000211804129828942,Raw traces,PHATE
Nrg1 @ 0.1% glucose,1,train,Nrg1,0.1% glucose,-0.037095872450258485,0.017074909553592862,Raw traces,PHATE
Nrg1 @ 0.1% glucose,1,train,Nrg1,0.1% glucose,-0.04429565800994564,-0.03174688348444683,Raw traces,PHATE
Rtg1 @ 2% glucose (mock/steady),5,train,Rtg1,2% glucose (mock/steady),0.045764585435380575,-0.012974837119539234,Raw traces,PHATE
Nrg1 @ 0.01% glucose,0,train,Nrg1,0.01% glucose,0.0015900565456422391,0.02745363650231261,Raw traces,PHATE
Rtg1 @ 0.01% glucose,3,train,Rtg1,0.01% glucose,0.04532672140134957,-0.010056451561101305,Raw traces,PHATE
Nrg1 @ 0.1% glucose,1,train,Nrg1,0.1% glucose,-0.05104543718083217,-0.018210325774178165,Raw traces,PHATE
Nrg1 @ 0.01% glucose,0,train,Nrg1,0.01% glucose,-0.03897536559958661,0.016008300929208727,Raw traces,PHATE
Nrg1 @ 0.01% glucose,0,train,Nrg1,0.01% glucose,-0.0004420995067306882,0.0274027249755504,Raw traces,PHATE
Nrg1 @ 0.1% glucose,1,train,Nrg1,0.1% glucose,-0.052357481492010284,-0.009450470832036607,Raw traces,PHATE
Nrg1 @ 0.01% glucose,0,train,Nrg1,0.01% glucose,-0.007234599665834566,0.02686478296664242,Raw traces,PHATE
Rtg1 @ 2% glucose (mock/steady),5,train,Rtg1,2% glucose (mock/steady),0.03551469639919457,0.01312819108100084,Raw traces,PHATE
Nrg1 @ 0.1% glucose,1,train,Nrg1,0.1% glucose,-0.05160403433788908,-0.01581257092078551,Raw traces,PHATE
Rtg1 @ 2% glucose (mock/steady),5,train,Rtg1,2% glucose (mock/steady),0.041522970000624694,0.006168330328458757,Raw traces,PHATE
Nrg1 @ 0.01% glucose,0,train,Nrg1,0.01% glucose,-0.0231115231285609,0.02309923383180986,Raw traces,PHATE
Rtg1 @ 0.01% glucose,3,train,Rtg1,0.01% glucose,0.039544972090430675,-0.029405583899900105,Raw traces,PHATE
Rtg1 @ 0.1% glucose,4,train,Rtg1,0.1% glucose,0.03531391392426931,0.013705870738178388,Raw traces,PHATE
Rtg1 @ 2% glucose (mock/steady),5,train,Rtg1,2% glucose (mock/steady),0.0452192283537176,-0.005260095607808605,Raw traces,PHATE
Nrg1 @ 0.1% glucose,1,train,Nrg1,0.1% glucose,-0.05243374176392467,-0.011344658680787725,Raw traces,PHATE
Rtg1 @ 0.1% glucose,4,train,Rtg1,0.1% glucose,0.027530632039791395,0.01979547533161809,Raw traces,PHATE
Rtg1 @ 2% glucose (mock/steady),5,train,Rtg1,2% glucose (mock/steady),0.0296356542042334,0.01843088184386442,Raw traces,PHATE
Nrg1 @ 0.01% glucose,0,train,Nrg1,0.01% glucose,-0.0190932807164695,0.024706023971264694,Raw traces,PHATE
Rtg1 @ 0.01% glucose,3,train,Rtg1,0.01% glucose,0.04085400261808748,-0.02747965874876004,Raw traces,PHATE
Rtg1 @ 2% glucose (mock/steady),5,train,Rtg1,2% glucose (mock/steady),0.03635895205354222,0.012602387861399214,Raw traces,PHATE
Nrg1 @ 2% glucose (mock/steady),2,train,Nrg1,2% glucose (mock/steady),-0.0364280517984258,0.017574123572914595,Raw traces,PHATE
Rtg1 @ 2% glucose (mock/steady),5,train,Rtg1,2% glucose (mock/steady),0.044402053710712666,-0.0018651033505806224,Raw traces,PHATE
Nrg1 @ 0.1% glucose,1,train,Nrg1,0.1% glucose,-0.05192690665780657,-0.015297270094346444,Raw traces,PHATE
Rtg1 @ 2% glucose (mock/steady),5,train,Rtg1,2% glucose (mock/steady),0.043980840100234,0.0001752200255518611,Raw traces,PHATE
Rtg1 @ 2% glucose (mock/steady),5,train,Rtg1,2% glucose (mock/steady),0.0358026339596235,0.012787310525215817,Raw traces,PHATE
Nrg1 @ 0.01% glucose,0,train,Nrg1,0.01% glucose,-0.019575667049072463,0.023860844232433107,Raw traces,PHATE
Rtg1 @ 0.1% glucose,4,train,Rtg1,0.1% glucose,0.02575595624453438,0.02030060818632892,Raw traces,PHATE
Rtg1 @ 0.1% glucose,4,train,Rtg1,0.1% glucose,0.039624443848042076,0.008910178157515705,Raw traces,PHATE
Nrg1 @ 0.01% glucose,0,train,Nrg1,0.01% glucose,-0.04599963783581761,0.008390063344184812,Raw traces,PHATE
Rtg1 @ 2% glucose (mock/steady),5,train,Rtg1,2% glucose (mock/steady),0.04506062252036732,-0.004945417446906601,Raw traces,PHATE
Nrg1 @ 0.01% glucose,0,train,Nrg1,0.01% glucose,-0.031802925912285195,0.019750855493531245,Raw traces,PHATE
Nrg1 @ 0.01% glucose,0,train,Nrg1,0.01% glucose,-0.01045384413502296,0.0264460664082651,Raw traces,PHATE
Rtg1 @ 0.01% glucose,3,train,Rtg1,0.01% glucose,0.03838766791234178,-0.031196458647993062,Raw traces,PHATE
Rtg1 @ 0.01% glucose,3,train,Rtg1,0.01% glucose,0.04562279331427172,-0.010728630930476346,Raw traces,PHATE
Rtg1 @ 0.01% glucose,3,train,Rtg1,0.01% glucose,0.04393132617627669,-0.02135820629876469,Raw traces,PHATE
Rtg1 @ 2% glucose (mock/steady),5,train,Rtg1,2% glucose (mock/steady),0.04567195277965847,-0.008794243915995772,Raw traces,PHATE
Nrg1 @ 0.01% glucose,0,train,Nrg1,0.01% glucose,-0.024992976995961102,0.0229398019981246,Raw traces,PHATE
Rtg1 @ 0.01% glucose,3,train,Rtg1,0.01% glucose,0.04005271194478817,-0.02857619091726422,Raw traces,PHATE
Rtg1 @ 0.1% glucose,4,train,Rtg1,0.1% glucose,0.029218423460421958,0.018699345938590003,Raw traces,PHATE
Nrg1 @ 0.1% glucose,1,train,Nrg1,0.1% glucose,-0.052266056865100434,-0.009797061535447413,Raw traces,PHATE
Rtg1 @ 2% glucose (mock/steady),5,train,Rtg1,2% glucose (mock/steady),0.04146742775076069,-0.026438040466769525,Raw traces,PHATE
Rtg1 @ 0.1% glucose,4,train,Rtg1,0.1% glucose,0.03565233591736854,0.013121425895123598,Raw traces,PHATE
Rtg1 @ 2% glucose (mock/steady),5,train,Rtg1,2% glucose (mock/steady),0.03396116272467171,0.014905333947566582,Raw traces,PHATE
Rtg1 @ 0.1% glucose,4,train,Rtg1,0.1% glucose,0.04504595580971488,-0.003991186994814561,Raw traces,PHATE
Nrg1 @ 0.01% glucose,0,train,Nrg1,0.01% glucose,-0.03302759486978596,0.019151494525120202,Raw traces,PHATE
Nrg1 @ 2% glucose (mock/steady),2,train,Nrg1,2% glucose (mock/steady),-0.04700039017941299,0.007243330926739231,Raw traces,PHATE
Nrg1 @ 0.01% glucose,0,train,Nrg1,0.01% glucose,-0.022070190594046475,0.02357650249769629,Raw traces,PHATE
Rtg1 @ 0.1% glucose,4,train,Rtg1,0.1% glucose,0.038433060192485324,0.010170974152634363,Raw traces,PHATE
Rtg1 @ 0.01% glucose,3,train,Rtg1,0.01% glucose,0.04564809527086897,-0.009810780565792638,Raw traces,PHATE
Rtg1 @ 0.01% glucose,3,train,Rtg1,0.01% glucose,0.045009524488794854,-0.005990456621520619,Raw traces,PHATE
Nrg1 @ 2% glucose (mock/steady),2,train,Nrg1,2% glucose (mock/steady),-0.04910849262609247,0.0029841570132948868,Raw traces,PHATE
Nrg1 @ 0.01% glucose,0,train,Nrg1,0.01% glucose,-0.01460995051486874,0.025656219658280948,Raw traces,PHATE
Nrg1 @ 0.01% glucose,0,train,Nrg1,0.01% glucose,-0.01331239853823403,0.025643227363720888,Raw traces,PHATE
Rtg1 @ 2% glucose (mock/steady),5,train,Rtg1,2% glucose (mock/steady),0.04579189129676462,-0.011388456372725496,Raw traces,PHATE
Rtg1 @ 0.1% glucose,4,train,Rtg1,0.1% glucose,0.0365262021055415,0.012259611845330122,Raw traces,PHATE
Nrg1 @ 0.01% glucose,0,train,Nrg1,0.01% glucose,-0.015268054896432563,0.025374638497807706,Raw traces,PHATE
Rtg1 @ 2% glucose (mock/steady),5,train,Rtg1,2% glucose (mock/steady),0.04516932850168895,-0.004808386130103281,Raw traces,PHATE
Rtg1 @ 0.1% glucose,4,train,Rtg1,0.1% glucose,0.03446555097242199,0.014337837755165513,Raw traces,PHATE
Nrg1 @ 0.1% glucose,1,train,Nrg1,0.1% glucose,-0.04376341950174992,-0.03268817556330973,Raw traces,PHATE
Nrg1 @ 0.1% glucose,1,train,Nrg1,0.1% glucose,-0.05131628672730824,-0.01819982163575039,Raw traces,PHATE
Nrg1 @ 2% glucose (mock/steady),2,train,Nrg1,2% glucose (mock/steady),-0.04792004795606739,0.005221239828538428,Raw traces,PHATE
Nrg1 @ 0.01% glucose,0,train,Nrg1,0.01% glucose,-0.021452154962189968,0.023827455865610057,Raw traces,PHATE
Rtg1 @ 0.01% glucose,3,train,Rtg1,0.01% glucose,0.04357905402202723,-0.021843496194862883,Raw traces,PHATE
Rtg1 @ 0.1% glucose,4,train,Rtg1,0.1% glucose,0.03142132708164665,0.016806043623316065,Raw traces,PHATE
Rtg1 @ 2% glucose (mock/steady),5,train,Rtg1,2% glucose (mock/steady),0.035424368459187616,0.01334349227382948,Raw traces,PHATE
Rtg1 @ 0.01% glucose,3,train,Rtg1,0.01% glucose,0.04258206612026043,-0.02466661714590375,Raw traces,PHATE
Rtg1 @ 2% glucose (mock/steady),5,train,Rtg1,2% glucose (mock/steady),0.0314425762517094,0.016857636467009905,Raw traces,PHATE
Rtg1 @ 2% glucose (mock/steady),5,train,Rtg1,2% glucose (mock/steady),0.03627633187540314,0.012506001659209192,Raw traces,PHATE
Nrg1 @ 2% glucose (mock/steady),2,train,Nrg1,2% glucose (mock/steady),-0.050905368619168355,-0.0008817651049391181,Raw traces,PHATE
Nrg1 @ 0.1% glucose,1,train,Nrg1,0.1% glucose,-0.05205269207117472,-0.014321418238365465,Raw traces,PHATE
Rtg1 @ 0.1% glucose,4,train,Rtg1,0.1% glucose,0.03782409266933058,0.011008494064936676,Raw traces,PHATE
Nrg1 @ 2% glucose (mock/steady),2,train,Nrg1,2% glucose (mock/steady),-0.05214703122996832,-0.01434160612383056,Raw traces,PHATE
Nrg1 @ 0.01% glucose,0,train,Nrg1,0.01% glucose,-0.013116859911850343,0.025620324698558145,Raw traces,PHATE
Nrg1 @ 2% glucose (mock/steady),2,train,Nrg1,2% glucose (mock/steady),-0.04725890467226519,0.006665572471750594,Raw traces,PHATE
Nrg1 @ 0.1% glucose,1,train,Nrg1,0.1% glucose,-0.051332448565628644,-0.018326209373593916,Raw traces,PHATE
Rtg1 @ 0.01% glucose,3,train,Rtg1,0.01% glucose,0.04191304438025546,-0.025508751936590555,Raw traces,PHATE
Rtg1 @ 0.1% glucose,4,train,Rtg1,0.1% glucose,0.045423647280795273,-0.009599721534218586,Raw traces,PHATE
Nrg1 @ 0.1% glucose,1,train,Nrg1,0.1% glucose,-0.050875214015512316,-0.0011761340944299143,Raw traces,PHATE
Nrg1 @ 2% glucose (mock/steady),2,train,Nrg1,2% glucose (mock/steady),-0.04635263758776733,0.008098080019659485,Raw traces,PHATE
Nrg1 @ 0.01% glucose,0,train,Nrg1,0.01% glucose,-0.024507721212537126,0.022836418724541393,Raw traces,PHATE
Rtg1 @ 0.1% glucose,4,train,Rtg1,0.1% glucose,0.027361934656505226,0.019273919519986863,Raw traces,PHATE
Rtg1 @ 2% glucose (mock/steady),5,train,Rtg1,2% glucose (mock/steady),0.03251239120574394,0.016107181595168652,Raw traces,PHATE
Nrg1 @ 2% glucose (mock/steady),2,train,Nrg1,2% glucose (mock/steady),-0.05240157336996597,-0.011610996273770558,Raw traces,PHATE
Nrg1 @ 0.01% glucose,0,train,Nrg1,0.01% glucose,-0.023327559945783307,0.023047051789764267,Raw traces,PHATE
Rtg1 @ 0.01% glucose,3,train,Rtg1,0.01% glucose,0.042583167426651115,-0.02374999876505658,Raw traces,PHATE
Nrg1 @ 2% glucose (mock/steady),2,train,Nrg1,2% glucose (mock/steady),-0.051981553176124566,-0.005065166143552442,Raw traces,PHATE
Nrg1 @ 0.01% glucose,0,train,Nrg1,0.01% glucose,-0.016239265097081696,0.025184298876207926,Raw traces,PHATE
Rtg1 @ 0.01% glucose,3,train,Rtg1,0.01% glucose,0.044829809124888514,-0.018421959006374285,Raw traces,PHATE
Rtg1 @ 0.01% glucose,3,train,Rtg1,0.01% glucose,0.04236294574744789,-0.025182444177407743,Raw traces,PHATE
Nrg1 @ 2% glucose (mock/steady),2,train,Nrg1,2% glucose (mock/steady),-0.04779511594118233,0.005551890641087227,Raw traces,PHATE
Rtg1 @ 0.01% glucose,3,train,Rtg1,0.01% glucose,0.04008490993754025,-0.02855625467395981,Raw traces,PHATE
Nrg1 @ 0.1% glucose,1,train,Nrg1,0.1% glucose,-0.035781519568005765,0.01782318618955362,Raw traces,PHATE
Rtg1 @ 0.1% glucose,4,train,Rtg1,0.1% glucose,0.03659992751537368,0.012016158478239256,Raw traces,PHATE
Rtg1 @ 0.01% glucose,3,train,Rtg1,0.01% glucose,0.04512177418022821,-0.014164020438869863,Raw traces,PHATE
Rtg1 @ 2% glucose (mock/steady),5,train,Rtg1,2% glucose (mock/steady),0.03911881682288591,0.009229520309454493,Raw traces,PHATE
Rtg1 @ 0.01% glucose,3,train,Rtg1,0.01% glucose,0.04210477976100353,-0.024442404754985544,Raw traces,PHATE
Nrg1 @ 0.1% glucose,1,train,Nrg1,0.1% glucose,-0.05179373811501684,-0.013231621349926974,Raw traces,PHATE
Nrg1 @ 2% glucose (mock/steady),2,train,Nrg1,2% glucose (mock/steady),-0.05234201924718478,-0.009114297097185912,Raw traces,PHATE
Nrg1 @ 2% glucose (mock/steady),2,train,Nrg1,2% glucose (mock/steady),-0.048993564621170695,0.0031535973791703073,Raw traces,PHATE
Nrg1 @ 0.1% glucose,1,train,Nrg1,0.1% glucose,-0.0518091672582673,-0.016341073628998344,Raw traces,PHATE
Rtg1 @ 0.01% glucose,3,train,Rtg1,0.01% glucose,0.04489363216453892,-0.0037766923193423532,Raw traces,PHATE
Rtg1 @ 2% glucose (mock/steady),5,train,Rtg1,2% glucose (mock/steady),0.03622988746629396,0.012169763554876211,Raw traces,PHATE
Nrg1 @ 2% glucose (mock/steady),2,train,Nrg1,2% glucose (mock/steady),-0.0523650486959358,-0.008444195646182526,Raw traces,PHATE
Nrg1 @ 0.1% glucose,1,train,Nrg1,0.1% glucose,-0.05157435410924911,-0.017136101019029036,Raw traces,PHATE
Rtg1 @ 0.1% glucose,4,train,Rtg1,0.1% glucose,0.037015819832821276,0.011622027127834281,Raw traces,PHATE
Nrg1 @ 2% glucose (mock/steady),2,train,Nrg1,2% glucose (mock/steady),-0.043881091251910594,0.011283201213083424,Raw traces,PHATE
Nrg1 @ 0.01% glucose,0,train,Nrg1,0.01% glucose,-0.035106807388823894,0.01843751481901421,Raw traces,PHATE
Rtg1 @ 0.1% glucose,4,train,Rtg1,0.1% glucose,0.034194312423101586,0.014397114359457898,Raw traces,PHATE
Nrg1 @ 0.1% glucose,1,train,Nrg1,0.1% glucose,-0.04867435031664483,0.0042337144120922895,Raw traces,PHATE
Rtg1 @ 0.01% glucose,3,train,Rtg1,0.01% glucose,0.045028840124071316,-0.006986554777387254,Raw traces,PHATE
Nrg1 @ 0.1% glucose,1,train,Nrg1,0.1% glucose,-0.052058139261828604,-0.010180408302982094,Raw traces,PHATE
Rtg1 @ 2% glucose (mock/steady),5,train,Rtg1,2% glucose (mock/steady),0.035416435785510965,0.013273209910900667,Raw traces,PHATE
Rtg1 @ 0.1% glucose,4,train,Rtg1,0.1% glucose,0.03061638517403564,0.01766227403325673,Raw traces,PHATE
Nrg1 @ 2% glucose (mock/steady),2,train,Nrg1,2% glucose (mock/steady),-0.05178255341699175,-0.01661722395108299,Raw traces,PHATE
Nrg1 @ 0.1% glucose,1,train,Nrg1,0.1% glucose,-0.051085937762352526,-0.019319350383296952,Raw traces,PHATE
Nrg1 @ 2% glucose (mock/steady),2,train,Nrg1,2% glucose (mock/steady),-0.05199660903125092,-0.005129448178574492,Raw traces,PHATE
Nrg1 @ 2% glucose (mock/steady),2,train,Nrg1,2% glucose (mock/steady),-0.048931882181639894,0.0035870214640047983,Raw traces,PHATE
Nrg1 @ 0.01% glucose,0,train,Nrg1,0.01% glucose,-0.01992213459915765,0.024182219787753992,Raw traces,PHATE
Nrg1 @ 0.01% glucose,0,train,Nrg1,0.01% glucose,-0.03681238724391928,0.01732701403621,Raw traces,PHATE
Rtg1 @ 0.01% glucose,3,train,Rtg1,0.01% glucose,0.04528471984815661,-0.005990934285529992,Raw traces,PHATE
Rtg1 @ 0.1% glucose,4,train,Rtg1,0.1% glucose,0.042203199986902425,-0.025070592073360747,Raw traces,PHATE
Nrg1 @ 0.01% glucose,0,train,Nrg1,0.01% glucose,-0.0006944852565940662,0.02753944277495793,Raw traces,PHATE
Rtg1 @ 2% glucose (mock/steady),5,train,Rtg1,2% glucose (mock/steady),0.045152366648614786,-0.004929890354809455,Raw traces,PHATE
Nrg1 @ 2% glucose (mock/steady),2,train,Nrg1,2% glucose (mock/steady),-0.051409549724471995,-0.0025532229810212867,Raw traces,PHATE
Nrg1 @ 2% glucose (mock/steady),2,train,Nrg1,2% glucose (mock/steady),-0.04192977799817338,0.013543128109834953,Raw traces,PHATE
Rtg1 @ 2% glucose (mock/steady),5,train,Rtg1,2% glucose (mock/steady),0.03317793836536144,0.015455253918401864,Raw traces,PHATE
Nrg1 @ 2% glucose (mock/steady),2,train,Nrg1,2% glucose (mock/steady),0.03030038880431145,0.017298756099235497,Raw traces,PHATE
Nrg1 @ 2% glucose (mock/steady),2,train,Nrg1,2% glucose (mock/steady),-0.04953630692782257,0.0022295524630099833,Raw traces,PHATE
Nrg1 @ 0.01% glucose,0,train,Nrg1,0.01% glucose,0.0007556938709051509,0.027623741526201114,Raw traces,PHATE
Rtg1 @ 0.01% glucose,3,train,Rtg1,0.01% glucose,0.04474301331775388,-0.01891733689499848,Raw traces,PHATE
Nrg1 @ 2% glucose (mock/steady),2,train,Nrg1,2% glucose (mock/steady),-0.052445700072783735,-0.009818742982976195,Raw traces,PHATE
Rtg1 @ 0.01% glucose,3,train,Rtg1,0.01% glucose,0.04444503784556097,-0.019014020108732627,Raw traces,PHATE
Rtg1 @ 2% glucose (mock/steady),5,train,Rtg1,2% glucose (mock/steady),0.045359258034325535,-0.010671070845973648,Raw traces,PHATE
Nrg1 @ 0.1% glucose,1,train,Nrg1,0.1% glucose,-0.049660716219435685,0.0018979717228304587,Raw traces,PHATE
Nrg1 @ 0.01% glucose,0,train,Nrg1,0.01% glucose,-0.04163169085352867,0.014058838262672277,Raw traces,PHATE
Rtg1 @ 0.1% glucose,4,train,Rtg1,0.1% glucose,0.025499604868871747,0.02105131035340666,Raw traces,PHATE
Rtg1 @ 0.01% glucose,3,train,Rtg1,0.01% glucose,0.04574163429930055,-0.009655389113008003,Raw traces,PHATE
Nrg1 @ 2% glucose (mock/steady),2,train,Nrg1,2% glucose (mock/steady),-0.05243793799340827,-0.012109947471324574,Raw traces,PHATE
Rtg1 @ 0.1% glucose,4,train,Rtg1,0.1% glucose,0.04172987371035991,0.0058074962335902085,Raw traces,PHATE
Rtg1 @ 0.01% glucose,3,train,Rtg1,0.01% glucose,0.04328548653555042,-0.02292694202650604,Raw traces,PHATE
Rtg1 @ 0.01% glucose,3,train,Rtg1,0.01% glucose,0.04542198256428164,-0.011993436174732528,Raw traces,PHATE
Rtg1 @ 2% glucose (mock/steady),5,train,Rtg1,2% glucose (mock/steady),0.038043540909336954,0.01100984507239147,Raw traces,PHATE
Rtg1 @ 2% glucose (mock/steady),5,train,Rtg1,2% glucose (mock/steady),0.045693744943096894,-0.01011547815053946,Raw traces,PHATE
Nrg1 @ 2% glucose (mock/steady),2,train,Nrg1,2% glucose (mock/steady),-0.05132836227221932,-0.002255084290539121,Raw traces,PHATE
Nrg1 @ 0.1% glucose,1,train,Nrg1,0.1% glucose,-0.051784116648413085,-0.0063369000440060995,Raw traces,PHATE
Rtg1 @ 0.1% glucose,4,train,Rtg1,0.1% glucose,0.04480218185080047,-0.0029729110329392476,Raw traces,PHATE
Nrg1 @ 2% glucose (mock/steady),2,train,Nrg1,2% glucose (mock/steady),-0.05175696722734593,-0.003757188264424206,Raw traces,PHATE
Nrg1 @ 0.01% glucose,0,train,Nrg1,0.01% glucose,-0.020436226659498714,0.024208935039441326,Raw traces,PHATE
Nrg1 @ 2% glucose (mock/steady),2,train,Nrg1,2% glucose (mock/steady),-0.05235299489116563,-0.013188647426031383,Raw traces,PHATE
Nrg1 @ 0.1% glucose,1,train,Nrg1,0.1% glucose,-0.05185573537565411,-0.01616150145033118,Raw traces,PHATE
Rtg1 @ 2% glucose (mock/steady),5,train,Rtg1,2% glucose (mock/steady),0.04547510018044627,-0.007946923462230198,Raw traces,PHATE
Nrg1 @ 0.01% glucose,0,train,Nrg1,0.01% glucose,-0.03435944624343272,0.01860905775935783,Raw traces,PHATE
Rtg1 @ 0.1% glucose,4,train,Rtg1,0.1% glucose,0.031334952535448525,0.01678927605226758,Raw traces,PHATE
Rtg1 @ 0.1% glucose,4,train,Rtg1,0.1% glucose,0.03040650030222947,0.017731372165716554,Raw traces,PHATE
Nrg1 @ 0.01% glucose,0,train,Nrg1,0.01% glucose,-0.05105638365212259,-0.001833438339612306,Raw traces,PHATE
Nrg1 @ 0.01% glucose,0,train,Nrg1,0.01% glucose,0.0034717151407111695,0.02737272138395018,Raw traces,PHATE
Rtg1 @ 0.1% glucose,4,train,Rtg1,0.1% glucose,0.04452093672688771,-0.0014399379862556274,Raw traces,PHATE
Nrg1 @ 0.1% glucose,1,train,Nrg1,0.1% glucose,-0.05136961378098446,-0.017517223446212336,Raw traces,PHATE
Nrg1 @ 2% glucose (mock/steady),2,train,Nrg1,2% glucose (mock/steady),-0.009800335053437229,0.026843120992145465,Raw traces,PHATE
Nrg1 @ 0.01% glucose,0,train,Nrg1,0.01% glucose,-0.045563270049288375,0.009040212443153608,Raw traces,PHATE
Rtg1 @ 2% glucose (mock/steady),5,train,Rtg1,2% glucose (mock/steady),0.045792136579102596,-0.013298318149339527,Raw traces,PHATE
Rtg1 @ 0.01% glucose,3,train,Rtg1,0.01% glucose,0.04216966042008762,-0.025612215868474803,Raw traces,PHATE
Rtg1 @ 0.1% glucose,4,train,Rtg1,0.1% glucose,0.032807638500542975,0.01584147182248533,Raw traces,PHATE
Nrg1 @ 0.1% glucose,1,train,Nrg1,0.1% glucose,-0.05228057740391889,-0.013653233216487794,Raw traces,PHATE
Rtg1 @ 0.01% glucose,3,train,Rtg1,0.01% glucose,0.03913266254278262,-0.02966298525225222,Raw traces,PHATE
Rtg1 @ 2% glucose (mock/steady),5,train,Rtg1,2% glucose (mock/steady),0.0448361525550166,-0.01786730150060189,Raw traces,PHATE
Rtg1 @ 0.1% glucose,4,train,Rtg1,0.1% glucose,0.033954535483119226,0.014795310310673859,Raw traces,PHATE
Nrg1 @ 0.01% glucose,0,train,Nrg1,0.01% glucose,-0.0097117382199971,0.026103059902300187,Raw traces,PHATE
Nrg1 @ 2% glucose (mock/steady),2,train,Nrg1,2% glucose (mock/steady),-0.05238149527246708,-0.007691733760074117,Raw traces,PHATE
Rtg1 @ 0.1% glucose,4,train,Rtg1,0.1% glucose,0.0448355356530634,-0.0028421784924238945,Raw traces,PHATE
Nrg1 @ 0.1% glucose,1,train,Nrg1,0.1% glucose,-0.051387970852656,-0.016697661839218912,Raw traces,PHATE
Nrg1 @ 0.01% glucose,0,train,Nrg1,0.01% glucose,-0.002912905314036593,0.02746707188006455,Raw traces,PHATE
Rtg1 @ 0.1% glucose,4,train,Rtg1,0.1% glucose,0.03229340160214151,0.016207442461046804,Raw traces,PHATE
Rtg1 @ 0.1% glucose,4,train,Rtg1,0.1% glucose,0.02572397840515081,0.021105745496458994,Raw traces,PHATE
Rtg1 @ 0.1% glucose,4,train,Rtg1,0.1% glucose,0.04014039946677604,0.008100935954721306,Raw traces,PHATE
Rtg1 @ 0.1% glucose,4,train,Rtg1,0.1% glucose,0.03620001489062281,0.012457727477283772,Raw traces,PHATE
Nrg1 @ 0.01% glucose,0,train,Nrg1,0.01% glucose,0.00455342549093544,0.027356671875680326,Raw traces,PHATE
Nrg1 @ 2% glucose (mock/steady),2,train,Nrg1,2% glucose (mock/steady),-0.051772994643629715,-0.015442007268620923,Raw traces,PHATE
Rtg1 @ 2% glucose (mock/steady),5,train,Rtg1,2% glucose (mock/steady),0.045645239445008944,-0.009514195000468916,Raw traces,PHATE
Nrg1 @ 0.01% glucose,0,train,Nrg1,0.01% glucose,-0.004966716871837826,0.02699911753197565,Raw traces,PHATE
Rtg1 @ 0.01% glucose,3,train,Rtg1,0.01% glucose,0.04449903398351749,-0.0190920976638096,Raw traces,PHATE
Rtg1 @ 0.01% glucose,3,train,Rtg1,0.01% glucose,0.040488405030883655,-0.02783234733656323,Raw traces,PHATE
Nrg1 @ 2% glucose (mock/steady),2,train,Nrg1,2% glucose (mock/steady),-0.049179556274581024,0.0028798020121420164,Raw traces,PHATE
Rtg1 @ 2% glucose (mock/steady),5,train,Rtg1,2% glucose (mock/steady),0.045676185726890986,-0.010908106861388486,Raw traces,PHATE
Rtg1 @ 2% glucose (mock/steady),5,train,Rtg1,2% glucose (mock/steady),0.04529009718155015,-0.015443552672357412,Raw traces,PHATE
Nrg1 @ 0.01% glucose,0,train,Nrg1,0.01% glucose,-0.009883044978813151,0.026461462786660263,Raw traces,PHATE
Nrg1 @ 0.1% glucose,1,train,Nrg1,0.1% glucose,-0.04703843735507372,-0.027169591445090173,Raw traces,PHATE
Nrg1 @ 2% glucose (mock/steady),2,train,Nrg1,2% glucose (mock/steady),-0.052347897632369154,-0.011047118142698618,Raw traces,PHATE
Rtg1 @ 0.01% glucose,3,train,Rtg1,0.01% glucose,0.04460796902411177,-0.019301784231503718,Raw traces,PHATE
Rtg1 @ 0.01% glucose,3,train,Rtg1,0.01% glucose,0.042891713480294615,-0.02390566160421334,Raw traces,PHATE
Nrg1 @ 2% glucose (mock/steady),2,train,Nrg1,2% glucose (mock/steady),-0.052385522191982434,-0.012689881276128533,Raw traces,PHATE
Rtg1 @ 0.01% glucose,3,train,Rtg1,0.01% glucose,0.04542891293279542,-0.007251924022672747,Raw traces,PHATE
Rtg1 @ 0.1% glucose,4,train,Rtg1,0.1% glucose,0.038609021706670944,0.010066635705846897,Raw traces,PHATE
Rtg1 @ 0.01% glucose,3,train,Rtg1,0.01% glucose,0.044916800496884214,-0.017578347282344326,Raw traces,PHATE
Nrg1 @ 0.1% glucose,1,train,Nrg1,0.1% glucose,-0.04375557182343141,-0.03268001962961612,Raw traces,PHATE
Nrg1 @ 0.1% glucose,1,train,Nrg1,0.1% glucose,-0.0483112405720225,0.004720816945574181,Raw traces,PHATE
Rtg1 @ 0.01% glucose,3,train,Rtg1,0.01% glucose,0.04496207617200428,-0.017975491771562227,Raw traces,PHATE
Nrg1 @ 0.1% glucose,1,train,Nrg1,0.1% glucose,-0.051047901265467356,-0.019098471429796187,Raw traces,PHATE
Nrg1 @ 0.1% glucose,1,train,Nrg1,0.1% glucose,-0.050394423746738026,-0.02136877139018928,Raw traces,PHATE
Rtg1 @ 2% glucose (mock/steady),5,train,Rtg1,2% glucose (mock/steady),0.04482692908598473,-0.0031627987577875077,Raw traces,PHATE
Nrg1 @ 0.1% glucose,1,train,Nrg1,0.1% glucose,-0.051533678513751284,-0.005596041049372751,Raw traces,PHATE
Rtg1 @ 0.1% glucose,4,train,Rtg1,0.1% glucose,0.03896676639703572,0.009695032330611376,Raw traces,PHATE
Nrg1 @ 0.1% glucose,1,train,Nrg1,0.1% glucose,-0.04377737928956593,0.012005368198042038,Raw traces,PHATE
Rtg1 @ 0.01% glucose,3,train,Rtg1,0.01% glucose,0.04321889957019874,-0.022940303920982084,Raw traces,PHATE
Nrg1 @ 0.01% glucose,0,train,Nrg1,0.01% glucose,-0.0225226249859912,0.02328248642899609,Raw traces,PHATE
Rtg1 @ 0.01% glucose,3,train,Rtg1,0.01% glucose,0.045814213175538875,-0.010981556637004092,Raw traces,PHATE
Rtg1 @ 0.1% glucose,4,train,Rtg1,0.1% glucose,0.03894364041381929,0.009692161582994309,Raw traces,PHATE
Rtg1 @ 0.1% glucose,4,train,Rtg1,0.1% glucose,0.030722120277851546,0.01729152445215179,Raw traces,PHATE
Nrg1 @ 0.1% glucose,1,train,Nrg1,0.1% glucose,-0.05154644135700228,-0.016772085794898566,Raw traces,PHATE
Nrg1 @ 0.01% glucose,0,train,Nrg1,0.01% glucose,-0.0276418010803944,0.021455109815384746,Raw traces,PHATE
Rtg1 @ 0.1% glucose,4,train,Rtg1,0.1% glucose,0.041990347414475396,0.005268791732214092,Raw traces,PHATE
Nrg1 @ 0.01% glucose,0,train,Nrg1,0.01% glucose,-0.03234625967416123,0.019750407434002318,Raw traces,PHATE
Nrg1 @ 0.01% glucose,0,train,Nrg1,0.01% glucose,-0.029303730649395593,0.020902141127765658,Raw traces,PHATE
Rtg1 @ 2% glucose (mock/steady),5,train,Rtg1,2% glucose (mock/steady),0.045207597161251604,-0.004992165247722157,Raw traces,PHATE
Nrg1 @ 2% glucose (mock/steady),2,train,Nrg1,2% glucose (mock/steady),-0.018140476499956464,0.02461316826737049,Raw traces,PHATE
Nrg1 @ 0.1% glucose,1,train,Nrg1,0.1% glucose,-0.049989938356441325,-0.0005666090544980434,Raw traces,PHATE
Rtg1 @ 2% glucose (mock/steady),5,train,Rtg1,2% glucose (mock/steady),0.045481788368320106,-0.00864300289690096,Raw traces,PHATE
Rtg1 @ 0.1% glucose,4,train,Rtg1,0.1% glucose,0.03499967510230123,0.013901634826782989,Raw traces,PHATE
Nrg1 @ 0.1% glucose,1,train,Nrg1,0.1% glucose,-0.05203706796301966,-0.014694277370871062,Raw traces,PHATE
Nrg1 @ 2% glucose (mock/steady),2,train,Nrg1,2% glucose (mock/steady),-0.052390687134327804,-0.010767761899290507,Raw traces,PHATE
Nrg1 @ 0.01% glucose,0,train,Nrg1,0.01% glucose,-0.030874406587597776,0.02021933592712078,Raw traces,PHATE
Nrg1 @ 2% glucose (mock/steady),2,train,Nrg1,2% glucose (mock/steady),-0.050883750398631335,-0.0009476911705129439,Raw traces,PHATE
Nrg1 @ 2% glucose (mock/steady),2,train,Nrg1,2% glucose (mock/steady),-0.05223169638644875,-0.01131819751803345,Raw traces,PHATE
Nrg1 @ 2% glucose (mock/steady),2,train,Nrg1,2% glucose (mock/steady),-0.04537114826359057,0.009495119688520178,Raw traces,PHATE
Rtg1 @ 2% glucose (mock/steady),5,train,Rtg1,2% glucose (mock/steady),0.03362316718634798,0.015188471427913464,Raw traces,PHATE
Nrg1 @ 2% glucose (mock/steady),2,train,Nrg1,2% glucose (mock/steady),-0.05246130241045004,-0.009591716530092189,Raw traces,PHATE
Rtg1 @ 0.1% glucose,4,train,Rtg1,0.1% glucose,0.04351451837162613,0.002337409157128898,Raw traces,PHATE
Rtg1 @ 0.01% glucose,3,train,Rtg1,0.01% glucose,0.04133581229458688,-0.02624279495626432,Raw traces,PHATE
Rtg1 @ 2% glucose (mock/steady),5,train,Rtg1,2% glucose (mock/steady),0.04513538829018697,-0.0044784075896509064,Raw traces,PHATE
Rtg1 @ 0.1% glucose,4,train,Rtg1,0.1% glucose,0.04568636121321653,-0.009870370318648016,Raw traces,PHATE
Nrg1 @ 0.01% glucose,0,train,Nrg1,0.01% glucose,0.008425316909779263,0.0271390225871418,Raw traces,PHATE
Nrg1 @ 0.01% glucose,0,train,Nrg1,0.01% glucose,0.007888223391270663,0.02705797562420196,Raw traces,PHATE
Rtg1 @ 2% glucose (mock/steady),5,train,Rtg1,2% glucose (mock/steady),0.04339990684755825,0.002119452479316809,Raw traces,PHATE
Rtg1 @ 0.1% glucose,4,train,Rtg1,0.1% glucose,0.008915132292050962,0.02701849895061204,Raw traces,PHATE
Nrg1 @ 0.1% glucose,1,train,Nrg1,0.1% glucose,-0.05184952229056258,-0.016198211032154398,Raw traces,PHATE
Nrg1 @ 2% glucose (mock/steady),2,train,Nrg1,2% glucose (mock/steady),-0.05188006125025451,-0.01605616269324366,Raw traces,PHATE
Rtg1 @ 2% glucose (mock/steady),5,train,Rtg1,2% glucose (mock/steady),0.04539794886052603,-0.015987731328938708,Raw traces,PHATE
Rtg1 @ 0.01% glucose,3,train,Rtg1,0.01% glucose,0.0443876626482577,-0.01944393351081781,Raw traces,PHATE
Nrg1 @ 2% glucose (mock/steady),2,train,Nrg1,2% glucose (mock/steady),-0.052208303949771544,-0.012931940658354847,Raw traces,PHATE
Rtg1 @ 0.1% glucose,4,train,Rtg1,0.1% glucose,0.03693876881447529,0.011756847529016096,Raw traces,PHATE
Rtg1 @ 2% glucose (mock/steady),5,train,Rtg1,2% glucose (mock/steady),0.0453781548045394,-0.006256597742798575,Raw traces,PHATE
Rtg1 @ 2% glucose (mock/steady),5,train,Rtg1,2% glucose (mock/steady),0.04339023346768812,0.0024389540811668186,Raw traces,PHATE
Rtg1 @ 0.01% glucose,3,train,Rtg1,0.01% glucose,0.04527102003289858,-0.016204534037588897,Raw traces,PHATE
Nrg1 @ 0.01% glucose,0,train,Nrg1,0.01% glucose,-0.03891858449813079,0.016121856337397402,Raw traces,PHATE
Rtg1 @ 0.01% glucose,3,train,Rtg1,0.01% glucose,0.04389829849364907,-0.021139044639076843,Raw traces,PHATE
Nrg1 @ 0.01% glucose,0,train,Nrg1,0.01% glucose,-0.022181106772297923,0.023661600553974742,Raw traces,PHATE
Rtg1 @ 2% glucose (mock/steady),5,train,Rtg1,2% glucose (mock/steady),0.044265610611671995,-0.020253416614560545,Raw traces,PHATE
Rtg1 @ 0.01% glucose,3,train,Rtg1,0.01% glucose,0.03861366428960124,-0.030747942902545306,Raw traces,PHATE
Rtg1 @ 0.1% glucose,4,train,Rtg1,0.1% glucose,0.01699967663821717,0.02541680968267814,Raw traces,PHATE
Rtg1 @ 0.1% glucose,4,train,Rtg1,0.1% glucose,0.025591047111392925,0.020978863792331954,Raw traces,PHATE
Nrg1 @ 0.1% glucose,1,train,Nrg1,0.1% glucose,-0.0505004491035755,-0.02134139024388561,Raw traces,PHATE
Nrg1 @ 0.01% glucose,0,train,Nrg1,0.01% glucose,-0.029160024067524246,0.02080221874662386,Raw traces,PHATE
Rtg1 @ 2% glucose (mock/steady),5,train,Rtg1,2% glucose (mock/steady),0.030991042180676,0.017492953342021784,Raw traces,PHATE
Rtg1 @ 0.01% glucose,3,train,Rtg1,0.01% glucose,0.04296136419271115,-0.023395009282819033,Raw traces,PHATE
Rtg1 @ 0.01% glucose,3,train,Rtg1,0.01% glucose,0.043611338144135606,-0.020596878391691827,Raw traces,PHATE
Rtg1 @ 0.01% glucose,3,train,Rtg1,0.01% glucose,0.04560839063936037,-0.008512402190536953,Raw traces,PHATE
Nrg1 @ 0.1% glucose,1,train,Nrg1,0.1% glucose,-0.05136382206532631,-0.01822679855461334,Raw traces,PHATE
Nrg1 @ 2% glucose (mock/steady),2,test,Nrg1,2% glucose (mock/steady),-0.05235047863171629,-0.012664122772462929,Raw traces,PHATE
Rtg1 @ 0.1% glucose,4,test,Rtg1,0.1% glucose,0.04220469649238414,0.004972153491667624,Raw traces,PHATE
Rtg1 @ 0.1% glucose,4,test,Rtg1,0.1% glucose,0.026549670098435126,0.020018383993246673,Raw traces,PHATE
Nrg1 @ 0.1% glucose,1,test,Nrg1,0.1% glucose,-0.05196235101343925,-0.01114713620625576,Raw traces,PHATE
Nrg1 @ 0.1% glucose,1,test,Nrg1,0.1% glucose,-0.05199180368866752,-0.013165904623628011,Raw traces,PHATE
Rtg1 @ 0.01% glucose,3,test,Rtg1,0.01% glucose,0.04249146021599893,-0.02472542567638547,Raw traces,PHATE
Rtg1 @ 2% glucose (mock/steady),5,test,Rtg1,2% glucose (mock/steady),0.037965235992725554,0.010572288252274324,Raw traces,PHATE
Nrg1 @ 0.1% glucose,1,test,Nrg1,0.1% glucose,-0.04999965543797258,-0.021777296532909017,Raw traces,PHATE
Rtg1 @ 0.01% glucose,3,test,Rtg1,0.01% glucose,0.04533292746764831,-0.012092824210336134,Raw traces,PHATE
Rtg1 @ 2% glucose (mock/steady),5,test,Rtg1,2% glucose (mock/steady),0.04482978810196572,-0.002723528136236573,Raw traces,PHATE
Nrg1 @ 0.01% glucose,0,test,Nrg1,0.01% glucose,-0.02623976883622529,0.022148109886582612,Raw traces,PHATE
Nrg1 @ 0.1% glucose,1,test,Nrg1,0.1% glucose,-0.05057849747811286,-0.02075140239292038,Raw traces,PHATE
Nrg1 @ 0.1% glucose,1,test,Nrg1,0.1% glucose,-0.05213486249391234,-0.0076947074762374265,Raw traces,PHATE
Rtg1 @ 2% glucose (mock/steady),5,test,Rtg1,2% glucose (mock/steady),0.045359868468048535,-0.006132815134686888,Raw traces,PHATE
Nrg1 @ 0.01% glucose,0,test,Nrg1,0.01% glucose,-0.01598986944729186,0.025447708700920526,Raw traces,PHATE
Rtg1 @ 2% glucose (mock/steady),5,test,Rtg1,2% glucose (mock/steady),0.040084894745426376,0.008128442525208,Raw traces,PHATE
Nrg1 @ 2% glucose (mock/steady),2,test,Nrg1,2% glucose (mock/steady),-0.05198195667787294,-0.01543881629828156,Raw traces,PHATE
Nrg1 @ 2% glucose (mock/steady),2,test,Nrg1,2% glucose (mock/steady),-0.052010960317163686,-0.006040420476441737,Raw traces,PHATE
Rtg1 @ 2% glucose (mock/steady),5,test,Rtg1,2% glucose (mock/steady),0.03265081256196967,0.016102574152366107,Raw traces,PHATE
Rtg1 @ 0.1% glucose,4,test,Rtg1,0.1% glucose,0.02806378812009148,0.019531019646319224,Raw traces,PHATE
Rtg1 @ 0.01% glucose,3,test,Rtg1,0.01% glucose,0.045492863762363785,-0.010499302469194895,Raw traces,PHATE
Rtg1 @ 0.1% glucose,4,test,Rtg1,0.1% glucose,0.04110764688471355,0.00672327014438333,Raw traces,PHATE
Nrg1 @ 2% glucose (mock/steady),2,test,Nrg1,2% glucose (mock/steady),-0.04954738252067822,0.0023153135839521543,Raw traces,PHATE
Rtg1 @ 0.1% glucose,4,test,Rtg1,0.1% glucose,0.04196014644242505,0.005530595731089157,Raw traces,PHATE
Nrg1 @ 2% glucose (mock/steady),2,test,Nrg1,2% glucose (mock/steady),-0.050925419713808824,-0.0010123914462677962,Raw traces,PHATE
Rtg1 @ 0.01% glucose,3,test,Rtg1,0.01% glucose,0.0452668592655503,-0.005307351258664832,Raw traces,PHATE
Rtg1 @ 2% glucose (mock/steady),5,test,Rtg1,2% glucose (mock/steady),0.04453351501328987,-0.0019087588106224266,Raw traces,PHATE
Rtg1 @ 2% glucose (mock/steady),5,test,Rtg1,2% glucose (mock/steady),0.04579905679508648,-0.009760582089837582,Raw traces,PHATE
Rtg1 @ 0.1% glucose,4,test,Rtg1,0.1% glucose,0.02438610989527621,0.021698045737109217,Raw traces,PHATE
Rtg1 @ 0.01% glucose,3,test,Rtg1,0.01% glucose,0.045362199115240184,-0.007573972533632351,Raw traces,PHATE
Nrg1 @ 0.01% glucose,0,test,Nrg1,0.01% glucose,-0.030095969345991673,0.020465457737826785,Raw traces,PHATE
Rtg1 @ 2% glucose (mock/steady),5,test,Rtg1,2% glucose (mock/steady),0.03345643557398693,0.015338074162092563,Raw traces,PHATE
Rtg1 @ 0.01% glucose,3,test,Rtg1,0.01% glucose,0.04524684935872264,-0.009305724738437871,Raw traces,PHATE
Nrg1 @ 0.01% glucose,0,test,Nrg1,0.01% glucose,-0.032154872942004815,0.01961539663651582,Raw traces,PHATE
Nrg1 @ 2% glucose (mock/steady),2,test,Nrg1,2% glucose (mock/steady),-0.03551153923777719,0.01796540703755985,Raw traces,PHATE
Nrg1 @ 0.1% glucose,1,test,Nrg1,0.1% glucose,-0.051338361294800086,-0.018470281939895195,Raw traces,PHATE
Nrg1 @ 0.01% glucose,0,test,Nrg1,0.01% glucose,-0.023102401020034732,0.023035571945353175,Raw traces,PHATE
Rtg1 @ 0.01% glucose,3,test,Rtg1,0.01% glucose,0.044777480308808834,-0.018570031057952012,Raw traces,PHATE
Rtg1 @ 0.1% glucose,4,test,Rtg1,0.1% glucose,0.02589204295584736,0.02024681908102075,Raw traces,PHATE
Rtg1 @ 0.1% glucose,4,test,Rtg1,0.1% glucose,0.03759665965708469,0.011411380229526641,Raw traces,PHATE
Rtg1 @ 2% glucose (mock/steady),5,test,Rtg1,2% glucose (mock/steady),0.03241978925163857,0.016289599531529805,Raw traces,PHATE
Nrg1 @ 2% glucose (mock/steady),2,test,Nrg1,2% glucose (mock/steady),-0.052468781689568283,-0.009552744135385911,Raw traces,PHATE
Nrg1 @ 0.1% glucose,1,test,Nrg1,0.1% glucose,-0.05233967573392079,-0.011895075338823608,Raw traces,PHATE
Nrg1 @ 2% glucose (mock/steady),2,test,Nrg1,2% glucose (mock/steady),-0.052028876780144596,-0.014833016597973056,Raw traces,PHATE
Nrg1 @ 0.01% glucose,0,test,Nrg1,0.01% glucose,-0.023258228168216686,0.023371634200405014,Raw traces,PHATE
Rtg1 @ 0.1% glucose,4,test,Rtg1,0.1% glucose,0.016945031117771247,0.025429062733857095,Raw traces,PHATE
Nrg1 @ 2% glucose (mock/steady),2,test,Nrg1,2% glucose (mock/steady),-0.051110495210847325,-0.0016713884832477773,Raw traces,PHATE
Nrg1 @ 0.1% glucose,1,test,Nrg1,0.1% glucose,-0.051226578395280685,-0.018869495402101515,Raw traces,PHATE
Nrg1 @ 0.01% glucose,0,test,Nrg1,0.01% glucose,-0.028464218477651723,0.0213026392881849,Raw traces,PHATE
Nrg1 @ 2% glucose (mock/steady),2,test,Nrg1,2% glucose (mock/steady),-0.05248820114201539,-0.009994568505396735,Raw traces,PHATE
Nrg1 @ 2% glucose (mock/steady),2,test,Nrg1,2% glucose (mock/steady),-0.05161974588820295,-0.003545849903039546,Raw traces,PHATE
Nrg1 @ 0.1% glucose,1,test,Nrg1,0.1% glucose,-0.05200665537147314,-0.015086598565183422,Raw traces,PHATE
Rtg1 @ 2% glucose (mock/steady),5,test,Rtg1,2% glucose (mock/steady),0.04187600705889193,0.005800211122599829,Raw traces,PHATE
Rtg1 @ 0.01% glucose,3,test,Rtg1,0.01% glucose,0.038639806348977984,-0.03081131820632463,Raw traces,PHATE
Nrg1 @ 2% glucose (mock/steady),2,test,Nrg1,2% glucose (mock/steady),-0.04331673843881769,-0.033452598261436144,Raw traces,PHATE
Rtg1 @ 2% glucose (mock/steady),5,test,Rtg1,2% glucose (mock/steady),0.04575185321934664,-0.009624760569350473,Raw traces,PHATE
Nrg1 @ 0.1% glucose,1,test,Nrg1,0.1% glucose,-0.05106839700759696,-0.019468708703398906,Raw traces,PHATE
Rtg1 @ 2% glucose (mock/steady),5,test,Rtg1,2% glucose (mock/steady),0.045801411612656155,-0.012835804672468257,Raw traces,PHATE
Nrg1 @ 0.01% glucose,0,test,Nrg1,0.01% glucose,-0.03604088365487233,0.017805697278390153,Raw traces,PHATE
Nrg1 @ 0.01% glucose,0,test,Nrg1,0.01% glucose,-0.019445036053532302,0.02434848610815664,Raw traces,PHATE
Rtg1 @ 0.01% glucose,3,test,Rtg1,0.01% glucose,0.044313388876670814,-0.0008931081502929396,Raw traces,PHATE
Rtg1 @ 0.1% glucose,4,test,Rtg1,0.1% glucose,0.0320981182093931,0.016226702255993354,Raw traces,PHATE
Rtg1 @ 0.01% glucose,3,test,Rtg1,0.01% glucose,0.04549262758897744,-0.012193422817224015,Raw traces,PHATE
Rtg1 @ 0.1% glucose,4,test,Rtg1,0.1% glucose,0.03642406015468972,0.012407218445003636,Raw traces,PHATE
Rtg1 @ 0.1% glucose,4,test,Rtg1,0.1% glucose,0.029489579882955926,0.018513221581888877,Raw traces,PHATE
Nrg1 @ 0.01% glucose,0,test,Nrg1,0.01% glucose,-0.01592138432704845,0.025355462221904317,Raw traces,PHATE
Nrg1 @ 0.1% glucose,1,test,Nrg1,0.1% glucose,-0.05194896176822522,-0.015507811750907909,Raw traces,PHATE
Nrg1 @ 0.01% glucose,0,test,Nrg1,0.01% glucose,-0.02705560076558058,0.021736027911329024,Raw traces,PHATE
Rtg1 @ 2% glucose (mock/steady),5,test,Rtg1,2% glucose (mock/steady),0.04569662035331509,-0.009441173133482498,Raw traces,PHATE
Rtg1 @ 2% glucose (mock/steady),5,test,Rtg1,2% glucose (mock/steady),0.04550528214419734,-0.006986928668549613,Raw traces,PHATE
Rtg1 @ 0.01% glucose,3,test,Rtg1,0.01% glucose,0.0432022841923449,-0.02312856948585624,Raw traces,PHATE
Nrg1 @ 0.01% glucose,0,test,Nrg1,0.01% glucose,-0.02880968307909105,0.02101370440236259,Raw traces,PHATE
Rtg1 @ 2% glucose (mock/steady),5,test,Rtg1,2% glucose (mock/steady),0.03760357477594022,0.011002241495141415,Raw traces,PHATE
Nrg1 @ 2% glucose (mock/steady),2,test,Nrg1,2% glucose (mock/steady),-0.05161774258489654,-0.0035634545225324827,Raw traces,PHATE
Rtg1 @ 2% glucose (mock/steady),5,test,Rtg1,2% glucose (mock/steady),0.044721186848747506,-0.00278144187263195,Raw traces,PHATE
Rtg1 @ 0.01% glucose,3,test,Rtg1,0.01% glucose,0.044044382480078074,-0.02015130558568253,Raw traces,PHATE
Rtg1 @ 0.01% glucose,3,test,Rtg1,0.01% glucose,0.03820233142745861,-0.03146977603265332,Raw traces,PHATE
Rtg1 @ 0.1% glucose,4,test,Rtg1,0.1% glucose,0.03864320307922533,0.009883630429993042,Raw traces,PHATE
Rtg1 @ 0.01% glucose,3,test,Rtg1,0.01% glucose,0.039439631535618545,-0.029131543571234705,Raw traces,PHATE
Rtg1 @ 0.01% glucose,3,test,Rtg1,0.01% glucose,0.04540181115474715,-0.015136382292254169,Raw traces,PHATE
Nrg1 @ 0.1% glucose,1,test,Nrg1,0.1% glucose,-0.05231114107634006,-0.00824733090094189,Raw traces,PHATE
Rtg1 @ 0.1% glucose,4,test,Rtg1,0.1% glucose,0.04555763177983639,-0.011001553842478709,Raw traces,PHATE
Nrg1 @ 0.1% glucose,1,test,Nrg1,0.1% glucose,-0.05220352426038807,-0.009265062991140464,Raw traces,PHATE
Nrg1 @ 2% glucose (mock/steady),2,test,Nrg1,2% glucose (mock/steady),-0.035069837440742914,0.018146879118765728,Raw traces,PHATE
Rtg1 @ 0.1% glucose,4,test,Rtg1,0.1% glucose,0.03971545155870719,0.00881318934906267,Raw traces,PHATE
Rtg1 @ 0.01% glucose,3,test,Rtg1,0.01% glucose,0.04550335179336958,-0.007715053530083984,Raw traces,PHATE
Nrg1 @ 2% glucose (mock/steady),2,test,Nrg1,2% glucose (mock/steady),-0.05075439004737993,-0.0007063845814361303,Raw traces,PHATE
Nrg1 @ 2% glucose (mock/steady),2,test,Nrg1,2% glucose (mock/steady),-0.05079839585583347,-0.020277830603992488,Raw traces,PHATE
Nrg1 @ 0.01% glucose,0,test,Nrg1,0.01% glucose,-0.00138133179431643,0.027089069723432193,Raw traces,PHATE
Nrg1 @ 0.01% glucose,0,test,Nrg1,0.01% glucose,-0.03206663569086026,0.019615915934735943,Raw traces,PHATE
Nrg1 @ 0.01% glucose,0,test,Nrg1,0.01% glucose,-0.016700272767310235,0.024604669872530908,Raw traces,PHATE
Rtg1 @ 0.1% glucose,4,test,Rtg1,0.1% glucose,0.03849409883774526,0.010060104718213905,Raw traces,PHATE
Nrg1 @ 0.1% glucose,1,test,Nrg1,0.1% glucose,-0.05141512748483907,-0.003010387856977633,Raw traces,PHATE
Nrg1 @ 0.1% glucose,1,test,Nrg1,0.1% glucose,-0.05183812110569974,-0.014183626607088865,Raw traces,PHATE
Rtg1 @ 0.1% glucose,4,train,Rtg1,0.1% glucose,2.2292249722177075,0.2084661083218705,catch22,PCA
Nrg1 @ 0.1% glucose,1,train,Nrg1,0.1% glucose,0.7420672139096863,2.0330333811061396,catch22,PCA
Nrg1 @ 0.01% glucose,0,train,Nrg1,0.01% glucose,0.7147591927647104,1.113125035093016,catch22,PCA
Nrg1 @ 0.01% glucose,0,train,Nrg1,0.01% glucose,1.5144896125654077,2.2032646341980713,catch22,PCA
Nrg1 @ 0.1% glucose,1,train,Nrg1,0.1% glucose,-2.5475985081555357,2.3719763393976665,catch22,PCA
Rtg1 @ 2% glucose (mock/steady),5,train,Rtg1,2% glucose (mock/steady),0.4811562122173516,-0.561197787493575,catch22,PCA
Nrg1 @ 0.01% glucose,0,train,Nrg1,0.01% glucose,-3.22287167205558,1.8571902319052893,catch22,PCA
Rtg1 @ 0.01% glucose,3,train,Rtg1,0.01% glucose,-0.5542056185904872,0.3040334103846781,catch22,PCA
Nrg1 @ 2% glucose (mock/steady),2,train,Nrg1,2% glucose (mock/steady),4.152351727520913,-0.6878228527897589,catch22,PCA
Nrg1 @ 2% glucose (mock/steady),2,train,Nrg1,2% glucose (mock/steady),2.4294070036722335,0.16901871897963613,catch22,PCA
Rtg1 @ 0.1% glucose,4,train,Rtg1,0.1% glucose,-1.3223262055802134,-0.7079705809402752,catch22,PCA
Rtg1 @ 0.1% glucose,4,train,Rtg1,0.1% glucose,1.1255733058993218,-0.051269858323961456,catch22,PCA
Rtg1 @ 0.1% glucose,4,train,Rtg1,0.1% glucose,1.6255593365043395,-1.6992356229903152,catch22,PCA
Nrg1 @ 0.1% glucose,1,train,Nrg1,0.1% glucose,4.9031788958401785,1.2323997962676252,catch22,PCA
Rtg1 @ 2% glucose (mock/steady),5,train,Rtg1,2% glucose (mock/steady),1.510961154066386,-1.7600534672392476,catch22,PCA
Rtg1 @ 0.01% glucose,3,train,Rtg1,0.01% glucose,-3.47150870325232,-1.5251099038575153,catch22,PCA
Nrg1 @ 0.01% glucose,0,train,Nrg1,0.01% glucose,-0.6650952493883049,3.81038610287549,catch22,PCA
Nrg1 @ 2% glucose (mock/steady),2,train,Nrg1,2% glucose (mock/steady),2.899172538628511,-1.5819248644604118,catch22,PCA
Nrg1 @ 0.1% glucose,1,train,Nrg1,0.1% glucose,2.3565004497087605,1.6965847368477103,catch22,PCA
Nrg1 @ 0.1% glucose,1,train,Nrg1,0.1% glucose,1.2399541039292816,1.0327930707085353,catch22,PCA
Rtg1 @ 2% glucose (mock/steady),5,train,Rtg1,2% glucose (mock/steady),2.165521048401538,-0.758786514934695,catch22,PCA
Rtg1 @ 0.01% glucose,3,train,Rtg1,0.01% glucose,-3.2486179291909094,-1.5521426896456216,catch22,PCA
Rtg1 @ 0.01% glucose,3,train,Rtg1,0.01% glucose,-0.6956949022655818,-1.2956941447391375,catch22,PCA
Rtg1 @ 0.01% glucose,3,train,Rtg1,0.01% glucose,-1.1393337948212483,-0.9076069989218983,catch22,PCA
Nrg1 @ 2% glucose (mock/steady),2,train,Nrg1,2% glucose (mock/steady),2.5894924414488205,0.25692944968183107,catch22,PCA
Rtg1 @ 0.1% glucose,4,train,Rtg1,0.1% glucose,-8.812691272621082,-3.9591222638172807,catch22,PCA
Nrg1 @ 0.1% glucose,1,train,Nrg1,0.1% glucose,2.7277131095931964,0.43220302997811966,catch22,PCA
Rtg1 @ 0.1% glucose,4,train,Rtg1,0.1% glucose,1.5563491934045357,-0.5609971052568113,catch22,PCA
Nrg1 @ 2% glucose (mock/steady),2,train,Nrg1,2% glucose (mock/steady),2.329761891867873,-1.117156436619261,catch22,PCA
Rtg1 @ 2% glucose (mock/steady),5,train,Rtg1,2% glucose (mock/steady),0.19709820139251893,-1.1734331763939225,catch22,PCA
Nrg1 @ 0.1% glucose,1,train,Nrg1,0.1% glucose,3.0970171200678607,0.8746408159288985,catch22,PCA
Nrg1 @ 0.1% glucose,1,train,Nrg1,0.1% glucose,1.6404722312433366,-1.2486136600197744,catch22,PCA
Nrg1 @ 2% glucose (mock/steady),2,train,Nrg1,2% glucose (mock/steady),3.6025137232696958,-0.9684899062466386,catch22,PCA
Nrg1 @ 0.1% glucose,1,train,Nrg1,0.1% glucose,3.197448325906782,2.2519401873837994,catch22,PCA
Rtg1 @ 0.1% glucose,4,train,Rtg1,0.1% glucose,2.02731982722147,-1.2366323584551815,catch22,PCA
Nrg1 @ 0.1% glucose,1,train,Nrg1,0.1% glucose,4.110858355322254,2.464161327698082,catch22,PCA
Rtg1 @ 2% glucose (mock/steady),5,train,Rtg1,2% glucose (mock/steady),-0.5803393574700424,-1.2424802780694262,catch22,PCA
Rtg1 @ 2% glucose (mock/steady),5,train,Rtg1,2% glucose (mock/steady),0.798171239576406,-2.780927806852748,catch22,PCA
Rtg1 @ 0.01% glucose,3,train,Rtg1,0.01% glucose,-2.9098420684737736,-0.49827292337719437,catch22,PCA
Nrg1 @ 0.1% glucose,1,train,Nrg1,0.1% glucose,-2.3793433214012203,3.143711867667611,catch22,PCA
Rtg1 @ 2% glucose (mock/steady),5,train,Rtg1,2% glucose (mock/steady),-5.208471787912965,-1.6272304110386688,catch22,PCA
Rtg1 @ 2% glucose (mock/steady),5,train,Rtg1,2% glucose (mock/steady),-0.6303018461366262,-1.0054979040737726,catch22,PCA
Nrg1 @ 0.1% glucose,1,train,Nrg1,0.1% glucose,-3.9851190151872364,0.6868059496005681,catch22,PCA
Rtg1 @ 2% glucose (mock/steady),5,train,Rtg1,2% glucose (mock/steady),2.2554932273713044,-0.35016251549480154,catch22,PCA
Rtg1 @ 0.01% glucose,3,train,Rtg1,0.01% glucose,0.9560938004957245,-0.7477696256609399,catch22,PCA
Rtg1 @ 0.1% glucose,4,train,Rtg1,0.1% glucose,1.523382428695522,1.2499719578222965,catch22,PCA
Nrg1 @ 0.01% glucose,0,train,Nrg1,0.01% glucose,-1.7568989771913284,1.607804591463411,catch22,PCA
Rtg1 @ 2% glucose (mock/steady),5,train,Rtg1,2% glucose (mock/steady),-0.6751328188467317,-1.1718652172208037,catch22,PCA
Nrg1 @ 2% glucose (mock/steady),2,train,Nrg1,2% glucose (mock/steady),0.7697555779960373,-0.5269962743173254,catch22,PCA
Nrg1 @ 2% glucose (mock/steady),2,train,Nrg1,2% glucose (mock/steady),-6.327407447675118,-0.013557242593276949,catch22,PCA
Rtg1 @ 0.1% glucose,4,train,Rtg1,0.1% glucose,0.16868176381472633,-0.5311416292021941,catch22,PCA
Nrg1 @ 2% glucose (mock/steady),2,train,Nrg1,2% glucose (mock/steady),3.568343797185438,-0.44852717371573314,catch22,PCA
Nrg1 @ 0.01% glucose,0,train,Nrg1,0.01% glucose,-2.636898806680018,2.4500048997826314,catch22,PCA
Nrg1 @ 2% glucose (mock/steady),2,train,Nrg1,2% glucose (mock/steady),-4.218477678553069,0.789586352185478,catch22,PCA
Nrg1 @ 2% glucose (mock/steady),2,train,Nrg1,2% glucose (mock/steady),3.568357035414664,0.9176326756731698,catch22,PCA
Nrg1 @ 2% glucose (mock/steady),2,train,Nrg1,2% glucose (mock/steady),3.515148822661406,0.020785669347163582,catch22,PCA
Nrg1 @ 0.1% glucose,1,train,Nrg1,0.1% glucose,2.3979451201037554,1.2914331223934117,catch22,PCA
Rtg1 @ 0.01% glucose,3,train,Rtg1,0.01% glucose,-2.323447443706026,0.2926280244411389,catch22,PCA
Rtg1 @ 0.1% glucose,4,train,Rtg1,0.1% glucose,1.95152839409591,-0.8034203504873146,catch22,PCA
Nrg1 @ 0.01% glucose,0,train,Nrg1,0.01% glucose,-0.6638792362032148,1.1277995697452894,catch22,PCA
Nrg1 @ 0.1% glucose,1,train,Nrg1,0.1% glucose,4.750853015108857,1.5591317456268836,catch22,PCA
Nrg1 @ 0.1% glucose,1,train,Nrg1,0.1% glucose,-1.1438186639046843,2.613127393075398,catch22,PCA
Nrg1 @ 0.1% glucose,1,train,Nrg1,0.1% glucose,2.5719905332333064,1.7891588069954247,catch22,PCA
Nrg1 @ 0.01% glucose,0,train,Nrg1,0.01% glucose,-4.317584514986711,0.9731740022930481,catch22,PCA
Nrg1 @ 2% glucose (mock/steady),2,train,Nrg1,2% glucose (mock/steady),5.59448470959485,2.6846565669129703,catch22,PCA
Rtg1 @ 0.01% glucose,3,train,Rtg1,0.01% glucose,-1.7213496161336068,-1.7708650955480272,catch22,PCA
Nrg1 @ 2% glucose (mock/steady),2,train,Nrg1,2% glucose (mock/steady),4.760017413243785,-0.5315408532221637,catch22,PCA
Rtg1 @ 2% glucose (mock/steady),5,train,Rtg1,2% glucose (mock/steady),2.711344993409632,-1.5749003679819154,catch22,PCA
Rtg1 @ 0.1% glucose,4,train,Rtg1,0.1% glucose,-2.4078545293028273,0.18703818975339337,catch22,PCA
Nrg1 @ 2% glucose (mock/steady),2,train,Nrg1,2% glucose (mock/steady),-0.2939267482899884,0.6399804255648753,catch22,PCA
Rtg1 @ 2% glucose (mock/steady),5,train,Rtg1,2% glucose (mock/steady),1.2133245444420226,-1.2937424185734288,catch22,PCA
Rtg1 @ 2% glucose (mock/steady),5,train,Rtg1,2% glucose (mock/steady),-1.757602904635614,0.00857326977160174,catch22,PCA
Rtg1 @ 0.01% glucose,3,train,Rtg1,0.01% glucose,-1.617134619303474,-1.6043211639613226,catch22,PCA
Nrg1 @ 0.01% glucose,0,train,Nrg1,0.01% glucose,1.07765270742863,-0.09442938520902042,catch22,PCA
Rtg1 @ 0.01% glucose,3,train,Rtg1,0.01% glucose,-1.6799131655377098,-1.2801582061410548,catch22,PCA
Nrg1 @ 2% glucose (mock/steady),2,train,Nrg1,2% glucose (mock/steady),1.1581091626914595,-0.16866916030656726,catch22,PCA
Nrg1 @ 0.1% glucose,1,train,Nrg1,0.1% glucose,3.911909720249332,1.6931049638513942,catch22,PCA
Rtg1 @ 0.01% glucose,3,train,Rtg1,0.01% glucose,1.229943869014082,-0.41072064019324467,catch22,PCA
Rtg1 @ 0.01% glucose,3,train,Rtg1,0.01% glucose,2.449147786807719,-0.8835427004545421,catch22,PCA
Nrg1 @ 0.1% glucose,1,train,Nrg1,0.1% glucose,3.829221975899939,0.6772635442639467,catch22,PCA
Nrg1 @ 0.01% glucose,0,train,Nrg1,0.01% glucose,-1.539356048039542,1.4166217502811322,catch22,PCA
Nrg1 @ 0.01% glucose,0,train,Nrg1,0.01% glucose,-2.5087226582179047,1.0409624563162847,catch22,PCA
Nrg1 @ 2% glucose (mock/steady),2,train,Nrg1,2% glucose (mock/steady),4.980736808941233,0.6361777187931864,catch22,PCA
Rtg1 @ 2% glucose (mock/steady),5,train,Rtg1,2% glucose (mock/steady),1.6432717470740619,-1.2553630051909976,catch22,PCA
Rtg1 @ 2% glucose (mock/steady),5,train,Rtg1,2% glucose (mock/steady),0.294877075509157,-2.1985233761208405,catch22,PCA
Nrg1 @ 2% glucose (mock/steady),2,train,Nrg1,2% glucose (mock/steady),5.008452812833831,-0.8923556068679027,catch22,PCA
Rtg1 @ 0.1% glucose,4,train,Rtg1,0.1% glucose,-2.2679974298591947,-2.1954568893523074,catch22,PCA
Nrg1 @ 0.01% glucose,0,train,Nrg1,0.01% glucose,-3.382916894603441,2.4180595334195143,catch22,PCA
Nrg1 @ 0.1% glucose,1,train,Nrg1,0.1% glucose,2.1926993526858816,0.8728479390684909,catch22,PCA
Nrg1 @ 0.1% glucose,1,train,Nrg1,0.1% glucose,4.9781156572056044,0.3054502556300873,catch22,PCA
Nrg1 @ 0.1% glucose,1,train,Nrg1,0.1% glucose,3.12726324410538,-0.5343415826754522,catch22,PCA
Nrg1 @ 0.1% glucose,1,train,Nrg1,0.1% glucose,2.670508234090612,1.1044249737143994,catch22,PCA
Nrg1 @ 0.01% glucose,0,train,Nrg1,0.01% glucose,0.7499969699116636,-0.0069136551417948965,catch22,PCA
Rtg1 @ 0.01% glucose,3,train,Rtg1,0.01% glucose,-4.275777878840276,-2.207280108072745,catch22,PCA
Rtg1 @ 0.01% glucose,3,train,Rtg1,0.01% glucose,-2.626911297683695,-1.8029437499400973,catch22,PCA
Rtg1 @ 0.01% glucose,3,train,Rtg1,0.01% glucose,-2.1490706396650654,-1.806016750052297,catch22,PCA
Rtg1 @ 0.1% glucose,4,train,Rtg1,0.1% glucose,-1.5003219540289043,-0.7443394049272904,catch22,PCA
Rtg1 @ 0.1% glucose,4,train,Rtg1,0.1% glucose,3.2874526447462418,-0.33224252776353813,catch22,PCA
Rtg1 @ 2% glucose (mock/steady),5,train,Rtg1,2% glucose (mock/steady),-0.03216591964818494,-2.4441689434453786,catch22,PCA
Rtg1 @ 0.1% glucose,4,train,Rtg1,0.1% glucose,1.746194611570675,-1.0506729802005406,catch22,PCA
Nrg1 @ 2% glucose (mock/steady),2,train,Nrg1,2% glucose (mock/steady),1.6431152696269242,0.8167079275097477,catch22,PCA
Rtg1 @ 0.1% glucose,4,train,Rtg1,0.1% glucose,0.5205948063947152,-1.5659287561245978,catch22,PCA
Rtg1 @ 2% glucose (mock/steady),5,train,Rtg1,2% glucose (mock/steady),-1.507467091997606,-0.9928574900758727,catch22,PCA
Rtg1 @ 0.1% glucose,4,train,Rtg1,0.1% glucose,-6.038216999126971,0.5362987318351997,catch22,PCA
Nrg1 @ 0.1% glucose,1,train,Nrg1,0.1% glucose,4.022557400005649,1.775528045340319,catch22,PCA
Nrg1 @ 2% glucose (mock/steady),2,train,Nrg1,2% glucose (mock/steady),4.573378627047574,-0.6318973152687384,catch22,PCA
Nrg1 @ 0.01% glucose,0,train,Nrg1,0.01% glucose,-0.4537352267084093,-0.5361570481586587,catch22,PCA
Nrg1 @ 0.01% glucose,0,train,Nrg1,0.01% glucose,2.7603645592481043,-0.04651766846806557,catch22,PCA
Nrg1 @ 0.01% glucose,0,train,Nrg1,0.01% glucose,-4.2197757467771,2.0126899695144664,catch22,PCA
Nrg1 @ 2% glucose (mock/steady),2,train,Nrg1,2% glucose (mock/steady),4.634414778025325,-0.11184519340994588,catch22,PCA
Rtg1 @ 0.1% glucose,4,train,Rtg1,0.1% glucose,-4.1795909977294885,-0.1627238854080213,catch22,PCA
Rtg1 @ 0.01% glucose,3,train,Rtg1,0.01% glucose,-1.3235219547716317,-0.361944659432095,catch22,PCA
Nrg1 @ 0.1% glucose,1,train,Nrg1,0.1% glucose,5.615200974608301,-0.10870489797346432,catch22,PCA
Rtg1 @ 2% glucose (mock/steady),5,train,Rtg1,2% glucose (mock/steady),1.581944809237265,-1.8890665792088666,catch22,PCA
Nrg1 @ 0.1% glucose,1,train,Nrg1,0.1% glucose,-3.7507147821418427,1.8109791831116662,catch22,PCA
Nrg1 @ 0.1% glucose,1,train,Nrg1,0.1% glucose,2.5310930774103633,0.32995010150803616,catch22,PCA
Rtg1 @ 2% glucose (mock/steady),5,train,Rtg1,2% glucose (mock/steady),-3.391588865289035,0.15639586941782058,catch22,PCA
Nrg1 @ 0.01% glucose,0,train,Nrg1,0.01% glucose,-2.5759153336971026,1.2080919945068926,catch22,PCA
Rtg1 @ 0.01% glucose,3,train,Rtg1,0.01% glucose,-2.2705215948167545,-2.6626088108867783,catch22,PCA
Nrg1 @ 0.1% glucose,1,train,Nrg1,0.1% glucose,-0.33078967076312693,2.3782640670474917,catch22,PCA
Nrg1 @ 0.01% glucose,0,train,Nrg1,0.01% glucose,0.4742743586275917,0.8743628815731298,catch22,PCA
Nrg1 @ 0.01% glucose,0,train,Nrg1,0.01% glucose,-3.070579680909644,1.3432016876160395,catch22,PCA
Nrg1 @ 0.1% glucose,1,train,Nrg1,0.1% glucose,3.2821508443847844,1.515320122311453,catch22,PCA
Nrg1 @ 0.01% glucose,0,train,Nrg1,0.01% glucose,-3.2127982790084166,1.968093556962648,catch22,PCA
Rtg1 @ 2% glucose (mock/steady),5,train,Rtg1,2% glucose (mock/steady),2.084966970694369,-1.8780165146202483,catch22,PCA
Nrg1 @ 0.1% glucose,1,train,Nrg1,0.1% glucose,-2.1340866032704517,2.4088562328076715,catch22,PCA
Rtg1 @ 2% glucose (mock/steady),5,train,Rtg1,2% glucose (mock/steady),-0.895091438004857,-0.9982833630885002,catch22,PCA
Nrg1 @ 0.01% glucose,0,train,Nrg1,0.01% glucose,-1.518972472978278,1.5338860973310458,catch22,PCA
Rtg1 @ 0.01% glucose,3,train,Rtg1,0.01% glucose,-0.024110327365949365,0.43105107854151364,catch22,PCA
Rtg1 @ 0.1% glucose,4,train,Rtg1,0.1% glucose,1.783469868942951,-1.0095207981975232,catch22,PCA
Rtg1 @ 2% glucose (mock/steady),5,train,Rtg1,2% glucose (mock/steady),2.047227747151491,-1.1512838942744157,catch22,PCA
Nrg1 @ 0.1% glucose,1,train,Nrg1,0.1% glucose,1.6636432108489614,-0.7579804872947401,catch22,PCA
Rtg1 @ 0.1% glucose,4,train,Rtg1,0.1% glucose,-1.6846918534273587,-0.6945798682308787,catch22,PCA
Rtg1 @ 2% glucose (mock/steady),5,train,Rtg1,2% glucose (mock/steady),2.0836541505499384,-2.107771114815482,catch22,PCA
Nrg1 @ 0.01% glucose,0,train,Nrg1,0.01% glucose,-1.9473726518149148,0.29117691024679815,catch22,PCA
Rtg1 @ 0.01% glucose,3,train,Rtg1,0.01% glucose,-2.951820902392384,1.1485293027828072,catch22,PCA
Rtg1 @ 2% glucose (mock/steady),5,train,Rtg1,2% glucose (mock/steady),0.700589970714058,-1.4069627126887814,catch22,PCA
Nrg1 @ 2% glucose (mock/steady),2,train,Nrg1,2% glucose (mock/steady),0.30805360526793574,0.9958064896589521,catch22,PCA
Rtg1 @ 2% glucose (mock/steady),5,train,Rtg1,2% glucose (mock/steady),-0.25069919897853765,-1.5714551983779073,catch22,PCA
Nrg1 @ 0.1% glucose,1,train,Nrg1,0.1% glucose,5.165411474927019,-0.3431992291909018,catch22,PCA
Rtg1 @ 2% glucose (mock/steady),5,train,Rtg1,2% glucose (mock/steady),-0.2729231762243912,-1.0003325269923504,catch22,PCA
Rtg1 @ 2% glucose (mock/steady),5,train,Rtg1,2% glucose (mock/steady),0.1719961483698345,-0.019184640977855296,catch22,PCA
Nrg1 @ 0.01% glucose,0,train,Nrg1,0.01% glucose,0.19534133040631707,1.2173060770261321,catch22,PCA
Rtg1 @ 0.1% glucose,4,train,Rtg1,0.1% glucose,-1.5847950655040208,-1.4260413493824768,catch22,PCA
Rtg1 @ 0.1% glucose,4,train,Rtg1,0.1% glucose,1.9798222514223114,-1.1591068569586858,catch22,PCA
Nrg1 @ 0.01% glucose,0,train,Nrg1,0.01% glucose,1.4093375054680681,0.5497922447512271,catch22,PCA
Rtg1 @ 2% glucose (mock/steady),5,train,Rtg1,2% glucose (mock/steady),-3.546396018107679,-1.747550027891409,catch22,PCA
Nrg1 @ 0.01% glucose,0,train,Nrg1,0.01% glucose,-3.1687788522296683,2.115898273642762,catch22,PCA
Nrg1 @ 0.01% glucose,0,train,Nrg1,0.01% glucose,-1.6577184765321133,1.59086694005486,catch22,PCA
Rtg1 @ 0.01% glucose,3,train,Rtg1,0.01% glucose,-3.0278684830946094,0.09883285059107051,catch22,PCA
Rtg1 @ 0.01% glucose,3,train,Rtg1,0.01% glucose,-2.3785747214688953,-1.2725039866691934,catch22,PCA
Rtg1 @ 0.01% glucose,3,train,Rtg1,0.01% glucose,-2.017885937017956,-1.0368112039740556,catch22,PCA
Rtg1 @ 2% glucose (mock/steady),5,train,Rtg1,2% glucose (mock/steady),1.7925914761960868,-0.7290362788785167,catch22,PCA
Nrg1 @ 0.01% glucose,0,train,Nrg1,0.01% glucose,-2.7296324471877824,0.607364125058465,catch22,PCA
Rtg1 @ 0.01% glucose,3,train,Rtg1,0.01% glucose,-0.1627762076128987,0.5024063670017358,catch22,PCA
Rtg1 @ 0.1% glucose,4,train,Rtg1,0.1% glucose,0.5043987671656924,-0.7256601761266698,catch22,PCA
Nrg1 @ 0.1% glucose,1,train,Nrg1,0.1% glucose,-0.7512113294808264,1.564711296225061,catch22,PCA
Rtg1 @ 2% glucose (mock/steady),5,train,Rtg1,2% glucose (mock/steady),-5.599331995718444,2.8442329537251574,catch22,PCA
Rtg1 @ 0.1% glucose,4,train,Rtg1,0.1% glucose,0.8423168228760344,-2.5357363560203052,catch22,PCA
Rtg1 @ 2% glucose (mock/steady),5,train,Rtg1,2% glucose (mock/steady),-2.839702926943823,0.4166139301961504,catch22,PCA
Rtg1 @ 0.1% glucose,4,train,Rtg1,0.1% glucose,-0.6551503555317941,-2.0304275983213933,catch22,PCA
Nrg1 @ 0.01% glucose,0,train,Nrg1,0.01% glucose,-3.966364747149905,1.3363577893575802,catch22,PCA
Nrg1 @ 2% glucose (mock/steady),2,train,Nrg1,2% glucose (mock/steady),-3.1875075147138507,1.5021574595181768,catch22,PCA
Nrg1 @ 0.01% glucose,0,train,Nrg1,0.01% glucose,-3.9106433788635546,3.0041603617299386,catch22,PCA
Rtg1 @ 0.1% glucose,4,train,Rtg1,0.1% glucose,-0.07011116410390547,-1.3223994551681915,catch22,PCA
Rtg1 @ 0.01% glucose,3,train,Rtg1,0.01% glucose,1.3313869026755378,-0.22418391844542374,catch22,PCA
Rtg1 @ 0.01% glucose,3,train,Rtg1,0.01% glucose,-3.3081202793174573,-1.5803214263417786,catch22,PCA
Nrg1 @ 2% glucose (mock/steady),2,train,Nrg1,2% glucose (mock/steady),4.252365606577997,-1.2109187971584563,catch22,PCA
Nrg1 @ 0.01% glucose,0,train,Nrg1,0.01% glucose,-2.3227865466030515,0.08483155564716231,catch22,PCA
Nrg1 @ 0.01% glucose,0,train,Nrg1,0.01% glucose,-2.751140024124127,1.2333594481681098,catch22,PCA
Rtg1 @ 2% glucose (mock/steady),5,train,Rtg1,2% glucose (mock/steady),1.1777305270650997,-1.816624621239255,catch22,PCA
Rtg1 @ 0.1% glucose,4,train,Rtg1,0.1% glucose,1.46180665447071,-0.13703687679842552,catch22,PCA
Nrg1 @ 0.01% glucose,0,train,Nrg1,0.01% glucose,-4.5272667111347795,-0.3547842642077672,catch22,PCA
Rtg1 @ 2% glucose (mock/steady),5,train,Rtg1,2% glucose (mock/steady),-0.02212542660091822,-0.6777094553116254,catch22,PCA
Rtg1 @ 0.1% glucose,4,train,Rtg1,0.1% glucose,0.3463925546837796,-1.6157934688986437,catch22,PCA
Nrg1 @ 0.1% glucose,1,train,Nrg1,0.1% glucose,2.377289971383214,0.11384711641068099,catch22,PCA
Nrg1 @ 0.1% glucose,1,train,Nrg1,0.1% glucose,1.0190865012942598,1.2959450523057447,catch22,PCA
Nrg1 @ 2% glucose (mock/steady),2,train,Nrg1,2% glucose (mock/steady),3.9367753314793434,-1.7197696970908294,catch22,PCA
Nrg1 @ 0.01% glucose,0,train,Nrg1,0.01% glucose,-7.182270830385476,1.0150154230302177,catch22,PCA
Rtg1 @ 0.01% glucose,3,train,Rtg1,0.01% glucose,-6.532880459991965,0.7923863305022761,catch22,PCA
Rtg1 @ 0.1% glucose,4,train,Rtg1,0.1% glucose,0.7803252217836935,-1.4617234932595145,catch22,PCA
Rtg1 @ 2% glucose (mock/steady),5,train,Rtg1,2% glucose (mock/steady),-0.9113867736084318,-0.1711411975041517,catch22,PCA
Rtg1 @ 0.01% glucose,3,train,Rtg1,0.01% glucose,-0.4703767259434426,1.0748868090559391,catch22,PCA
Rtg1 @ 2% glucose (mock/steady),5,train,Rtg1,2% glucose (mock/steady),2.4799282974773504,-0.47535392033758633,catch22,PCA
Rtg1 @ 2% glucose (mock/steady),5,train,Rtg1,2% glucose (mock/steady),1.7698462548221805,-1.62632916328357,catch22,PCA
Nrg1 @ 2% glucose (mock/steady),2,train,Nrg1,2% glucose (mock/steady),0.14569836273260206,-0.9413409071793677,catch22,PCA
Nrg1 @ 0.1% glucose,1,train,Nrg1,0.1% glucose,2.5709720764843795,0.49536278809237605,catch22,PCA
Rtg1 @ 0.1% glucose,4,train,Rtg1,0.1% glucose,3.97528213681941,-1.257012600959051,catch22,PCA
Nrg1 @ 2% glucose (mock/steady),2,train,Nrg1,2% glucose (mock/steady),2.926049741800596,-1.3455041977430746,catch22,PCA
Nrg1 @ 0.01% glucose,0,train,Nrg1,0.01% glucose,-2.8142647168251016,2.51588097532326,catch22,PCA
Nrg1 @ 2% glucose (mock/steady),2,train,Nrg1,2% glucose (mock/steady),-0.2811655410949153,2.0568712949966708,catch22,PCA
Nrg1 @ 0.1% glucose,1,train,Nrg1,0.1% glucose,2.4392372504392754,0.32692737220831364,catch22,PCA
Rtg1 @ 0.01% glucose,3,train,Rtg1,0.01% glucose,-1.815418081247218,-0.2539665075472666,catch22,PCA
Rtg1 @ 0.1% glucose,4,train,Rtg1,0.1% glucose,-3.1983100002084837,-1.1891745545586987,catch22,PCA
Nrg1 @ 0.1% glucose,1,train,Nrg1,0.1% glucose,5.71450449612665,0.44217443470841333,catch22,PCA
Nrg1 @ 2% glucose (mock/steady),2,train,Nrg1,2% glucose (mock/steady),-1.6719609746390505,1.193158971077607,catch22,PCA
Nrg1 @ 0.01% glucose,0,train,Nrg1,0.01% glucose,-1.2204830942787095,1.3246254268515985,catch22,PCA
Rtg1 @ 0.1% glucose,4,train,Rtg1,0.1% glucose,1.0696462681663066,-0.5049185062827201,catch22,PCA
Rtg1 @ 2% glucose (mock/steady),5,train,Rtg1,2% glucose (mock/steady),-0.2821434664404688,-0.5742529964449484,catch22,PCA
Nrg1 @ 2% glucose (mock/steady),2,train,Nrg1,2% glucose (mock/steady),4.811550836531208,0.11136251754798841,catch22,PCA
Nrg1 @ 0.01% glucose,0,train,Nrg1,0.01% glucose,-1.4856879155813913,1.1416726518248306,catch22,PCA
Rtg1 @ 0.01% glucose,3,train,Rtg1,0.01% glucose,-2.3809644930576477,0.3801958384838198,catch22,PCA
Nrg1 @ 2% glucose (mock/steady),2,train,Nrg1,2% glucose (mock/steady),3.965475541140104,-0.643346845650206,catch22,PCA
Nrg1 @ 0.01% glucose,0,train,Nrg1,0.01% glucose,-1.8878380234695753,1.4838813501229664,catch22,PCA
Rtg1 @ 0.01% glucose,3,train,Rtg1,0.01% glucose,0.1339684693955192,-1.972488007006673,catch22,PCA
Rtg1 @ 0.01% glucose,3,train,Rtg1,0.01% glucose,-2.5127272038892823,0.4153406276083288,catch22,PCA
Nrg1 @ 2% glucose (mock/steady),2,train,Nrg1,2% glucose (mock/steady),0.665097862629311,-1.2595937477874641,catch22,PCA
Rtg1 @ 0.01% glucose,3,train,Rtg1,0.01% glucose,-2.9633774411669007,0.9462036745123671,catch22,PCA
Nrg1 @ 0.1% glucose,1,train,Nrg1,0.1% glucose,-2.8021659686434566,0.7197946360768969,catch22,PCA
Rtg1 @ 0.1% glucose,4,train,Rtg1,0.1% glucose,-0.13388251679851265,-1.1778219169911792,catch22,PCA
Rtg1 @ 0.01% glucose,3,train,Rtg1,0.01% glucose,-5.919609708142617,-1.476413407173797,catch22,PCA
Rtg1 @ 2% glucose (mock/steady),5,train,Rtg1,2% glucose (mock/steady),2.6271659179624898,-0.8765585817629987,catch22,PCA
Rtg1 @ 0.01% glucose,3,train,Rtg1,0.01% glucose,-1.7387336579646129,-1.6881697303456618,catch22,PCA
Nrg1 @ 0.1% glucose,1,train,Nrg1,0.1% glucose,-0.30819917050180945,1.5345533065265213,catch22,PCA
Nrg1 @ 2% glucose (mock/steady),2,train,Nrg1,2% glucose (mock/steady),3.3231848767549765,0.4609837376580197,catch22,PCA
Nrg1 @ 2% glucose (mock/steady),2,train,Nrg1,2% glucose (mock/steady),3.5060640818892765,1.461008805032666,catch22,PCA
Nrg1 @ 0.1% glucose,1,train,Nrg1,0.1% glucose,3.3769925104054814,2.1021731205298884,catch22,PCA
Rtg1 @ 0.01% glucose,3,train,Rtg1,0.01% glucose,-2.46485694982936,-1.452772318914804,catch22,PCA
Rtg1 @ 2% glucose (mock/steady),5,train,Rtg1,2% glucose (mock/steady),-0.6852818821388188,-0.020863367527727862,catch22,PCA
Nrg1 @ 2% glucose (mock/steady),2,train,Nrg1,2% glucose (mock/steady),2.4320227810896267,0.016911724114757512,catch22,PCA
Nrg1 @ 0.1% glucose,1,train,Nrg1,0.1% glucose,2.570763982758073,2.053301716691172,catch22,PCA
Rtg1 @ 0.1% glucose,4,train,Rtg1,0.1% glucose,-1.1116994287038728,0.44310759014069123,catch22,PCA
Nrg1 @ 2% glucose (mock/steady),2,train,Nrg1,2% glucose (mock/steady),0.6935629221885367,-0.8639471821485163,catch22,PCA
Nrg1 @ 0.01% glucose,0,train,Nrg1,0.01% glucose,-2.0240603649214868,1.3925869807925975,catch22,PCA
Rtg1 @ 0.1% glucose,4,train,Rtg1,0.1% glucose,0.05840799401062481,-0.8085364568281295,catch22,PCA
Nrg1 @ 0.1% glucose,1,train,Nrg1,0.1% glucose,-1.8150054832184164,0.1481789564926379,catch22,PCA
Rtg1 @ 0.01% glucose,3,train,Rtg1,0.01% glucose,-4.603315093476397,-1.093132692936909,catch22,PCA
Nrg1 @ 0.1% glucose,1,train,Nrg1,0.1% glucose,0.5310530737405684,0.33825763690732275,catch22,PCA
Rtg1 @ 2% glucose (mock/steady),5,train,Rtg1,2% glucose (mock/steady),0.8707997877503504,-0.4049438542773976,catch22,PCA
Rtg1 @ 0.1% glucose,4,train,Rtg1,0.1% glucose,0.6714123914092885,-1.6481743279614491,catch22,PCA
Nrg1 @ 2% glucose (mock/steady),2,train,Nrg1,2% glucose (mock/steady),3.0402130168559935,-1.4220499371611868,catch22,PCA
Nrg1 @ 0.1% glucose,1,train,Nrg1,0.1% glucose,5.679980223338965,-0.3122174794966975,catch22,PCA
Nrg1 @ 2% glucose (mock/steady),2,train,Nrg1,2% glucose (mock/steady),3.0411298469799046,-0.11217463565471235,catch22,PCA
Nrg1 @ 2% glucose (mock/steady),2,train,Nrg1,2% glucose (mock/steady),3.2480902823258693,1.7127089569518525,catch22,PCA
Nrg1 @ 0.01% glucose,0,train,Nrg1,0.01% glucose,-4.927724253426521,2.0146452219191517,catch22,PCA
Nrg1 @ 0.01% glucose,0,train,Nrg1,0.01% glucose,-3.111723249282427,2.0764359503379297,catch22,PCA
Rtg1 @ 0.01% glucose,3,train,Rtg1,0.01% glucose,1.7600335784891377,-1.7741208148118437,catch22,PCA
Rtg1 @ 0.1% glucose,4,train,Rtg1,0.1% glucose,-9.136569037543739,0.6539638457259194,catch22,PCA
Nrg1 @ 0.01% glucose,0,train,Nrg1,0.01% glucose,-4.08164106710081,1.6684282990914665,catch22,PCA
Rtg1 @ 2% glucose (mock/steady),5,train,Rtg1,2% glucose (mock/steady),2.5121071841047327,-2.0924986233551164,catch22,PCA
Nrg1 @ 2% glucose (mock/steady),2,train,Nrg1,2% glucose (mock/steady),2.0649470431834085,1.1934924813468357,catch22,PCA
Nrg1 @ 2% glucose (mock/steady),2,train,Nrg1,2% glucose (mock/steady),1.5428441395036194,0.07967962422690472,catch22,PCA
Rtg1 @ 2% glucose (mock/steady),5,train,Rtg1,2% glucose (mock/steady),1.5416445961811864,-2.1987663595118354,catch22,PCA
Nrg1 @ 2% glucose (mock/steady),2,train,Nrg1,2% glucose (mock/steady),-7.971633345201662,-0.18271215980302744,catch22,PCA
Nrg1 @ 2% glucose (mock/steady),2,train,Nrg1,2% glucose (mock/steady),-3.1621185803495497,2.54855819113059,catch22,PCA
Nrg1 @ 0.01% glucose,0,train,Nrg1,0.01% glucose,-6.332435998565932,0.16653644729412448,catch22,PCA
Rtg1 @ 0.01% glucose,3,train,Rtg1,0.01% glucose,-2.2567908173712232,1.1316099395656396,catch22,PCA
Nrg1 @ 2% glucose (mock/steady),2,train,Nrg1,2% glucose (mock/steady),3.258604005488149,0.6159469568916005,catch22,PCA
Rtg1 @ 0.01% glucose,3,train,Rtg1,0.01% glucose,-3.015233954663368,-0.7159478746035974,catch22,PCA
Rtg1 @ 2% glucose (mock/steady),5,train,Rtg1,2% glucose (mock/steady),-0.6756246323617229,-1.664251358411895,catch22,PCA
Nrg1 @ 0.1% glucose,1,train,Nrg1,0.1% glucose,2.8551768763216763,-0.19890889879903625,catch22,PCA
Nrg1 @ 0.01% glucose,0,train,Nrg1,0.01% glucose,-3.205328097326025,-0.26013066621233133,catch22,PCA
Rtg1 @ 0.1% glucose,4,train,Rtg1,0.1% glucose,0.10026369891951968,0.6771492290090603,catch22,PCA
Rtg1 @ 0.01% glucose,3,train,Rtg1,0.01% glucose,0.3236053954258036,0.5323092347878517,catch22,PCA
Nrg1 @ 2% glucose (mock/steady),2,train,Nrg1,2% glucose (mock/steady),3.402218571814291,-0.40151021169235335,catch22,PCA
Rtg1 @ 0.1% glucose,4,train,Rtg1,0.1% glucose,0.13143168980366227,-0.5725603891677136,catch22,PCA
Rtg1 @ 0.01% glucose,3,train,Rtg1,0.01% glucose,-2.1238067291634475,0.04768857944507454,catch22,PCA
Rtg1 @ 0.01% glucose,3,train,Rtg1,0.01% glucose,-3.901806061728887,-0.936640150841597,catch22,PCA
Rtg1 @ 2% glucose (mock/steady),5,train,Rtg1,2% glucose (mock/steady),-0.8334566249972609,-0.9944878535208121,catch22,PCA
Rtg1 @ 2% glucose (mock/steady),5,train,Rtg1,2% glucose (mock/steady),1.135818898913904,0.09608914371526703,catch22,PCA
Nrg1 @ 2% glucose (mock/steady),2,train,Nrg1,2% glucose (mock/steady),0.48136264319958877,0.3528365285772888,catch22,PCA
Nrg1 @ 0.1% glucose,1,train,Nrg1,0.1% glucose,-1.4657009841283046,1.528551458673967,catch22,PCA
Rtg1 @ 0.1% glucose,4,train,Rtg1,0.1% glucose,2.590814532073851,0.34443031869708324,catch22,PCA
Nrg1 @ 2% glucose (mock/steady),2,train,Nrg1,2% glucose (mock/steady),2.7290980452404394,-0.6912461141499193,catch22,PCA
Nrg1 @ 0.01% glucose,0,train,Nrg1,0.01% glucose,-5.3855026526326695,-0.7944770767527979,catch22,PCA
Nrg1 @ 2% glucose (mock/steady),2,train,Nrg1,2% glucose (mock/steady),0.6269720784925572,-0.4575328490029281,catch22,PCA
Nrg1 @ 0.1% glucose,1,train,Nrg1,0.1% glucose,3.1870735317191947,2.9683486863647497,catch22,PCA
Rtg1 @ 2% glucose (mock/steady),5,train,Rtg1,2% glucose (mock/steady),-0.8480695159901208,-1.8770438278119346,catch22,PCA
Nrg1 @ 0.01% glucose,0,train,Nrg1,0.01% glucose,-0.9286421477882976,3.8295125031150254,catch22,PCA
Rtg1 @ 0.1% glucose,4,train,Rtg1,0.1% glucose,-2.309039892722862,-1.9123074181625253,catch22,PCA
Rtg1 @ 0.1% glucose,4,train,Rtg1,0.1% glucose,1.2744141610246493,-0.748797361770579,catch22,PCA
Nrg1 @ 0.01% glucose,0,train,Nrg1,0.01% glucose,5.3153747930213635,7.2075361025583,catch22,PCA
Nrg1 @ 0.01% glucose,0,train,Nrg1,0.01% glucose,-6.5647759039207045,1.166504647668556,catch22,PCA
Rtg1 @ 0.1% glucose,4,train,Rtg1,0.1% glucose,-1.947227951162684,-0.7554486402165366,catch22,PCA
Nrg1 @ 0.1% glucose,1,train,Nrg1,0.1% glucose,3.486604638968176,0.9888784995679104,catch22,PCA
Nrg1 @ 2% glucose (mock/steady),2,train,Nrg1,2% glucose (mock/steady),-10.135218017982636,-0.6287074028103266,catch22,PCA
Nrg1 @ 0.01% glucose,0,train,Nrg1,0.01% glucose,0.5637533736481195,-1.653493524167134,catch22,PCA
Rtg1 @ 2% glucose (mock/steady),5,train,Rtg1,2% glucose (mock/steady),-5.29365700947359,0.3372528354118891,catch22,PCA
Rtg1 @ 0.01% glucose,3,train,Rtg1,0.01% glucose,-3.396562996515786,-0.041545642074899344,catch22,PCA
Rtg1 @ 0.1% glucose,4,train,Rtg1,0.1% glucose,-0.012815810506303038,-2.051988477213831,catch22,PCA
Nrg1 @ 0.1% glucose,1,train,Nrg1,0.1% glucose,-3.6287638338181334,-2.239651554713574,catch22,PCA
Rtg1 @ 0.01% glucose,3,train,Rtg1,0.01% glucose,-1.0714769629154273,-1.274142003647457,catch22,PCA
Rtg1 @ 2% glucose (mock/steady),5,train,Rtg1,2% glucose (mock/steady),-2.043670297332926,-0.18440487339209563,catch22,PCA
Rtg1 @ 0.1% glucose,4,train,Rtg1,0.1% glucose,-0.9882144344278977,0.3583800873330207,catch22,PCA
Nrg1 @ 0.01% glucose,0,train,Nrg1,0.01% glucose,-0.21401586657265326,1.5526781245989765,catch22,PCA
Nrg1 @ 2% glucose (mock/steady),2,train,Nrg1,2% glucose (mock/steady),2.3641445134375476,-0.23755568616042902,catch22,PCA
Rtg1 @ 0.1% glucose,4,train,Rtg1,0.1% glucose,1.3654145109521645,-1.803958579337695,catch22,PCA
Nrg1 @ 0.1% glucose,1,train,Nrg1,0.1% glucose,-0.345946554073994,2.434310255460842,catch22,PCA
Nrg1 @ 0.01% glucose,0,train,Nrg1,0.01% glucose,-7.9840946511357025,1.547694628326242,catch22,PCA
Rtg1 @ 0.1% glucose,4,train,Rtg1,0.1% glucose,-0.24956845604874206,-0.8836678510781706,catch22,PCA
Rtg1 @ 0.1% glucose,4,train,Rtg1,0.1% glucose,3.857577689879411,-0.0074699835258937915,catch22,PCA
Rtg1 @ 0.1% glucose,4,train,Rtg1,0.1% glucose,1.293704171758641,-0.5057210729168302,catch22,PCA
Rtg1 @ 0.1% glucose,4,train,Rtg1,0.1% glucose,-0.6975403492560688,0.8488699769558358,catch22,PCA
Nrg1 @ 0.01% glucose,0,train,Nrg1,0.01% glucose,-4.413279550808059,0.3717289127084892,catch22,PCA
Nrg1 @ 2% glucose (mock/steady),2,train,Nrg1,2% glucose (mock/steady),3.0374355618451196,-0.014069827020281062,catch22,PCA
Rtg1 @ 2% glucose (mock/steady),5,train,Rtg1,2% glucose (mock/steady),0.026981788259614836,-1.557999615068217,catch22,PCA
Nrg1 @ 0.01% glucose,0,train,Nrg1,0.01% glucose,-1.9619982473469937,0.6909762895047614,catch22,PCA
Rtg1 @ 0.01% glucose,3,train,Rtg1,0.01% glucose,-2.152816191955292,-1.9159246732180617,catch22,PCA
Rtg1 @ 0.01% glucose,3,train,Rtg1,0.01% glucose,1.2001959380727756,-0.8637385045417026,catch22,PCA
Nrg1 @ 2% glucose (mock/steady),2,train,Nrg1,2% glucose (mock/steady),3.3037510850260556,-1.2750885992118595,catch22,PCA
Rtg1 @ 2% glucose (mock/steady),5,train,Rtg1,2% glucose (mock/steady),-0.4637669579813497,-0.4082383464782886,catch22,PCA
Rtg1 @ 2% glucose (mock/steady),5,train,Rtg1,2% glucose (mock/steady),1.242935131354018,-0.22586054214007564,catch22,PCA
Nrg1 @ 0.01% glucose,0,train,Nrg1,0.01% glucose,-3.543958725966791,1.4952341381292806,catch22,PCA
Nrg1 @ 0.1% glucose,1,train,Nrg1,0.1% glucose,4.565867379161948,0.580986691635973,catch22,PCA
Nrg1 @ 2% glucose (mock/steady),2,train,Nrg1,2% glucose (mock/steady),3.8879047401002342,2.9264973769643814,catch22,PCA
Rtg1 @ 0.01% glucose,3,train,Rtg1,0.01% glucose,0.7075858957922578,0.3915653204382188,catch22,PCA
Rtg1 @ 0.01% glucose,3,train,Rtg1,0.01% glucose,-2.6977810958448654,1.7803796222028607,catch22,PCA
Nrg1 @ 2% glucose (mock/steady),2,train,Nrg1,2% glucose (mock/steady),2.91618834201133,-0.7398586198443576,catch22,PCA
Rtg1 @ 0.01% glucose,3,train,Rtg1,0.01% glucose,-0.5303934307814386,-1.595280811628001,catch22,PCA
Rtg1 @ 0.1% glucose,4,train,Rtg1,0.1% glucose,2.9427451633437696,-0.8142239857435389,catch22,PCA
Rtg1 @ 0.01% glucose,3,train,Rtg1,0.01% glucose,0.38846150848353317,-0.07086182690930314,catch22,PCA
Nrg1 @ 0.1% glucose,1,train,Nrg1,0.1% glucose,4.365185551033051,-0.24557143882834348,catch22,PCA
Nrg1 @ 0.1% glucose,1,train,Nrg1,0.1% glucose,0.32600069029486306,0.44904763073053994,catch22,PCA
Rtg1 @ 0.01% glucose,3,train,Rtg1,0.01% glucose,0.3969526936392619,0.9323270910741438,catch22,PCA
Nrg1 @ 0.1% glucose,1,train,Nrg1,0.1% glucose,4.318985125384857,1.9156714054210078,catch22,PCA
Nrg1 @ 0.1% glucose,1,train,Nrg1,0.1% glucose,4.777949082601495,2.7563152822637167,catch22,PCA
Rtg1 @ 2% glucose (mock/steady),5,train,Rtg1,2% glucose (mock/steady),-1.6453825709389966,-0.6964162533711208,catch22,PCA
Nrg1 @ 0.1% glucose,1,train,Nrg1,0.1% glucose,-1.7094888449880787,1.6175215473089595,catch22,PCA
Rtg1 @ 0.1% glucose,4,train,Rtg1,0.1% glucose,1.6949126101584258,-1.1814331763518038,catch22,PCA
Nrg1 @ 0.1% glucose,1,train,Nrg1,0.1% glucose,-2.5115619984038946,2.5258828065030383,catch22,PCA
Rtg1 @ 0.01% glucose,3,train,Rtg1,0.01% glucose,2.278409597587937,0.09989079735499419,catch22,PCA
Nrg1 @ 0.01% glucose,0,train,Nrg1,0.01% glucose,-4.100714963071298,2.7306321029564646,catch22,PCA
Rtg1 @ 0.01% glucose,3,train,Rtg1,0.01% glucose,-3.1741183246135227,-1.5792752950197826,catch22,PCA
Rtg1 @ 0.1% glucose,4,train,Rtg1,0.1% glucose,0.4070426123777894,-0.05202819729872088,catch22,PCA
Rtg1 @ 0.1% glucose,4,train,Rtg1,0.1% glucose,0.3506607603347516,-0.7211207156199841,catch22,PCA
Nrg1 @ 0.1% glucose,1,train,Nrg1,0.1% glucose,4.704648539058423,-0.3645140731951492,catch22,PCA
Nrg1 @ 0.01% glucose,0,train,Nrg1,0.01% glucose,-1.9875383074745183,1.5154754515812003,catch22,PCA
Rtg1 @ 0.1% glucose,4,train,Rtg1,0.1% glucose,-0.3047584851589024,0.1043371189266729,catch22,PCA
Nrg1 @ 0.01% glucose,0,train,Nrg1,0.01% glucose,0.012622994648879275,1.8165977820861792,catch22,PCA
Nrg1 @ 0.01% glucose,0,train,Nrg1,0.01% glucose,-0.478899117170402,2.0603545809225987,catch22,PCA
Rtg1 @ 2% glucose (mock/steady),5,train,Rtg1,2% glucose (mock/steady),0.6636970281528826,-2.7129653367413353,catch22,PCA
Nrg1 @ 2% glucose (mock/steady),2,train,Nrg1,2% glucose (mock/steady),-6.565270604511602,0.14628945978916288,catch22,PCA
Nrg1 @ 0.1% glucose,1,train,Nrg1,0.1% glucose,-1.968322784371648,1.91016124653634,catch22,PCA
Rtg1 @ 2% glucose (mock/steady),5,train,Rtg1,2% glucose (mock/steady),-0.8046184873062159,-2.3374055617807312,catch22,PCA
Rtg1 @ 0.1% glucose,4,train,Rtg1,0.1% glucose,0.569212068407965,-0.9242819882833119,catch22,PCA
Nrg1 @ 0.1% glucose,1,train,Nrg1,0.1% glucose,6.123524914418334,0.9808568545471004,catch22,PCA
Nrg1 @ 2% glucose (mock/steady),2,train,Nrg1,2% glucose (mock/steady),2.273355246338608,-0.7326227496060079,catch22,PCA
Nrg1 @ 0.01% glucose,0,train,Nrg1,0.01% glucose,-2.661130262283698,1.5359296202859916,catch22,PCA
Nrg1 @ 2% glucose (mock/steady),2,train,Nrg1,2% glucose (mock/steady),0.7678169254082235,0.435981268134932,catch22,PCA
Nrg1 @ 2% glucose (mock/steady),2,train,Nrg1,2% glucose (mock/steady),0.9750171546808348,-0.22240114625833093,catch22,PCA
Nrg1 @ 2% glucose (mock/steady),2,train,Nrg1,2% glucose (mock/steady),0.7360815379081198,-0.28909009343207864,catch22,PCA
Rtg1 @ 2% glucose (mock/steady),5,train,Rtg1,2% glucose (mock/steady),-6.550355624108369,-0.7544156391549892,catch22,PCA
Nrg1 @ 2% glucose (mock/steady),2,train,Nrg1,2% glucose (mock/steady),3.7856754479364896,-0.2704866685496365,catch22,PCA
Rtg1 @ 0.1% glucose,4,train,Rtg1,0.1% glucose,-2.106219391007311,-0.36984311110116835,catch22,PCA
Rtg1 @ 0.01% glucose,3,train,Rtg1,0.01% glucose,-3.312718778516478,-1.9300550522391913,catch22,PCA
Rtg1 @ 2% glucose (mock/steady),5,train,Rtg1,2% glucose (mock/steady),1.7384939830532766,0.2158196969489466,catch22,PCA
Rtg1 @ 0.1% glucose,4,train,Rtg1,0.1% glucose,0.8273145956880286,-0.2928405423431683,catch22,PCA
Nrg1 @ 0.01% glucose,0,train,Nrg1,0.01% glucose,-2.1123314047476733,0.8314569996845346,catch22,PCA
Nrg1 @ 0.01% glucose,0,train,Nrg1,0.01% glucose,-2.778520337420619,0.8761439487983735,catch22,PCA
Rtg1 @ 2% glucose (mock/steady),5,train,Rtg1,2% glucose (mock/steady),0.6576933731731027,-0.42627633052705244,catch22,PCA
Rtg1 @ 0.1% glucose,4,train,Rtg1,0.1% glucose,-4.980306724234925,0.49225280235042873,catch22,PCA
Nrg1 @ 0.1% glucose,1,train,Nrg1,0.1% glucose,4.110438098009632,2.273106042494232,catch22,PCA
Nrg1 @ 2% glucose (mock/steady),2,train,Nrg1,2% glucose (mock/steady),3.951673905483137,-0.1970681537788151,catch22,PCA
Rtg1 @ 2% glucose (mock/steady),5,train,Rtg1,2% glucose (mock/steady),2.2832531396239615,0.24569464839612187,catch22,PCA
Rtg1 @ 0.01% glucose,3,train,Rtg1,0.01% glucose,-1.3191767433572013,-0.12637076096017014,catch22,PCA
Nrg1 @ 2% glucose (mock/steady),2,train,Nrg1,2% glucose (mock/steady),0.5001769445739013,-1.6007329526743237,catch22,PCA
Rtg1 @ 0.1% glucose,4,train,Rtg1,0.1% glucose,0.8594935754042338,-0.25820455334094505,catch22,PCA
Rtg1 @ 2% glucose (mock/steady),5,train,Rtg1,2% glucose (mock/steady),-0.8483822395435644,-2.6723374580775663,catch22,PCA
Rtg1 @ 2% glucose (mock/steady),5,train,Rtg1,2% glucose (mock/steady),-0.2582501998215439,-1.8051174894690534,catch22,PCA
Rtg1 @ 0.01% glucose,3,train,Rtg1,0.01% glucose,0.45168591676896463,-1.7255017431926334,catch22,PCA
Nrg1 @ 0.01% glucose,0,train,Nrg1,0.01% glucose,-2.979956918722487,0.6146164670326416,catch22,PCA
Rtg1 @ 0.01% glucose,3,train,Rtg1,0.01% glucose,-0.9997913450730225,-0.6485929827218071,catch22,PCA
Nrg1 @ 0.01% glucose,0,train,Nrg1,0.01% glucose,-4.0707795523445425,1.6278066456055167,catch22,PCA
Rtg1 @ 2% glucose (mock/steady),5,train,Rtg1,2% glucose (mock/steady),3.1754634006198903,-1.0455490483979266,catch22,PCA
Rtg1 @ 0.01% glucose,3,train,Rtg1,0.01% glucose,2.534774698174043,-1.5716500879085828,catch22,PCA
Rtg1 @ 0.1% glucose,4,train,Rtg1,0.1% glucose,-1.0143811474825344,-1.625193890785442,catch22,PCA
Rtg1 @ 0.1% glucose,4,train,Rtg1,0.1% glucose,3.1533283556080285,0.350302479320427,catch22,PCA
Nrg1 @ 0.1% glucose,1,train,Nrg1,0.1% glucose,3.338918061553459,-0.1305811539015291,catch22,PCA
Nrg1 @ 0.01% glucose,0,train,Nrg1,0.01% glucose,-1.5577760969423007,0.9907160012343569,catch22,PCA
Rtg1 @ 2% glucose (mock/steady),5,train,Rtg1,2% glucose (mock/steady),1.248814721696358,-1.7167563451713894,catch22,PCA
Rtg1 @ 0.01% glucose,3,train,Rtg1,0.01% glucose,1.392558303099508,-0.6082434838183005,catch22,PCA
Rtg1 @ 0.01% glucose,3,train,Rtg1,0.01% glucose,-2.44742046941026,-1.6320176704828133,catch22,PCA
Rtg1 @ 0.01% glucose,3,train,Rtg1,0.01% glucose,0.004665985601295934,-0.17905567010266382,catch22,PCA
Nrg1 @ 0.1% glucose,1,train,Nrg1,0.1% glucose,4.481057940415143,0.9137298789548115,catch22,PCA
Nrg1 @ 2% glucose (mock/steady),2,test,Nrg1,2% glucose (mock/steady),5.3557523175213815,-0.5380908688011137,catch22,PCA
Rtg1 @ 0.1% glucose,4,test,Rtg1,0.1% glucose,-3.597931146729923,-1.2038249520453665,catch22,PCA
Rtg1 @ 0.1% glucose,4,test,Rtg1,0.1% glucose,-1.6215969012642466,-0.9235190171880452,catch22,PCA
Nrg1 @ 0.1% glucose,1,test,Nrg1,0.1% glucose,-2.0493506645890007,1.9982429297043045,catch22,PCA
Nrg1 @ 0.1% glucose,1,test,Nrg1,0.1% glucose,-0.3223815189735162,1.9968866499353521,catch22,PCA
Rtg1 @ 0.01% glucose,3,test,Rtg1,0.01% glucose,-7.420463423097439,0.2859495198082488,catch22,PCA
Rtg1 @ 2% glucose (mock/steady),5,test,Rtg1,2% glucose (mock/steady),-0.6500251104853386,-0.31138498147791366,catch22,PCA
Nrg1 @ 0.1% glucose,1,test,Nrg1,0.1% glucose,4.609496408785972,3.097429944579476,catch22,PCA
Rtg1 @ 0.01% glucose,3,test,Rtg1,0.01% glucose,-2.41426701687981,-1.5189663788728023,catch22,PCA
Rtg1 @ 2% glucose (mock/steady),5,test,Rtg1,2% glucose (mock/steady),0.14688302642958784,-1.275870412454646,catch22,PCA
Nrg1 @ 0.01% glucose,0,test,Nrg1,0.01% glucose,-2.9597936434321044,0.8228491240619212,catch22,PCA
Nrg1 @ 0.1% glucose,1,test,Nrg1,0.1% glucose,4.646984547641118,1.5579667273503939,catch22,PCA
Nrg1 @ 0.1% glucose,1,test,Nrg1,0.1% glucose,2.230184155284058,0.9409775498177755,catch22,PCA
Rtg1 @ 2% glucose (mock/steady),5,test,Rtg1,2% glucose (mock/steady),-1.015137489620568,-2.1027776612134694,catch22,PCA
Nrg1 @ 0.01% glucose,0,test,Nrg1,0.01% glucose,-1.371615582156111,2.78356045352498,catch22,PCA
Rtg1 @ 2% glucose (mock/steady),5,test,Rtg1,2% glucose (mock/steady),2.4711159328825025,-1.484043164976315,catch22,PCA
Nrg1 @ 2% glucose (mock/steady),2,test,Nrg1,2% glucose (mock/steady),4.761530448598884,1.2972600616838514,catch22,PCA
Nrg1 @ 2% glucose (mock/steady),2,test,Nrg1,2% glucose (mock/steady),0.6684513032155317,-0.1995817169030236,catch22,PCA
Rtg1 @ 2% glucose (mock/steady),5,test,Rtg1,2% glucose (mock/steady),-1.8560107850372964,-2.1574849123750948,catch22,PCA
Rtg1 @ 0.1% glucose,4,test,Rtg1,0.1% glucose,1.1200647771510062,0.1270698002613148,catch22,PCA
Rtg1 @ 0.01% glucose,3,test,Rtg1,0.01% glucose,-2.2224082703964867,-0.7764514343030057,catch22,PCA
Rtg1 @ 0.1% glucose,4,test,Rtg1,0.1% glucose,2.4038373930707753,-0.6217161039436728,catch22,PCA
Nrg1 @ 2% glucose (mock/steady),2,test,Nrg1,2% glucose (mock/steady),3.868416809015486,-2.2166004971166484,catch22,PCA
Rtg1 @ 0.1% glucose,4,test,Rtg1,0.1% glucose,-2.3553709413643094,-1.2195048797389527,catch22,PCA
Nrg1 @ 2% glucose (mock/steady),2,test,Nrg1,2% glucose (mock/steady),-1.944772326849642,1.0107412224400156,catch22,PCA
Rtg1 @ 0.01% glucose,3,test,Rtg1,0.01% glucose,-1.262299530203287,0.6897844473608082,catch22,PCA
Rtg1 @ 2% glucose (mock/steady),5,test,Rtg1,2% glucose (mock/steady),0.121475335542047,-0.49158109407793976,catch22,PCA
Rtg1 @ 2% glucose (mock/steady),5,test,Rtg1,2% glucose (mock/steady),-1.4614750555973417,-2.024966843384683,catch22,PCA
Rtg1 @ 0.1% glucose,4,test,Rtg1,0.1% glucose,-2.952890628479617,-1.4734221143512425,catch22,PCA
Rtg1 @ 0.01% glucose,3,test,Rtg1,0.01% glucose,-0.4570535023674947,-1.9550866156491749,catch22,PCA
Nrg1 @ 0.01% glucose,0,test,Nrg1,0.01% glucose,3.554831136679768,14.045826697148595,catch22,PCA
Rtg1 @ 2% glucose (mock/steady),5,test,Rtg1,2% glucose (mock/steady),1.954998407177662,-2.4056934850966383,catch22,PCA
Rtg1 @ 0.01% glucose,3,test,Rtg1,0.01% glucose,-4.31097413470797,-0.6692894555826687,catch22,PCA
Nrg1 @ 0.01% glucose,0,test,Nrg1,0.01% glucose,-0.9652877015437471,-1.5025922653329042,catch22,PCA
Nrg1 @ 2% glucose (mock/steady),2,test,Nrg1,2% glucose (mock/steady),-3.236728321221035,0.6007427270407136,catch22,PCA
Nrg1 @ 0.1% glucose,1,test,Nrg1,0.1% glucose,4.800921733827405,2.0166061651260123,catch22,PCA
Nrg1 @ 0.01% glucose,0,test,Nrg1,0.01% glucose,-0.3954257830368431,3.6398441500261653,catch22,PCA
Rtg1 @ 0.01% glucose,3,test,Rtg1,0.01% glucose,-4.55395184864548,-0.5147135497191404,catch22,PCA
Rtg1 @ 0.1% glucose,4,test,Rtg1,0.1% glucose,-2.8521621391958316,-0.7866143908389259,catch22,PCA
Rtg1 @ 0.1% glucose,4,test,Rtg1,0.1% glucose,-1.757874130042532,-1.5959985558125505,catch22,PCA
Rtg1 @ 2% glucose (mock/steady),5,test,Rtg1,2% glucose (mock/steady),-0.26470802050136855,-0.8492554438229212,catch22,PCA
Nrg1 @ 2% glucose (mock/steady),2,test,Nrg1,2% glucose (mock/steady),1.4015246506435872,-0.6280131361979269,catch22,PCA
Nrg1 @ 0.1% glucose,1,test,Nrg1,0.1% glucose,4.09987978096228,2.033452047909637,catch22,PCA
Nrg1 @ 2% glucose (mock/steady),2,test,Nrg1,2% glucose (mock/steady),4.0087870316798115,0.6066765605609884,catch22,PCA
Nrg1 @ 0.01% glucose,0,test,Nrg1,0.01% glucose,-4.814130678189827,1.6457970399442061,catch22,PCA
Rtg1 @ 0.1% glucose,4,test,Rtg1,0.1% glucose,-1.0667149352980505,0.9777586861727225,catch22,PCA
Nrg1 @ 2% glucose (mock/steady),2,test,Nrg1,2% glucose (mock/steady),4.075008703403019,-0.8677723736158964,catch22,PCA
Nrg1 @ 0.1% glucose,1,test,Nrg1,0.1% glucose,1.9040115223964724,2.1105029146825847,catch22,PCA
Nrg1 @ 0.01% glucose,0,test,Nrg1,0.01% glucose,-0.889759102781883,0.6268798980825139,catch22,PCA
Nrg1 @ 2% glucose (mock/steady),2,test,Nrg1,2% glucose (mock/steady),1.0088950820974152,-1.2130436397591415,catch22,PCA
Nrg1 @ 2% glucose (mock/steady),2,test,Nrg1,2% glucose (mock/steady),4.532510040201265,-2.423411085115374,catch22,PCA
Nrg1 @ 0.1% glucose,1,test,Nrg1,0.1% glucose,2.2910572435272796,-0.20112776040697433,catch22,PCA
Rtg1 @ 2% glucose (mock/steady),5,test,Rtg1,2% glucose (mock/steady),-3.063484375721823,-1.0742862030507245,catch22,PCA
Rtg1 @ 0.01% glucose,3,test,Rtg1,0.01% glucose,-1.7989241806737801,-0.34019498323621966,catch22,PCA
Nrg1 @ 2% glucose (mock/steady),2,test,Nrg1,2% glucose (mock/steady),12.892857775751596,-2.4043726948532655,catch22,PCA
Rtg1 @ 2% glucose (mock/steady),5,test,Rtg1,2% glucose (mock/steady),-0.4552824740712637,-0.521470557461897,catch22,PCA
Nrg1 @ 0.1% glucose,1,test,Nrg1,0.1% glucose,4.100063286784754,1.0503909543084822,catch22,PCA
Rtg1 @ 2% glucose (mock/steady),5,test,Rtg1,2% glucose (mock/steady),-0.31812937233025196,-0.4705393340370258,catch22,PCA
Nrg1 @ 0.01% glucose,0,test,Nrg1,0.01% glucose,2.8428907724272485,-0.1091434636344372,catch22,PCA
Nrg1 @ 0.01% glucose,0,test,Nrg1,0.01% glucose,-3.4803670706111736,0.3758362182582809,catch22,PCA
Rtg1 @ 0.01% glucose,3,test,Rtg1,0.01% glucose,-5.038477727708638,-1.0596971594733184,catch22,PCA
Rtg1 @ 0.1% glucose,4,test,Rtg1,0.1% glucose,-3.7813053450691587,0.08993336158593089,catch22,PCA
Rtg1 @ 0.01% glucose,3,test,Rtg1,0.01% glucose,-3.0327334117567153,-0.8954109567862907,catch22,PCA
Rtg1 @ 0.1% glucose,4,test,Rtg1,0.1% glucose,3.480052607115319,-1.1410343974658812,catch22,PCA
Rtg1 @ 0.1% glucose,4,test,Rtg1,0.1% glucose,1.145305860054401,1.1222901419652342,catch22,PCA
Nrg1 @ 0.01% glucose,0,test,Nrg1,0.01% glucose,-6.13229372829195,0.5859104501141709,catch22,PCA
Nrg1 @ 0.1% glucose,1,test,Nrg1,0.1% glucose,5.306407279682395,0.5418081813987888,catch22,PCA
Nrg1 @ 0.01% glucose,0,test,Nrg1,0.01% glucose,-4.266165906087974,2.0520955697618772,catch22,PCA
Rtg1 @ 2% glucose (mock/steady),5,test,Rtg1,2% glucose (mock/steady),1.3558164218296607,0.15906829496382827,catch22,PCA
Rtg1 @ 2% glucose (mock/steady),5,test,Rtg1,2% glucose (mock/steady),1.9511659986249639,-1.6020304818803168,catch22,PCA
Rtg1 @ 0.01% glucose,3,test,Rtg1,0.01% glucose,-0.8397987609835083,-2.460723839899368,catch22,PCA
Nrg1 @ 0.01% glucose,0,test,Nrg1,0.01% glucose,-1.9075791661705388,1.8951417278574467,catch22,PCA
Rtg1 @ 2% glucose (mock/steady),5,test,Rtg1,2% glucose (mock/steady),0.16415790767761657,0.5418944925119877,catch22,PCA
Nrg1 @ 2% glucose (mock/steady),2,test,Nrg1,2% glucose (mock/steady),4.225787945362002,0.9683281681307979,catch22,PCA
Rtg1 @ 2% glucose (mock/steady),5,test,Rtg1,2% glucose (mock/steady),0.07621222804370568,-1.9213721981951624,catch22,PCA
Rtg1 @ 0.01% glucose,3,test,Rtg1,0.01% glucose,0.14956884004463528,-1.7159685592102216,catch22,PCA
Rtg1 @ 0.01% glucose,3,test,Rtg1,0.01% glucose,-1.4535286056156014,-0.557310294562927,catch22,PCA
Rtg1 @ 0.1% glucose,4,test,Rtg1,0.1% glucose,1.5557899412605365,1.78354497586653,catch22,PCA
Rtg1 @ 0.01% glucose,3,test,Rtg1,0.01% glucose,-1.5840300275545727,-2.0641428126415633,catch22,PCA
Rtg1 @ 0.01% glucose,3,test,Rtg1,0.01% glucose,2.6807473184756203,-1.527565058388234,catch22,PCA
Nrg1 @ 0.1% glucose,1,test,Nrg1,0.1% glucose,3.4185305969692155,0.9921900369883893,catch22,PCA
Rtg1 @ 0.1% glucose,4,test,Rtg1,0.1% glucose,0.08966684848780683,-1.3294494078518029,catch22,PCA
Nrg1 @ 0.1% glucose,1,test,Nrg1,0.1% glucose,0.16644312749817708,2.282627744545735,catch22,PCA
Nrg1 @ 2% glucose (mock/steady),2,test,Nrg1,2% glucose (mock/steady),-3.502143925846224,0.8301539618879464,catch22,PCA
Rtg1 @ 0.1% glucose,4,test,Rtg1,0.1% glucose,-0.2609550312311896,-0.9176367932823222,catch22,PCA
Rtg1 @ 0.01% glucose,3,test,Rtg1,0.01% glucose,-1.2849043911254874,-1.1300115658702632,catch22,PCA
Nrg1 @ 2% glucose (mock/steady),2,test,Nrg1,2% glucose (mock/steady),4.738562984815162,-1.5525522132536538,catch22,PCA
Nrg1 @ 2% glucose (mock/steady),2,test,Nrg1,2% glucose (mock/steady),4.549735384322271,1.7946934444426337,catch22,PCA
Nrg1 @ 0.01% glucose,0,test,Nrg1,0.01% glucose,1.3848885352375975,-4.280440671375666,catch22,PCA
Nrg1 @ 0.01% glucose,0,test,Nrg1,0.01% glucose,-4.430211116918915,1.451497960875935,catch22,PCA
Nrg1 @ 0.01% glucose,0,test,Nrg1,0.01% glucose,0.365859510108339,-0.828885201444419,catch22,PCA
Rtg1 @ 0.1% glucose,4,test,Rtg1,0.1% glucose,1.0858324149647773,0.36154391805857233,catch22,PCA
Nrg1 @ 0.1% glucose,1,test,Nrg1,0.1% glucose,3.5442558408640563,-0.4785883684146907,catch22,PCA
Nrg1 @ 0.1% glucose,1,test,Nrg1,0.1% glucose,0.038913144180006284,0.768051527259299,catch22,PCA
Rtg1 @ 0.1% glucose,4,train,Rtg1,0.1% glucose,4.220957279205322,-6.5285773277282715,catch22,t-SNE
Nrg1 @ 0.1% glucose,1,train,Nrg1,0.1% glucose,-24.315357208251953,-10.781279563903809,catch22,t-SNE
Nrg1 @ 0.01% glucose,0,train,Nrg1,0.01% glucose,-1.3227078914642334,-4.368973255157471,catch22,t-SNE
Nrg1 @ 0.01% glucose,0,train,Nrg1,0.01% glucose,28.423538208007812,2.9695167541503906,catch22,t-SNE
Nrg1 @ 0.1% glucose,1,train,Nrg1,0.1% glucose,-24.71782684326172,-5.537151336669922,catch22,t-SNE
Rtg1 @ 2% glucose (mock/steady),5,train,Rtg1,2% glucose (mock/steady),1.67823326587677,1.6566548347473145,catch22,t-SNE
Nrg1 @ 0.01% glucose,0,train,Nrg1,0.01% glucose,-28.54306983947754,-3.7508368492126465,catch22,t-SNE
Rtg1 @ 0.01% glucose,3,train,Rtg1,0.01% glucose,-9.196893692016602,3.9077646732330322,catch22,t-SNE
Nrg1 @ 2% glucose (mock/steady),2,train,Nrg1,2% glucose (mock/steady),17.35890769958496,-5.069375514984131,catch22,t-SNE
Nrg1 @ 2% glucose (mock/steady),2,train,Nrg1,2% glucose (mock/steady),17.229328155517578,4.02949333190918,catch22,t-SNE
Rtg1 @ 0.1% glucose,4,train,Rtg1,0.1% glucose,-3.2649354934692383,14.078126907348633,catch22,t-SNE
Rtg1 @ 0.1% glucose,4,train,Rtg1,0.1% glucose,5.763369560241699,2.653306722640991,catch22,t-SNE
Rtg1 @ 0.1% glucose,4,train,Rtg1,0.1% glucose,10.445033073425293,11.246337890625,catch22,t-SNE
Nrg1 @ 0.1% glucose,1,train,Nrg1,0.1% glucose,26.117979049682617,-8.91389274597168,catch22,t-SNE
Rtg1 @ 2% glucose (mock/steady),5,train,Rtg1,2% glucose (mock/steady),6.59057092666626,0.792728841304779,catch22,t-SNE
Rtg1 @ 0.01% glucose,3,train,Rtg1,0.01% glucose,-15.994732856750488,10.812068939208984,catch22,t-SNE
Nrg1 @ 0.01% glucose,0,train,Nrg1,0.01% glucose,-15.74397087097168,-13.742958068847656,catch22,t-SNE
Nrg1 @ 2% glucose (mock/steady),2,train,Nrg1,2% glucose (mock/steady),17.349822998046875,-8.817879676818848,catch22,t-SNE
Nrg1 @ 0.1% glucose,1,train,Nrg1,0.1% glucose,20.608823776245117,2.02724552154541,catch22,t-SNE
Nrg1 @ 0.1% glucose,1,train,Nrg1,0.1% glucose,2.303349018096924,-7.432605743408203,catch22,t-SNE
Rtg1 @ 2% glucose (mock/steady),5,train,Rtg1,2% glucose (mock/steady),17.061660766601562,-15.829509735107422,catch22,t-SNE
Rtg1 @ 0.01% glucose,3,train,Rtg1,0.01% glucose,-3.8626608848571777,17.860803604125977,catch22,t-SNE
Rtg1 @ 0.01% glucose,3,train,Rtg1,0.01% glucose,3.249329090118408,17.40087127685547,catch22,t-SNE
Rtg1 @ 0.01% glucose,3,train,Rtg1,0.01% glucose,2.6727237701416016,18.700536727905273,catch22,t-SNE
Nrg1 @ 2% glucose (mock/steady),2,train,Nrg1,2% glucose (mock/steady),13.037861824035645,-6.5571160316467285,catch22,t-SNE
Rtg1 @ 0.1% glucose,4,train,Rtg1,0.1% glucose,-27.8658504486084,7.330577373504639,catch22,t-SNE
Nrg1 @ 0.1% glucose,1,train,Nrg1,0.1% glucose,11.772810935974121,3.9359912872314453,catch22,t-SNE
Rtg1 @ 0.1% glucose,4,train,Rtg1,0.1% glucose,3.7357637882232666,-7.118846416473389,catch22,t-SNE
Nrg1 @ 2% glucose (mock/steady),2,train,Nrg1,2% glucose (mock/steady),17.673254013061523,-12.768610000610352,catch22,t-SNE
Rtg1 @ 2% glucose (mock/steady),5,train,Rtg1,2% glucose (mock/steady),0.7098706364631653,3.295407772064209,catch22,t-SNE
Nrg1 @ 0.1% glucose,1,train,Nrg1,0.1% glucose,16.66086196899414,-2.2991719245910645,catch22,t-SNE
Nrg1 @ 0.1% glucose,1,train,Nrg1,0.1% glucose,9.27226734161377,10.767934799194336,catch22,t-SNE
Nrg1 @ 2% glucose (mock/steady),2,train,Nrg1,2% glucose (mock/steady),21.473772048950195,-17.143577575683594,catch22,t-SNE
Nrg1 @ 0.1% glucose,1,train,Nrg1,0.1% glucose,24.50057601928711,0.8619080185890198,catch22,t-SNE
Rtg1 @ 0.1% glucose,4,train,Rtg1,0.1% glucose,12.788861274719238,8.886789321899414,catch22,t-SNE
Nrg1 @ 0.1% glucose,1,train,Nrg1,0.1% glucose,27.5336971282959,0.5719049572944641,catch22,t-SNE
Rtg1 @ 2% glucose (mock/steady),5,train,Rtg1,2% glucose (mock/steady),-5.8573784828186035,4.9292683601379395,catch22,t-SNE
Rtg1 @ 2% glucose (mock/steady),5,train,Rtg1,2% glucose (mock/steady),10.57474422454834,-9.112178802490234,catch22,t-SNE
Rtg1 @ 0.01% glucose,3,train,Rtg1,0.01% glucose,-15.52798843383789,6.930856227874756,catch22,t-SNE
Nrg1 @ 0.1% glucose,1,train,Nrg1,0.1% glucose,-19.978364944458008,-10.011126518249512,catch22,t-SNE
Rtg1 @ 2% glucose (mock/steady),5,train,Rtg1,2% glucose (mock/steady),-10.46630573272705,19.286333084106445,catch22,t-SNE
Rtg1 @ 2% glucose (mock/steady),5,train,Rtg1,2% glucose (mock/steady),-0.7472622990608215,5.767268180847168,catch22,t-SNE
Nrg1 @ 0.1% glucose,1,train,Nrg1,0.1% glucose,-23.5358943939209,0.10438748449087143,catch22,t-SNE
Rtg1 @ 2% glucose (mock/steady),5,train,Rtg1,2% glucose (mock/steady),19.553691864013672,-18.0882568359375,catch22,t-SNE
Rtg1 @ 0.01% glucose,3,train,Rtg1,0.01% glucose,3.530428647994995,2.7525179386138916,catch22,t-SNE
Rtg1 @ 0.1% glucose,4,train,Rtg1,0.1% glucose,0.7367652058601379,-3.8816611766815186,catch22,t-SNE
Nrg1 @ 0.01% glucose,0,train,Nrg1,0.01% glucose,-22.284740447998047,6.321955680847168,catch22,t-SNE
Rtg1 @ 2% glucose (mock/steady),5,train,Rtg1,2% glucose (mock/steady),-3.0116193294525146,7.938618183135986,catch22,t-SNE
Nrg1 @ 2% glucose (mock/steady),2,train,Nrg1,2% glucose (mock/steady),3.16001033782959,-13.034995079040527,catch22,t-SNE
Nrg1 @ 2% glucose (mock/steady),2,train,Nrg1,2% glucose (mock/steady),-28.100311279296875,2.6566195487976074,catch22,t-SNE
Rtg1 @ 0.1% glucose,4,train,Rtg1,0.1% glucose,0.13458609580993652,-11.063469886779785,catch22,t-SNE
Nrg1 @ 2% glucose (mock/steady),2,train,Nrg1,2% glucose (mock/steady),22.379093170166016,-9.05044937133789,catch22,t-SNE
Nrg1 @ 0.01% glucose,0,train,Nrg1,0.01% glucose,-20.25718116760254,-4.00911283493042,catch22,t-SNE
Nrg1 @ 2% glucose (mock/steady),2,train,Nrg1,2% glucose (mock/steady),-24.052650451660156,0.6773014664649963,catch22,t-SNE
Nrg1 @ 2% glucose (mock/steady),2,train,Nrg1,2% glucose (mock/steady),22.32135581970215,-7.803835868835449,catch22,t-SNE
Nrg1 @ 2% glucose (mock/steady),2,train,Nrg1,2% glucose (mock/steady),19.16534423828125,-1.0161453485488892,catch22,t-SNE
Nrg1 @ 0.1% glucose,1,train,Nrg1,0.1% glucose,18.731576919555664,5.802012920379639,catch22,t-SNE
Rtg1 @ 0.01% glucose,3,train,Rtg1,0.01% glucose,-16.136165618896484,-2.680447816848755,catch22,t-SNE
Rtg1 @ 0.1% glucose,4,train,Rtg1,0.1% glucose,7.103000640869141,3.891573429107666,catch22,t-SNE
Nrg1 @ 0.01% glucose,0,train,Nrg1,0.01% glucose,9.022684097290039,16.20735740661621,catch22,t-SNE
Nrg1 @ 0.1% glucose,1,train,Nrg1,0.1% glucose,27.64455223083496,-9.125212669372559,catch22,t-SNE
Nrg1 @ 0.1% glucose,1,train,Nrg1,0.1% glucose,-22.737548828125,-11.91960334777832,catch22,t-SNE
Nrg1 @ 0.1% glucose,1,train,Nrg1,0.1% glucose,20.899425506591797,1.3384228944778442,catch22,t-SNE
Nrg1 @ 0.01% glucose,0,train,Nrg1,0.01% glucose,-30.241361618041992,-0.8833004832267761,catch22,t-SNE
Nrg1 @ 2% glucose (mock/steady),2,train,Nrg1,2% glucose (mock/steady),28.971641540527344,-8.52029800415039,catch22,t-SNE
Rtg1 @ 0.01% glucose,3,train,Rtg1,0.01% glucose,1.548258900642395,15.877856254577637,catch22,t-SNE
Nrg1 @ 2% glucose (mock/steady),2,train,Nrg1,2% glucose (mock/steady),21.63194465637207,-14.25745677947998,catch22,t-SNE
Rtg1 @ 2% glucose (mock/steady),5,train,Rtg1,2% glucose (mock/steady),16.429645538330078,-14.658961296081543,catch22,t-SNE
Rtg1 @ 0.1% glucose,4,train,Rtg1,0.1% glucose,-9.85578441619873,12.096321105957031,catch22,t-SNE
Nrg1 @ 2% glucose (mock/steady),2,train,Nrg1,2% glucose (mock/steady),-8.1246337890625,-6.592208385467529,catch22,t-SNE
Rtg1 @ 2% glucose (mock/steady),5,train,Rtg1,2% glucose (mock/steady),15.594799995422363,-16.400400161743164,catch22,t-SNE
Rtg1 @ 2% glucose (mock/steady),5,train,Rtg1,2% glucose (mock/steady),-11.195734024047852,1.0324233770370483,catch22,t-SNE
Rtg1 @ 0.01% glucose,3,train,Rtg1,0.01% glucose,4.410057544708252,21.351884841918945,catch22,t-SNE
Nrg1 @ 0.01% glucose,0,train,Nrg1,0.01% glucose,7.228446006774902,-10.792013168334961,catch22,t-SNE
Rtg1 @ 0.01% glucose,3,train,Rtg1,0.01% glucose,-7.869541168212891,6.58778190612793,catch22,t-SNE
Nrg1 @ 2% glucose (mock/steady),2,train,Nrg1,2% glucose (mock/steady),2.7988271713256836,-9.129353523254395,catch22,t-SNE
Nrg1 @ 0.1% glucose,1,train,Nrg1,0.1% glucose,23.661603927612305,3.3722143173217773,catch22,t-SNE
Rtg1 @ 0.01% glucose,3,train,Rtg1,0.01% glucose,4.454824447631836,-0.19006775319576263,catch22,t-SNE
Rtg1 @ 0.01% glucose,3,train,Rtg1,0.01% glucose,11.808710098266602,-1.869287133216858,catch22,t-SNE
Nrg1 @ 0.1% glucose,1,train,Nrg1,0.1% glucose,14.331273078918457,-6.421485424041748,catch22,t-SNE
Nrg1 @ 0.01% glucose,0,train,Nrg1,0.01% glucose,-15.437091827392578,-9.357194900512695,catch22,t-SNE
Nrg1 @ 0.01% glucose,0,train,Nrg1,0.01% glucose,-32.48824691772461,1.5188254117965698,catch22,t-SNE
Nrg1 @ 2% glucose (mock/steady),2,train,Nrg1,2% glucose (mock/steady),24.30931854248047,-10.650689125061035,catch22,t-SNE
Rtg1 @ 2% glucose (mock/steady),5,train,Rtg1,2% glucose (mock/steady),5.4000773429870605,4.592668533325195,catch22,t-SNE
Rtg1 @ 2% glucose (mock/steady),5,train,Rtg1,2% glucose (mock/steady),1.9723352193832397,8.975375175476074,catch22,t-SNE
Nrg1 @ 2% glucose (mock/steady),2,train,Nrg1,2% glucose (mock/steady),22.238521575927734,-14.81745719909668,catch22,t-SNE
Rtg1 @ 0.1% glucose,4,train,Rtg1,0.1% glucose,-0.712010383605957,17.468656539916992,catch22,t-SNE
Nrg1 @ 0.01% glucose,0,train,Nrg1,0.01% glucose,-30.563663482666016,-2.9788498878479004,catch22,t-SNE
Nrg1 @ 0.1% glucose,1,train,Nrg1,0.1% glucose,17.947874069213867,5.35353422164917,catch22,t-SNE
Nrg1 @ 0.1% glucose,1,train,Nrg1,0.1% glucose,26.685760498046875,-4.24461030960083,catch22,t-SNE
Nrg1 @ 0.1% glucose,1,train,Nrg1,0.1% glucose,14.415818214416504,7.7064208984375,catch22,t-SNE
Nrg1 @ 0.1% glucose,1,train,Nrg1,0.1% glucose,19.708179473876953,4.572608470916748,catch22,t-SNE
Nrg1 @ 0.01% glucose,0,train,Nrg1,0.01% glucose,-5.624269485473633,1.4651399850845337,catch22,t-SNE
Rtg1 @ 0.01% glucose,3,train,Rtg1,0.01% glucose,-10.919819831848145,7.398387908935547,catch22,t-SNE
Rtg1 @ 0.01% glucose,3,train,Rtg1,0.01% glucose,-2.978370189666748,17.537580490112305,catch22,t-SNE
Rtg1 @ 0.01% glucose,3,train,Rtg1,0.01% glucose,-4.776741027832031,12.647171020507812,catch22,t-SNE
Rtg1 @ 0.1% glucose,4,train,Rtg1,0.1% glucose,2.4337592124938965,18.335981369018555,catch22,t-SNE
Rtg1 @ 0.1% glucose,4,train,Rtg1,0.1% glucose,20.050716400146484,-16.23227310180664,catch22,t-SNE
Rtg1 @ 2% glucose (mock/steady),5,train,Rtg1,2% glucose (mock/steady),12.692317008972168,-11.240851402282715,catch22,t-SNE
Rtg1 @ 0.1% glucose,4,train,Rtg1,0.1% glucose,9.639910697937012,-4.055535793304443,catch22,t-SNE
Nrg1 @ 2% glucose (mock/steady),2,train,Nrg1,2% glucose (mock/steady),10.656755447387695,6.711421966552734,catch22,t-SNE
Rtg1 @ 0.1% glucose,4,train,Rtg1,0.1% glucose,3.2063944339752197,7.3037261962890625,catch22,t-SNE
Rtg1 @ 2% glucose (mock/steady),5,train,Rtg1,2% glucose (mock/steady),-5.531994342803955,9.622847557067871,catch22,t-SNE
Rtg1 @ 0.1% glucose,4,train,Rtg1,0.1% glucose,-27.125925064086914,3.4418933391571045,catch22,t-SNE
Nrg1 @ 0.1% glucose,1,train,Nrg1,0.1% glucose,23.72270965576172,-0.3525709807872772,catch22,t-SNE
Nrg1 @ 2% glucose (mock/steady),2,train,Nrg1,2% glucose (mock/steady),25.248483657836914,-14.26432991027832,catch22,t-SNE
Nrg1 @ 0.01% glucose,0,train,Nrg1,0.01% glucose,3.7400588989257812,10.395506858825684,catch22,t-SNE
Nrg1 @ 0.01% glucose,0,train,Nrg1,0.01% glucose,20.390188217163086,-0.7406337261199951,catch22,t-SNE
Nrg1 @ 0.01% glucose,0,train,Nrg1,0.01% glucose,-30.660411834716797,0.30872833728790283,catch22,t-SNE
Nrg1 @ 2% glucose (mock/steady),2,train,Nrg1,2% glucose (mock/steady),24.97020149230957,-13.042057037353516,catch22,t-SNE
Rtg1 @ 0.1% glucose,4,train,Rtg1,0.1% glucose,-23.36665916442871,0.7576051950454712,catch22,t-SNE
Rtg1 @ 0.01% glucose,3,train,Rtg1,0.01% glucose,-9.661726951599121,5.2479753494262695,catch22,t-SNE
Nrg1 @ 0.1% glucose,1,train,Nrg1,0.1% glucose,26.208017349243164,-4.3300371170043945,catch22,t-SNE
Rtg1 @ 2% glucose (mock/steady),5,train,Rtg1,2% glucose (mock/steady),14.218195915222168,-15.722734451293945,catch22,t-SNE
Nrg1 @ 0.1% glucose,1,train,Nrg1,0.1% glucose,-26.39838981628418,-1.2027274370193481,catch22,t-SNE
Nrg1 @ 0.1% glucose,1,train,Nrg1,0.1% glucose,11.974108695983887,4.526364326477051,catch22,t-SNE
Rtg1 @ 2% glucose (mock/steady),5,train,Rtg1,2% glucose (mock/steady),-20.630577087402344,2.4200546741485596,catch22,t-SNE
Nrg1 @ 0.01% glucose,0,train,Nrg1,0.01% glucose,-18.10079574584961,-2.32366681098938,catch22,t-SNE
Rtg1 @ 0.01% glucose,3,train,Rtg1,0.01% glucose,-0.5682373642921448,14.604015350341797,catch22,t-SNE
Nrg1 @ 0.1% glucose,1,train,Nrg1,0.1% glucose,-23.00542449951172,-10.868163108825684,catch22,t-SNE
Nrg1 @ 0.01% glucose,0,train,Nrg1,0.01% glucose,-0.5986217856407166,-2.3602681159973145,catch22,t-SNE
Nrg1 @ 0.01% glucose,0,train,Nrg1,0.01% glucose,-18.829952239990234,-5.0926384925842285,catch22,t-SNE
Nrg1 @ 0.1% glucose,1,train,Nrg1,0.1% glucose,24.58251953125,1.1225461959838867,catch22,t-SNE
Nrg1 @ 0.01% glucose,0,train,Nrg1,0.01% glucose,-21.63930892944336,-4.182260990142822,catch22,t-SNE
Rtg1 @ 2% glucose (mock/steady),5,train,Rtg1,2% glucose (mock/steady),9.120222091674805,-1.4041105508804321,catch22,t-SNE
Nrg1 @ 0.1% glucose,1,train,Nrg1,0.1% glucose,-25.675687789916992,-4.206478118896484,catch22,t-SNE
Rtg1 @ 2% glucose (mock/steady),5,train,Rtg1,2% glucose (mock/steady),-7.161126136779785,5.9444580078125,catch22,t-SNE
Nrg1 @ 0.01% glucose,0,train,Nrg1,0.01% glucose,-15.829244613647461,-9.953153610229492,catch22,t-SNE
Rtg1 @ 0.01% glucose,3,train,Rtg1,0.01% glucose,-2.7525887489318848,-1.3904974460601807,catch22,t-SNE
Rtg1 @ 0.1% glucose,4,train,Rtg1,0.1% glucose,6.507563591003418,1.0733810663223267,catch22,t-SNE
Rtg1 @ 2% glucose (mock/steady),5,train,Rtg1,2% glucose (mock/steady),14.943702697753906,-16.948442459106445,catch22,t-SNE
Nrg1 @ 0.1% glucose,1,train,Nrg1,0.1% glucose,8.853791236877441,11.070455551147461,catch22,t-SNE
Rtg1 @ 0.1% glucose,4,train,Rtg1,0.1% glucose,-14.7483491897583,5.684426784515381,catch22,t-SNE
Rtg1 @ 2% glucose (mock/steady),5,train,Rtg1,2% glucose (mock/steady),14.080524444580078,-11.65988540649414,catch22,t-SNE
Nrg1 @ 0.01% glucose,0,train,Nrg1,0.01% glucose,-17.241609573364258,-2.502607822418213,catch22,t-SNE
Rtg1 @ 0.01% glucose,3,train,Rtg1,0.01% glucose,-18.32183074951172,-3.9080862998962402,catch22,t-SNE
Rtg1 @ 2% glucose (mock/steady),5,train,Rtg1,2% glucose (mock/steady),7.548454284667969,12.108846664428711,catch22,t-SNE
Nrg1 @ 2% glucose (mock/steady),2,train,Nrg1,2% glucose (mock/steady),-0.285936564207077,-7.349915504455566,catch22,t-SNE
Rtg1 @ 2% glucose (mock/steady),5,train,Rtg1,2% glucose (mock/steady),-9.133808816841338e-06,6.827877521514893,catch22,t-SNE
Nrg1 @ 0.1% glucose,1,train,Nrg1,0.1% glucose,23.62851905822754,-4.8626322746276855,catch22,t-SNE
Rtg1 @ 2% glucose (mock/steady),5,train,Rtg1,2% glucose (mock/steady),-1.9719126224517822,7.66998291015625,catch22,t-SNE
Rtg1 @ 2% glucose (mock/steady),5,train,Rtg1,2% glucose (mock/steady),0.8566229343414307,-8.433450698852539,catch22,t-SNE
Nrg1 @ 0.01% glucose,0,train,Nrg1,0.01% glucose,-14.510242462158203,-11.348880767822266,catch22,t-SNE
Rtg1 @ 0.1% glucose,4,train,Rtg1,0.1% glucose,-4.960703372955322,14.754597663879395,catch22,t-SNE
Rtg1 @ 0.1% glucose,4,train,Rtg1,0.1% glucose,7.975686550140381,0.7848408818244934,catch22,t-SNE
Nrg1 @ 0.01% glucose,0,train,Nrg1,0.01% glucose,17.060359954833984,7.636701583862305,catch22,t-SNE
Rtg1 @ 2% glucose (mock/steady),5,train,Rtg1,2% glucose (mock/steady),-1.9668195247650146,19.97438621520996,catch22,t-SNE
Nrg1 @ 0.01% glucose,0,train,Nrg1,0.01% glucose,-25.06348419189453,-2.7154312133789062,catch22,t-SNE
Nrg1 @ 0.01% glucose,0,train,Nrg1,0.01% glucose,-16.952035903930664,-10.31396770477295,catch22,t-SNE
Rtg1 @ 0.01% glucose,3,train,Rtg1,0.01% glucose,-14.701887130737305,-2.2623772621154785,catch22,t-SNE
Rtg1 @ 0.01% glucose,3,train,Rtg1,0.01% glucose,-5.3776631355285645,13.564054489135742,catch22,t-SNE
Rtg1 @ 0.01% glucose,3,train,Rtg1,0.01% glucose,-9.94656753540039,5.7448835372924805,catch22,t-SNE
Rtg1 @ 2% glucose (mock/steady),5,train,Rtg1,2% glucose (mock/steady),2.0752570629119873,0.954677402973175,catch22,t-SNE
Nrg1 @ 0.01% glucose,0,train,Nrg1,0.01% glucose,-16.22222137451172,-2.0134732723236084,catch22,t-SNE
Rtg1 @ 0.01% glucose,3,train,Rtg1,0.01% glucose,-2.7733399868011475,-3.919670820236206,catch22,t-SNE
Rtg1 @ 0.1% glucose,4,train,Rtg1,0.1% glucose,7.709375381469727,9.484423637390137,catch22,t-SNE
Nrg1 @ 0.1% glucose,1,train,Nrg1,0.1% glucose,-24.857606887817383,-8.209662437438965,catch22,t-SNE
Rtg1 @ 2% glucose (mock/steady),5,train,Rtg1,2% glucose (mock/steady),-20.499980926513672,-7.099234104156494,catch22,t-SNE
Rtg1 @ 0.1% glucose,4,train,Rtg1,0.1% glucose,8.744461059570312,-5.874325752258301,catch22,t-SNE
Rtg1 @ 2% glucose (mock/steady),5,train,Rtg1,2% glucose (mock/steady),-11.41226863861084,4.800593852996826,catch22,t-SNE
Rtg1 @ 0.1% glucose,4,train,Rtg1,0.1% glucose,1.6271284818649292,13.084161758422852,catch22,t-SNE
Nrg1 @ 0.01% glucose,0,train,Nrg1,0.01% glucose,-26.854856491088867,0.030086185783147812,catch22,t-SNE
Nrg1 @ 2% glucose (mock/steady),2,train,Nrg1,2% glucose (mock/steady),-15.283273696899414,-7.945562362670898,catch22,t-SNE
Nrg1 @ 0.01% glucose,0,train,Nrg1,0.01% glucose,-21.194473266601562,-5.237611293792725,catch22,t-SNE
Rtg1 @ 0.1% glucose,4,train,Rtg1,0.1% glucose,-1.6358048915863037,6.2338547706604,catch22,t-SNE
Rtg1 @ 0.01% glucose,3,train,Rtg1,0.01% glucose,6.603243827819824,-9.020203590393066,catch22,t-SNE
Rtg1 @ 0.01% glucose,3,train,Rtg1,0.01% glucose,-1.7572717666625977,21.118295669555664,catch22,t-SNE
Nrg1 @ 2% glucose (mock/steady),2,train,Nrg1,2% glucose (mock/steady),23.942079544067383,-13.55105972290039,catch22,t-SNE
Nrg1 @ 0.01% glucose,0,train,Nrg1,0.01% glucose,-8.903130531311035,8.222916603088379,catch22,t-SNE
Nrg1 @ 0.01% glucose,0,train,Nrg1,0.01% glucose,-19.603450775146484,0.12556616961956024,catch22,t-SNE
Rtg1 @ 2% glucose (mock/steady),5,train,Rtg1,2% glucose (mock/steady),7.894382476806641,-5.42463493347168,catch22,t-SNE
Rtg1 @ 0.1% glucose,4,train,Rtg1,0.1% glucose,4.273233890533447,1.1091567277908325,catch22,t-SNE
Nrg1 @ 0.01% glucose,0,train,Nrg1,0.01% glucose,-22.840423583984375,4.17080545425415,catch22,t-SNE
Rtg1 @ 2% glucose (mock/steady),5,train,Rtg1,2% glucose (mock/steady),-5.251431941986084,-2.7762506008148193,catch22,t-SNE
Rtg1 @ 0.1% glucose,4,train,Rtg1,0.1% glucose,5.779438018798828,12.051122665405273,catch22,t-SNE
Nrg1 @ 0.1% glucose,1,train,Nrg1,0.1% glucose,15.602946281433105,7.865396976470947,catch22,t-SNE
Nrg1 @ 0.1% glucose,1,train,Nrg1,0.1% glucose,-13.570070266723633,-12.362520217895508,catch22,t-SNE
Nrg1 @ 2% glucose (mock/steady),2,train,Nrg1,2% glucose (mock/steady),24.042957305908203,-14.87138557434082,catch22,t-SNE
Nrg1 @ 0.01% glucose,0,train,Nrg1,0.01% glucose,-30.46914291381836,6.83716344833374,catch22,t-SNE
Rtg1 @ 0.01% glucose,3,train,Rtg1,0.01% glucose,-26.18353271484375,2.681272506713867,catch22,t-SNE
Rtg1 @ 0.1% glucose,4,train,Rtg1,0.1% glucose,12.8904447555542,-15.732418060302734,catch22,t-SNE
Rtg1 @ 2% glucose (mock/steady),5,train,Rtg1,2% glucose (mock/steady),-5.465105056762695,-9.789372444152832,catch22,t-SNE
Rtg1 @ 0.01% glucose,3,train,Rtg1,0.01% glucose,-1.5756016969680786,-8.603700637817383,catch22,t-SNE
Rtg1 @ 2% glucose (mock/steady),5,train,Rtg1,2% glucose (mock/steady),8.312746047973633,-11.2700834274292,catch22,t-SNE
Rtg1 @ 2% glucose (mock/steady),5,train,Rtg1,2% glucose (mock/steady),13.773261070251465,-11.533135414123535,catch22,t-SNE
Nrg1 @ 2% glucose (mock/steady),2,train,Nrg1,2% glucose (mock/steady),6.479054927825928,14.612407684326172,catch22,t-SNE
Nrg1 @ 0.1% glucose,1,train,Nrg1,0.1% glucose,19.55649757385254,0.5626655220985413,catch22,t-SNE
Rtg1 @ 0.1% glucose,4,train,Rtg1,0.1% glucose,20.812349319458008,-12.551854133605957,catch22,t-SNE
Nrg1 @ 2% glucose (mock/steady),2,train,Nrg1,2% glucose (mock/steady),8.91584300994873,3.263681650161743,catch22,t-SNE
Nrg1 @ 0.01% glucose,0,train,Nrg1,0.01% glucose,-24.25840187072754,-3.8294267654418945,catch22,t-SNE
Nrg1 @ 2% glucose (mock/steady),2,train,Nrg1,2% glucose (mock/steady),-8.423998832702637,-5.5218682289123535,catch22,t-SNE
Nrg1 @ 0.1% glucose,1,train,Nrg1,0.1% glucose,20.24935531616211,-1.8166247606277466,catch22,t-SNE
Rtg1 @ 0.01% glucose,3,train,Rtg1,0.01% glucose,-19.655250549316406,4.893714904785156,catch22,t-SNE
Rtg1 @ 0.1% glucose,4,train,Rtg1,0.1% glucose,-7.826030254364014,17.892433166503906,catch22,t-SNE
Nrg1 @ 0.1% glucose,1,train,Nrg1,0.1% glucose,23.868532180786133,-4.8471527099609375,catch22,t-SNE
Nrg1 @ 2% glucose (mock/steady),2,train,Nrg1,2% glucose (mock/steady),-31.91562843322754,-2.9442076683044434,catch22,t-SNE
Nrg1 @ 0.01% glucose,0,train,Nrg1,0.01% glucose,-15.278002738952637,-10.30784797668457,catch22,t-SNE
Rtg1 @ 0.1% glucose,4,train,Rtg1,0.1% glucose,-4.7640790939331055,2.5647082328796387,catch22,t-SNE
Rtg1 @ 2% glucose (mock/steady),5,train,Rtg1,2% glucose (mock/steady),-1.4244886636734009,1.823123812675476,catch22,t-SNE
Nrg1 @ 2% glucose (mock/steady),2,train,Nrg1,2% glucose (mock/steady),21.594575881958008,-12.132920265197754,catch22,t-SNE
Nrg1 @ 0.01% glucose,0,train,Nrg1,0.01% glucose,-27.16160774230957,-8.24692153930664,catch22,t-SNE
Rtg1 @ 0.01% glucose,3,train,Rtg1,0.01% glucose,-8.971449851989746,13.206839561462402,catch22,t-SNE
Nrg1 @ 2% glucose (mock/steady),2,train,Nrg1,2% glucose (mock/steady),21.889223098754883,-15.818543434143066,catch22,t-SNE
Nrg1 @ 0.01% glucose,0,train,Nrg1,0.01% glucose,-23.34099578857422,-6.198815822601318,catch22,t-SNE
Rtg1 @ 0.01% glucose,3,train,Rtg1,0.01% glucose,2.1735403537750244,5.8417768478393555,catch22,t-SNE
Rtg1 @ 0.01% glucose,3,train,Rtg1,0.01% glucose,-19.579490661621094,1.550126314163208,catch22,t-SNE
Nrg1 @ 2% glucose (mock/steady),2,train,Nrg1,2% glucose (mock/steady),5.349811553955078,7.5347466468811035,catch22,t-SNE
Rtg1 @ 0.01% glucose,3,train,Rtg1,0.01% glucose,-18.899826049804688,-3.331808567047119,catch22,t-SNE
Nrg1 @ 0.1% glucose,1,train,Nrg1,0.1% glucose,-14.699531555175781,-3.2441155910491943,catch22,t-SNE
Rtg1 @ 0.1% glucose,4,train,Rtg1,0.1% glucose,-5.079578399658203,4.07404899597168,catch22,t-SNE
Rtg1 @ 0.01% glucose,3,train,Rtg1,0.01% glucose,-11.095637321472168,18.591665267944336,catch22,t-SNE
Rtg1 @ 2% glucose (mock/steady),5,train,Rtg1,2% glucose (mock/steady),16.684179306030273,-17.531129837036133,catch22,t-SNE
Rtg1 @ 0.01% glucose,3,train,Rtg1,0.01% glucose,-7.044927597045898,13.435890197753906,catch22,t-SNE
Nrg1 @ 0.1% glucose,1,train,Nrg1,0.1% glucose,-4.7526469230651855,-11.991348266601562,catch22,t-SNE
Nrg1 @ 2% glucose (mock/steady),2,train,Nrg1,2% glucose (mock/steady),18.01721954345703,-3.3556926250457764,catch22,t-SNE
Nrg1 @ 2% glucose (mock/steady),2,train,Nrg1,2% glucose (mock/steady),23.15253257751465,0.4594043791294098,catch22,t-SNE
Nrg1 @ 0.1% glucose,1,train,Nrg1,0.1% glucose,20.046463012695312,6.10711669921875,catch22,t-SNE
Rtg1 @ 0.01% glucose,3,train,Rtg1,0.01% glucose,0.8636411428451538,19.608837127685547,catch22,t-SNE
Rtg1 @ 2% glucose (mock/steady),5,train,Rtg1,2% glucose (mock/steady),-5.13161039352417,-5.595399856567383,catch22,t-SNE
Nrg1 @ 2% glucose (mock/steady),2,train,Nrg1,2% glucose (mock/steady),12.14221477508545,2.3194375038146973,catch22,t-SNE
Nrg1 @ 0.1% glucose,1,train,Nrg1,0.1% glucose,21.97977638244629,1.745744228363037,catch22,t-SNE
Rtg1 @ 0.1% glucose,4,train,Rtg1,0.1% glucose,-7.914087772369385,-2.413816213607788,catch22,t-SNE
Nrg1 @ 2% glucose (mock/steady),2,train,Nrg1,2% glucose (mock/steady),4.619677543640137,6.48380708694458,catch22,t-SNE
Nrg1 @ 0.01% glucose,0,train,Nrg1,0.01% glucose,-16.971214294433594,-9.345956802368164,catch22,t-SNE
Rtg1 @ 0.1% glucose,4,train,Rtg1,0.1% glucose,0.43806207180023193,5.57891321182251,catch22,t-SNE
Nrg1 @ 0.1% glucose,1,train,Nrg1,0.1% glucose,-12.64186954498291,-4.764751434326172,catch22,t-SNE
Rtg1 @ 0.01% glucose,3,train,Rtg1,0.01% glucose,-9.836803436279297,17.61512565612793,catch22,t-SNE
Nrg1 @ 0.1% glucose,1,train,Nrg1,0.1% glucose,-8.94165325164795,-8.096303939819336,catch22,t-SNE
Rtg1 @ 2% glucose (mock/steady),5,train,Rtg1,2% glucose (mock/steady),-1.7746554613113403,-1.1358106136322021,catch22,t-SNE
Rtg1 @ 0.1% glucose,4,train,Rtg1,0.1% glucose,9.457086563110352,12.640296936035156,catch22,t-SNE
Nrg1 @ 2% glucose (mock/steady),2,train,Nrg1,2% glucose (mock/steady),8.946471214294434,1.2541955709457397,catch22,t-SNE
Nrg1 @ 0.1% glucose,1,train,Nrg1,0.1% glucose,26.909324645996094,-12.932950019836426,catch22,t-SNE
Nrg1 @ 2% glucose (mock/steady),2,train,Nrg1,2% glucose (mock/steady),21.034957885742188,-0.9388591051101685,catch22,t-SNE
Nrg1 @ 2% glucose (mock/steady),2,train,Nrg1,2% glucose (mock/steady),30.489116668701172,-4.018993377685547,catch22,t-SNE
Nrg1 @ 0.01% glucose,0,train,Nrg1,0.01% glucose,-28.69001579284668,0.13908915221691132,catch22,t-SNE
Nrg1 @ 0.01% glucose,0,train,Nrg1,0.01% glucose,-22.914630889892578,-3.073190689086914,catch22,t-SNE
Rtg1 @ 0.01% glucose,3,train,Rtg1,0.01% glucose,8.986169815063477,-3.18290376663208,catch22,t-SNE
Rtg1 @ 0.1% glucose,4,train,Rtg1,0.1% glucose,-29.829479217529297,8.976234436035156,catch22,t-SNE
Nrg1 @ 0.01% glucose,0,train,Nrg1,0.01% glucose,-30.552886962890625,-1.1650065183639526,catch22,t-SNE
Rtg1 @ 2% glucose (mock/steady),5,train,Rtg1,2% glucose (mock/steady),16.507415771484375,-12.513148307800293,catch22,t-SNE
Nrg1 @ 2% glucose (mock/steady),2,train,Nrg1,2% glucose (mock/steady),6.455557823181152,-7.820268630981445,catch22,t-SNE
Nrg1 @ 2% glucose (mock/steady),2,train,Nrg1,2% glucose (mock/steady),3.2931034564971924,-7.833359718322754,catch22,t-SNE
Rtg1 @ 2% glucose (mock/steady),5,train,Rtg1,2% glucose (mock/steady),8.568521499633789,-3.7735249996185303,catch22,t-SNE
Nrg1 @ 2% glucose (mock/steady),2,train,Nrg1,2% glucose (mock/steady),-30.109390258789062,9.331674575805664,catch22,t-SNE
Nrg1 @ 2% glucose (mock/steady),2,train,Nrg1,2% glucose (mock/steady),-19.775676727294922,-8.181743621826172,catch22,t-SNE
Nrg1 @ 0.01% glucose,0,train,Nrg1,0.01% glucose,-29.281286239624023,5.537111759185791,catch22,t-SNE
Rtg1 @ 0.01% glucose,3,train,Rtg1,0.01% glucose,-23.47797203063965,-5.657138824462891,catch22,t-SNE
Nrg1 @ 2% glucose (mock/steady),2,train,Nrg1,2% glucose (mock/steady),21.735031127929688,-0.15935072302818298,catch22,t-SNE
Rtg1 @ 0.01% glucose,3,train,Rtg1,0.01% glucose,1.160077452659607,20.68262481689453,catch22,t-SNE
Rtg1 @ 2% glucose (mock/steady),5,train,Rtg1,2% glucose (mock/steady),-1.4928396940231323,11.902938842773438,catch22,t-SNE
Nrg1 @ 0.1% glucose,1,train,Nrg1,0.1% glucose,14.71167278289795,1.3843554258346558,catch22,t-SNE
Nrg1 @ 0.01% glucose,0,train,Nrg1,0.01% glucose,-12.860836029052734,-3.8844995498657227,catch22,t-SNE
Rtg1 @ 0.1% glucose,4,train,Rtg1,0.1% glucose,-8.164205551147461,-4.069657325744629,catch22,t-SNE
Rtg1 @ 0.01% glucose,3,train,Rtg1,0.01% glucose,-0.5358602404594421,0.6506981253623962,catch22,t-SNE
Nrg1 @ 2% glucose (mock/steady),2,train,Nrg1,2% glucose (mock/steady),21.4249210357666,-10.22160816192627,catch22,t-SNE
Rtg1 @ 0.1% glucose,4,train,Rtg1,0.1% glucose,8.332991600036621,13.240509986877441,catch22,t-SNE
Rtg1 @ 0.01% glucose,3,train,Rtg1,0.01% glucose,-14.961612701416016,5.126176834106445,catch22,t-SNE
Rtg1 @ 0.01% glucose,3,train,Rtg1,0.01% glucose,-8.404899597167969,19.733266830444336,catch22,t-SNE
Rtg1 @ 2% glucose (mock/steady),5,train,Rtg1,2% glucose (mock/steady),-3.0067293643951416,12.003548622131348,catch22,t-SNE
Rtg1 @ 2% glucose (mock/steady),5,train,Rtg1,2% glucose (mock/steady),1.7131736278533936,-2.0353643894195557,catch22,t-SNE
Nrg1 @ 2% glucose (mock/steady),2,train,Nrg1,2% glucose (mock/steady),3.29723858833313,-9.764859199523926,catch22,t-SNE
Nrg1 @ 0.1% glucose,1,train,Nrg1,0.1% glucose,-25.883747100830078,-7.445563316345215,catch22,t-SNE
Rtg1 @ 0.1% glucose,4,train,Rtg1,0.1% glucose,17.417438507080078,0.9466094374656677,catch22,t-SNE
Nrg1 @ 2% glucose (mock/steady),2,train,Nrg1,2% glucose (mock/steady),12.988426208496094,-3.1949217319488525,catch22,t-SNE
Nrg1 @ 0.01% glucose,0,train,Nrg1,0.01% glucose,-26.964824676513672,9.372833251953125,catch22,t-SNE
Nrg1 @ 2% glucose (mock/steady),2,train,Nrg1,2% glucose (mock/steady),9.973877906799316,7.562329292297363,catch22,t-SNE
Nrg1 @ 0.1% glucose,1,train,Nrg1,0.1% glucose,27.954233169555664,1.6350339651107788,catch22,t-SNE
Rtg1 @ 2% glucose (mock/steady),5,train,Rtg1,2% glucose (mock/steady),-3.6437041759490967,9.082136154174805,catch22,t-SNE
Nrg1 @ 0.01% glucose,0,train,Nrg1,0.01% glucose,-21.954511642456055,-13.154842376708984,catch22,t-SNE
Rtg1 @ 0.1% glucose,4,train,Rtg1,0.1% glucose,0.43243494629859924,18.708045959472656,catch22,t-SNE
Rtg1 @ 0.1% glucose,4,train,Rtg1,0.1% glucose,7.795179843902588,5.102992534637451,catch22,t-SNE
Nrg1 @ 0.01% glucose,0,train,Nrg1,0.01% glucose,31.01333236694336,0.651692271232605,catch22,t-SNE
Nrg1 @ 0.01% glucose,0,train,Nrg1,0.01% glucose,-26.61153793334961,4.900526523590088,catch22,t-SNE
Rtg1 @ 0.1% glucose,4,train,Rtg1,0.1% glucose,-19.5711612701416,4.965749740600586,catch22,t-SNE
Nrg1 @ 0.1% glucose,1,train,Nrg1,0.1% glucose,19.206754684448242,-3.3108866214752197,catch22,t-SNE
Nrg1 @ 2% glucose (mock/steady),2,train,Nrg1,2% glucose (mock/steady),-28.988231658935547,7.817028522491455,catch22,t-SNE
Nrg1 @ 0.01% glucose,0,train,Nrg1,0.01% glucose,-1.1347330808639526,4.34714937210083,catch22,t-SNE
Rtg1 @ 2% glucose (mock/steady),5,train,Rtg1,2% glucose (mock/steady),-29.9035701751709,2.640990734100342,catch22,t-SNE
Rtg1 @ 0.01% glucose,3,train,Rtg1,0.01% glucose,-19.335119247436523,2.249401807785034,catch22,t-SNE
Rtg1 @ 0.1% glucose,4,train,Rtg1,0.1% glucose,3.630685567855835,14.950021743774414,catch22,t-SNE
Nrg1 @ 0.1% glucose,1,train,Nrg1,0.1% glucose,-0.6357350945472717,22.315711975097656,catch22,t-SNE
Rtg1 @ 0.01% glucose,3,train,Rtg1,0.01% glucose,-4.179537296295166,11.198381423950195,catch22,t-SNE
Rtg1 @ 2% glucose (mock/steady),5,train,Rtg1,2% glucose (mock/steady),-11.501847267150879,1.5027226209640503,catch22,t-SNE
Rtg1 @ 0.1% glucose,4,train,Rtg1,0.1% glucose,-6.556463241577148,-4.271312713623047,catch22,t-SNE
Nrg1 @ 0.01% glucose,0,train,Nrg1,0.01% glucose,-13.047003746032715,-10.007176399230957,catch22,t-SNE
Nrg1 @ 2% glucose (mock/steady),2,train,Nrg1,2% glucose (mock/steady),13.691011428833008,-3.6810483932495117,catch22,t-SNE
Rtg1 @ 0.1% glucose,4,train,Rtg1,0.1% glucose,14.112815856933594,-16.430051803588867,catch22,t-SNE
Nrg1 @ 0.1% glucose,1,train,Nrg1,0.1% glucose,-24.555089950561523,-9.99399185180664,catch22,t-SNE
Nrg1 @ 0.01% glucose,0,train,Nrg1,0.01% glucose,-30.408761978149414,7.146924018859863,catch22,t-SNE
Rtg1 @ 0.1% glucose,4,train,Rtg1,0.1% glucose,-1.6878761053085327,9.204689979553223,catch22,t-SNE
Rtg1 @ 0.1% glucose,4,train,Rtg1,0.1% glucose,20.523231506347656,-14.601985931396484,catch22,t-SNE
Rtg1 @ 0.1% glucose,4,train,Rtg1,0.1% glucose,6.2359209060668945,5.677106857299805,catch22,t-SNE
Rtg1 @ 0.1% glucose,4,train,Rtg1,0.1% glucose,-8.731947898864746,-4.424272060394287,catch22,t-SNE
Nrg1 @ 0.01% glucose,0,train,Nrg1,0.01% glucose,-23.908641815185547,2.7512567043304443,catch22,t-SNE
Nrg1 @ 2% glucose (mock/steady),2,train,Nrg1,2% glucose (mock/steady),18.434654235839844,-1.4781079292297363,catch22,t-SNE
Rtg1 @ 2% glucose (mock/steady),5,train,Rtg1,2% glucose (mock/steady),1.3105828762054443,9.785528182983398,catch22,t-SNE
Nrg1 @ 0.01% glucose,0,train,Nrg1,0.01% glucose,-14.534404754638672,-4.510965824127197,catch22,t-SNE
Rtg1 @ 0.01% glucose,3,train,Rtg1,0.01% glucose,-6.058569431304932,12.238517761230469,catch22,t-SNE
Rtg1 @ 0.01% glucose,3,train,Rtg1,0.01% glucose,2.2548654079437256,-1.0680691003799438,catch22,t-SNE
Nrg1 @ 2% glucose (mock/steady),2,train,Nrg1,2% glucose (mock/steady),16.43247413635254,-5.388136863708496,catch22,t-SNE
Rtg1 @ 2% glucose (mock/steady),5,train,Rtg1,2% glucose (mock/steady),-5.703233242034912,-2.508626937866211,catch22,t-SNE
Rtg1 @ 2% glucose (mock/steady),5,train,Rtg1,2% glucose (mock/steady),5.385168075561523,0.134116068482399,catch22,t-SNE
Nrg1 @ 0.01% glucose,0,train,Nrg1,0.01% glucose,-21.627017974853516,3.3831911087036133,catch22,t-SNE
Nrg1 @ 0.1% glucose,1,train,Nrg1,0.1% glucose,24.415071487426758,-2.2636075019836426,catch22,t-SNE
Nrg1 @ 2% glucose (mock/steady),2,train,Nrg1,2% glucose (mock/steady),28.968595504760742,-0.8833736777305603,catch22,t-SNE
Rtg1 @ 0.01% glucose,3,train,Rtg1,0.01% glucose,0.5116742849349976,-0.7490360736846924,catch22,t-SNE
Rtg1 @ 0.01% glucose,3,train,Rtg1,0.01% glucose,-18.76744270324707,-0.8236976265907288,catch22,t-SNE
Nrg1 @ 2% glucose (mock/steady),2,train,Nrg1,2% glucose (mock/steady),17.96807289123535,2.8828938007354736,catch22,t-SNE
Rtg1 @ 0.01% glucose,3,train,Rtg1,0.01% glucose,3.031630754470825,15.443293571472168,catch22,t-SNE
Rtg1 @ 0.1% glucose,4,train,Rtg1,0.1% glucose,14.096098899841309,-2.8231217861175537,catch22,t-SNE
Rtg1 @ 0.01% glucose,3,train,Rtg1,0.01% glucose,1.9530400037765503,-12.440218925476074,catch22,t-SNE
Nrg1 @ 0.1% glucose,1,train,Nrg1,0.1% glucose,16.270689010620117,-0.717564582824707,catch22,t-SNE
Nrg1 @ 0.1% glucose,1,train,Nrg1,0.1% glucose,-3.7314982414245605,-6.965111255645752,catch22,t-SNE
Rtg1 @ 0.01% glucose,3,train,Rtg1,0.01% glucose,-4.6991705894470215,-8.99443244934082,catch22,t-SNE
Nrg1 @ 0.1% glucose,1,train,Nrg1,0.1% glucose,23.313640594482422,-1.4353440999984741,catch22,t-SNE
Nrg1 @ 0.1% glucose,1,train,Nrg1,0.1% glucose,27.22983741760254,0.5928258299827576,catch22,t-SNE
Rtg1 @ 2% glucose (mock/steady),5,train,Rtg1,2% glucose (mock/steady),-7.357301235198975,8.937906265258789,catch22,t-SNE
Nrg1 @ 0.1% glucose,1,train,Nrg1,0.1% glucose,-24.786174774169922,-7.179688930511475,catch22,t-SNE
Rtg1 @ 0.1% glucose,4,train,Rtg1,0.1% glucose,8.610485076904297,4.756683826446533,catch22,t-SNE
Nrg1 @ 0.1% glucose,1,train,Nrg1,0.1% glucose,-23.178775787353516,-4.154480457305908,catch22,t-SNE
Rtg1 @ 0.01% glucose,3,train,Rtg1,0.01% glucose,18.74161148071289,-15.94284725189209,catch22,t-SNE
Nrg1 @ 0.01% glucose,0,train,Nrg1,0.01% glucose,-28.780757904052734,-1.5278657674789429,catch22,t-SNE
Rtg1 @ 0.01% glucose,3,train,Rtg1,0.01% glucose,-14.750724792480469,11.052467346191406,catch22,t-SNE
Rtg1 @ 0.1% glucose,4,train,Rtg1,0.1% glucose,-5.444786548614502,2.789562225341797,catch22,t-SNE
Rtg1 @ 0.1% glucose,4,train,Rtg1,0.1% glucose,8.24668025970459,7.046853542327881,catch22,t-SNE
Nrg1 @ 0.1% glucose,1,train,Nrg1,0.1% glucose,19.64593505859375,-3.9962167739868164,catch22,t-SNE
Nrg1 @ 0.01% glucose,0,train,Nrg1,0.01% glucose,-26.24193000793457,-6.253509521484375,catch22,t-SNE
Rtg1 @ 0.1% glucose,4,train,Rtg1,0.1% glucose,-2.293213367462158,5.467708587646484,catch22,t-SNE
Nrg1 @ 0.01% glucose,0,train,Nrg1,0.01% glucose,-17.86003875732422,-12.638825416564941,catch22,t-SNE
Nrg1 @ 0.01% glucose,0,train,Nrg1,0.01% glucose,-27.248586654663086,-9.069665908813477,catch22,t-SNE
Rtg1 @ 2% glucose (mock/steady),5,train,Rtg1,2% glucose (mock/steady),9.744224548339844,-7.8158183097839355,catch22,t-SNE
Nrg1 @ 2% glucose (mock/steady),2,train,Nrg1,2% glucose (mock/steady),-25.823747634887695,3.9384348392486572,catch22,t-SNE
Nrg1 @ 0.1% glucose,1,train,Nrg1,0.1% glucose,-20.040266036987305,0.4065852761268616,catch22,t-SNE
Rtg1 @ 2% glucose (mock/steady),5,train,Rtg1,2% glucose (mock/steady),3.4228997230529785,13.846929550170898,catch22,t-SNE
Rtg1 @ 0.1% glucose,4,train,Rtg1,0.1% glucose,1.2001147270202637,2.980545997619629,catch22,t-SNE
Nrg1 @ 0.1% glucose,1,train,Nrg1,0.1% glucose,26.651098251342773,-6.172691345214844,catch22,t-SNE
Nrg1 @ 2% glucose (mock/steady),2,train,Nrg1,2% glucose (mock/steady),16.143924713134766,4.1010870933532715,catch22,t-SNE
Nrg1 @ 0.01% glucose,0,train,Nrg1,0.01% glucose,-23.74899673461914,-3.2678465843200684,catch22,t-SNE
Nrg1 @ 2% glucose (mock/steady),2,train,Nrg1,2% glucose (mock/steady),0.03556826338171959,-0.8014742136001587,catch22,t-SNE
Nrg1 @ 2% glucose (mock/steady),2,train,Nrg1,2% glucose (mock/steady),11.599059104919434,5.213802337646484,catch22,t-SNE
Nrg1 @ 2% glucose (mock/steady),2,train,Nrg1,2% glucose (mock/steady),6.0168986320495605,6.036962509155273,catch22,t-SNE
Rtg1 @ 2% glucose (mock/steady),5,train,Rtg1,2% glucose (mock/steady),-12.321585655212402,18.399446487426758,catch22,t-SNE
Nrg1 @ 2% glucose (mock/steady),2,train,Nrg1,2% glucose (mock/steady),22.464811325073242,-10.121996879577637,catch22,t-SNE
Rtg1 @ 0.1% glucose,4,train,Rtg1,0.1% glucose,-9.478328704833984,11.55618953704834,catch22,t-SNE
Rtg1 @ 0.01% glucose,3,train,Rtg1,0.01% glucose,-0.5921603441238403,19.885835647583008,catch22,t-SNE
Rtg1 @ 2% glucose (mock/steady),5,train,Rtg1,2% glucose (mock/steady),18.2349796295166,-17.79798698425293,catch22,t-SNE
Rtg1 @ 0.1% glucose,4,train,Rtg1,0.1% glucose,1.6205836534500122,-9.779672622680664,catch22,t-SNE
Nrg1 @ 0.01% glucose,0,train,Nrg1,0.01% glucose,-15.878750801086426,-5.051121234893799,catch22,t-SNE
Nrg1 @ 0.01% glucose,0,train,Nrg1,0.01% glucose,-17.04148292541504,-4.746687412261963,catch22,t-SNE
Rtg1 @ 2% glucose (mock/steady),5,train,Rtg1,2% glucose (mock/steady),0.977337658405304,-10.241307258605957,catch22,t-SNE
Rtg1 @ 0.1% glucose,4,train,Rtg1,0.1% glucose,-24.78030776977539,1.785356879234314,catch22,t-SNE
Nrg1 @ 0.1% glucose,1,train,Nrg1,0.1% glucose,25.79530143737793,0.5014038681983948,catch22,t-SNE
Nrg1 @ 2% glucose (mock/steady),2,train,Nrg1,2% glucose (mock/steady),20.917654037475586,-7.713648319244385,catch22,t-SNE
Rtg1 @ 2% glucose (mock/steady),5,train,Rtg1,2% glucose (mock/steady),17.89075469970703,-16.27785301208496,catch22,t-SNE
Rtg1 @ 0.01% glucose,3,train,Rtg1,0.01% glucose,-8.244492530822754,2.9896814823150635,catch22,t-SNE
Nrg1 @ 2% glucose (mock/steady),2,train,Nrg1,2% glucose (mock/steady),-3.286698579788208,3.669031858444214,catch22,t-SNE
Rtg1 @ 0.1% glucose,4,train,Rtg1,0.1% glucose,-6.279595851898193,1.4884828329086304,catch22,t-SNE
Rtg1 @ 2% glucose (mock/steady),5,train,Rtg1,2% glucose (mock/steady),4.083333969116211,20.391611099243164,catch22,t-SNE
Rtg1 @ 2% glucose (mock/steady),5,train,Rtg1,2% glucose (mock/steady),0.4824058413505554,10.518156051635742,catch22,t-SNE
Rtg1 @ 0.01% glucose,3,train,Rtg1,0.01% glucose,6.6525115966796875,12.345057487487793,catch22,t-SNE
Nrg1 @ 0.01% glucose,0,train,Nrg1,0.01% glucose,-16.01863670349121,-8.130060195922852,catch22,t-SNE
Rtg1 @ 0.01% glucose,3,train,Rtg1,0.01% glucose,-4.293534755706787,7.355601787567139,catch22,t-SNE
Nrg1 @ 0.01% glucose,0,train,Nrg1,0.01% glucose,-31.46409034729004,0.4125787019729614,catch22,t-SNE
Rtg1 @ 2% glucose (mock/steady),5,train,Rtg1,2% glucose (mock/steady),20.034324645996094,-17.047962188720703,catch22,t-SNE
Rtg1 @ 0.01% glucose,3,train,Rtg1,0.01% glucose,18.182096481323242,-13.55911922454834,catch22,t-SNE
Rtg1 @ 0.1% glucose,4,train,Rtg1,0.1% glucose,4.822127819061279,16.733129501342773,catch22,t-SNE
Rtg1 @ 0.1% glucose,4,train,Rtg1,0.1% glucose,16.074501037597656,-3.8953304290771484,catch22,t-SNE
Nrg1 @ 0.1% glucose,1,train,Nrg1,0.1% glucose,16.3175048828125,-4.641298294067383,catch22,t-SNE
Nrg1 @ 0.01% glucose,0,train,Nrg1,0.01% glucose,-21.00728988647461,5.869326591491699,catch22,t-SNE
Rtg1 @ 2% glucose (mock/steady),5,train,Rtg1,2% glucose (mock/steady),4.05448579788208,4.468979835510254,catch22,t-SNE
Rtg1 @ 0.01% glucose,3,train,Rtg1,0.01% glucose,4.287935256958008,-5.04994535446167,catch22,t-SNE
Rtg1 @ 0.01% glucose,3,train,Rtg1,0.01% glucose,-4.471770286560059,17.676074981689453,catch22,t-SNE
Rtg1 @ 0.01% glucose,3,train,Rtg1,0.01% glucose,6.428258419036865,16.549274444580078,catch22,t-SNE
Nrg1 @ 0.1% glucose,1,train,Nrg1,0.1% glucose,24.06511116027832,-9.569193840026855,catch22,t-SNE
Nrg1 @ 2% glucose (mock/steady),2,test,Nrg1,2% glucose (mock/steady),25.62352180480957,-13.623992919921875,catch22,t-SNE
Rtg1 @ 0.1% glucose,4,test,Rtg1,0.1% glucose,-9.670626640319824,15.781003952026367,catch22,t-SNE
Rtg1 @ 0.1% glucose,4,test,Rtg1,0.1% glucose,-3.957890033721924,13.094571113586426,catch22,t-SNE
Nrg1 @ 0.1% glucose,1,test,Nrg1,0.1% glucose,-25.325237274169922,-6.110809803009033,catch22,t-SNE
Nrg1 @ 0.1% glucose,1,test,Nrg1,0.1% glucose,-19.593990325927734,-11.371458053588867,catch22,t-SNE
Rtg1 @ 0.01% glucose,3,test,Rtg1,0.01% glucose,-28.895925521850586,6.174723148345947,catch22,t-SNE
Rtg1 @ 2% glucose (mock/steady),5,test,Rtg1,2% glucose (mock/steady),-7.1069536209106445,-2.2736730575561523,catch22,t-SNE
Nrg1 @ 0.1% glucose,1,test,Nrg1,0.1% glucose,28.190387725830078,-1.0507352352142334,catch22,t-SNE
Rtg1 @ 0.01% glucose,3,test,Rtg1,0.01% glucose,-2.7242512702941895,20.582807540893555,catch22,t-SNE
Rtg1 @ 2% glucose (mock/steady),5,test,Rtg1,2% glucose (mock/steady),-6.651512622833252,2.763030529022217,catch22,t-SNE
Nrg1 @ 0.01% glucose,0,test,Nrg1,0.01% glucose,-16.289743423461914,-6.0221967697143555,catch22,t-SNE
Nrg1 @ 0.1% glucose,1,test,Nrg1,0.1% glucose,28.431413650512695,-10.44940185546875,catch22,t-SNE
Nrg1 @ 0.1% glucose,1,test,Nrg1,0.1% glucose,19.0421085357666,1.243039608001709,catch22,t-SNE
Rtg1 @ 2% glucose (mock/steady),5,test,Rtg1,2% glucose (mock/steady),1.057370901107788,12.181506156921387,catch22,t-SNE
Nrg1 @ 0.01% glucose,0,test,Nrg1,0.01% glucose,-16.999563217163086,-11.787161827087402,catch22,t-SNE
Rtg1 @ 2% glucose (mock/steady),5,test,Rtg1,2% glucose (mock/steady),12.02096176147461,-6.021349906921387,catch22,t-SNE
Nrg1 @ 2% glucose (mock/steady),2,test,Nrg1,2% glucose (mock/steady),28.021724700927734,-9.6903715133667,catch22,t-SNE
Nrg1 @ 2% glucose (mock/steady),2,test,Nrg1,2% glucose (mock/steady),5.1760783195495605,1.884584903717041,catch22,t-SNE
Rtg1 @ 2% glucose (mock/steady),5,test,Rtg1,2% glucose (mock/steady),-5.501910209655762,17.36418914794922,catch22,t-SNE
Rtg1 @ 0.1% glucose,4,test,Rtg1,0.1% glucose,4.467863082885742,0.2179013043642044,catch22,t-SNE
Rtg1 @ 0.01% glucose,3,test,Rtg1,0.01% glucose,-7.803699970245361,13.630261421203613,catch22,t-SNE
Rtg1 @ 0.1% glucose,4,test,Rtg1,0.1% glucose,15.397940635681152,-15.361620903015137,catch22,t-SNE
Nrg1 @ 2% glucose (mock/steady),2,test,Nrg1,2% glucose (mock/steady),19.696001052856445,-10.255339622497559,catch22,t-SNE
Rtg1 @ 0.1% glucose,4,test,Rtg1,0.1% glucose,-6.638218402862549,16.936277389526367,catch22,t-SNE
Nrg1 @ 2% glucose (mock/steady),2,test,Nrg1,2% glucose (mock/steady),-15.512870788574219,-3.7837905883789062,catch22,t-SNE
Rtg1 @ 0.01% glucose,3,test,Rtg1,0.01% glucose,-12.641283988952637,-8.794321060180664,catch22,t-SNE
Rtg1 @ 2% glucose (mock/steady),5,test,Rtg1,2% glucose (mock/steady),-2.42907452583313,-0.277992308139801,catch22,t-SNE
Rtg1 @ 2% glucose (mock/steady),5,test,Rtg1,2% glucose (mock/steady),1.0953843593597412,16.88007354736328,catch22,t-SNE
Rtg1 @ 0.1% glucose,4,test,Rtg1,0.1% glucose,-2.3679113388061523,21.678510665893555,catch22,t-SNE
Rtg1 @ 0.01% glucose,3,test,Rtg1,0.01% glucose,1.9549211263656616,10.425076484680176,catch22,t-SNE
Nrg1 @ 0.01% glucose,0,test,Nrg1,0.01% glucose,31.57259750366211,1.066851019859314,catch22,t-SNE
Rtg1 @ 2% glucose (mock/steady),5,test,Rtg1,2% glucose (mock/steady),14.131431579589844,-13.663578987121582,catch22,t-SNE
Rtg1 @ 0.01% glucose,3,test,Rtg1,0.01% glucose,-10.003087997436523,18.58820343017578,catch22,t-SNE
Nrg1 @ 0.01% glucose,0,test,Nrg1,0.01% glucose,2.227250337600708,15.238093376159668,catch22,t-SNE
Nrg1 @ 2% glucose (mock/steady),2,test,Nrg1,2% glucose (mock/steady),-22.826007843017578,-1.7886621952056885,catch22,t-SNE
Nrg1 @ 0.1% glucose,1,test,Nrg1,0.1% glucose,22.526580810546875,-2.859166383743286,catch22,t-SNE
Nrg1 @ 0.01% glucose,0,test,Nrg1,0.01% glucose,-23.588382720947266,-11.905770301818848,catch22,t-SNE
Rtg1 @ 0.01% glucose,3,test,Rtg1,0.01% glucose,-13.943924903869629,1.516658902168274,catch22,t-SNE
Rtg1 @ 0.1% glucose,4,test,Rtg1,0.1% glucose,-7.423680305480957,17.791772842407227,catch22,t-SNE
Rtg1 @ 0.1% glucose,4,test,Rtg1,0.1% glucose,-5.7439961433410645,14.114847183227539,catch22,t-SNE
Rtg1 @ 2% glucose (mock/steady),5,test,Rtg1,2% glucose (mock/steady),-0.38588711619377136,8.336186408996582,catch22,t-SNE
Nrg1 @ 2% glucose (mock/steady),2,test,Nrg1,2% glucose (mock/steady),14.107244491577148,9.079194068908691,catch22,t-SNE
Nrg1 @ 0.1% glucose,1,test,Nrg1,0.1% glucose,30.308195114135742,-3.9506261348724365,catch22,t-SNE
Nrg1 @ 2% glucose (mock/steady),2,test,Nrg1,2% glucose (mock/steady),25.64566421508789,-7.868666648864746,catch22,t-SNE
Nrg1 @ 0.01% glucose,0,test,Nrg1,0.01% glucose,-18.416616439819336,-8.240286827087402,catch22,t-SNE
Rtg1 @ 0.1% glucose,4,test,Rtg1,0.1% glucose,-14.258684158325195,-9.71971607208252,catch22,t-SNE
Nrg1 @ 2% glucose (mock/steady),2,test,Nrg1,2% glucose (mock/steady),22.14230728149414,-10.64156723022461,catch22,t-SNE
Nrg1 @ 0.1% glucose,1,test,Nrg1,0.1% glucose,18.653921127319336,6.62601900100708,catch22,t-SNE
Nrg1 @ 0.01% glucose,0,test,Nrg1,0.01% glucose,-6.748608589172363,-5.861740589141846,catch22,t-SNE
Nrg1 @ 2% glucose (mock/steady),2,test,Nrg1,2% glucose (mock/steady),5.386450290679932,6.989243030548096,catch22,t-SNE
Nrg1 @ 2% glucose (mock/steady),2,test,Nrg1,2% glucose (mock/steady),25.187437057495117,-15.906929969787598,catch22,t-SNE
Nrg1 @ 0.1% glucose,1,test,Nrg1,0.1% glucose,18.5376033782959,2.854698896408081,catch22,t-SNE
Rtg1 @ 2% glucose (mock/steady),5,test,Rtg1,2% glucose (mock/steady),-8.769577980041504,15.832260131835938,catch22,t-SNE
Rtg1 @ 0.01% glucose,3,test,Rtg1,0.01% glucose,-10.531547546386719,3.0049991607666016,catch22,t-SNE
Nrg1 @ 2% glucose (mock/steady),2,test,Nrg1,2% glucose (mock/steady),27.746227264404297,-6.34049129486084,catch22,t-SNE
Rtg1 @ 2% glucose (mock/steady),5,test,Rtg1,2% glucose (mock/steady),0.03400776535272598,-9.959198951721191,catch22,t-SNE
Nrg1 @ 0.1% glucose,1,test,Nrg1,0.1% glucose,27.004899978637695,-2.412804126739502,catch22,t-SNE
Rtg1 @ 2% glucose (mock/steady),5,test,Rtg1,2% glucose (mock/steady),0.007660187315195799,-9.477463722229004,catch22,t-SNE
Nrg1 @ 0.01% glucose,0,test,Nrg1,0.01% glucose,14.70932388305664,0.2900650203227997,catch22,t-SNE
Nrg1 @ 0.01% glucose,0,test,Nrg1,0.01% glucose,-17.218494415283203,-7.396701812744141,catch22,t-SNE
Rtg1 @ 0.01% glucose,3,test,Rtg1,0.01% glucose,-11.117473602294922,17.94175148010254,catch22,t-SNE
Rtg1 @ 0.1% glucose,4,test,Rtg1,0.1% glucose,-10.908520698547363,13.117423057556152,catch22,t-SNE
Rtg1 @ 0.01% glucose,3,test,Rtg1,0.01% glucose,-8.953676223754883,10.77853775024414,catch22,t-SNE
Rtg1 @ 0.1% glucose,4,test,Rtg1,0.1% glucose,21.03169059753418,-16.165403366088867,catch22,t-SNE
Rtg1 @ 0.1% glucose,4,test,Rtg1,0.1% glucose,-1.73274827003479,-3.9319376945495605,catch22,t-SNE
Nrg1 @ 0.01% glucose,0,test,Nrg1,0.01% glucose,-26.88419532775879,2.727658748626709,catch22,t-SNE
Nrg1 @ 0.1% glucose,1,test,Nrg1,0.1% glucose,26.502655029296875,-11.047121047973633,catch22,t-SNE
Nrg1 @ 0.01% glucose,0,test,Nrg1,0.01% glucose,-27.96446990966797,-2.53672456741333,catch22,t-SNE
Rtg1 @ 2% glucose (mock/steady),5,test,Rtg1,2% glucose (mock/steady),13.793328285217285,0.29736217856407166,catch22,t-SNE
Rtg1 @ 2% glucose (mock/steady),5,test,Rtg1,2% glucose (mock/steady),18.289846420288086,-12.325601577758789,catch22,t-SNE
Rtg1 @ 0.01% glucose,3,test,Rtg1,0.01% glucose,-0.8330897092819214,12.48231315612793,catch22,t-SNE
Nrg1 @ 0.01% glucose,0,test,Nrg1,0.01% glucose,-26.851327896118164,-4.705583572387695,catch22,t-SNE
Rtg1 @ 2% glucose (mock/steady),5,test,Rtg1,2% glucose (mock/steady),1.405984878540039,-12.576333045959473,catch22,t-SNE
Nrg1 @ 2% glucose (mock/steady),2,test,Nrg1,2% glucose (mock/steady),27.164525985717773,-9.984664916992188,catch22,t-SNE
Rtg1 @ 2% glucose (mock/steady),5,test,Rtg1,2% glucose (mock/steady),1.7370878458023071,4.863205432891846,catch22,t-SNE
Rtg1 @ 0.01% glucose,3,test,Rtg1,0.01% glucose,1.4953778982162476,6.956840515136719,catch22,t-SNE
Rtg1 @ 0.01% glucose,3,test,Rtg1,0.01% glucose,-10.47605037689209,0.7172651290893555,catch22,t-SNE
Rtg1 @ 0.1% glucose,4,test,Rtg1,0.1% glucose,1.3103471994400024,-4.008625030517578,catch22,t-SNE
Rtg1 @ 0.01% glucose,3,test,Rtg1,0.01% glucose,0.7095146775245667,14.18687629699707,catch22,t-SNE
Rtg1 @ 0.01% glucose,3,test,Rtg1,0.01% glucose,17.64497184753418,-10.959733963012695,catch22,t-SNE
Nrg1 @ 0.1% glucose,1,test,Nrg1,0.1% glucose,30.72048568725586,-2.3416972160339355,catch22,t-SNE
Rtg1 @ 0.1% glucose,4,test,Rtg1,0.1% glucose,3.3711650371551514,7.888253688812256,catch22,t-SNE
Nrg1 @ 0.1% glucose,1,test,Nrg1,0.1% glucose,-23.70881462097168,-9.549724578857422,catch22,t-SNE
Nrg1 @ 2% glucose (mock/steady),2,test,Nrg1,2% glucose (mock/steady),-25.38486099243164,-1.1770031452178955,catch22,t-SNE
Rtg1 @ 0.1% glucose,4,test,Rtg1,0.1% glucose,-1.9012750387191772,9.882621765136719,catch22,t-SNE
Rtg1 @ 0.01% glucose,3,test,Rtg1,0.01% glucose,1.577582836151123,18.272981643676758,catch22,t-SNE
Nrg1 @ 2% glucose (mock/steady),2,test,Nrg1,2% glucose (mock/steady),25.28313636779785,-15.327381134033203,catch22,t-SNE
Nrg1 @ 2% glucose (mock/steady),2,test,Nrg1,2% glucose (mock/steady),30.612394332885742,-1.4118949174880981,catch22,t-SNE
Nrg1 @ 0.01% glucose,0,test,Nrg1,0.01% glucose,21.171581268310547,-4.7314043045043945,catch22,t-SNE
Nrg1 @ 0.01% glucose,0,test,Nrg1,0.01% glucose,-27.721710205078125,-0.24076029658317566,catch22,t-SNE
Nrg1 @ 0.01% glucose,0,test,Nrg1,0.01% glucose,-1.2688349485397339,-11.112698554992676,catch22,t-SNE
Rtg1 @ 0.1% glucose,4,test,Rtg1,0.1% glucose,1.4019662141799927,-2.605919122695923,catch22,t-SNE
Nrg1 @ 0.1% glucose,1,test,Nrg1,0.1% glucose,22.526880264282227,-11.166238784790039,catch22,t-SNE
Nrg1 @ 0.1% glucose,1,test,Nrg1,0.1% glucose,-6.610297679901123,-7.473462104797363,catch22,t-SNE
Rtg1 @ 0.1% glucose,4,train,Rtg1,0.1% glucose,-0.01692730058602074,0.005642284799216934,catch22,PHATE
Nrg1 @ 0.1% glucose,1,train,Nrg1,0.1% glucose,0.012784112507456797,0.02741040361962764,catch22,PHATE
Nrg1 @ 0.01% glucose,0,train,Nrg1,0.01% glucose,-0.006478162034673798,-0.00011262804285791053,catch22,PHATE
Nrg1 @ 0.01% glucose,0,train,Nrg1,0.01% glucose,-0.029655832377523023,0.0013892080497596869,catch22,PHATE
Nrg1 @ 0.1% glucose,1,train,Nrg1,0.1% glucose,0.0481310988613758,0.02918297319728908,catch22,PHATE
Rtg1 @ 2% glucose (mock/steady),5,train,Rtg1,2% glucose (mock/steady),-0.011442921401369103,-0.018983413833489508,catch22,PHATE
Nrg1 @ 0.01% glucose,0,train,Nrg1,0.01% glucose,0.05178137803461626,0.01795692051558365,catch22,PHATE
Rtg1 @ 0.01% glucose,3,train,Rtg1,0.01% glucose,0.019869361421836415,-0.011670638426623638,catch22,PHATE
Nrg1 @ 2% glucose (mock/steady),2,train,Nrg1,2% glucose (mock/steady),-0.04342954400370099,0.010045152587003704,catch22,PHATE
Nrg1 @ 2% glucose (mock/steady),2,train,Nrg1,2% glucose (mock/steady),-0.03525454737671294,0.010785318681701486,catch22,PHATE
Rtg1 @ 0.1% glucose,4,train,Rtg1,0.1% glucose,0.01880913981355126,-0.029874056917991693,catch22,PHATE
Rtg1 @ 0.1% glucose,4,train,Rtg1,0.1% glucose,-0.00713235227489089,-0.020892976197273323,catch22,PHATE
Rtg1 @ 0.1% glucose,4,train,Rtg1,0.1% glucose,-0.01761425714298446,-0.01730439027735883,catch22,PHATE
Nrg1 @ 0.1% glucose,1,train,Nrg1,0.1% glucose,-0.07014547692103035,0.02061270441575845,catch22,PHATE
Rtg1 @ 2% glucose (mock/steady),5,train,Rtg1,2% glucose (mock/steady),-0.0140376955968299,-0.015970917179110387,catch22,PHATE
Rtg1 @ 0.01% glucose,3,train,Rtg1,0.01% glucose,0.042998404802282626,-0.003347722666265637,catch22,PHATE
Nrg1 @ 0.01% glucose,0,train,Nrg1,0.01% glucose,0.010343885187335517,0.020148743475465903,catch22,PHATE
Nrg1 @ 2% glucose (mock/steady),2,train,Nrg1,2% glucose (mock/steady),-0.057747556673330654,0.004301948439242303,catch22,PHATE
Nrg1 @ 0.1% glucose,1,train,Nrg1,0.1% glucose,-0.020313071240345,0.01960457750077345,catch22,PHATE
Nrg1 @ 0.1% glucose,1,train,Nrg1,0.1% glucose,-0.009229887182833976,0.006873793925559848,catch22,PHATE
Rtg1 @ 2% glucose (mock/steady),5,train,Rtg1,2% glucose (mock/steady),-0.06777291890975733,-0.007882740150375513,catch22,PHATE
Rtg1 @ 0.01% glucose,3,train,Rtg1,0.01% glucose,0.03130648590434939,-0.02993114542372334,catch22,PHATE
Rtg1 @ 0.01% glucose,3,train,Rtg1,0.01% glucose,0.007151223164522463,-0.027091565088946667,catch22,PHATE
Rtg1 @ 0.01% glucose,3,train,Rtg1,0.01% glucose,0.01035270021356242,-0.028687039844764565,catch22,PHATE
Nrg1 @ 2% glucose (mock/steady),2,train,Nrg1,2% glucose (mock/steady),-0.02450177727525841,0.004524783917909075,catch22,PHATE
Rtg1 @ 0.1% glucose,4,train,Rtg1,0.1% glucose,0.07016280418992178,0.007258512790450525,catch22,PHATE
Nrg1 @ 0.1% glucose,1,train,Nrg1,0.1% glucose,-0.024338401990220103,-0.0073896091480145885,catch22,PHATE
Rtg1 @ 0.1% glucose,4,train,Rtg1,0.1% glucose,-0.016617588339696218,0.006181439333461333,catch22,PHATE
Nrg1 @ 2% glucose (mock/steady),2,train,Nrg1,2% glucose (mock/steady),-0.06256660300025961,-0.0028318467755996633,catch22,PHATE
Rtg1 @ 2% glucose (mock/steady),5,train,Rtg1,2% glucose (mock/steady),-0.0024858725668209076,-0.018437255984061016,catch22,PHATE
Nrg1 @ 0.1% glucose,1,train,Nrg1,0.1% glucose,-0.03641853650638676,0.00844053591884271,catch22,PHATE
Nrg1 @ 0.1% glucose,1,train,Nrg1,0.1% glucose,-0.017857865211520132,-0.016648104091612378,catch22,PHATE
Nrg1 @ 2% glucose (mock/steady),2,train,Nrg1,2% glucose (mock/steady),-0.08129052516657377,0.0007669192240286503,catch22,PHATE
Nrg1 @ 0.1% glucose,1,train,Nrg1,0.1% glucose,-0.03964831488807572,0.021040074066889618,catch22,PHATE
Rtg1 @ 0.1% glucose,4,train,Rtg1,0.1% glucose,-0.02131782292371986,-0.012503042857253135,catch22,PHATE
Nrg1 @ 0.1% glucose,1,train,Nrg1,0.1% glucose,-0.053288588697892346,0.023890275788418635,catch22,PHATE
Rtg1 @ 2% glucose (mock/steady),5,train,Rtg1,2% glucose (mock/steady),0.0073720500197823075,-0.017962603182510736,catch22,PHATE
Rtg1 @ 2% glucose (mock/steady),5,train,Rtg1,2% glucose (mock/steady),-0.026527819456334447,-0.021345173958961416,catch22,PHATE
Rtg1 @ 0.01% glucose,3,train,Rtg1,0.01% glucose,0.030965398645693407,-0.016740577796847348,catch22,PHATE
Nrg1 @ 0.1% glucose,1,train,Nrg1,0.1% glucose,0.0371296037879774,0.028485656760008218,catch22,PHATE
Rtg1 @ 2% glucose (mock/steady),5,train,Rtg1,2% glucose (mock/steady),0.05583397168828468,-0.04755863874023809,catch22,PHATE
Rtg1 @ 2% glucose (mock/steady),5,train,Rtg1,2% glucose (mock/steady),0.006574937762048645,-0.01674229069740553,catch22,PHATE
Nrg1 @ 0.1% glucose,1,train,Nrg1,0.1% glucose,0.0649555886290169,0.016015495877904677,catch22,PHATE
Rtg1 @ 2% glucose (mock/steady),5,train,Rtg1,2% glucose (mock/steady),-0.07171647729077556,-0.0007530039045719234,catch22,PHATE
Rtg1 @ 0.01% glucose,3,train,Rtg1,0.01% glucose,-0.010272757164262193,-0.017700645574733387,catch22,PHATE
Rtg1 @ 0.1% glucose,4,train,Rtg1,0.1% glucose,-0.007558619473831497,-0.004180406024969768,catch22,PHATE
Nrg1 @ 0.01% glucose,0,train,Nrg1,0.01% glucose,0.043953398575028446,0.02138177881197818,catch22,PHATE
Rtg1 @ 2% glucose (mock/steady),5,train,Rtg1,2% glucose (mock/steady),0.008780171522020569,-0.020946495746342834,catch22,PHATE
Nrg1 @ 2% glucose (mock/steady),2,train,Nrg1,2% glucose (mock/steady),-0.0038583675922498626,-0.0032342381878264215,catch22,PHATE
Nrg1 @ 2% glucose (mock/steady),2,train,Nrg1,2% glucose (mock/steady),0.07724724742935142,0.019882979069342544,catch22,PHATE
Rtg1 @ 0.1% glucose,4,train,Rtg1,0.1% glucose,-0.00027123673272492176,0.0053144937899811725,catch22,PHATE
Nrg1 @ 2% glucose (mock/steady),2,train,Nrg1,2% glucose (mock/steady),-0.06350365070042964,0.010263026848271229,catch22,PHATE
Nrg1 @ 0.01% glucose,0,train,Nrg1,0.01% glucose,0.049934145750803655,0.021721898657401515,catch22,PHATE
Nrg1 @ 2% glucose (mock/steady),2,train,Nrg1,2% glucose (mock/steady),0.06686668824460405,0.014827920119856453,catch22,PHATE
Nrg1 @ 2% glucose (mock/steady),2,train,Nrg1,2% glucose (mock/steady),-0.0477198308370762,0.010380270440972303,catch22,PHATE
Nrg1 @ 2% glucose (mock/steady),2,train,Nrg1,2% glucose (mock/steady),-0.037246581934741715,0.012549498849762255,catch22,PHATE
Nrg1 @ 0.1% glucose,1,train,Nrg1,0.1% glucose,-0.029737739702743987,0.01478791287848208,catch22,PHATE
Rtg1 @ 0.01% glucose,3,train,Rtg1,0.01% glucose,0.0362559751536763,0.008564202760255093,catch22,PHATE
Rtg1 @ 0.1% glucose,4,train,Rtg1,0.1% glucose,-0.015372483872108511,-0.017476383994078727,catch22,PHATE
Nrg1 @ 0.01% glucose,0,train,Nrg1,0.01% glucose,0.009802875044654205,-0.02178664599402506,catch22,PHATE
Nrg1 @ 0.1% glucose,1,train,Nrg1,0.1% glucose,-0.07327928938971838,0.019052955450563094,catch22,PHATE
Nrg1 @ 0.1% glucose,1,train,Nrg1,0.1% glucose,0.03156548456888144,0.03171949895989606,catch22,PHATE
Nrg1 @ 0.1% glucose,1,train,Nrg1,0.1% glucose,-0.028828147442313427,0.01639877264589821,catch22,PHATE
Nrg1 @ 0.01% glucose,0,train,Nrg1,0.01% glucose,0.05989660672445183,0.018007533313063165,catch22,PHATE
Nrg1 @ 2% glucose (mock/steady),2,train,Nrg1,2% glucose (mock/steady),-0.06729350312435681,0.01974694572807073,catch22,PHATE
Rtg1 @ 0.01% glucose,3,train,Rtg1,0.01% glucose,0.022469723450292668,-0.024131176230733322,catch22,PHATE
Nrg1 @ 2% glucose (mock/steady),2,train,Nrg1,2% glucose (mock/steady),-0.08326915061110894,0.008985019548170263,catch22,PHATE
Rtg1 @ 2% glucose (mock/steady),5,train,Rtg1,2% glucose (mock/steady),-0.06516124476562225,-0.009016115730161705,catch22,PHATE
Rtg1 @ 0.1% glucose,4,train,Rtg1,0.1% glucose,0.03279644878316682,-0.02664613414271086,catch22,PHATE
Nrg1 @ 2% glucose (mock/steady),2,train,Nrg1,2% glucose (mock/steady),0.019448156535499354,0.0100223203440765,catch22,PHATE
Rtg1 @ 2% glucose (mock/steady),5,train,Rtg1,2% glucose (mock/steady),-0.07320790479472992,-0.008916664075069275,catch22,PHATE
Rtg1 @ 2% glucose (mock/steady),5,train,Rtg1,2% glucose (mock/steady),0.019959138891992485,-0.0030203933581659562,catch22,PHATE
Rtg1 @ 0.01% glucose,3,train,Rtg1,0.01% glucose,0.016036269501723436,-0.021819654801932074,catch22,PHATE
Nrg1 @ 0.01% glucose,0,train,Nrg1,0.01% glucose,-0.016862270296640367,-0.0038742426928630473,catch22,PHATE
Rtg1 @ 0.01% glucose,3,train,Rtg1,0.01% glucose,0.020500633250226927,-0.016681041464807183,catch22,PHATE
Nrg1 @ 2% glucose (mock/steady),2,train,Nrg1,2% glucose (mock/steady),-0.01258634298412501,0.008278872846485413,catch22,PHATE
Nrg1 @ 0.1% glucose,1,train,Nrg1,0.1% glucose,-0.04234622750702359,0.018840943182350925,catch22,PHATE
Rtg1 @ 0.01% glucose,3,train,Rtg1,0.01% glucose,-0.01147631664663498,-0.014599719931026172,catch22,PHATE
Rtg1 @ 0.01% glucose,3,train,Rtg1,0.01% glucose,-0.022619404644450482,-0.011125975145279654,catch22,PHATE
Nrg1 @ 0.1% glucose,1,train,Nrg1,0.1% glucose,-0.03135398122453573,0.00792577259956193,catch22,PHATE
Nrg1 @ 0.01% glucose,0,train,Nrg1,0.01% glucose,0.033064285667235994,0.025613000525360505,catch22,PHATE
Nrg1 @ 0.01% glucose,0,train,Nrg1,0.01% glucose,0.049546501023917756,0.009582149658087982,catch22,PHATE
Nrg1 @ 2% glucose (mock/steady),2,train,Nrg1,2% glucose (mock/steady),-0.07815326482022224,0.01506176666217543,catch22,PHATE
Rtg1 @ 2% glucose (mock/steady),5,train,Rtg1,2% glucose (mock/steady),-0.01365461331100783,-0.018465454717289536,catch22,PHATE
Rtg1 @ 2% glucose (mock/steady),5,train,Rtg1,2% glucose (mock/steady),-0.0011603124910225919,-0.020860269599232754,catch22,PHATE
Nrg1 @ 2% glucose (mock/steady),2,train,Nrg1,2% glucose (mock/steady),-0.08459691931676301,0.006474164616162794,catch22,PHATE
Rtg1 @ 0.1% glucose,4,train,Rtg1,0.1% glucose,0.023906298026268237,-0.02672691586696994,catch22,PHATE
Nrg1 @ 0.01% glucose,0,train,Nrg1,0.01% glucose,0.05814492830420288,0.020476801244029688,catch22,PHATE
Nrg1 @ 0.1% glucose,1,train,Nrg1,0.1% glucose,-0.027568339734114967,0.0126640480602056,catch22,PHATE
Nrg1 @ 0.1% glucose,1,train,Nrg1,0.1% glucose,-0.05825349940217159,0.01913683622217388,catch22,PHATE
Nrg1 @ 0.1% glucose,1,train,Nrg1,0.1% glucose,-0.03345319524851461,-0.0024321257753897934,catch22,PHATE
Nrg1 @ 0.1% glucose,1,train,Nrg1,0.1% glucose,-0.034359201488979016,0.015736630918062575,catch22,PHATE
Nrg1 @ 0.01% glucose,0,train,Nrg1,0.01% glucose,0.004589550824309695,-0.012860843985194565,catch22,PHATE
Rtg1 @ 0.01% glucose,3,train,Rtg1,0.01% glucose,0.03510063549015713,-0.011835707035581814,catch22,PHATE
Rtg1 @ 0.01% glucose,3,train,Rtg1,0.01% glucose,0.028246745806052027,-0.028898749846908423,catch22,PHATE
Rtg1 @ 0.01% glucose,3,train,Rtg1,0.01% glucose,0.023918328910176357,-0.025514724476502777,catch22,PHATE
Rtg1 @ 0.1% glucose,4,train,Rtg1,0.1% glucose,0.01382121538613647,-0.028480068008287066,catch22,PHATE
Rtg1 @ 0.1% glucose,4,train,Rtg1,0.1% glucose,-0.07518403411967939,9.705033019000902e-05,catch22,PHATE
Rtg1 @ 2% glucose (mock/steady),5,train,Rtg1,2% glucose (mock/steady),-0.0271234203528665,-0.019660424955844275,catch22,PHATE
Rtg1 @ 0.1% glucose,4,train,Rtg1,0.1% glucose,-0.019312822991692184,-0.009128347282647144,catch22,PHATE
Nrg1 @ 2% glucose (mock/steady),2,train,Nrg1,2% glucose (mock/steady),-0.014669984237623609,-0.019635854859758543,catch22,PHATE
Rtg1 @ 0.1% glucose,4,train,Rtg1,0.1% glucose,-0.0052574802580871455,-0.019993258966176444,catch22,PHATE
Rtg1 @ 2% glucose (mock/steady),5,train,Rtg1,2% glucose (mock/steady),0.01278003307042605,-0.02304323318700061,catch22,PHATE
Rtg1 @ 0.1% glucose,4,train,Rtg1,0.1% glucose,0.07666810767613248,0.019808330534323532,catch22,PHATE
Nrg1 @ 0.1% glucose,1,train,Nrg1,0.1% glucose,-0.04491017417318232,0.020497614268241985,catch22,PHATE
Nrg1 @ 2% glucose (mock/steady),2,train,Nrg1,2% glucose (mock/steady),-0.08630721944044474,0.014587354187055663,catch22,PHATE
Nrg1 @ 0.01% glucose,0,train,Nrg1,0.01% glucose,0.011851229386104754,-0.006925174621949569,catch22,PHATE
Nrg1 @ 0.01% glucose,0,train,Nrg1,0.01% glucose,-0.03487121414559956,0.01287246353637173,catch22,PHATE
Nrg1 @ 0.01% glucose,0,train,Nrg1,0.01% glucose,0.06323366430845119,0.019601252123398284,catch22,PHATE
Nrg1 @ 2% glucose (mock/steady),2,train,Nrg1,2% glucose (mock/steady),-0.08379802293240274,0.016010854849282035,catch22,PHATE
Rtg1 @ 0.1% glucose,4,train,Rtg1,0.1% glucose,0.061954135828371525,0.0059926833754434285,catch22,PHATE
Rtg1 @ 0.01% glucose,3,train,Rtg1,0.01% glucose,0.02325484020621239,-0.01361928930049026,catch22,PHATE
Nrg1 @ 0.1% glucose,1,train,Nrg1,0.1% glucose,-0.05050174071610622,0.013551696063838107,catch22,PHATE
Rtg1 @ 2% glucose (mock/steady),5,train,Rtg1,2% glucose (mock/steady),-0.06781143945593783,-0.009703504458027664,catch22,PHATE
Nrg1 @ 0.1% glucose,1,train,Nrg1,0.1% glucose,0.06231880635665886,0.026925488971167984,catch22,PHATE
Nrg1 @ 0.1% glucose,1,train,Nrg1,0.1% glucose,-0.026993060304520707,-0.006972532415158633,catch22,PHATE
Rtg1 @ 2% glucose (mock/steady),5,train,Rtg1,2% glucose (mock/steady),0.04108297376893031,0.01484093212356441,catch22,PHATE
Nrg1 @ 0.01% glucose,0,train,Nrg1,0.01% glucose,0.04488313901640715,0.011528117540978445,catch22,PHATE
Rtg1 @ 0.01% glucose,3,train,Rtg1,0.01% glucose,0.017964930873530453,-0.021693473435828833,catch22,PHATE
Nrg1 @ 0.1% glucose,1,train,Nrg1,0.1% glucose,0.027353957393592643,0.03089104307693278,catch22,PHATE
Nrg1 @ 0.01% glucose,0,train,Nrg1,0.01% glucose,-0.004461095185198248,-0.006485614987815374,catch22,PHATE
Nrg1 @ 0.01% glucose,0,train,Nrg1,0.01% glucose,0.04191477964572174,0.010026424360009995,catch22,PHATE
Nrg1 @ 0.1% glucose,1,train,Nrg1,0.1% glucose,-0.039490962887912866,0.018483685460776403,catch22,PHATE
Nrg1 @ 0.01% glucose,0,train,Nrg1,0.01% glucose,0.051020899204086013,0.02392800277105809,catch22,PHATE
Rtg1 @ 2% glucose (mock/steady),5,train,Rtg1,2% glucose (mock/steady),-0.016622091106879764,-0.005735347305763379,catch22,PHATE
Nrg1 @ 0.1% glucose,1,train,Nrg1,0.1% glucose,0.03990594453567037,0.029356834493214308,catch22,PHATE
Rtg1 @ 2% glucose (mock/steady),5,train,Rtg1,2% glucose (mock/steady),0.012998072394165722,-0.017326562490989635,catch22,PHATE
Nrg1 @ 0.01% glucose,0,train,Nrg1,0.01% glucose,0.030480417377899544,0.0255285908832598,catch22,PHATE
Rtg1 @ 0.01% glucose,3,train,Rtg1,0.01% glucose,-0.002119551568284103,-0.012014276890639327,catch22,PHATE
Rtg1 @ 0.1% glucose,4,train,Rtg1,0.1% glucose,-0.014733672234336593,-0.013357911983655353,catch22,PHATE
Rtg1 @ 2% glucose (mock/steady),5,train,Rtg1,2% glucose (mock/steady),-0.07688160390529493,-0.0075308295772142705,catch22,PHATE
Nrg1 @ 0.1% glucose,1,train,Nrg1,0.1% glucose,-0.016331618347600323,-0.018909885248231877,catch22,PHATE
Rtg1 @ 0.1% glucose,4,train,Rtg1,0.1% glucose,0.025472355090125628,-0.013071213587190688,catch22,PHATE
Rtg1 @ 2% glucose (mock/steady),5,train,Rtg1,2% glucose (mock/steady),-0.04625438812895494,-0.013200947402719543,catch22,PHATE
Nrg1 @ 0.01% glucose,0,train,Nrg1,0.01% glucose,0.03843099120060179,0.006724844906219873,catch22,PHATE
Rtg1 @ 0.01% glucose,3,train,Rtg1,0.01% glucose,0.04332469464997187,0.015275034571644416,catch22,PHATE
Rtg1 @ 2% glucose (mock/steady),5,train,Rtg1,2% glucose (mock/steady),-0.010598897409746726,-0.02094982961915143,catch22,PHATE
Nrg1 @ 2% glucose (mock/steady),2,train,Nrg1,2% glucose (mock/steady),-0.0013446006206924847,0.00777126581383263,catch22,PHATE
Rtg1 @ 2% glucose (mock/steady),5,train,Rtg1,2% glucose (mock/steady),0.004323953035816554,-0.02036249286629034,catch22,PHATE
Nrg1 @ 0.1% glucose,1,train,Nrg1,0.1% glucose,-0.04476122142752327,0.013845988153512385,catch22,PHATE
Rtg1 @ 2% glucose (mock/steady),5,train,Rtg1,2% glucose (mock/steady),0.008855764505913924,-0.02146630970872309,catch22,PHATE
Rtg1 @ 2% glucose (mock/steady),5,train,Rtg1,2% glucose (mock/steady),0.0030873805290517193,-0.0009588761046731688,catch22,PHATE
Nrg1 @ 0.01% glucose,0,train,Nrg1,0.01% glucose,0.020372365547074254,0.025984651358255003,catch22,PHATE
Rtg1 @ 0.1% glucose,4,train,Rtg1,0.1% glucose,0.02635352329542663,-0.025269752887191892,catch22,PHATE
Rtg1 @ 0.1% glucose,4,train,Rtg1,0.1% glucose,-0.019029469897574657,-0.015142583774934897,catch22,PHATE
Nrg1 @ 0.01% glucose,0,train,Nrg1,0.01% glucose,-0.019809371657312516,0.011600921605025398,catch22,PHATE
Rtg1 @ 2% glucose (mock/steady),5,train,Rtg1,2% glucose (mock/steady),0.029746987820206103,-0.025063382002483172,catch22,PHATE
Nrg1 @ 0.01% glucose,0,train,Nrg1,0.01% glucose,0.055117569014186046,0.02532073351994202,catch22,PHATE
Nrg1 @ 0.01% glucose,0,train,Nrg1,0.01% glucose,0.02995558871979512,0.02397629898525774,catch22,PHATE
Rtg1 @ 0.01% glucose,3,train,Rtg1,0.01% glucose,0.04164911449668701,0.005699306870172268,catch22,PHATE
Rtg1 @ 0.01% glucose,3,train,Rtg1,0.01% glucose,0.029728309959354403,-0.02572260612062638,catch22,PHATE
Rtg1 @ 0.01% glucose,3,train,Rtg1,0.01% glucose,0.02521139800204948,-0.011455614152886153,catch22,PHATE
Rtg1 @ 2% glucose (mock/steady),5,train,Rtg1,2% glucose (mock/steady),-0.02233564795468838,-0.016158280070616614,catch22,PHATE
Nrg1 @ 0.01% glucose,0,train,Nrg1,0.01% glucose,0.04458030952212805,0.00924296201818004,catch22,PHATE
Rtg1 @ 0.01% glucose,3,train,Rtg1,0.01% glucose,0.0030214125041615925,-0.0019620868752747577,catch22,PHATE
Rtg1 @ 0.1% glucose,4,train,Rtg1,0.1% glucose,-0.008346059865719686,-0.0157022998013066,catch22,PHATE
Nrg1 @ 0.1% glucose,1,train,Nrg1,0.1% glucose,0.030728285693076365,0.026656473844897194,catch22,PHATE
Rtg1 @ 2% glucose (mock/steady),5,train,Rtg1,2% glucose (mock/steady),0.054139113549327135,0.023606624371671887,catch22,PHATE
Rtg1 @ 0.1% glucose,4,train,Rtg1,0.1% glucose,-0.021266299760635918,-0.01935235737931687,catch22,PHATE
Rtg1 @ 2% glucose (mock/steady),5,train,Rtg1,2% glucose (mock/steady),0.029743522034813997,-0.008161898180452199,catch22,PHATE
Rtg1 @ 0.1% glucose,4,train,Rtg1,0.1% glucose,0.007044168251810849,-0.023842072058655867,catch22,PHATE
Nrg1 @ 0.01% glucose,0,train,Nrg1,0.01% glucose,0.06633839440900215,0.025442061610872188,catch22,PHATE
Nrg1 @ 2% glucose (mock/steady),2,train,Nrg1,2% glucose (mock/steady),0.038959992877877894,0.024037025368625193,catch22,PHATE
Nrg1 @ 0.01% glucose,0,train,Nrg1,0.01% glucose,0.053100485474695806,0.024180080563349114,catch22,PHATE
Rtg1 @ 0.1% glucose,4,train,Rtg1,0.1% glucose,0.003448699282532123,-0.01958736559274702,catch22,PHATE
Rtg1 @ 0.01% glucose,3,train,Rtg1,0.01% glucose,-0.018982412486058947,-0.0039335728338315305,catch22,PHATE
Rtg1 @ 0.01% glucose,3,train,Rtg1,0.01% glucose,0.030510911488939283,-0.028939931078958394,catch22,PHATE
Nrg1 @ 2% glucose (mock/steady),2,train,Nrg1,2% glucose (mock/steady),-0.08134011378769264,0.012857633001206495,catch22,PHATE
Nrg1 @ 0.01% glucose,0,train,Nrg1,0.01% glucose,0.025785443905209964,-0.01268088167270901,catch22,PHATE
Nrg1 @ 0.01% glucose,0,train,Nrg1,0.01% glucose,0.04367606629259935,0.011716532253503184,catch22,PHATE
Rtg1 @ 2% glucose (mock/steady),5,train,Rtg1,2% glucose (mock/steady),-0.015560656942230409,-0.018031000766453493,catch22,PHATE
Rtg1 @ 0.1% glucose,4,train,Rtg1,0.1% glucose,-0.01058919210360549,-0.014600785799411037,catch22,PHATE
Nrg1 @ 0.01% glucose,0,train,Nrg1,0.01% glucose,0.05020712259433038,0.012307473370058504,catch22,PHATE
Rtg1 @ 2% glucose (mock/steady),5,train,Rtg1,2% glucose (mock/steady),0.011799507863297518,-0.005051658717571307,catch22,PHATE
Rtg1 @ 0.1% glucose,4,train,Rtg1,0.1% glucose,-0.00779474483227197,-0.02161693538818819,catch22,PHATE
Nrg1 @ 0.1% glucose,1,train,Nrg1,0.1% glucose,-0.02693260992541392,0.0017469892208968117,catch22,PHATE
Nrg1 @ 0.1% glucose,1,train,Nrg1,0.1% glucose,0.00738871473627474,0.026398615391190195,catch22,PHATE
Nrg1 @ 2% glucose (mock/steady),2,train,Nrg1,2% glucose (mock/steady),-0.0795613407138979,0.00956623533053944,catch22,PHATE
Nrg1 @ 0.01% glucose,0,train,Nrg1,0.01% glucose,0.07791962796600808,0.01593724641226226,catch22,PHATE
Rtg1 @ 0.01% glucose,3,train,Rtg1,0.01% glucose,0.0749097146826607,0.020093939111057304,catch22,PHATE
Rtg1 @ 0.1% glucose,4,train,Rtg1,0.1% glucose,-0.07065587066085229,-0.006647934968902138,catch22,PHATE
Rtg1 @ 2% glucose (mock/steady),5,train,Rtg1,2% glucose (mock/steady),0.010851194805187057,0.010241794798042159,catch22,PHATE
Rtg1 @ 0.01% glucose,3,train,Rtg1,0.01% glucose,0.002058463581164915,0.009009203135166018,catch22,PHATE
Rtg1 @ 2% glucose (mock/steady),5,train,Rtg1,2% glucose (mock/steady),-0.03181682657082509,-0.0032953630191780037,catch22,PHATE
Rtg1 @ 2% glucose (mock/steady),5,train,Rtg1,2% glucose (mock/steady),-0.032725114692580236,-0.01792143319499179,catch22,PHATE
Nrg1 @ 2% glucose (mock/steady),2,train,Nrg1,2% glucose (mock/steady),-0.002066031433187581,-0.02278846406354796,catch22,PHATE
Nrg1 @ 0.1% glucose,1,train,Nrg1,0.1% glucose,-0.029105601977322617,0.012922050874897352,catch22,PHATE
Rtg1 @ 0.1% glucose,4,train,Rtg1,0.1% glucose,-0.06599561782647814,-0.0023275211289133287,catch22,PHATE
Nrg1 @ 2% glucose (mock/steady),2,train,Nrg1,2% glucose (mock/steady),-0.020763533647362463,-0.014435832428036513,catch22,PHATE
Nrg1 @ 0.01% glucose,0,train,Nrg1,0.01% glucose,0.05340771576541782,0.02586396982420751,catch22,PHATE
Nrg1 @ 2% glucose (mock/steady),2,train,Nrg1,2% glucose (mock/steady),0.015460361316919267,0.009173834690407145,catch22,PHATE
Nrg1 @ 0.1% glucose,1,train,Nrg1,0.1% glucose,-0.035756413557614934,0.013639354758071027,catch22,PHATE
Rtg1 @ 0.01% glucose,3,train,Rtg1,0.01% glucose,0.023334173751585766,0.011083435653396737,catch22,PHATE
Rtg1 @ 0.1% glucose,4,train,Rtg1,0.1% glucose,0.04255712046955165,-0.04061159496252135,catch22,PHATE
Nrg1 @ 0.1% glucose,1,train,Nrg1,0.1% glucose,-0.05020107375442664,0.016092333585596932,catch22,PHATE
Nrg1 @ 2% glucose (mock/steady),2,train,Nrg1,2% glucose (mock/steady),0.05173164839771,0.01736504639309954,catch22,PHATE
Nrg1 @ 0.01% glucose,0,train,Nrg1,0.01% glucose,0.030044005194506965,0.0259383646469221,catch22,PHATE
Rtg1 @ 0.1% glucose,4,train,Rtg1,0.1% glucose,-0.0012583046879456443,-0.013546013952113743,catch22,PHATE
Rtg1 @ 2% glucose (mock/steady),5,train,Rtg1,2% glucose (mock/steady),0.001924464161775239,-0.016576213742813057,catch22,PHATE
Nrg1 @ 2% glucose (mock/steady),2,train,Nrg1,2% glucose (mock/steady),-0.07054227504850703,0.006980062434311449,catch22,PHATE
Nrg1 @ 0.01% glucose,0,train,Nrg1,0.01% glucose,0.04348502404600695,0.02554901277043179,catch22,PHATE
Rtg1 @ 0.01% glucose,3,train,Rtg1,0.01% glucose,0.037399904029864935,-0.01857722664745917,catch22,PHATE
Nrg1 @ 2% glucose (mock/steady),2,train,Nrg1,2% glucose (mock/steady),-0.0831752498921656,0.0038182824705068866,catch22,PHATE
Nrg1 @ 0.01% glucose,0,train,Nrg1,0.01% glucose,0.042663572109675675,0.024612356051794626,catch22,PHATE
Rtg1 @ 0.01% glucose,3,train,Rtg1,0.01% glucose,-0.003179588842255737,-0.021107915898703027,catch22,PHATE
Rtg1 @ 0.01% glucose,3,train,Rtg1,0.01% glucose,0.04567485552777934,0.01470620821751014,catch22,PHATE
Nrg1 @ 2% glucose (mock/steady),2,train,Nrg1,2% glucose (mock/steady),-0.008759081358851502,-0.01911815261135594,catch22,PHATE
Rtg1 @ 0.01% glucose,3,train,Rtg1,0.01% glucose,0.04771384708368019,0.016160936599465055,catch22,PHATE
Nrg1 @ 0.1% glucose,1,train,Nrg1,0.1% glucose,0.04385962106420108,0.010267017165610147,catch22,PHATE
Rtg1 @ 0.1% glucose,4,train,Rtg1,0.1% glucose,0.006126224080644534,-0.018243668916979292,catch22,PHATE
Rtg1 @ 0.01% glucose,3,train,Rtg1,0.01% glucose,0.05610739460689682,-0.04727382956250532,catch22,PHATE
Rtg1 @ 2% glucose (mock/steady),5,train,Rtg1,2% glucose (mock/steady),-0.07919024491737227,-0.0042083253568779636,catch22,PHATE
Rtg1 @ 0.01% glucose,3,train,Rtg1,0.01% glucose,0.033474707622856995,-0.021903085169467693,catch22,PHATE
Nrg1 @ 0.1% glucose,1,train,Nrg1,0.1% glucose,0.0002892548383073114,-0.0014596571446434947,catch22,PHATE
Nrg1 @ 2% glucose (mock/steady),2,train,Nrg1,2% glucose (mock/steady),-0.04096808430404206,0.012231918163847859,catch22,PHATE
Nrg1 @ 2% glucose (mock/steady),2,train,Nrg1,2% glucose (mock/steady),-0.037352589574678664,0.020006760055169236,catch22,PHATE
Nrg1 @ 0.1% glucose,1,train,Nrg1,0.1% glucose,-0.03354350289759699,0.018474694435791944,catch22,PHATE
Rtg1 @ 0.01% glucose,3,train,Rtg1,0.01% glucose,0.018768279561155832,-0.03040045601256369,catch22,PHATE
Rtg1 @ 2% glucose (mock/steady),5,train,Rtg1,2% glucose (mock/steady),0.008575588116805066,0.0021089079924190924,catch22,PHATE
Nrg1 @ 2% glucose (mock/steady),2,train,Nrg1,2% glucose (mock/steady),-0.024135170562978155,0.0019283520470000117,catch22,PHATE
Nrg1 @ 0.1% glucose,1,train,Nrg1,0.1% glucose,-0.019012115914275096,0.01890747195564251,catch22,PHATE
Rtg1 @ 0.1% glucose,4,train,Rtg1,0.1% glucose,0.01574910007741404,-0.0013463601688947998,catch22,PHATE
Nrg1 @ 2% glucose (mock/steady),2,train,Nrg1,2% glucose (mock/steady),-0.006368007196608936,-0.017000494315012545,catch22,PHATE
Nrg1 @ 0.01% glucose,0,train,Nrg1,0.01% glucose,0.034396151131859815,0.026179691143094538,catch22,PHATE
Rtg1 @ 0.1% glucose,4,train,Rtg1,0.1% glucose,0.0015663224911537884,-0.01727724976706138,catch22,PHATE
Nrg1 @ 0.1% glucose,1,train,Nrg1,0.1% glucose,0.03859253071988933,0.006510584170282698,catch22,PHATE
Rtg1 @ 0.01% glucose,3,train,Rtg1,0.01% glucose,0.050749319512239426,-0.04352403539772198,catch22,PHATE
Nrg1 @ 0.1% glucose,1,train,Nrg1,0.1% glucose,0.01597426126529489,0.0207258823469256,catch22,PHATE
Rtg1 @ 2% glucose (mock/steady),5,train,Rtg1,2% glucose (mock/steady),-0.0025241752399465583,-0.00988948400383132,catch22,PHATE
Rtg1 @ 0.1% glucose,4,train,Rtg1,0.1% glucose,-0.012903048635810738,-0.020554867561650658,catch22,PHATE
Nrg1 @ 2% glucose (mock/steady),2,train,Nrg1,2% glucose (mock/steady),-0.020414023913652178,-0.013694384758032105,catch22,PHATE
Nrg1 @ 0.1% glucose,1,train,Nrg1,0.1% glucose,-0.06497658904694682,0.014375363223490782,catch22,PHATE
Nrg1 @ 2% glucose (mock/steady),2,train,Nrg1,2% glucose (mock/steady),-0.036901900493962365,0.012956467013747077,catch22,PHATE
Nrg1 @ 2% glucose (mock/steady),2,train,Nrg1,2% glucose (mock/steady),-0.04799713195420406,0.015471114300841228,catch22,PHATE
Nrg1 @ 0.01% glucose,0,train,Nrg1,0.01% glucose,0.06781991176038503,0.022989661564935752,catch22,PHATE
Nrg1 @ 0.01% glucose,0,train,Nrg1,0.01% glucose,0.05283405975628071,0.026018569237101885,catch22,PHATE
Rtg1 @ 0.01% glucose,3,train,Rtg1,0.01% glucose,-0.015640216428854853,-0.01480915453442773,catch22,PHATE
Rtg1 @ 0.1% glucose,4,train,Rtg1,0.1% glucose,0.07475581935800045,0.013054023175494813,catch22,PHATE
Nrg1 @ 0.01% glucose,0,train,Nrg1,0.01% glucose,0.059032948034523636,0.02060993690085817,catch22,PHATE
Rtg1 @ 2% glucose (mock/steady),5,train,Rtg1,2% glucose (mock/steady),-0.05856111254599236,-0.004101207388872463,catch22,PHATE
Nrg1 @ 2% glucose (mock/steady),2,train,Nrg1,2% glucose (mock/steady),-0.019749753932872465,-7.935584964199833e-05,catch22,PHATE
Nrg1 @ 2% glucose (mock/steady),2,train,Nrg1,2% glucose (mock/steady),-0.012249985672943857,0.00499400133587291,catch22,PHATE
Rtg1 @ 2% glucose (mock/steady),5,train,Rtg1,2% glucose (mock/steady),-0.016317831814373004,-0.01645370470692484,catch22,PHATE
Nrg1 @ 2% glucose (mock/steady),2,train,Nrg1,2% glucose (mock/steady),0.07347146863374311,0.011890077105310438,catch22,PHATE
Nrg1 @ 2% glucose (mock/steady),2,train,Nrg1,2% glucose (mock/steady),0.045331425788877486,0.026743215979251885,catch22,PHATE
Nrg1 @ 0.01% glucose,0,train,Nrg1,0.01% glucose,0.07058173987002882,0.014491728478060696,catch22,PHATE
Rtg1 @ 0.01% glucose,3,train,Rtg1,0.01% glucose,0.047122260297412503,0.02570061865109547,catch22,PHATE
Nrg1 @ 2% glucose (mock/steady),2,train,Nrg1,2% glucose (mock/steady),-0.03424706484532535,0.012296047798162697,catch22,PHATE
Rtg1 @ 0.01% glucose,3,train,Rtg1,0.01% glucose,0.01930588227680799,-0.030874217231130777,catch22,PHATE
Rtg1 @ 2% glucose (mock/steady),5,train,Rtg1,2% glucose (mock/steady),0.00467654753956313,-0.024110859045475802,catch22,PHATE
Nrg1 @ 0.1% glucose,1,train,Nrg1,0.1% glucose,-0.03569173622331767,0.00317810855703589,catch22,PHATE
Nrg1 @ 0.01% glucose,0,train,Nrg1,0.01% glucose,0.04145129721821306,0.005645556968989457,catch22,PHATE
Rtg1 @ 0.1% glucose,4,train,Rtg1,0.1% glucose,0.012850083052312247,-0.0003283693989283823,catch22,PHATE
Rtg1 @ 0.01% glucose,3,train,Rtg1,0.01% glucose,-0.0034976100260693845,-0.011791280334653709,catch22,PHATE
Nrg1 @ 2% glucose (mock/steady),2,train,Nrg1,2% glucose (mock/steady),-0.07007966102570724,0.007954865411572662,catch22,PHATE
Rtg1 @ 0.1% glucose,4,train,Rtg1,0.1% glucose,-0.0036359981868074966,-0.023813079788147413,catch22,PHATE
Rtg1 @ 0.01% glucose,3,train,Rtg1,0.01% glucose,0.028156190547387293,-0.005015984321719793,catch22,PHATE
Rtg1 @ 0.01% glucose,3,train,Rtg1,0.01% glucose,0.04401955651111543,-0.03951286745587991,catch22,PHATE
Rtg1 @ 2% glucose (mock/steady),5,train,Rtg1,2% glucose (mock/steady),0.010147684416718135,-0.025061148135261446,catch22,PHATE
Rtg1 @ 2% glucose (mock/steady),5,train,Rtg1,2% glucose (mock/steady),-0.009900196882746782,-0.009178265540674123,catch22,PHATE
Nrg1 @ 2% glucose (mock/steady),2,train,Nrg1,2% glucose (mock/steady),-0.008591378770694722,0.006227910376608107,catch22,PHATE
Nrg1 @ 0.1% glucose,1,train,Nrg1,0.1% glucose,0.03932046308850682,0.028647268581557334,catch22,PHATE
Rtg1 @ 0.1% glucose,4,train,Rtg1,0.1% glucose,-0.03285646554769759,0.010224479385862876,catch22,PHATE
Nrg1 @ 2% glucose (mock/steady),2,train,Nrg1,2% glucose (mock/steady),-0.028510557515686576,-0.00016058741467554004,catch22,PHATE
Nrg1 @ 0.01% glucose,0,train,Nrg1,0.01% glucose,0.054769535184331974,0.010241469742284825,catch22,PHATE
Nrg1 @ 2% glucose (mock/steady),2,train,Nrg1,2% glucose (mock/steady),-0.013184998613278851,-0.020095998492265635,catch22,PHATE
Nrg1 @ 0.1% glucose,1,train,Nrg1,0.1% glucose,-0.04759927107605287,0.021586407309309153,catch22,PHATE
Rtg1 @ 2% glucose (mock/steady),5,train,Rtg1,2% glucose (mock/steady),0.006880559458244485,-0.021852649918818343,catch22,PHATE
Nrg1 @ 0.01% glucose,0,train,Nrg1,0.01% glucose,0.033243615861999545,0.029449362911568373,catch22,PHATE
Rtg1 @ 0.1% glucose,4,train,Rtg1,0.1% glucose,0.020706165708584166,-0.029260569884760546,catch22,PHATE
Rtg1 @ 0.1% glucose,4,train,Rtg1,0.1% glucose,-0.013584231749888669,-0.01757059608886563,catch22,PHATE
Nrg1 @ 0.01% glucose,0,train,Nrg1,0.01% glucose,-0.05017705741932337,0.023823278606177063,catch22,PHATE
Nrg1 @ 0.01% glucose,0,train,Nrg1,0.01% glucose,0.074767118592061,0.01838126282272727,catch22,PHATE
Rtg1 @ 0.1% glucose,4,train,Rtg1,0.1% glucose,0.023107995704410383,0.012396659403198366,catch22,PHATE
Nrg1 @ 0.1% glucose,1,train,Nrg1,0.1% glucose,-0.0430162925317143,0.011518607497528643,catch22,PHATE
Nrg1 @ 2% glucose (mock/steady),2,train,Nrg1,2% glucose (mock/steady),0.0777964807267639,0.012496741298111588,catch22,PHATE
Nrg1 @ 0.01% glucose,0,train,Nrg1,0.01% glucose,-0.009077748680393549,-0.016041924277509265,catch22,PHATE
Rtg1 @ 2% glucose (mock/steady),5,train,Rtg1,2% glucose (mock/steady),0.07146276248944657,0.019104526024021365,catch22,PHATE
Rtg1 @ 0.01% glucose,3,train,Rtg1,0.01% glucose,0.04578514580695161,0.014203878397216568,catch22,PHATE
Rtg1 @ 0.1% glucose,4,train,Rtg1,0.1% glucose,0.017393087320397124,-0.024539458055926656,catch22,PHATE
Nrg1 @ 0.1% glucose,1,train,Nrg1,0.1% glucose,0.03440911720401378,-0.022381676129729893,catch22,PHATE
Rtg1 @ 0.01% glucose,3,train,Rtg1,0.01% glucose,0.018586915184033104,-0.024407129305844964,catch22,PHATE
Rtg1 @ 2% glucose (mock/steady),5,train,Rtg1,2% glucose (mock/steady),0.026497360397658928,-0.0045264753171827795,catch22,PHATE
Rtg1 @ 0.1% glucose,4,train,Rtg1,0.1% glucose,0.017440873904085694,0.0016555141220337183,catch22,PHATE
Nrg1 @ 0.01% glucose,0,train,Nrg1,0.01% glucose,0.023026783666953498,0.02456800020629023,catch22,PHATE
Nrg1 @ 2% glucose (mock/steady),2,train,Nrg1,2% glucose (mock/steady),-0.027604416859358143,0.005263113555893312,catch22,PHATE
Rtg1 @ 0.1% glucose,4,train,Rtg1,0.1% glucose,-0.0763623632665827,-0.00780034812490926,catch22,PHATE
Nrg1 @ 0.1% glucose,1,train,Nrg1,0.1% glucose,0.02725259464061233,0.02999681426402367,catch22,PHATE
Nrg1 @ 0.01% glucose,0,train,Nrg1,0.01% glucose,0.0788326748082669,0.015292612069705684,catch22,PHATE
Rtg1 @ 0.1% glucose,4,train,Rtg1,0.1% glucose,0.007327750894367471,-0.023102073788007608,catch22,PHATE
Rtg1 @ 0.1% glucose,4,train,Rtg1,0.1% glucose,-0.07858139167951676,0.008610722669297419,catch22,PHATE
Rtg1 @ 0.1% glucose,4,train,Rtg1,0.1% glucose,-0.01188098411372527,-0.01672847798313566,catch22,PHATE
Rtg1 @ 0.1% glucose,4,train,Rtg1,0.1% glucose,0.015135843306128115,0.003313773279719739,catch22,PHATE
Nrg1 @ 0.01% glucose,0,train,Nrg1,0.01% glucose,0.05705043159078278,0.018204954876344024,catch22,PHATE
Nrg1 @ 2% glucose (mock/steady),2,train,Nrg1,2% glucose (mock/steady),-0.033566929990448,0.01068591984338407,catch22,PHATE
Rtg1 @ 2% glucose (mock/steady),5,train,Rtg1,2% glucose (mock/steady),0.004599247593901592,-0.017941996946614018,catch22,PHATE
Nrg1 @ 0.01% glucose,0,train,Nrg1,0.01% glucose,0.03576527357925371,0.01358287888977702,catch22,PHATE
Rtg1 @ 0.01% glucose,3,train,Rtg1,0.01% glucose,0.026371699243852867,-0.024847823035041905,catch22,PHATE
Rtg1 @ 0.01% glucose,3,train,Rtg1,0.01% glucose,-0.012039742772906219,-0.01538580790898358,catch22,PHATE
Nrg1 @ 2% glucose (mock/steady),2,train,Nrg1,2% glucose (mock/steady),-0.041121253190280815,0.00893690825993412,catch22,PHATE
Rtg1 @ 2% glucose (mock/steady),5,train,Rtg1,2% glucose (mock/steady),0.015548506789129722,-0.007062024100256841,catch22,PHATE
Rtg1 @ 2% glucose (mock/steady),5,train,Rtg1,2% glucose (mock/steady),-0.01370762440871552,-0.013179323255581115,catch22,PHATE
Nrg1 @ 0.01% glucose,0,train,Nrg1,0.01% glucose,0.043827357904418246,0.015870375879185775,catch22,PHATE
Nrg1 @ 0.1% glucose,1,train,Nrg1,0.1% glucose,-0.043336512647827355,0.008910077768191147,catch22,PHATE
Nrg1 @ 2% glucose (mock/steady),2,train,Nrg1,2% glucose (mock/steady),-0.05100071562551518,0.02361215535268892,catch22,PHATE
Rtg1 @ 0.01% glucose,3,train,Rtg1,0.01% glucose,-0.005450961015977592,-0.01033063195833702,catch22,PHATE
Rtg1 @ 0.01% glucose,3,train,Rtg1,0.01% glucose,0.044880139290347544,0.010100295742076687,catch22,PHATE
Nrg1 @ 2% glucose (mock/steady),2,train,Nrg1,2% glucose (mock/steady),-0.03808024480990499,0.011628753768719448,catch22,PHATE
Rtg1 @ 0.01% glucose,3,train,Rtg1,0.01% glucose,0.014271947094399913,-0.024707544145540588,catch22,PHATE
Rtg1 @ 0.1% glucose,4,train,Rtg1,0.1% glucose,-0.030204479897627316,0.006574228564396849,catch22,PHATE
Rtg1 @ 0.01% glucose,3,train,Rtg1,0.01% glucose,-0.00043861985775097345,0.0048098804174918144,catch22,PHATE
Nrg1 @ 0.1% glucose,1,train,Nrg1,0.1% glucose,-0.03356585309583451,0.002311659176162608,catch22,PHATE
Nrg1 @ 0.1% glucose,1,train,Nrg1,0.1% glucose,0.0071383362563365105,0.004521452909933929,catch22,PHATE
Rtg1 @ 0.01% glucose,3,train,Rtg1,0.01% glucose,-0.0019250046863917034,0.009836968679484064,catch22,PHATE
Nrg1 @ 0.1% glucose,1,train,Nrg1,0.1% glucose,-0.0481527140994647,0.017022074799922217,catch22,PHATE
Nrg1 @ 0.1% glucose,1,train,Nrg1,0.1% glucose,-0.052877541865585104,0.024010071379001525,catch22,PHATE
Rtg1 @ 2% glucose (mock/steady),5,train,Rtg1,2% glucose (mock/steady),0.01723542549595407,-0.01695540911437041,catch22,PHATE
Nrg1 @ 0.1% glucose,1,train,Nrg1,0.1% glucose,0.03948193063686221,0.026574269600264645,catch22,PHATE
Rtg1 @ 0.1% glucose,4,train,Rtg1,0.1% glucose,-0.017329758281103756,-0.015113239724265762,catch22,PHATE
Nrg1 @ 0.1% glucose,1,train,Nrg1,0.1% glucose,0.048293324609301025,0.028227005670119057,catch22,PHATE
Rtg1 @ 0.01% glucose,3,train,Rtg1,0.01% glucose,-0.05909935104400282,-0.005454984301885895,catch22,PHATE
Nrg1 @ 0.01% glucose,0,train,Nrg1,0.01% glucose,0.06413920634369775,0.023063059498232754,catch22,PHATE
Rtg1 @ 0.01% glucose,3,train,Rtg1,0.01% glucose,0.03853669377945322,-0.010975251134460268,catch22,PHATE
Rtg1 @ 0.1% glucose,4,train,Rtg1,0.1% glucose,0.006633506605558228,-0.013923862916596265,catch22,PHATE
Rtg1 @ 0.1% glucose,4,train,Rtg1,0.1% glucose,-0.0051172113068768425,-0.023087069231201757,catch22,PHATE
Nrg1 @ 0.1% glucose,1,train,Nrg1,0.1% glucose,-0.04304234214046747,0.012398952451628873,catch22,PHATE
Nrg1 @ 0.01% glucose,0,train,Nrg1,0.01% glucose,0.0435127156842722,0.030353576667748197,catch22,PHATE
Rtg1 @ 0.1% glucose,4,train,Rtg1,0.1% glucose,0.012094743363170145,-0.014549058829265623,catch22,PHATE
Nrg1 @ 0.01% glucose,0,train,Nrg1,0.01% glucose,0.021111486964460288,0.027864747436490003,catch22,PHATE
Nrg1 @ 0.01% glucose,0,train,Nrg1,0.01% glucose,0.043396137520015476,0.021972921163775926,catch22,PHATE
Rtg1 @ 2% glucose (mock/steady),5,train,Rtg1,2% glucose (mock/steady),-0.020992503911223346,-0.02184453863379104,catch22,PHATE
Nrg1 @ 2% glucose (mock/steady),2,train,Nrg1,2% glucose (mock/steady),0.07229917284491741,0.018146416624363535,catch22,PHATE
Nrg1 @ 0.1% glucose,1,train,Nrg1,0.1% glucose,0.04590034710753303,0.016815872651794253,catch22,PHATE
Rtg1 @ 2% glucose (mock/steady),5,train,Rtg1,2% glucose (mock/steady),0.02393543361046804,-0.024321143932144202,catch22,PHATE
Rtg1 @ 0.1% glucose,4,train,Rtg1,0.1% glucose,-0.007735469294042158,-0.01834400886143888,catch22,PHATE
Nrg1 @ 0.1% glucose,1,train,Nrg1,0.1% glucose,-0.06503165146717056,0.020017424352068817,catch22,PHATE
Nrg1 @ 2% glucose (mock/steady),2,train,Nrg1,2% glucose (mock/steady),-0.03665416685992068,0.0008671964247035362,catch22,PHATE
Nrg1 @ 0.01% glucose,0,train,Nrg1,0.01% glucose,0.05286004100654762,0.0243723067228496,catch22,PHATE
Nrg1 @ 2% glucose (mock/steady),2,train,Nrg1,2% glucose (mock/steady),-0.005451559398861409,-0.010409652358617322,catch22,PHATE
Nrg1 @ 2% glucose (mock/steady),2,train,Nrg1,2% glucose (mock/steady),-0.019047528069664713,-0.01199264385946308,catch22,PHATE
Nrg1 @ 2% glucose (mock/steady),2,train,Nrg1,2% glucose (mock/steady),-0.010782820327941766,-0.01613582433352854,catch22,PHATE
Rtg1 @ 2% glucose (mock/steady),5,train,Rtg1,2% glucose (mock/steady),0.0534597996698156,-0.04325108012078188,catch22,PHATE
Nrg1 @ 2% glucose (mock/steady),2,train,Nrg1,2% glucose (mock/steady),-0.0722472904692836,0.010768586056189303,catch22,PHATE
Rtg1 @ 0.1% glucose,4,train,Rtg1,0.1% glucose,0.028146969526429033,-0.020865251931764146,catch22,PHATE
Rtg1 @ 0.01% glucose,3,train,Rtg1,0.01% glucose,0.025907231325024864,-0.02902751924518959,catch22,PHATE
Rtg1 @ 2% glucose (mock/steady),5,train,Rtg1,2% glucose (mock/steady),-0.05001400091743176,-0.002926442965058243,catch22,PHATE
Rtg1 @ 0.1% glucose,4,train,Rtg1,0.1% glucose,-0.0040895953116569725,0.00565820570101407,catch22,PHATE
Nrg1 @ 0.01% glucose,0,train,Nrg1,0.01% glucose,0.041342795662043554,0.013488791057722663,catch22,PHATE
Nrg1 @ 0.01% glucose,0,train,Nrg1,0.01% glucose,0.044263299891254985,0.013238745817447361,catch22,PHATE
Rtg1 @ 2% glucose (mock/steady),5,train,Rtg1,2% glucose (mock/steady),-0.002504840209591429,0.005143554415582376,catch22,PHATE
Rtg1 @ 0.1% glucose,4,train,Rtg1,0.1% glucose,0.06885662020707412,0.01678483973114135,catch22,PHATE
Nrg1 @ 0.1% glucose,1,train,Nrg1,0.1% glucose,-0.04793846383847574,0.02287813818711514,catch22,PHATE
Nrg1 @ 2% glucose (mock/steady),2,train,Nrg1,2% glucose (mock/steady),-0.045856514117804795,0.0037092573616987054,catch22,PHATE
Rtg1 @ 2% glucose (mock/steady),5,train,Rtg1,2% glucose (mock/steady),-0.0644148151267638,-0.003873447302346388,catch22,PHATE
Rtg1 @ 0.01% glucose,3,train,Rtg1,0.01% glucose,0.016634005835067356,-0.011660996894246054,catch22,PHATE
Nrg1 @ 2% glucose (mock/steady),2,train,Nrg1,2% glucose (mock/steady),-0.004639441005836835,-0.018419991495735345,catch22,PHATE
Rtg1 @ 0.1% glucose,4,train,Rtg1,0.1% glucose,0.0052124986420656536,-0.011380980467953472,catch22,PHATE
Rtg1 @ 2% glucose (mock/steady),5,train,Rtg1,2% glucose (mock/steady),0.00825865196970163,-0.02523579566313381,catch22,PHATE
Rtg1 @ 2% glucose (mock/steady),5,train,Rtg1,2% glucose (mock/steady),0.005861848682913884,-0.022725537574289918,catch22,PHATE
Rtg1 @ 0.01% glucose,3,train,Rtg1,0.01% glucose,-0.00809404864630045,-0.022141516230198475,catch22,PHATE
Nrg1 @ 0.01% glucose,0,train,Nrg1,0.01% glucose,0.041934477255531295,0.021845471705540877,catch22,PHATE
Rtg1 @ 0.01% glucose,3,train,Rtg1,0.01% glucose,0.009657155783028299,-0.020405605616235927,catch22,PHATE
Nrg1 @ 0.01% glucose,0,train,Nrg1,0.01% glucose,0.05821971887710901,0.01650837420089809,catch22,PHATE
Rtg1 @ 2% glucose (mock/steady),5,train,Rtg1,2% glucose (mock/steady),-0.0806576642275104,0.0014877652612540885,catch22,PHATE
Rtg1 @ 0.01% glucose,3,train,Rtg1,0.01% glucose,-0.06943671672367678,-0.0005295833861754861,catch22,PHATE
Rtg1 @ 0.1% glucose,4,train,Rtg1,0.1% glucose,0.014349650491633887,-0.027017025479189948,catch22,PHATE
Rtg1 @ 0.1% glucose,4,train,Rtg1,0.1% glucose,-0.041619073454534236,0.010666009557071265,catch22,PHATE
Nrg1 @ 0.1% glucose,1,train,Nrg1,0.1% glucose,-0.040550183198540174,0.009263831396099828,catch22,PHATE
Nrg1 @ 0.01% glucose,0,train,Nrg1,0.01% glucose,0.03865246134127372,0.01979009109808913,catch22,PHATE
Rtg1 @ 2% glucose (mock/steady),5,train,Rtg1,2% glucose (mock/steady),-0.01830908092669753,-0.02060227237274892,catch22,PHATE
Rtg1 @ 0.01% glucose,3,train,Rtg1,0.01% glucose,-0.012954314180016559,-0.004987269882715516,catch22,PHATE
Rtg1 @ 0.01% glucose,3,train,Rtg1,0.01% glucose,0.03272642486840487,-0.03357290766448853,catch22,PHATE
Rtg1 @ 0.01% glucose,3,train,Rtg1,0.01% glucose,0.0015147646715316502,-0.02494512509325336,catch22,PHATE
Nrg1 @ 0.1% glucose,1,train,Nrg1,0.1% glucose,-0.07453303436282512,0.015772639498730215,catch22,PHATE
Nrg1 @ 2% glucose (mock/steady),2,test,Nrg1,2% glucose (mock/steady),-0.08399040222848819,0.015082935894937642,catch22,PHATE
Rtg1 @ 0.1% glucose,4,test,Rtg1,0.1% glucose,0.04685499736962066,-0.017401923475695306,catch22,PHATE
Rtg1 @ 0.1% glucose,4,test,Rtg1,0.1% glucose,0.023656004397641688,-0.02737927263756855,catch22,PHATE
Nrg1 @ 0.1% glucose,1,test,Nrg1,0.1% glucose,0.04748078856116826,0.028414727612178795,catch22,PHATE
Nrg1 @ 0.1% glucose,1,test,Nrg1,0.1% glucose,0.02675933482642611,0.029406429868766407,catch22,PHATE
Rtg1 @ 0.01% glucose,3,test,Rtg1,0.01% glucose,0.07692884566667035,0.01516288115052413,catch22,PHATE
Rtg1 @ 2% glucose (mock/steady),5,test,Rtg1,2% glucose (mock/steady),0.017703920831070176,-0.0014528496981863358,catch22,PHATE
Nrg1 @ 0.1% glucose,1,test,Nrg1,0.1% glucose,-0.04927952134964186,0.022269481690993912,catch22,PHATE
Rtg1 @ 0.01% glucose,3,test,Rtg1,0.01% glucose,0.030469700273362845,-0.028343784222909573,catch22,PHATE
Rtg1 @ 2% glucose (mock/steady),5,test,Rtg1,2% glucose (mock/steady),0.008031210368817607,-0.012111662721121798,catch22,PHATE
Nrg1 @ 0.01% glucose,0,test,Nrg1,0.01% glucose,0.041210802155127506,0.018087041827238193,catch22,PHATE
Nrg1 @ 0.1% glucose,1,test,Nrg1,0.1% glucose,-0.07416182494203422,0.019905392740194858,catch22,PHATE
Nrg1 @ 0.1% glucose,1,test,Nrg1,0.1% glucose,-0.024883967759433263,0.009766985762056106,catch22,PHATE
Rtg1 @ 2% glucose (mock/steady),5,test,Rtg1,2% glucose (mock/steady),0.006490347987153204,-0.02247441817944313,catch22,PHATE
Nrg1 @ 0.01% glucose,0,test,Nrg1,0.01% glucose,0.030678167850852686,0.02810605588005535,catch22,PHATE
Rtg1 @ 2% glucose (mock/steady),5,test,Rtg1,2% glucose (mock/steady),-0.022594097818183733,0.0004612408274023928,catch22,PHATE
Nrg1 @ 2% glucose (mock/steady),2,test,Nrg1,2% glucose (mock/steady),-0.07669936553064363,0.017771503823549265,catch22,PHATE
Nrg1 @ 2% glucose (mock/steady),2,test,Nrg1,2% glucose (mock/steady),-0.008445498573543505,-0.015438107270856209,catch22,PHATE
Rtg1 @ 2% glucose (mock/steady),5,test,Rtg1,2% glucose (mock/steady),0.030542640457663178,-0.033670632089761336,catch22,PHATE
Rtg1 @ 0.1% glucose,4,test,Rtg1,0.1% glucose,-0.009015029418379155,-0.0127579755388979,catch22,PHATE
Rtg1 @ 0.01% glucose,3,test,Rtg1,0.01% glucose,0.03513487380481886,-0.023951253888035543,catch22,PHATE
Rtg1 @ 0.1% glucose,4,test,Rtg1,0.1% glucose,-0.07226057594382519,-0.004715650837965687,catch22,PHATE
Nrg1 @ 2% glucose (mock/steady),2,test,Nrg1,2% glucose (mock/steady),-0.06379572572608073,0.0036584630430784616,catch22,PHATE
Rtg1 @ 0.1% glucose,4,test,Rtg1,0.1% glucose,0.03195624990603581,-0.034559246462648185,catch22,PHATE
Nrg1 @ 2% glucose (mock/steady),2,test,Nrg1,2% glucose (mock/steady),0.03756842669685352,0.008913407816541407,catch22,PHATE
Rtg1 @ 0.01% glucose,3,test,Rtg1,0.01% glucose,0.028456127142251857,0.021079642978082038,catch22,PHATE
Rtg1 @ 2% glucose (mock/steady),5,test,Rtg1,2% glucose (mock/steady),0.0027377482063288897,-0.014144611147608267,catch22,PHATE
Rtg1 @ 2% glucose (mock/steady),5,test,Rtg1,2% glucose (mock/steady),0.014762384557449456,-0.025423582125543482,catch22,PHATE
Rtg1 @ 0.1% glucose,4,test,Rtg1,0.1% glucose,0.02791509729830579,-0.029687781266332577,catch22,PHATE
Rtg1 @ 0.01% glucose,3,test,Rtg1,0.01% glucose,0.000356765179105499,-0.019016097160297916,catch22,PHATE
Nrg1 @ 0.01% glucose,0,test,Nrg1,0.01% glucose,-0.03732149134640792,0.022985013987270358,catch22,PHATE
Rtg1 @ 2% glucose (mock/steady),5,test,Rtg1,2% glucose (mock/steady),-0.046970239140482775,-0.015360477928292971,catch22,PHATE
Rtg1 @ 0.01% glucose,3,test,Rtg1,0.01% glucose,0.053593211495921486,-0.04515192934775837,catch22,PHATE
Nrg1 @ 0.01% glucose,0,test,Nrg1,0.01% glucose,0.025428390001310704,-0.017533431608924593,catch22,PHATE
Nrg1 @ 2% glucose (mock/steady),2,test,Nrg1,2% glucose (mock/steady),0.0544560088363718,0.020181638976412977,catch22,PHATE
Nrg1 @ 0.1% glucose,1,test,Nrg1,0.1% glucose,-0.05240929815013176,0.017170894117616235,catch22,PHATE
Nrg1 @ 0.01% glucose,0,test,Nrg1,0.01% glucose,0.029886173476264623,0.03169064958858824,catch22,PHATE
Rtg1 @ 0.01% glucose,3,test,Rtg1,0.01% glucose,0.034484678928361684,-0.008166561605535362,catch22,PHATE
Rtg1 @ 0.1% glucose,4,test,Rtg1,0.1% glucose,0.035271508130956024,-0.03605408462638862,catch22,PHATE
Rtg1 @ 0.1% glucose,4,test,Rtg1,0.1% glucose,0.03131346866909123,-0.026427762421526252,catch22,PHATE
Rtg1 @ 2% glucose (mock/steady),5,test,Rtg1,2% glucose (mock/steady),0.004771901317014499,-0.01831661994635898,catch22,PHATE
Nrg1 @ 2% glucose (mock/steady),2,test,Nrg1,2% glucose (mock/steady),-0.01904824440256938,-0.010233562196887175,catch22,PHATE
Nrg1 @ 0.1% glucose,1,test,Nrg1,0.1% glucose,-0.058318489108855766,0.019914089912847724,catch22,PHATE
Nrg1 @ 2% glucose (mock/steady),2,test,Nrg1,2% glucose (mock/steady),-0.06792562903715618,0.01904626601346973,catch22,PHATE
Nrg1 @ 0.01% glucose,0,test,Nrg1,0.01% glucose,0.04567253567641385,0.024691415958905158,catch22,PHATE
Rtg1 @ 0.1% glucose,4,test,Rtg1,0.1% glucose,0.028688202636253393,0.024217035554262075,catch22,PHATE
Nrg1 @ 2% glucose (mock/steady),2,test,Nrg1,2% glucose (mock/steady),-0.07325109836795632,0.010136553626127701,catch22,PHATE
Nrg1 @ 0.1% glucose,1,test,Nrg1,0.1% glucose,-0.020271490736617857,0.019102113443542984,catch22,PHATE
Nrg1 @ 0.01% glucose,0,test,Nrg1,0.01% glucose,0.018144513544055982,0.007854254004233853,catch22,PHATE
Nrg1 @ 2% glucose (mock/steady),2,test,Nrg1,2% glucose (mock/steady),-0.009980555405876194,-0.017973018524021334,catch22,PHATE
Nrg1 @ 2% glucose (mock/steady),2,test,Nrg1,2% glucose (mock/steady),-0.07852913231866769,0.012053640040098887,catch22,PHATE
Nrg1 @ 0.1% glucose,1,test,Nrg1,0.1% glucose,-0.030253276938732906,0.014330792524535015,catch22,PHATE
Rtg1 @ 2% glucose (mock/steady),5,test,Rtg1,2% glucose (mock/steady),0.03898846873185873,-0.026408604526215195,catch22,PHATE
Rtg1 @ 0.01% glucose,3,test,Rtg1,0.01% glucose,0.01781452375950865,-0.012565150393333578,catch22,PHATE
Nrg1 @ 2% glucose (mock/steady),2,test,Nrg1,2% glucose (mock/steady),-0.06155209081454395,0.01707733228101191,catch22,PHATE
Rtg1 @ 2% glucose (mock/steady),5,test,Rtg1,2% glucose (mock/steady),0.002335362847702932,0.006339645958615223,catch22,PHATE
Nrg1 @ 0.1% glucose,1,test,Nrg1,0.1% glucose,-0.05356886076917455,0.019791088124069843,catch22,PHATE
Rtg1 @ 2% glucose (mock/steady),5,test,Rtg1,2% glucose (mock/steady),0.002192721851733436,0.006828456462027592,catch22,PHATE
Nrg1 @ 0.01% glucose,0,test,Nrg1,0.01% glucose,-0.03780849785434893,0.00495409288908358,catch22,PHATE
Nrg1 @ 0.01% glucose,0,test,Nrg1,0.01% glucose,0.04049647350516318,0.020314536221824844,catch22,PHATE
Rtg1 @ 0.01% glucose,3,test,Rtg1,0.01% glucose,0.05296180056447582,-0.04553425323376055,catch22,PHATE
Rtg1 @ 0.1% glucose,4,test,Rtg1,0.1% glucose,0.036084957115875685,-0.024440074460007958,catch22,PHATE
Rtg1 @ 0.01% glucose,3,test,Rtg1,0.01% glucose,0.02992900596378683,-0.020285143519747896,catch22,PHATE
Rtg1 @ 0.1% glucose,4,test,Rtg1,0.1% glucose,-0.08234998046207967,0.0016726329347237809,catch22,PHATE
Rtg1 @ 0.1% glucose,4,test,Rtg1,0.1% glucose,-0.007817999552298617,-0.0025938496760375936,catch22,PHATE
Nrg1 @ 0.01% glucose,0,test,Nrg1,0.01% glucose,0.0773191642241862,0.01918427702446263,catch22,PHATE
Nrg1 @ 0.1% glucose,1,test,Nrg1,0.1% glucose,-0.06907969505226402,0.01828947868876905,catch22,PHATE
Nrg1 @ 0.01% glucose,0,test,Nrg1,0.01% glucose,0.061637657166228904,0.021816926257082,catch22,PHATE
Rtg1 @ 2% glucose (mock/steady),5,test,Rtg1,2% glucose (mock/steady),-0.02191185990120186,0.0082483126948614,catch22,PHATE
Rtg1 @ 2% glucose (mock/steady),5,test,Rtg1,2% glucose (mock/steady),-0.06574041301057663,-0.0006357238913143956,catch22,PHATE
Rtg1 @ 0.01% glucose,3,test,Rtg1,0.01% glucose,0.003538959559129484,-0.02432462722887584,catch22,PHATE
Nrg1 @ 0.01% glucose,0,test,Nrg1,0.01% glucose,0.047318470168739114,0.025643332650484213,catch22,PHATE
Rtg1 @ 2% glucose (mock/steady),5,test,Rtg1,2% glucose (mock/steady),0.000267322069343089,0.0019085165845609657,catch22,PHATE
Nrg1 @ 2% glucose (mock/steady),2,test,Nrg1,2% glucose (mock/steady),-0.06745332024602314,0.01857112867204751,catch22,PHATE
Rtg1 @ 2% glucose (mock/steady),5,test,Rtg1,2% glucose (mock/steady),-0.009826286540435132,-0.020703310256774184,catch22,PHATE
Rtg1 @ 0.01% glucose,3,test,Rtg1,0.01% glucose,-0.0023278360793684704,-0.021235394854155556,catch22,PHATE
Rtg1 @ 0.01% glucose,3,test,Rtg1,0.01% glucose,0.018711626934315297,-0.004238593386821662,catch22,PHATE
Rtg1 @ 0.1% glucose,4,test,Rtg1,0.1% glucose,-0.006631617236647912,-0.00040504353458076806,catch22,PHATE
Rtg1 @ 0.01% glucose,3,test,Rtg1,0.01% glucose,0.01490845668659988,-0.024077013672210604,catch22,PHATE
Rtg1 @ 0.01% glucose,3,test,Rtg1,0.01% glucose,-0.05000974793692861,0.0017871093357290078,catch22,PHATE
Nrg1 @ 0.1% glucose,1,test,Nrg1,0.1% glucose,-0.05654591796538193,0.02262818121577479,catch22,PHATE
Rtg1 @ 0.1% glucose,4,test,Rtg1,0.1% glucose,-0.001331187564737812,-0.02206756889463469,catch22,PHATE
Nrg1 @ 0.1% glucose,1,test,Nrg1,0.1% glucose,0.016337062961521494,0.026267879004593434,catch22,PHATE
Nrg1 @ 2% glucose (mock/steady),2,test,Nrg1,2% glucose (mock/steady),0.05747711468369942,0.02579158865860265,catch22,PHATE
Rtg1 @ 0.1% glucose,4,test,Rtg1,0.1% glucose,0.00481886378248861,-0.0253833527075565,catch22,PHATE
Rtg1 @ 0.01% glucose,3,test,Rtg1,0.01% glucose,0.014582776876808864,-0.029630667290161585,catch22,PHATE
Nrg1 @ 2% glucose (mock/steady),2,test,Nrg1,2% glucose (mock/steady),-0.08465239632741428,0.013248112014777916,catch22,PHATE
Nrg1 @ 2% glucose (mock/steady),2,test,Nrg1,2% glucose (mock/steady),-0.05374725361256513,0.022508905824001873,catch22,PHATE
Nrg1 @ 0.01% glucose,0,test,Nrg1,0.01% glucose,-0.03443280641550233,0.0031205739071478796,catch22,PHATE
Nrg1 @ 0.01% glucose,0,test,Nrg1,0.01% glucose,0.06971720503496842,0.024670799512910832,catch22,PHATE
Nrg1 @ 0.01% glucose,0,test,Nrg1,0.01% glucose,-0.001605812650915056,0.0031287289767488085,catch22,PHATE
Rtg1 @ 0.1% glucose,4,test,Rtg1,0.1% glucose,-0.008132996637265126,-0.008024624528250257,catch22,PHATE
Nrg1 @ 0.1% glucose,1,test,Nrg1,0.1% glucose,-0.07438506039024188,0.008753437994514973,catch22,PHATE
Nrg1 @ 0.1% glucose,1,test,Nrg1,0.1% glucose,0.0059537299989270015,0.0070242262088322065,catch22,PHATE
Rtg1 @ 0.1% glucose,4,train,Rtg1,0.1% glucose,-0.35057294368743896,-1.2363311052322388,SimCLR IY017-inst b512 D16 154043,PCA
Nrg1 @ 0.1% glucose,1,train,Nrg1,0.1% glucose,4.532913684844971,1.9787441492080688,SimCLR IY017-inst b512 D16 154043,PCA
Nrg1 @ 0.01% glucose,0,train,Nrg1,0.01% glucose,0.36202529072761536,-1.0521063804626465,SimCLR IY017-inst b512 D16 154043,PCA
Nrg1 @ 0.01% glucose,0,train,Nrg1,0.01% glucose,2.1866469383239746,0.4375389814376831,SimCLR IY017-inst b512 D16 154043,PCA
Nrg1 @ 0.1% glucose,1,train,Nrg1,0.1% glucose,4.177689552307129,1.371010422706604,SimCLR IY017-inst b512 D16 154043,PCA
Rtg1 @ 2% glucose (mock/steady),5,train,Rtg1,2% glucose (mock/steady),-1.9496710300445557,-0.33405011892318726,SimCLR IY017-inst b512 D16 154043,PCA
Nrg1 @ 0.01% glucose,0,train,Nrg1,0.01% glucose,-0.07681190222501755,-2.35048246383667,SimCLR IY017-inst b512 D16 154043,PCA
Rtg1 @ 0.01% glucose,3,train,Rtg1,0.01% glucose,-3.6413536071777344,-0.16348624229431152,SimCLR IY017-inst b512 D16 154043,PCA
Nrg1 @ 2% glucose (mock/steady),2,train,Nrg1,2% glucose (mock/steady),3.201978921890259,0.31154587864875793,SimCLR IY017-inst b512 D16 154043,PCA
Nrg1 @ 2% glucose (mock/steady),2,train,Nrg1,2% glucose (mock/steady),2.059748888015747,0.42129987478256226,SimCLR IY017-inst b512 D16 154043,PCA
Rtg1 @ 0.1% glucose,4,train,Rtg1,0.1% glucose,-1.3764947652816772,-2.596555709838867,SimCLR IY017-inst b512 D16 154043,PCA
Rtg1 @ 0.1% glucose,4,train,Rtg1,0.1% glucose,-1.6625677347183228,-1.643303632736206,SimCLR IY017-inst b512 D16 154043,PCA
Rtg1 @ 0.1% glucose,4,train,Rtg1,0.1% glucose,-0.9898591637611389,-2.046051502227783,SimCLR IY017-inst b512 D16 154043,PCA
Nrg1 @ 0.1% glucose,1,train,Nrg1,0.1% glucose,4.460373878479004,1.7036937475204468,SimCLR IY017-inst b512 D16 154043,PCA
Rtg1 @ 2% glucose (mock/steady),5,train,Rtg1,2% glucose (mock/steady),-2.6742594242095947,-0.9638975858688354,SimCLR IY017-inst b512 D16 154043,PCA
Rtg1 @ 0.01% glucose,3,train,Rtg1,0.01% glucose,-2.7214515209198,-2.9816696643829346,SimCLR IY017-inst b512 D16 154043,PCA
Nrg1 @ 0.01% glucose,0,train,Nrg1,0.01% glucose,0.4415874481201172,-1.4711517095565796,SimCLR IY017-inst b512 D16 154043,PCA
Nrg1 @ 2% glucose (mock/steady),2,train,Nrg1,2% glucose (mock/steady),3.607481002807617,0.7941280603408813,SimCLR IY017-inst b512 D16 154043,PCA
Nrg1 @ 0.1% glucose,1,train,Nrg1,0.1% glucose,2.9733028411865234,0.6977279782295227,SimCLR IY017-inst b512 D16 154043,PCA
Nrg1 @ 0.1% glucose,1,train,Nrg1,0.1% glucose,5.265568256378174,1.8558696508407593,SimCLR IY017-inst b512 D16 154043,PCA
Rtg1 @ 2% glucose (mock/steady),5,train,Rtg1,2% glucose (mock/steady),-1.425175666809082,-1.8430145978927612,SimCLR IY017-inst b512 D16 154043,PCA
Rtg1 @ 0.01% glucose,3,train,Rtg1,0.01% glucose,-1.2023766040802002,-2.1349451541900635,SimCLR IY017-inst b512 D16 154043,PCA
Rtg1 @ 0.01% glucose,3,train,Rtg1,0.01% glucose,-14.013867378234863,13.34868335723877,SimCLR IY017-inst b512 D16 154043,PCA
Rtg1 @ 0.01% glucose,3,train,Rtg1,0.01% glucose,-4.212350368499756,0.5936512351036072,SimCLR IY017-inst b512 D16 154043,PCA
Nrg1 @ 2% glucose (mock/steady),2,train,Nrg1,2% glucose (mock/steady),4.636468887329102,1.8914573192596436,SimCLR IY017-inst b512 D16 154043,PCA
Rtg1 @ 0.1% glucose,4,train,Rtg1,0.1% glucose,-1.2967206239700317,-2.3578174114227295,SimCLR IY017-inst b512 D16 154043,PCA
Nrg1 @ 0.1% glucose,1,train,Nrg1,0.1% glucose,4.045092582702637,1.919080138206482,SimCLR IY017-inst b512 D16 154043,PCA
Rtg1 @ 0.1% glucose,4,train,Rtg1,0.1% glucose,-1.3765573501586914,-1.6825836896896362,SimCLR IY017-inst b512 D16 154043,PCA
Nrg1 @ 2% glucose (mock/steady),2,train,Nrg1,2% glucose (mock/steady),1.9519463777542114,-0.3242228031158447,SimCLR IY017-inst b512 D16 154043,PCA
Rtg1 @ 2% glucose (mock/steady),5,train,Rtg1,2% glucose (mock/steady),-2.770986795425415,0.7534109950065613,SimCLR IY017-inst b512 D16 154043,PCA
Nrg1 @ 0.1% glucose,1,train,Nrg1,0.1% glucose,2.569044351577759,-0.09481388330459595,SimCLR IY017-inst b512 D16 154043,PCA
Nrg1 @ 0.1% glucose,1,train,Nrg1,0.1% glucose,3.2020184993743896,0.7444543838500977,SimCLR IY017-inst b512 D16 154043,PCA
Nrg1 @ 2% glucose (mock/steady),2,train,Nrg1,2% glucose (mock/steady),1.154550552368164,-0.7199523448944092,SimCLR IY017-inst b512 D16 154043,PCA
Nrg1 @ 0.1% glucose,1,train,Nrg1,0.1% glucose,4.32001256942749,1.8998796939849854,SimCLR IY017-inst b512 D16 154043,PCA
Rtg1 @ 0.1% glucose,4,train,Rtg1,0.1% glucose,-1.121130108833313,-2.7572925090789795,SimCLR IY017-inst b512 D16 154043,PCA
Nrg1 @ 0.1% glucose,1,train,Nrg1,0.1% glucose,4.527760028839111,2.0359840393066406,SimCLR IY017-inst b512 D16 154043,PCA
Rtg1 @ 2% glucose (mock/steady),5,train,Rtg1,2% glucose (mock/steady),-0.8929486274719238,-1.1535289287567139,SimCLR IY017-inst b512 D16 154043,PCA
Rtg1 @ 2% glucose (mock/steady),5,train,Rtg1,2% glucose (mock/steady),-4.811604022979736,1.874319314956665,SimCLR IY017-inst b512 D16 154043,PCA
Rtg1 @ 0.01% glucose,3,train,Rtg1,0.01% glucose,-4.1691813468933105,1.5826886892318726,SimCLR IY017-inst b512 D16 154043,PCA
Nrg1 @ 0.1% glucose,1,train,Nrg1,0.1% glucose,2.3192620277404785,0.008505288511514664,SimCLR IY017-inst b512 D16 154043,PCA
Rtg1 @ 2% glucose (mock/steady),5,train,Rtg1,2% glucose (mock/steady),-0.7938293814659119,0.03960128128528595,SimCLR IY017-inst b512 D16 154043,PCA
Rtg1 @ 2% glucose (mock/steady),5,train,Rtg1,2% glucose (mock/steady),-1.4114385843276978,-1.6151609420776367,SimCLR IY017-inst b512 D16 154043,PCA
Nrg1 @ 0.1% glucose,1,train,Nrg1,0.1% glucose,3.4856998920440674,0.6781988739967346,SimCLR IY017-inst b512 D16 154043,PCA
Rtg1 @ 2% glucose (mock/steady),5,train,Rtg1,2% glucose (mock/steady),-2.6691298484802246,0.14163033664226532,SimCLR IY017-inst b512 D16 154043,PCA
Rtg1 @ 0.01% glucose,3,train,Rtg1,0.01% glucose,-4.563351631164551,1.7936445474624634,SimCLR IY017-inst b512 D16 154043,PCA
Rtg1 @ 0.1% glucose,4,train,Rtg1,0.1% glucose,-0.8428353071212769,-1.408939003944397,SimCLR IY017-inst b512 D16 154043,PCA
Nrg1 @ 0.01% glucose,0,train,Nrg1,0.01% glucose,0.7004247903823853,-1.154357671737671,SimCLR IY017-inst b512 D16 154043,PCA
Rtg1 @ 2% glucose (mock/steady),5,train,Rtg1,2% glucose (mock/steady),-1.5875749588012695,-2.2390575408935547,SimCLR IY017-inst b512 D16 154043,PCA
Nrg1 @ 2% glucose (mock/steady),2,train,Nrg1,2% glucose (mock/steady),3.2070136070251465,0.5344465970993042,SimCLR IY017-inst b512 D16 154043,PCA
Nrg1 @ 2% glucose (mock/steady),2,train,Nrg1,2% glucose (mock/steady),0.20216242969036102,-1.5508990287780762,SimCLR IY017-inst b512 D16 154043,PCA
Rtg1 @ 0.1% glucose,4,train,Rtg1,0.1% glucose,-1.096855640411377,-0.7555639147758484,SimCLR IY017-inst b512 D16 154043,PCA
Nrg1 @ 2% glucose (mock/steady),2,train,Nrg1,2% glucose (mock/steady),2.1378939151763916,-0.23362994194030762,SimCLR IY017-inst b512 D16 154043,PCA
Nrg1 @ 0.01% glucose,0,train,Nrg1,0.01% glucose,0.5899654626846313,-1.3836079835891724,SimCLR IY017-inst b512 D16 154043,PCA
Nrg1 @ 2% glucose (mock/steady),2,train,Nrg1,2% glucose (mock/steady),0.6608158946037292,-1.7989298105239868,SimCLR IY017-inst b512 D16 154043,PCA
Nrg1 @ 2% glucose (mock/steady),2,train,Nrg1,2% glucose (mock/steady),2.4488353729248047,0.587376594543457,SimCLR IY017-inst b512 D16 154043,PCA
Nrg1 @ 2% glucose (mock/steady),2,train,Nrg1,2% glucose (mock/steady),3.1973633766174316,1.01275634765625,SimCLR IY017-inst b512 D16 154043,PCA
Nrg1 @ 0.1% glucose,1,train,Nrg1,0.1% glucose,2.6844301223754883,0.8035640120506287,SimCLR IY017-inst b512 D16 154043,PCA
Rtg1 @ 0.01% glucose,3,train,Rtg1,0.01% glucose,-3.230647087097168,0.19002597033977509,SimCLR IY017-inst b512 D16 154043,PCA
Rtg1 @ 0.1% glucose,4,train,Rtg1,0.1% glucose,-3.1037347316741943,1.5672599077224731,SimCLR IY017-inst b512 D16 154043,PCA
Nrg1 @ 0.01% glucose,0,train,Nrg1,0.01% glucose,3.4870877265930176,0.9555023908615112,SimCLR IY017-inst b512 D16 154043,PCA
Nrg1 @ 0.1% glucose,1,train,Nrg1,0.1% glucose,3.68361759185791,0.9125427007675171,SimCLR IY017-inst b512 D16 154043,PCA
Nrg1 @ 0.1% glucose,1,train,Nrg1,0.1% glucose,2.853358745574951,0.6891714334487915,SimCLR IY017-inst b512 D16 154043,PCA
Nrg1 @ 0.1% glucose,1,train,Nrg1,0.1% glucose,4.839709758758545,2.031597137451172,SimCLR IY017-inst b512 D16 154043,PCA
Nrg1 @ 0.01% glucose,0,train,Nrg1,0.01% glucose,0.736396074295044,-0.8938475847244263,SimCLR IY017-inst b512 D16 154043,PCA
Nrg1 @ 2% glucose (mock/steady),2,train,Nrg1,2% glucose (mock/steady),3.8294668197631836,1.3935977220535278,SimCLR IY017-inst b512 D16 154043,PCA
Rtg1 @ 0.01% glucose,3,train,Rtg1,0.01% glucose,-4.999600887298584,1.7534427642822266,SimCLR IY017-inst b512 D16 154043,PCA
Nrg1 @ 2% glucose (mock/steady),2,train,Nrg1,2% glucose (mock/steady),2.6541967391967773,-0.01472894474864006,SimCLR IY017-inst b512 D16 154043,PCA
Rtg1 @ 2% glucose (mock/steady),5,train,Rtg1,2% glucose (mock/steady),-1.8487696647644043,-0.19445431232452393,SimCLR IY017-inst b512 D16 154043,PCA
Rtg1 @ 0.1% glucose,4,train,Rtg1,0.1% glucose,-1.518399953842163,-0.34055468440055847,SimCLR IY017-inst b512 D16 154043,PCA
Nrg1 @ 2% glucose (mock/steady),2,train,Nrg1,2% glucose (mock/steady),3.4239797592163086,1.1710237264633179,SimCLR IY017-inst b512 D16 154043,PCA
Rtg1 @ 2% glucose (mock/steady),5,train,Rtg1,2% glucose (mock/steady),-0.49215418100357056,0.9217390418052673,SimCLR IY017-inst b512 D16 154043,PCA
Rtg1 @ 2% glucose (mock/steady),5,train,Rtg1,2% glucose (mock/steady),-1.3830674886703491,-2.5508158206939697,SimCLR IY017-inst b512 D16 154043,PCA
Rtg1 @ 0.01% glucose,3,train,Rtg1,0.01% glucose,-4.658023357391357,1.7348843812942505,SimCLR IY017-inst b512 D16 154043,PCA
Nrg1 @ 0.01% glucose,0,train,Nrg1,0.01% glucose,1.0164754390716553,-0.23531804978847504,SimCLR IY017-inst b512 D16 154043,PCA
Rtg1 @ 0.01% glucose,3,train,Rtg1,0.01% glucose,-1.9303995370864868,-0.018067924305796623,SimCLR IY017-inst b512 D16 154043,PCA
Nrg1 @ 2% glucose (mock/steady),2,train,Nrg1,2% glucose (mock/steady),4.704730033874512,1.643231987953186,SimCLR IY017-inst b512 D16 154043,PCA
Nrg1 @ 0.1% glucose,1,train,Nrg1,0.1% glucose,5.487362861633301,1.953392505645752,SimCLR IY017-inst b512 D16 154043,PCA
Rtg1 @ 0.01% glucose,3,train,Rtg1,0.01% glucose,-5.26003885269165,3.0140633583068848,SimCLR IY017-inst b512 D16 154043,PCA
Rtg1 @ 0.01% glucose,3,train,Rtg1,0.01% glucose,-4.051601409912109,1.6842286586761475,SimCLR IY017-inst b512 D16 154043,PCA
Nrg1 @ 0.1% glucose,1,train,Nrg1,0.1% glucose,2.6532223224639893,0.4606304168701172,SimCLR IY017-inst b512 D16 154043,PCA
Nrg1 @ 0.01% glucose,0,train,Nrg1,0.01% glucose,0.19818775355815887,-1.7329210042953491,SimCLR IY017-inst b512 D16 154043,PCA
Nrg1 @ 0.01% glucose,0,train,Nrg1,0.01% glucose,0.950229823589325,-0.9075967073440552,SimCLR IY017-inst b512 D16 154043,PCA
Nrg1 @ 2% glucose (mock/steady),2,train,Nrg1,2% glucose (mock/steady),3.2965290546417236,1.0253804922103882,SimCLR IY017-inst b512 D16 154043,PCA
Rtg1 @ 2% glucose (mock/steady),5,train,Rtg1,2% glucose (mock/steady),-0.31720414757728577,-0.735359787940979,SimCLR IY017-inst b512 D16 154043,PCA
Rtg1 @ 2% glucose (mock/steady),5,train,Rtg1,2% glucose (mock/steady),-1.2399728298187256,-2.6634020805358887,SimCLR IY017-inst b512 D16 154043,PCA
Nrg1 @ 2% glucose (mock/steady),2,train,Nrg1,2% glucose (mock/steady),3.614671230316162,1.1017155647277832,SimCLR IY017-inst b512 D16 154043,PCA
Rtg1 @ 0.1% glucose,4,train,Rtg1,0.1% glucose,-0.49449729919433594,-0.7470248937606812,SimCLR IY017-inst b512 D16 154043,PCA
Nrg1 @ 0.01% glucose,0,train,Nrg1,0.01% glucose,-0.6983001828193665,-2.437361240386963,SimCLR IY017-inst b512 D16 154043,PCA
Nrg1 @ 0.1% glucose,1,train,Nrg1,0.1% glucose,3.0366313457489014,0.007839426398277283,SimCLR IY017-inst b512 D16 154043,PCA
Nrg1 @ 0.1% glucose,1,train,Nrg1,0.1% glucose,4.037039279937744,1.2322708368301392,SimCLR IY017-inst b512 D16 154043,PCA
Nrg1 @ 0.1% glucose,1,train,Nrg1,0.1% glucose,4.526393413543701,1.3167277574539185,SimCLR IY017-inst b512 D16 154043,PCA
Nrg1 @ 0.1% glucose,1,train,Nrg1,0.1% glucose,3.2873294353485107,0.8505674600601196,SimCLR IY017-inst b512 D16 154043,PCA
Nrg1 @ 0.01% glucose,0,train,Nrg1,0.01% glucose,0.08036895096302032,-1.6902426481246948,SimCLR IY017-inst b512 D16 154043,PCA
Rtg1 @ 0.01% glucose,3,train,Rtg1,0.01% glucose,-1.5777020454406738,-0.45458999276161194,SimCLR IY017-inst b512 D16 154043,PCA
Rtg1 @ 0.01% glucose,3,train,Rtg1,0.01% glucose,-3.5332603454589844,0.33277514576911926,SimCLR IY017-inst b512 D16 154043,PCA
Rtg1 @ 0.01% glucose,3,train,Rtg1,0.01% glucose,-3.7799875736236572,1.6330102682113647,SimCLR IY017-inst b512 D16 154043,PCA
Rtg1 @ 0.1% glucose,4,train,Rtg1,0.1% glucose,-0.7712869048118591,-1.9716655015945435,SimCLR IY017-inst b512 D16 154043,PCA
Rtg1 @ 0.1% glucose,4,train,Rtg1,0.1% glucose,-1.3836336135864258,-1.2850031852722168,SimCLR IY017-inst b512 D16 154043,PCA
Rtg1 @ 2% glucose (mock/steady),5,train,Rtg1,2% glucose (mock/steady),-2.3641090393066406,-0.27517738938331604,SimCLR IY017-inst b512 D16 154043,PCA
Rtg1 @ 0.1% glucose,4,train,Rtg1,0.1% glucose,-1.765954852104187,0.37727126479148865,SimCLR IY017-inst b512 D16 154043,PCA
Nrg1 @ 2% glucose (mock/steady),2,train,Nrg1,2% glucose (mock/steady),2.014434337615967,-0.25910332798957825,SimCLR IY017-inst b512 D16 154043,PCA
Rtg1 @ 0.1% glucose,4,train,Rtg1,0.1% glucose,-0.041558053344488144,-0.6234745979309082,SimCLR IY017-inst b512 D16 154043,PCA
Rtg1 @ 2% glucose (mock/steady),5,train,Rtg1,2% glucose (mock/steady),-2.8677375316619873,0.23664504289627075,SimCLR IY017-inst b512 D16 154043,PCA
Rtg1 @ 0.1% glucose,4,train,Rtg1,0.1% glucose,-2.590008020401001,-0.34485626220703125,SimCLR IY017-inst b512 D16 154043,PCA
Nrg1 @ 0.1% glucose,1,train,Nrg1,0.1% glucose,4.243253707885742,1.157649040222168,SimCLR IY017-inst b512 D16 154043,PCA
Nrg1 @ 2% glucose (mock/steady),2,train,Nrg1,2% glucose (mock/steady),4.354080677032471,1.6621891260147095,SimCLR IY017-inst b512 D16 154043,PCA
Nrg1 @ 0.01% glucose,0,train,Nrg1,0.01% glucose,0.1665589064359665,-1.5619226694107056,SimCLR IY017-inst b512 D16 154043,PCA
Nrg1 @ 0.01% glucose,0,train,Nrg1,0.01% glucose,0.28957703709602356,-1.7122219800949097,SimCLR IY017-inst b512 D16 154043,PCA
Nrg1 @ 0.01% glucose,0,train,Nrg1,0.01% glucose,0.276890367269516,-1.4873164892196655,SimCLR IY017-inst b512 D16 154043,PCA
Nrg1 @ 2% glucose (mock/steady),2,train,Nrg1,2% glucose (mock/steady),4.036101341247559,1.0954720973968506,SimCLR IY017-inst b512 D16 154043,PCA
Rtg1 @ 0.1% glucose,4,train,Rtg1,0.1% glucose,-1.0089865922927856,-0.34407761693000793,SimCLR IY017-inst b512 D16 154043,PCA
Rtg1 @ 0.01% glucose,3,train,Rtg1,0.01% glucose,-8.199045181274414,6.810486793518066,SimCLR IY017-inst b512 D16 154043,PCA
Nrg1 @ 0.1% glucose,1,train,Nrg1,0.1% glucose,5.290890216827393,2.3791301250457764,SimCLR IY017-inst b512 D16 154043,PCA
Rtg1 @ 2% glucose (mock/steady),5,train,Rtg1,2% glucose (mock/steady),-1.4904906749725342,-1.5919440984725952,SimCLR IY017-inst b512 D16 154043,PCA
Nrg1 @ 0.1% glucose,1,train,Nrg1,0.1% glucose,1.6784173250198364,-0.6946904063224792,SimCLR IY017-inst b512 D16 154043,PCA
Nrg1 @ 0.1% glucose,1,train,Nrg1,0.1% glucose,5.697321891784668,3.2647595405578613,SimCLR IY017-inst b512 D16 154043,PCA
Rtg1 @ 2% glucose (mock/steady),5,train,Rtg1,2% glucose (mock/steady),-2.6776325702667236,-1.653334140777588,SimCLR IY017-inst b512 D16 154043,PCA
Nrg1 @ 0.01% glucose,0,train,Nrg1,0.01% glucose,-0.1499384641647339,-1.6132289171218872,SimCLR IY017-inst b512 D16 154043,PCA
Rtg1 @ 0.01% glucose,3,train,Rtg1,0.01% glucose,-3.102809190750122,0.6648584604263306,SimCLR IY017-inst b512 D16 154043,PCA
Nrg1 @ 0.1% glucose,1,train,Nrg1,0.1% glucose,4.8089518547058105,2.438950777053833,SimCLR IY017-inst b512 D16 154043,PCA
Nrg1 @ 0.01% glucose,0,train,Nrg1,0.01% glucose,1.6835904121398926,-0.21124809980392456,SimCLR IY017-inst b512 D16 154043,PCA
Nrg1 @ 0.01% glucose,0,train,Nrg1,0.01% glucose,-0.09012385457754135,-1.7568020820617676,SimCLR IY017-inst b512 D16 154043,PCA
Nrg1 @ 0.1% glucose,1,train,Nrg1,0.1% glucose,3.515336513519287,1.3655422925949097,SimCLR IY017-inst b512 D16 154043,PCA
Nrg1 @ 0.01% glucose,0,train,Nrg1,0.01% glucose,0.1875101923942566,-1.8860992193222046,SimCLR IY017-inst b512 D16 154043,PCA
Rtg1 @ 2% glucose (mock/steady),5,train,Rtg1,2% glucose (mock/steady),-1.1287177801132202,-0.6075003743171692,SimCLR IY017-inst b512 D16 154043,PCA
Nrg1 @ 0.1% glucose,1,train,Nrg1,0.1% glucose,3.9957454204559326,1.6615012884140015,SimCLR IY017-inst b512 D16 154043,PCA
Rtg1 @ 2% glucose (mock/steady),5,train,Rtg1,2% glucose (mock/steady),-1.1822330951690674,-0.2940318286418915,SimCLR IY017-inst b512 D16 154043,PCA
Nrg1 @ 0.01% glucose,0,train,Nrg1,0.01% glucose,1.2333250045776367,0.11625321954488754,SimCLR IY017-inst b512 D16 154043,PCA
Rtg1 @ 0.01% glucose,3,train,Rtg1,0.01% glucose,-6.7401957511901855,5.450290203094482,SimCLR IY017-inst b512 D16 154043,PCA
Rtg1 @ 0.1% glucose,4,train,Rtg1,0.1% glucose,-1.5114556550979614,-2.398982286453247,SimCLR IY017-inst b512 D16 154043,PCA
Rtg1 @ 2% glucose (mock/steady),5,train,Rtg1,2% glucose (mock/steady),-3.2898569107055664,1.3827539682388306,SimCLR IY017-inst b512 D16 154043,PCA
Nrg1 @ 0.1% glucose,1,train,Nrg1,0.1% glucose,3.336371660232544,0.6489265561103821,SimCLR IY017-inst b512 D16 154043,PCA
Rtg1 @ 0.1% glucose,4,train,Rtg1,0.1% glucose,-0.15074817836284637,-0.340049147605896,SimCLR IY017-inst b512 D16 154043,PCA
Rtg1 @ 2% glucose (mock/steady),5,train,Rtg1,2% glucose (mock/steady),-0.4136151373386383,-0.0933091789484024,SimCLR IY017-inst b512 D16 154043,PCA
Nrg1 @ 0.01% glucose,0,train,Nrg1,0.01% glucose,-0.0062143318355083466,-2.1071155071258545,SimCLR IY017-inst b512 D16 154043,PCA
Rtg1 @ 0.01% glucose,3,train,Rtg1,0.01% glucose,-4.318782806396484,2.914350748062134,SimCLR IY017-inst b512 D16 154043,PCA
Rtg1 @ 2% glucose (mock/steady),5,train,Rtg1,2% glucose (mock/steady),-1.4915052652359009,-2.10300612449646,SimCLR IY017-inst b512 D16 154043,PCA
Nrg1 @ 2% glucose (mock/steady),2,train,Nrg1,2% glucose (mock/steady),1.6707664728164673,0.011348031461238861,SimCLR IY017-inst b512 D16 154043,PCA
Rtg1 @ 2% glucose (mock/steady),5,train,Rtg1,2% glucose (mock/steady),-1.6575900316238403,1.4835002422332764,SimCLR IY017-inst b512 D16 154043,PCA
Nrg1 @ 0.1% glucose,1,train,Nrg1,0.1% glucose,4.128274440765381,1.100735068321228,SimCLR IY017-inst b512 D16 154043,PCA
Rtg1 @ 2% glucose (mock/steady),5,train,Rtg1,2% glucose (mock/steady),-1.4887422323226929,-0.5660267472267151,SimCLR IY017-inst b512 D16 154043,PCA
Rtg1 @ 2% glucose (mock/steady),5,train,Rtg1,2% glucose (mock/steady),-1.3554372787475586,-1.186684489250183,SimCLR IY017-inst b512 D16 154043,PCA
Nrg1 @ 0.01% glucose,0,train,Nrg1,0.01% glucose,1.3631678819656372,0.24481414258480072,SimCLR IY017-inst b512 D16 154043,PCA
Rtg1 @ 0.1% glucose,4,train,Rtg1,0.1% glucose,-0.2155093550682068,-0.842485785484314,SimCLR IY017-inst b512 D16 154043,PCA
Rtg1 @ 0.1% glucose,4,train,Rtg1,0.1% glucose,-1.3785558938980103,0.15970328450202942,SimCLR IY017-inst b512 D16 154043,PCA
Nrg1 @ 0.01% glucose,0,train,Nrg1,0.01% glucose,1.705009937286377,0.519733726978302,SimCLR IY017-inst b512 D16 154043,PCA
Rtg1 @ 2% glucose (mock/steady),5,train,Rtg1,2% glucose (mock/steady),-1.6486133337020874,-1.0859644412994385,SimCLR IY017-inst b512 D16 154043,PCA
Nrg1 @ 0.01% glucose,0,train,Nrg1,0.01% glucose,1.563552975654602,-0.182128444314003,SimCLR IY017-inst b512 D16 154043,PCA
Nrg1 @ 0.01% glucose,0,train,Nrg1,0.01% glucose,0.2687259316444397,-1.0861047506332397,SimCLR IY017-inst b512 D16 154043,PCA
Rtg1 @ 0.01% glucose,3,train,Rtg1,0.01% glucose,-4.081599235534668,0.6814959645271301,SimCLR IY017-inst b512 D16 154043,PCA
Rtg1 @ 0.01% glucose,3,train,Rtg1,0.01% glucose,-5.158785343170166,3.4333250522613525,SimCLR IY017-inst b512 D16 154043,PCA
Rtg1 @ 0.01% glucose,3,train,Rtg1,0.01% glucose,-2.8519880771636963,-2.4428815841674805,SimCLR IY017-inst b512 D16 154043,PCA
Rtg1 @ 2% glucose (mock/steady),5,train,Rtg1,2% glucose (mock/steady),-2.496624231338501,0.30423223972320557,SimCLR IY017-inst b512 D16 154043,PCA
Nrg1 @ 0.01% glucose,0,train,Nrg1,0.01% glucose,0.42593148350715637,-1.0625004768371582,SimCLR IY017-inst b512 D16 154043,PCA
Rtg1 @ 0.01% glucose,3,train,Rtg1,0.01% glucose,-4.908398628234863,2.1411542892456055,SimCLR IY017-inst b512 D16 154043,PCA
Rtg1 @ 0.1% glucose,4,train,Rtg1,0.1% glucose,-1.396651268005371,-2.9520137310028076,SimCLR IY017-inst b512 D16 154043,PCA
Nrg1 @ 0.1% glucose,1,train,Nrg1,0.1% glucose,3.438915729522705,1.5095791816711426,SimCLR IY017-inst b512 D16 154043,PCA
Rtg1 @ 2% glucose (mock/steady),5,train,Rtg1,2% glucose (mock/steady),-4.132565975189209,0.22427000105381012,SimCLR IY017-inst b512 D16 154043,PCA
Rtg1 @ 0.1% glucose,4,train,Rtg1,0.1% glucose,-0.92121821641922,-0.37597164511680603,SimCLR IY017-inst b512 D16 154043,PCA
Rtg1 @ 2% glucose (mock/steady),5,train,Rtg1,2% glucose (mock/steady),-0.772152304649353,0.7497321963310242,SimCLR IY017-inst b512 D16 154043,PCA
Rtg1 @ 0.1% glucose,4,train,Rtg1,0.1% glucose,-2.2063095569610596,-0.9614162445068359,SimCLR IY017-inst b512 D16 154043,PCA
Nrg1 @ 0.01% glucose,0,train,Nrg1,0.01% glucose,0.6494610905647278,-1.2473646402359009,SimCLR IY017-inst b512 D16 154043,PCA
Nrg1 @ 2% glucose (mock/steady),2,train,Nrg1,2% glucose (mock/steady),2.2450928688049316,-0.01722303405404091,SimCLR IY017-inst b512 D16 154043,PCA
Nrg1 @ 0.01% glucose,0,train,Nrg1,0.01% glucose,0.17820081114768982,-2.052778959274292,SimCLR IY017-inst b512 D16 154043,PCA
Rtg1 @ 0.1% glucose,4,train,Rtg1,0.1% glucose,-1.4058293104171753,-0.5359305143356323,SimCLR IY017-inst b512 D16 154043,PCA
Rtg1 @ 0.01% glucose,3,train,Rtg1,0.01% glucose,-4.07053279876709,1.894608497619629,SimCLR IY017-inst b512 D16 154043,PCA
Rtg1 @ 0.01% glucose,3,train,Rtg1,0.01% glucose,-5.601550102233887,5.178225517272949,SimCLR IY017-inst b512 D16 154043,PCA
Nrg1 @ 2% glucose (mock/steady),2,train,Nrg1,2% glucose (mock/steady),1.710451602935791,-0.1247938796877861,SimCLR IY017-inst b512 D16 154043,PCA
Nrg1 @ 0.01% glucose,0,train,Nrg1,0.01% glucose,-0.5484446287155151,-2.3992035388946533,SimCLR IY017-inst b512 D16 154043,PCA
Nrg1 @ 0.01% glucose,0,train,Nrg1,0.01% glucose,-0.08934643864631653,-1.7661807537078857,SimCLR IY017-inst b512 D16 154043,PCA
Rtg1 @ 2% glucose (mock/steady),5,train,Rtg1,2% glucose (mock/steady),-3.030897617340088,-0.03725545108318329,SimCLR IY017-inst b512 D16 154043,PCA
Rtg1 @ 0.1% glucose,4,train,Rtg1,0.1% glucose,-1.6409363746643066,-0.9612210392951965,SimCLR IY017-inst b512 D16 154043,PCA
Nrg1 @ 0.01% glucose,0,train,Nrg1,0.01% glucose,0.2881147861480713,-1.6396228075027466,SimCLR IY017-inst b512 D16 154043,PCA
Rtg1 @ 2% glucose (mock/steady),5,train,Rtg1,2% glucose (mock/steady),-2.078256607055664,-0.5227394700050354,SimCLR IY017-inst b512 D16 154043,PCA
Rtg1 @ 0.1% glucose,4,train,Rtg1,0.1% glucose,-0.870989978313446,-2.329207181930542,SimCLR IY017-inst b512 D16 154043,PCA
Nrg1 @ 0.1% glucose,1,train,Nrg1,0.1% glucose,4.974996566772461,2.8749661445617676,SimCLR IY017-inst b512 D16 154043,PCA
Nrg1 @ 0.1% glucose,1,train,Nrg1,0.1% glucose,4.226348876953125,0.9294775724411011,SimCLR IY017-inst b512 D16 154043,PCA
Nrg1 @ 2% glucose (mock/steady),2,train,Nrg1,2% glucose (mock/steady),2.226888418197632,-0.0677543431520462,SimCLR IY017-inst b512 D16 154043,PCA
Nrg1 @ 0.01% glucose,0,train,Nrg1,0.01% glucose,0.24111346900463104,-2.1965432167053223,SimCLR IY017-inst b512 D16 154043,PCA
Rtg1 @ 0.01% glucose,3,train,Rtg1,0.01% glucose,-3.014730930328369,-1.837680697441101,SimCLR IY017-inst b512 D16 154043,PCA
Rtg1 @ 0.1% glucose,4,train,Rtg1,0.1% glucose,-0.6002297401428223,-1.317694067955017,SimCLR IY017-inst b512 D16 154043,PCA
Rtg1 @ 2% glucose (mock/steady),5,train,Rtg1,2% glucose (mock/steady),-1.0825152397155762,-2.7562966346740723,SimCLR IY017-inst b512 D16 154043,PCA
Rtg1 @ 0.01% glucose,3,train,Rtg1,0.01% glucose,-3.358370780944824,1.9691170454025269,SimCLR IY017-inst b512 D16 154043,PCA
Rtg1 @ 2% glucose (mock/steady),5,train,Rtg1,2% glucose (mock/steady),-0.5322073698043823,-0.9235561490058899,SimCLR IY017-inst b512 D16 154043,PCA
Rtg1 @ 2% glucose (mock/steady),5,train,Rtg1,2% glucose (mock/steady),-0.663815438747406,-1.4549709558486938,SimCLR IY017-inst b512 D16 154043,PCA
Nrg1 @ 2% glucose (mock/steady),2,train,Nrg1,2% glucose (mock/steady),2.4149253368377686,0.4769443869590759,SimCLR IY017-inst b512 D16 154043,PCA
Nrg1 @ 0.1% glucose,1,train,Nrg1,0.1% glucose,4.638299942016602,1.5319236516952515,SimCLR IY017-inst b512 D16 154043,PCA
Rtg1 @ 0.1% glucose,4,train,Rtg1,0.1% glucose,-1.4155340194702148,-2.2966256141662598,SimCLR IY017-inst b512 D16 154043,PCA
Nrg1 @ 2% glucose (mock/steady),2,train,Nrg1,2% glucose (mock/steady),3.7832977771759033,1.3231180906295776,SimCLR IY017-inst b512 D16 154043,PCA
Nrg1 @ 0.01% glucose,0,train,Nrg1,0.01% glucose,0.24800877273082733,-1.31850266456604,SimCLR IY017-inst b512 D16 154043,PCA
Nrg1 @ 2% glucose (mock/steady),2,train,Nrg1,2% glucose (mock/steady),2.0211143493652344,0.3853040635585785,SimCLR IY017-inst b512 D16 154043,PCA
Nrg1 @ 0.1% glucose,1,train,Nrg1,0.1% glucose,3.596264600753784,1.3485074043273926,SimCLR IY017-inst b512 D16 154043,PCA
Rtg1 @ 0.01% glucose,3,train,Rtg1,0.01% glucose,-5.811499118804932,3.084500789642334,SimCLR IY017-inst b512 D16 154043,PCA
Rtg1 @ 0.1% glucose,4,train,Rtg1,0.1% glucose,-2.436420440673828,0.08531904220581055,SimCLR IY017-inst b512 D16 154043,PCA
Nrg1 @ 0.1% glucose,1,train,Nrg1,0.1% glucose,3.6995184421539307,1.7754286527633667,SimCLR IY017-inst b512 D16 154043,PCA
Nrg1 @ 2% glucose (mock/steady),2,train,Nrg1,2% glucose (mock/steady),1.5986263751983643,-0.006587039679288864,SimCLR IY017-inst b512 D16 154043,PCA
Nrg1 @ 0.01% glucose,0,train,Nrg1,0.01% glucose,0.4249926209449768,-1.7060637474060059,SimCLR IY017-inst b512 D16 154043,PCA
Rtg1 @ 0.1% glucose,4,train,Rtg1,0.1% glucose,-0.7723308801651001,-1.5246492624282837,SimCLR IY017-inst b512 D16 154043,PCA
Rtg1 @ 2% glucose (mock/steady),5,train,Rtg1,2% glucose (mock/steady),-1.0682493448257446,-2.2635586261749268,SimCLR IY017-inst b512 D16 154043,PCA
Nrg1 @ 2% glucose (mock/steady),2,train,Nrg1,2% glucose (mock/steady),3.7169246673583984,1.0486983060836792,SimCLR IY017-inst b512 D16 154043,PCA
Nrg1 @ 0.01% glucose,0,train,Nrg1,0.01% glucose,0.7138875126838684,-0.6849604845046997,SimCLR IY017-inst b512 D16 154043,PCA
Rtg1 @ 0.01% glucose,3,train,Rtg1,0.01% glucose,-3.4807956218719482,-1.106419563293457,SimCLR IY017-inst b512 D16 154043,PCA
Nrg1 @ 2% glucose (mock/steady),2,train,Nrg1,2% glucose (mock/steady),3.2788379192352295,0.4908573031425476,SimCLR IY017-inst b512 D16 154043,PCA
Nrg1 @ 0.01% glucose,0,train,Nrg1,0.01% glucose,0.23944272100925446,-1.6094967126846313,SimCLR IY017-inst b512 D16 154043,PCA
Rtg1 @ 0.01% glucose,3,train,Rtg1,0.01% glucose,-3.7245192527770996,0.7291807532310486,SimCLR IY017-inst b512 D16 154043,PCA
Rtg1 @ 0.01% glucose,3,train,Rtg1,0.01% glucose,-3.1277055740356445,-0.9561672806739807,SimCLR IY017-inst b512 D16 154043,PCA
Nrg1 @ 2% glucose (mock/steady),2,train,Nrg1,2% glucose (mock/steady),2.3541903495788574,0.17997677624225616,SimCLR IY017-inst b512 D16 154043,PCA
Rtg1 @ 0.01% glucose,3,train,Rtg1,0.01% glucose,-4.0386810302734375,0.7409628629684448,SimCLR IY017-inst b512 D16 154043,PCA
Nrg1 @ 0.1% glucose,1,train,Nrg1,0.1% glucose,1.4942426681518555,-0.4047020673751831,SimCLR IY017-inst b512 D16 154043,PCA
Rtg1 @ 0.1% glucose,4,train,Rtg1,0.1% glucose,-1.0172903537750244,-1.6947627067565918,SimCLR IY017-inst b512 D16 154043,PCA
Rtg1 @ 0.01% glucose,3,train,Rtg1,0.01% glucose,-2.3952884674072266,-2.2666473388671875,SimCLR IY017-inst b512 D16 154043,PCA
Rtg1 @ 2% glucose (mock/steady),5,train,Rtg1,2% glucose (mock/steady),-1.9868279695510864,-2.52778959274292,SimCLR IY017-inst b512 D16 154043,PCA
Rtg1 @ 0.01% glucose,3,train,Rtg1,0.01% glucose,-8.492307662963867,6.254891395568848,SimCLR IY017-inst b512 D16 154043,PCA
Nrg1 @ 0.1% glucose,1,train,Nrg1,0.1% glucose,3.9901211261749268,0.5686866641044617,SimCLR IY017-inst b512 D16 154043,PCA
Nrg1 @ 2% glucose (mock/steady),2,train,Nrg1,2% glucose (mock/steady),3.090074062347412,0.3663296699523926,SimCLR IY017-inst b512 D16 154043,PCA
Nrg1 @ 2% glucose (mock/steady),2,train,Nrg1,2% glucose (mock/steady),2.1022634506225586,0.9392673373222351,SimCLR IY017-inst b512 D16 154043,PCA
Nrg1 @ 0.1% glucose,1,train,Nrg1,0.1% glucose,4.714901924133301,2.210688591003418,SimCLR IY017-inst b512 D16 154043,PCA
Rtg1 @ 0.01% glucose,3,train,Rtg1,0.01% glucose,-3.4198830127716064,0.37166762351989746,SimCLR IY017-inst b512 D16 154043,PCA
Rtg1 @ 2% glucose (mock/steady),5,train,Rtg1,2% glucose (mock/steady),-0.3059678077697754,-0.1088808998465538,SimCLR IY017-inst b512 D16 154043,PCA
Nrg1 @ 2% glucose (mock/steady),2,train,Nrg1,2% glucose (mock/steady),2.1044118404388428,-0.36225923895835876,SimCLR IY017-inst b512 D16 154043,PCA
Nrg1 @ 0.1% glucose,1,train,Nrg1,0.1% glucose,3.6375763416290283,1.1012334823608398,SimCLR IY017-inst b512 D16 154043,PCA
Rtg1 @ 0.1% glucose,4,train,Rtg1,0.1% glucose,-1.489649772644043,-2.640068769454956,SimCLR IY017-inst b512 D16 154043,PCA
Nrg1 @ 2% glucose (mock/steady),2,train,Nrg1,2% glucose (mock/steady),1.580444097518921,-0.07342135906219482,SimCLR IY017-inst b512 D16 154043,PCA
Nrg1 @ 0.01% glucose,0,train,Nrg1,0.01% glucose,1.5448013544082642,-0.504376232624054,SimCLR IY017-inst b512 D16 154043,PCA
Rtg1 @ 0.1% glucose,4,train,Rtg1,0.1% glucose,-0.5554698705673218,-1.3395771980285645,SimCLR IY017-inst b512 D16 154043,PCA
Nrg1 @ 0.1% glucose,1,train,Nrg1,0.1% glucose,2.2770895957946777,0.09846454113721848,SimCLR IY017-inst b512 D16 154043,PCA
Rtg1 @ 0.01% glucose,3,train,Rtg1,0.01% glucose,-3.6424922943115234,2.644085645675659,SimCLR IY017-inst b512 D16 154043,PCA
Nrg1 @ 0.1% glucose,1,train,Nrg1,0.1% glucose,4.394811153411865,1.8418992757797241,SimCLR IY017-inst b512 D16 154043,PCA
Rtg1 @ 2% glucose (mock/steady),5,train,Rtg1,2% glucose (mock/steady),-0.6629152894020081,-0.07213000953197479,SimCLR IY017-inst b512 D16 154043,PCA
Rtg1 @ 0.1% glucose,4,train,Rtg1,0.1% glucose,-1.1232115030288696,-1.5316487550735474,SimCLR IY017-inst b512 D16 154043,PCA
Nrg1 @ 2% glucose (mock/steady),2,train,Nrg1,2% glucose (mock/steady),4.116560935974121,1.1801466941833496,SimCLR IY017-inst b512 D16 154043,PCA
Nrg1 @ 0.1% glucose,1,train,Nrg1,0.1% glucose,3.3544633388519287,0.3870384097099304,SimCLR IY017-inst b512 D16 154043,PCA
Nrg1 @ 2% glucose (mock/steady),2,train,Nrg1,2% glucose (mock/steady),2.9604671001434326,1.0020724534988403,SimCLR IY017-inst b512 D16 154043,PCA
Nrg1 @ 2% glucose (mock/steady),2,train,Nrg1,2% glucose (mock/steady),2.5930867195129395,-0.027089929208159447,SimCLR IY017-inst b512 D16 154043,PCA
Nrg1 @ 0.01% glucose,0,train,Nrg1,0.01% glucose,0.1773407757282257,-2.2434167861938477,SimCLR IY017-inst b512 D16 154043,PCA
Nrg1 @ 0.01% glucose,0,train,Nrg1,0.01% glucose,0.6423421502113342,-1.5336008071899414,SimCLR IY017-inst b512 D16 154043,PCA
Rtg1 @ 0.01% glucose,3,train,Rtg1,0.01% glucose,-3.4325289726257324,-0.7560583353042603,SimCLR IY017-inst b512 D16 154043,PCA
Rtg1 @ 0.1% glucose,4,train,Rtg1,0.1% glucose,-2.261077642440796,-1.1884922981262207,SimCLR IY017-inst b512 D16 154043,PCA
Nrg1 @ 0.01% glucose,0,train,Nrg1,0.01% glucose,-0.6124864220619202,-2.907125234603882,SimCLR IY017-inst b512 D16 154043,PCA
Rtg1 @ 2% glucose (mock/steady),5,train,Rtg1,2% glucose (mock/steady),-2.2879064083099365,0.4496031403541565,SimCLR IY017-inst b512 D16 154043,PCA
Nrg1 @ 2% glucose (mock/steady),2,train,Nrg1,2% glucose (mock/steady),3.2941207885742188,1.0170246362686157,SimCLR IY017-inst b512 D16 154043,PCA
Nrg1 @ 2% glucose (mock/steady),2,train,Nrg1,2% glucose (mock/steady),2.100648880004883,-0.2569611370563507,SimCLR IY017-inst b512 D16 154043,PCA
Rtg1 @ 2% glucose (mock/steady),5,train,Rtg1,2% glucose (mock/steady),-0.9196425676345825,-1.7763992547988892,SimCLR IY017-inst b512 D16 154043,PCA
Nrg1 @ 2% glucose (mock/steady),2,train,Nrg1,2% glucose (mock/steady),-1.0782383680343628,-1.8506203889846802,SimCLR IY017-inst b512 D16 154043,PCA
Nrg1 @ 2% glucose (mock/steady),2,train,Nrg1,2% glucose (mock/steady),1.874907374382019,-0.6999696493148804,SimCLR IY017-inst b512 D16 154043,PCA
Nrg1 @ 0.01% glucose,0,train,Nrg1,0.01% glucose,0.20638298988342285,-1.188071608543396,SimCLR IY017-inst b512 D16 154043,PCA
Rtg1 @ 0.01% glucose,3,train,Rtg1,0.01% glucose,-3.883159875869751,-0.23450040817260742,SimCLR IY017-inst b512 D16 154043,PCA
Nrg1 @ 2% glucose (mock/steady),2,train,Nrg1,2% glucose (mock/steady),2.420971393585205,0.06321807205677032,SimCLR IY017-inst b512 D16 154043,PCA
Rtg1 @ 0.01% glucose,3,train,Rtg1,0.01% glucose,-5.138980865478516,1.4771850109100342,SimCLR IY017-inst b512 D16 154043,PCA
Rtg1 @ 2% glucose (mock/steady),5,train,Rtg1,2% glucose (mock/steady),-3.8089895248413086,0.15379303693771362,SimCLR IY017-inst b512 D16 154043,PCA
Nrg1 @ 0.1% glucose,1,train,Nrg1,0.1% glucose,3.140728712081909,1.0983277559280396,SimCLR IY017-inst b512 D16 154043,PCA
Nrg1 @ 0.01% glucose,0,train,Nrg1,0.01% glucose,1.766337513923645,-0.708820641040802,SimCLR IY017-inst b512 D16 154043,PCA
Rtg1 @ 0.1% glucose,4,train,Rtg1,0.1% glucose,-0.4404558539390564,-1.2965062856674194,SimCLR IY017-inst b512 D16 154043,PCA
Rtg1 @ 0.01% glucose,3,train,Rtg1,0.01% glucose,-3.5710177421569824,1.5749711990356445,SimCLR IY017-inst b512 D16 154043,PCA
Nrg1 @ 2% glucose (mock/steady),2,train,Nrg1,2% glucose (mock/steady),3.7548882961273193,0.8760111331939697,SimCLR IY017-inst b512 D16 154043,PCA
Rtg1 @ 0.1% glucose,4,train,Rtg1,0.1% glucose,-2.039533853530884,-1.4461002349853516,SimCLR IY017-inst b512 D16 154043,PCA
Rtg1 @ 0.01% glucose,3,train,Rtg1,0.01% glucose,-4.695001125335693,2.9942407608032227,SimCLR IY017-inst b512 D16 154043,PCA
Rtg1 @ 0.01% glucose,3,train,Rtg1,0.01% glucose,-3.1624672412872314,-1.5138177871704102,SimCLR IY017-inst b512 D16 154043,PCA
Rtg1 @ 2% glucose (mock/steady),5,train,Rtg1,2% glucose (mock/steady),-0.8871063590049744,-1.0207874774932861,SimCLR IY017-inst b512 D16 154043,PCA
Rtg1 @ 2% glucose (mock/steady),5,train,Rtg1,2% glucose (mock/steady),-2.0800278186798096,0.8862094879150391,SimCLR IY017-inst b512 D16 154043,PCA
Nrg1 @ 2% glucose (mock/steady),2,train,Nrg1,2% glucose (mock/steady),2.8519885540008545,0.2939181625843048,SimCLR IY017-inst b512 D16 154043,PCA
Nrg1 @ 0.1% glucose,1,train,Nrg1,0.1% glucose,4.076519012451172,1.2848347425460815,SimCLR IY017-inst b512 D16 154043,PCA
Rtg1 @ 0.1% glucose,4,train,Rtg1,0.1% glucose,-1.9147791862487793,-0.46756771206855774,SimCLR IY017-inst b512 D16 154043,PCA
Nrg1 @ 2% glucose (mock/steady),2,train,Nrg1,2% glucose (mock/steady),3.318147659301758,0.565777063369751,SimCLR IY017-inst b512 D16 154043,PCA
Nrg1 @ 0.01% glucose,0,train,Nrg1,0.01% glucose,0.991515576839447,-1.0639095306396484,SimCLR IY017-inst b512 D16 154043,PCA
Nrg1 @ 2% glucose (mock/steady),2,train,Nrg1,2% glucose (mock/steady),2.7873456478118896,0.16750092804431915,SimCLR IY017-inst b512 D16 154043,PCA
Nrg1 @ 0.1% glucose,1,train,Nrg1,0.1% glucose,4.325751304626465,1.1780644655227661,SimCLR IY017-inst b512 D16 154043,PCA
Rtg1 @ 2% glucose (mock/steady),5,train,Rtg1,2% glucose (mock/steady),-2.3451032638549805,-1.5216842889785767,SimCLR IY017-inst b512 D16 154043,PCA
Nrg1 @ 0.01% glucose,0,train,Nrg1,0.01% glucose,1.612908124923706,-0.08397390693426132,SimCLR IY017-inst b512 D16 154043,PCA
Rtg1 @ 0.1% glucose,4,train,Rtg1,0.1% glucose,-0.9781357049942017,-2.161513328552246,SimCLR IY017-inst b512 D16 154043,PCA
Rtg1 @ 0.1% glucose,4,train,Rtg1,0.1% glucose,-0.4101424515247345,-0.024241838604211807,SimCLR IY017-inst b512 D16 154043,PCA
Nrg1 @ 0.01% glucose,0,train,Nrg1,0.01% glucose,3.377898931503296,1.091083288192749,SimCLR IY017-inst b512 D16 154043,PCA
Nrg1 @ 0.01% glucose,0,train,Nrg1,0.01% glucose,-0.4434862732887268,-2.285311698913574,SimCLR IY017-inst b512 D16 154043,PCA
Rtg1 @ 0.1% glucose,4,train,Rtg1,0.1% glucose,-1.6382391452789307,-2.0765697956085205,SimCLR IY017-inst b512 D16 154043,PCA
Nrg1 @ 0.1% glucose,1,train,Nrg1,0.1% glucose,4.856523036956787,2.2402422428131104,SimCLR IY017-inst b512 D16 154043,PCA
Nrg1 @ 2% glucose (mock/steady),2,train,Nrg1,2% glucose (mock/steady),-0.410079687833786,-2.90501070022583,SimCLR IY017-inst b512 D16 154043,PCA
Nrg1 @ 0.01% glucose,0,train,Nrg1,0.01% glucose,1.4393830299377441,-0.19471289217472076,SimCLR IY017-inst b512 D16 154043,PCA
Rtg1 @ 2% glucose (mock/steady),5,train,Rtg1,2% glucose (mock/steady),-1.6803951263427734,-1.156063199043274,SimCLR IY017-inst b512 D16 154043,PCA
Rtg1 @ 0.01% glucose,3,train,Rtg1,0.01% glucose,-3.2412960529327393,0.0840613916516304,SimCLR IY017-inst b512 D16 154043,PCA
Rtg1 @ 0.1% glucose,4,train,Rtg1,0.1% glucose,-1.0299925804138184,-1.0440980195999146,SimCLR IY017-inst b512 D16 154043,PCA
Nrg1 @ 0.1% glucose,1,train,Nrg1,0.1% glucose,3.4915354251861572,0.7458444237709045,SimCLR IY017-inst b512 D16 154043,PCA
Rtg1 @ 0.01% glucose,3,train,Rtg1,0.01% glucose,-4.684093952178955,1.4378421306610107,SimCLR IY017-inst b512 D16 154043,PCA
Rtg1 @ 2% glucose (mock/steady),5,train,Rtg1,2% glucose (mock/steady),-3.0159661769866943,-1.9197043180465698,SimCLR IY017-inst b512 D16 154043,PCA
Rtg1 @ 0.1% glucose,4,train,Rtg1,0.1% glucose,-0.79665607213974,-1.4593379497528076,SimCLR IY017-inst b512 D16 154043,PCA
Nrg1 @ 0.01% glucose,0,train,Nrg1,0.01% glucose,0.26890814304351807,-0.6426625847816467,SimCLR IY017-inst b512 D16 154043,PCA
Nrg1 @ 2% glucose (mock/steady),2,train,Nrg1,2% glucose (mock/steady),3.6254570484161377,0.6943898797035217,SimCLR IY017-inst b512 D16 154043,PCA
Rtg1 @ 0.1% glucose,4,train,Rtg1,0.1% glucose,-2.671961545944214,1.4658962488174438,SimCLR IY017-inst b512 D16 154043,PCA
Nrg1 @ 0.1% glucose,1,train,Nrg1,0.1% glucose,3.9207231998443604,1.4102083444595337,SimCLR IY017-inst b512 D16 154043,PCA
Nrg1 @ 0.01% glucose,0,train,Nrg1,0.01% glucose,0.20520682632923126,-1.789366364479065,SimCLR IY017-inst b512 D16 154043,PCA
Rtg1 @ 0.1% glucose,4,train,Rtg1,0.1% glucose,-1.0879842042922974,-2.2688746452331543,SimCLR IY017-inst b512 D16 154043,PCA
Rtg1 @ 0.1% glucose,4,train,Rtg1,0.1% glucose,-0.8274061679840088,-1.7351478338241577,SimCLR IY017-inst b512 D16 154043,PCA
Rtg1 @ 0.1% glucose,4,train,Rtg1,0.1% glucose,-1.5112888813018799,0.6932803392410278,SimCLR IY017-inst b512 D16 154043,PCA
Rtg1 @ 0.1% glucose,4,train,Rtg1,0.1% glucose,-1.3070427179336548,-0.8674277067184448,SimCLR IY017-inst b512 D16 154043,PCA
Nrg1 @ 0.01% glucose,0,train,Nrg1,0.01% glucose,-0.5164433121681213,-1.6664222478866577,SimCLR IY017-inst b512 D16 154043,PCA
Nrg1 @ 2% glucose (mock/steady),2,train,Nrg1,2% glucose (mock/steady),4.231036186218262,1.4078871011734009,SimCLR IY017-inst b512 D16 154043,PCA
Rtg1 @ 2% glucose (mock/steady),5,train,Rtg1,2% glucose (mock/steady),-2.242551803588867,-0.8519396185874939,SimCLR IY017-inst b512 D16 154043,PCA
Nrg1 @ 0.01% glucose,0,train,Nrg1,0.01% glucose,-0.32113850116729736,-1.9744943380355835,SimCLR IY017-inst b512 D16 154043,PCA
Rtg1 @ 0.01% glucose,3,train,Rtg1,0.01% glucose,-6.661327362060547,5.715273857116699,SimCLR IY017-inst b512 D16 154043,PCA
Rtg1 @ 0.01% glucose,3,train,Rtg1,0.01% glucose,-3.7778160572052,-0.7981341481208801,SimCLR IY017-inst b512 D16 154043,PCA
Nrg1 @ 2% glucose (mock/steady),2,train,Nrg1,2% glucose (mock/steady),2.534972667694092,0.5944808721542358,SimCLR IY017-inst b512 D16 154043,PCA
Rtg1 @ 2% glucose (mock/steady),5,train,Rtg1,2% glucose (mock/steady),-2.108502149581909,0.06634505093097687,SimCLR IY017-inst b512 D16 154043,PCA
Rtg1 @ 2% glucose (mock/steady),5,train,Rtg1,2% glucose (mock/steady),-4.215390205383301,0.5833905935287476,SimCLR IY017-inst b512 D16 154043,PCA
Nrg1 @ 0.01% glucose,0,train,Nrg1,0.01% glucose,-0.8193135261535645,-3.47417950630188,SimCLR IY017-inst b512 D16 154043,PCA
Nrg1 @ 0.1% glucose,1,train,Nrg1,0.1% glucose,5.5279011726379395,2.5857741832733154,SimCLR IY017-inst b512 D16 154043,PCA
Nrg1 @ 2% glucose (mock/steady),2,train,Nrg1,2% glucose (mock/steady),3.4153664112091064,0.5811485052108765,SimCLR IY017-inst b512 D16 154043,PCA
Rtg1 @ 0.01% glucose,3,train,Rtg1,0.01% glucose,-3.5065128803253174,-0.6707288026809692,SimCLR IY017-inst b512 D16 154043,PCA
Rtg1 @ 0.01% glucose,3,train,Rtg1,0.01% glucose,-3.136411428451538,0.7210114598274231,SimCLR IY017-inst b512 D16 154043,PCA
Nrg1 @ 2% glucose (mock/steady),2,train,Nrg1,2% glucose (mock/steady),3.6923067569732666,1.1765284538269043,SimCLR IY017-inst b512 D16 154043,PCA
Rtg1 @ 0.01% glucose,3,train,Rtg1,0.01% glucose,-2.986647605895996,-1.0689811706542969,SimCLR IY017-inst b512 D16 154043,PCA
Rtg1 @ 0.1% glucose,4,train,Rtg1,0.1% glucose,-0.6095256209373474,-0.46176987886428833,SimCLR IY017-inst b512 D16 154043,PCA
Rtg1 @ 0.01% glucose,3,train,Rtg1,0.01% glucose,-3.5088186264038086,-0.3172748386859894,SimCLR IY017-inst b512 D16 154043,PCA
Nrg1 @ 0.1% glucose,1,train,Nrg1,0.1% glucose,4.650943279266357,2.655099630355835,SimCLR IY017-inst b512 D16 154043,PCA
Nrg1 @ 0.1% glucose,1,train,Nrg1,0.1% glucose,2.3295352458953857,0.010222193785011768,SimCLR IY017-inst b512 D16 154043,PCA
Rtg1 @ 0.01% glucose,3,train,Rtg1,0.01% glucose,-3.247558355331421,0.6212388873100281,SimCLR IY017-inst b512 D16 154043,PCA
Nrg1 @ 0.1% glucose,1,train,Nrg1,0.1% glucose,5.277740001678467,2.513234853744507,SimCLR IY017-inst b512 D16 154043,PCA
Nrg1 @ 0.1% glucose,1,train,Nrg1,0.1% glucose,5.009402751922607,2.0624513626098633,SimCLR IY017-inst b512 D16 154043,PCA
Rtg1 @ 2% glucose (mock/steady),5,train,Rtg1,2% glucose (mock/steady),-1.8269984722137451,-1.800461769104004,SimCLR IY017-inst b512 D16 154043,PCA
Nrg1 @ 0.1% glucose,1,train,Nrg1,0.1% glucose,3.8036575317382812,0.7120460271835327,SimCLR IY017-inst b512 D16 154043,PCA
Rtg1 @ 0.1% glucose,4,train,Rtg1,0.1% glucose,-1.4523237943649292,-1.2017319202423096,SimCLR IY017-inst b512 D16 154043,PCA
Nrg1 @ 0.1% glucose,1,train,Nrg1,0.1% glucose,2.0747058391571045,0.05277438461780548,SimCLR IY017-inst b512 D16 154043,PCA
Rtg1 @ 0.01% glucose,3,train,Rtg1,0.01% glucose,-4.918860912322998,2.7000620365142822,SimCLR IY017-inst b512 D16 154043,PCA
Nrg1 @ 0.01% glucose,0,train,Nrg1,0.01% glucose,0.2248525470495224,-1.9192137718200684,SimCLR IY017-inst b512 D16 154043,PCA
Rtg1 @ 0.01% glucose,3,train,Rtg1,0.01% glucose,-3.287061929702759,0.4371124804019928,SimCLR IY017-inst b512 D16 154043,PCA
Rtg1 @ 0.1% glucose,4,train,Rtg1,0.1% glucose,-1.1959607601165771,-1.8089418411254883,SimCLR IY017-inst b512 D16 154043,PCA
Rtg1 @ 0.1% glucose,4,train,Rtg1,0.1% glucose,-0.8881760835647583,-1.8127386569976807,SimCLR IY017-inst b512 D16 154043,PCA
Nrg1 @ 0.1% glucose,1,train,Nrg1,0.1% glucose,4.3213934898376465,1.8372745513916016,SimCLR IY017-inst b512 D16 154043,PCA
Nrg1 @ 0.01% glucose,0,train,Nrg1,0.01% glucose,0.10247133672237396,-2.211801052093506,SimCLR IY017-inst b512 D16 154043,PCA
Rtg1 @ 0.1% glucose,4,train,Rtg1,0.1% glucose,-1.3653664588928223,-2.456228494644165,SimCLR IY017-inst b512 D16 154043,PCA
Nrg1 @ 0.01% glucose,0,train,Nrg1,0.01% glucose,1.3527626991271973,0.05635896325111389,SimCLR IY017-inst b512 D16 154043,PCA
Nrg1 @ 0.01% glucose,0,train,Nrg1,0.01% glucose,1.1932737827301025,-0.7913281321525574,SimCLR IY017-inst b512 D16 154043,PCA
Rtg1 @ 2% glucose (mock/steady),5,train,Rtg1,2% glucose (mock/steady),-2.125897169113159,-1.9594563245773315,SimCLR IY017-inst b512 D16 154043,PCA
Nrg1 @ 2% glucose (mock/steady),2,train,Nrg1,2% glucose (mock/steady),0.6792125105857849,-1.2119264602661133,SimCLR IY017-inst b512 D16 154043,PCA
Nrg1 @ 0.1% glucose,1,train,Nrg1,0.1% glucose,3.444903612136841,1.0475106239318848,SimCLR IY017-inst b512 D16 154043,PCA
Rtg1 @ 2% glucose (mock/steady),5,train,Rtg1,2% glucose (mock/steady),-2.048640251159668,-0.2511011064052582,SimCLR IY017-inst b512 D16 154043,PCA
Rtg1 @ 0.1% glucose,4,train,Rtg1,0.1% glucose,-0.9731990098953247,-0.7817994952201843,SimCLR IY017-inst b512 D16 154043,PCA
Nrg1 @ 0.1% glucose,1,train,Nrg1,0.1% glucose,3.401395797729492,0.7724509239196777,SimCLR IY017-inst b512 D16 154043,PCA
Nrg1 @ 2% glucose (mock/steady),2,train,Nrg1,2% glucose (mock/steady),3.1966395378112793,0.19943419098854065,SimCLR IY017-inst b512 D16 154043,PCA
Nrg1 @ 0.01% glucose,0,train,Nrg1,0.01% glucose,0.5423179268836975,-1.0965313911437988,SimCLR IY017-inst b512 D16 154043,PCA
Nrg1 @ 2% glucose (mock/steady),2,train,Nrg1,2% glucose (mock/steady),3.5320627689361572,0.7398481965065002,SimCLR IY017-inst b512 D16 154043,PCA
Nrg1 @ 2% glucose (mock/steady),2,train,Nrg1,2% glucose (mock/steady),2.3764307498931885,-0.2422630786895752,SimCLR IY017-inst b512 D16 154043,PCA
Nrg1 @ 2% glucose (mock/steady),2,train,Nrg1,2% glucose (mock/steady),2.2516884803771973,0.4288259744644165,SimCLR IY017-inst b512 D16 154043,PCA
Rtg1 @ 2% glucose (mock/steady),5,train,Rtg1,2% glucose (mock/steady),-1.4031823873519897,-1.6802468299865723,SimCLR IY017-inst b512 D16 154043,PCA
Nrg1 @ 2% glucose (mock/steady),2,train,Nrg1,2% glucose (mock/steady),3.3027093410491943,0.8464103937149048,SimCLR IY017-inst b512 D16 154043,PCA
Rtg1 @ 0.1% glucose,4,train,Rtg1,0.1% glucose,-1.7574152946472168,-2.0749666690826416,SimCLR IY017-inst b512 D16 154043,PCA
Rtg1 @ 0.01% glucose,3,train,Rtg1,0.01% glucose,-4.570474147796631,0.25699418783187866,SimCLR IY017-inst b512 D16 154043,PCA
Rtg1 @ 2% glucose (mock/steady),5,train,Rtg1,2% glucose (mock/steady),-2.6997857093811035,1.8894182443618774,SimCLR IY017-inst b512 D16 154043,PCA
Rtg1 @ 0.1% glucose,4,train,Rtg1,0.1% glucose,-2.666395664215088,-0.3356825113296509,SimCLR IY017-inst b512 D16 154043,PCA
Nrg1 @ 0.01% glucose,0,train,Nrg1,0.01% glucose,-1.1208876371383667,-3.693927764892578,SimCLR IY017-inst b512 D16 154043,PCA
Nrg1 @ 0.01% glucose,0,train,Nrg1,0.01% glucose,-0.8513569831848145,-2.5690624713897705,SimCLR IY017-inst b512 D16 154043,PCA
Rtg1 @ 2% glucose (mock/steady),5,train,Rtg1,2% glucose (mock/steady),-1.0755620002746582,0.4461621344089508,SimCLR IY017-inst b512 D16 154043,PCA
Rtg1 @ 0.1% glucose,4,train,Rtg1,0.1% glucose,-0.060218676924705505,0.05925827473402023,SimCLR IY017-inst b512 D16 154043,PCA
Nrg1 @ 0.1% glucose,1,train,Nrg1,0.1% glucose,5.021052837371826,1.7688744068145752,SimCLR IY017-inst b512 D16 154043,PCA
Nrg1 @ 2% glucose (mock/steady),2,train,Nrg1,2% glucose (mock/steady),4.3114471435546875,1.5127999782562256,SimCLR IY017-inst b512 D16 154043,PCA
Rtg1 @ 2% glucose (mock/steady),5,train,Rtg1,2% glucose (mock/steady),-3.2164971828460693,1.3625030517578125,SimCLR IY017-inst b512 D16 154043,PCA
Rtg1 @ 0.01% glucose,3,train,Rtg1,0.01% glucose,-3.6897289752960205,-0.2884090840816498,SimCLR IY017-inst b512 D16 154043,PCA
Nrg1 @ 2% glucose (mock/steady),2,train,Nrg1,2% glucose (mock/steady),3.6117777824401855,0.7151879668235779,SimCLR IY017-inst b512 D16 154043,PCA
Rtg1 @ 0.1% glucose,4,train,Rtg1,0.1% glucose,-1.4717580080032349,-1.5742665529251099,SimCLR IY017-inst b512 D16 154043,PCA
Rtg1 @ 2% glucose (mock/steady),5,train,Rtg1,2% glucose (mock/steady),-1.8698912858963013,-1.4316861629486084,SimCLR IY017-inst b512 D16 154043,PCA
Rtg1 @ 2% glucose (mock/steady),5,train,Rtg1,2% glucose (mock/steady),-1.6656502485275269,-0.9845723509788513,SimCLR IY017-inst b512 D16 154043,PCA
Rtg1 @ 0.01% glucose,3,train,Rtg1,0.01% glucose,-4.314517498016357,1.712756633758545,SimCLR IY017-inst b512 D16 154043,PCA
Nrg1 @ 0.01% glucose,0,train,Nrg1,0.01% glucose,1.5135362148284912,-1.015061855316162,SimCLR IY017-inst b512 D16 154043,PCA
Rtg1 @ 0.01% glucose,3,train,Rtg1,0.01% glucose,-4.318146228790283,0.21427416801452637,SimCLR IY017-inst b512 D16 154043,PCA
Nrg1 @ 0.01% glucose,0,train,Nrg1,0.01% glucose,1.1740649938583374,-1.1743468046188354,SimCLR IY017-inst b512 D16 154043,PCA
Rtg1 @ 2% glucose (mock/steady),5,train,Rtg1,2% glucose (mock/steady),-3.4505910873413086,0.14697350561618805,SimCLR IY017-inst b512 D16 154043,PCA
Rtg1 @ 0.01% glucose,3,train,Rtg1,0.01% glucose,-7.913797855377197,6.294901371002197,SimCLR IY017-inst b512 D16 154043,PCA
Rtg1 @ 0.1% glucose,4,train,Rtg1,0.1% glucose,-0.20399200916290283,-1.2598862648010254,SimCLR IY017-inst b512 D16 154043,PCA
Rtg1 @ 0.1% glucose,4,train,Rtg1,0.1% glucose,-0.4663887917995453,-0.7098364233970642,SimCLR IY017-inst b512 D16 154043,PCA
Nrg1 @ 0.1% glucose,1,train,Nrg1,0.1% glucose,4.786186218261719,1.374049425125122,SimCLR IY017-inst b512 D16 154043,PCA
Nrg1 @ 0.01% glucose,0,train,Nrg1,0.01% glucose,0.7731829881668091,-0.5233117938041687,SimCLR IY017-inst b512 D16 154043,PCA
Rtg1 @ 2% glucose (mock/steady),5,train,Rtg1,2% glucose (mock/steady),-0.6129482984542847,-1.555953860282898,SimCLR IY017-inst b512 D16 154043,PCA
Rtg1 @ 0.01% glucose,3,train,Rtg1,0.01% glucose,-5.506836891174316,3.263643503189087,SimCLR IY017-inst b512 D16 154043,PCA
Rtg1 @ 0.01% glucose,3,train,Rtg1,0.01% glucose,-6.946273326873779,5.774535655975342,SimCLR IY017-inst b512 D16 154043,PCA
Rtg1 @ 0.01% glucose,3,train,Rtg1,0.01% glucose,-4.695085525512695,2.937053680419922,SimCLR IY017-inst b512 D16 154043,PCA
Nrg1 @ 0.1% glucose,1,train,Nrg1,0.1% glucose,5.192166328430176,1.7409497499465942,SimCLR IY017-inst b512 D16 154043,PCA
Nrg1 @ 2% glucose (mock/steady),2,test,Nrg1,2% glucose (mock/steady),3.8352138996124268,1.0119588375091553,SimCLR IY017-inst b512 D16 154043,PCA
Rtg1 @ 0.1% glucose,4,test,Rtg1,0.1% glucose,-1.8552049398422241,-0.45620834827423096,SimCLR IY017-inst b512 D16 154043,PCA
Rtg1 @ 0.1% glucose,4,test,Rtg1,0.1% glucose,-0.9835953712463379,-2.4996039867401123,SimCLR IY017-inst b512 D16 154043,PCA
Nrg1 @ 0.1% glucose,1,test,Nrg1,0.1% glucose,4.430484294891357,1.3356246948242188,SimCLR IY017-inst b512 D16 154043,PCA
Nrg1 @ 0.1% glucose,1,test,Nrg1,0.1% glucose,3.8611955642700195,1.2156647443771362,SimCLR IY017-inst b512 D16 154043,PCA
Rtg1 @ 0.01% glucose,3,test,Rtg1,0.01% glucose,-2.8625967502593994,-1.1405091285705566,SimCLR IY017-inst b512 D16 154043,PCA
Rtg1 @ 2% glucose (mock/steady),5,test,Rtg1,2% glucose (mock/steady),-1.2677865028381348,-0.7531027793884277,SimCLR IY017-inst b512 D16 154043,PCA
Nrg1 @ 0.1% glucose,1,test,Nrg1,0.1% glucose,5.352410793304443,2.6475989818573,SimCLR IY017-inst b512 D16 154043,PCA
Rtg1 @ 0.01% glucose,3,test,Rtg1,0.01% glucose,-4.0869951248168945,0.6348420977592468,SimCLR IY017-inst b512 D16 154043,PCA
Rtg1 @ 2% glucose (mock/steady),5,test,Rtg1,2% glucose (mock/steady),-2.0618503093719482,-1.6572405099868774,SimCLR IY017-inst b512 D16 154043,PCA
Nrg1 @ 0.01% glucose,0,test,Nrg1,0.01% glucose,1.2814230918884277,-0.5029006004333496,SimCLR IY017-inst b512 D16 154043,PCA
Nrg1 @ 0.1% glucose,1,test,Nrg1,0.1% glucose,5.380599498748779,2.2421844005584717,SimCLR IY017-inst b512 D16 154043,PCA
Nrg1 @ 0.1% glucose,1,test,Nrg1,0.1% glucose,3.4370059967041016,0.9816802740097046,SimCLR IY017-inst b512 D16 154043,PCA
Rtg1 @ 2% glucose (mock/steady),5,test,Rtg1,2% glucose (mock/steady),-1.9167228937149048,-0.43511462211608887,SimCLR IY017-inst b512 D16 154043,PCA
Nrg1 @ 0.01% glucose,0,test,Nrg1,0.01% glucose,-0.8562384247779846,-3.249112844467163,SimCLR IY017-inst b512 D16 154043,PCA
Rtg1 @ 2% glucose (mock/steady),5,test,Rtg1,2% glucose (mock/steady),-1.1409755945205688,-0.447478711605072,SimCLR IY017-inst b512 D16 154043,PCA
Nrg1 @ 2% glucose (mock/steady),2,test,Nrg1,2% glucose (mock/steady),3.6197385787963867,0.7975707054138184,SimCLR IY017-inst b512 D16 154043,PCA
Nrg1 @ 2% glucose (mock/steady),2,test,Nrg1,2% glucose (mock/steady),1.6899967193603516,-0.2828298509120941,SimCLR IY017-inst b512 D16 154043,PCA
Rtg1 @ 2% glucose (mock/steady),5,test,Rtg1,2% glucose (mock/steady),-0.7390401363372803,-2.168595552444458,SimCLR IY017-inst b512 D16 154043,PCA
Rtg1 @ 0.1% glucose,4,test,Rtg1,0.1% glucose,-0.6968797445297241,-0.41806507110595703,SimCLR IY017-inst b512 D16 154043,PCA
Rtg1 @ 0.01% glucose,3,test,Rtg1,0.01% glucose,-5.799341678619385,4.414235591888428,SimCLR IY017-inst b512 D16 154043,PCA
Rtg1 @ 0.1% glucose,4,test,Rtg1,0.1% glucose,-1.6173075437545776,-1.7233233451843262,SimCLR IY017-inst b512 D16 154043,PCA
Nrg1 @ 2% glucose (mock/steady),2,test,Nrg1,2% glucose (mock/steady),2.6708030700683594,0.5892975330352783,SimCLR IY017-inst b512 D16 154043,PCA
Rtg1 @ 0.1% glucose,4,test,Rtg1,0.1% glucose,-1.5409659147262573,0.49906599521636963,SimCLR IY017-inst b512 D16 154043,PCA
Nrg1 @ 2% glucose (mock/steady),2,test,Nrg1,2% glucose (mock/steady),3.553025722503662,1.0706020593643188,SimCLR IY017-inst b512 D16 154043,PCA
Rtg1 @ 0.01% glucose,3,test,Rtg1,0.01% glucose,-2.1426570415496826,-1.573195219039917,SimCLR IY017-inst b512 D16 154043,PCA
Rtg1 @ 2% glucose (mock/steady),5,test,Rtg1,2% glucose (mock/steady),-1.4510704278945923,-1.2341279983520508,SimCLR IY017-inst b512 D16 154043,PCA
Rtg1 @ 2% glucose (mock/steady),5,test,Rtg1,2% glucose (mock/steady),-2.6787703037261963,-0.7475089430809021,SimCLR IY017-inst b512 D16 154043,PCA
Rtg1 @ 0.1% glucose,4,test,Rtg1,0.1% glucose,-0.49227312207221985,-1.8318439722061157,SimCLR IY017-inst b512 D16 154043,PCA
Rtg1 @ 0.01% glucose,3,test,Rtg1,0.01% glucose,-2.247436046600342,0.09433625638484955,SimCLR IY017-inst b512 D16 154043,PCA
Nrg1 @ 0.01% glucose,0,test,Nrg1,0.01% glucose,-0.5669527053833008,-3.5297508239746094,SimCLR IY017-inst b512 D16 154043,PCA
Rtg1 @ 2% glucose (mock/steady),5,test,Rtg1,2% glucose (mock/steady),-0.18945474922657013,-0.09407281875610352,SimCLR IY017-inst b512 D16 154043,PCA
Rtg1 @ 0.01% glucose,3,test,Rtg1,0.01% glucose,-2.631136655807495,-0.4192386269569397,SimCLR IY017-inst b512 D16 154043,PCA
Nrg1 @ 0.01% glucose,0,test,Nrg1,0.01% glucose,1.1530171632766724,-0.16854241490364075,SimCLR IY017-inst b512 D16 154043,PCA
Nrg1 @ 2% glucose (mock/steady),2,test,Nrg1,2% glucose (mock/steady),1.7974377870559692,-0.25574991106987,SimCLR IY017-inst b512 D16 154043,PCA
Nrg1 @ 0.1% glucose,1,test,Nrg1,0.1% glucose,3.1474032402038574,1.0398484468460083,SimCLR IY017-inst b512 D16 154043,PCA
Nrg1 @ 0.01% glucose,0,test,Nrg1,0.01% glucose,1.0765085220336914,-0.0023327209055423737,SimCLR IY017-inst b512 D16 154043,PCA
Rtg1 @ 0.01% glucose,3,test,Rtg1,0.01% glucose,-4.098658084869385,1.415533185005188,SimCLR IY017-inst b512 D16 154043,PCA
Rtg1 @ 0.1% glucose,4,test,Rtg1,0.1% glucose,-0.49115288257598877,-2.473095417022705,SimCLR IY017-inst b512 D16 154043,PCA
Rtg1 @ 0.1% glucose,4,test,Rtg1,0.1% glucose,-1.3988051414489746,-1.4630897045135498,SimCLR IY017-inst b512 D16 154043,PCA
Rtg1 @ 2% glucose (mock/steady),5,test,Rtg1,2% glucose (mock/steady),-0.7113903164863586,-1.509513258934021,SimCLR IY017-inst b512 D16 154043,PCA
Nrg1 @ 2% glucose (mock/steady),2,test,Nrg1,2% glucose (mock/steady),3.4389400482177734,0.8348028659820557,SimCLR IY017-inst b512 D16 154043,PCA
Nrg1 @ 0.1% glucose,1,test,Nrg1,0.1% glucose,3.679323434829712,1.1516265869140625,SimCLR IY017-inst b512 D16 154043,PCA
Nrg1 @ 2% glucose (mock/steady),2,test,Nrg1,2% glucose (mock/steady),3.985546827316284,1.0187915563583374,SimCLR IY017-inst b512 D16 154043,PCA
Nrg1 @ 0.01% glucose,0,test,Nrg1,0.01% glucose,1.1139947175979614,-1.4313842058181763,SimCLR IY017-inst b512 D16 154043,PCA
Rtg1 @ 0.1% glucose,4,test,Rtg1,0.1% glucose,-0.7879761457443237,-2.51609468460083,SimCLR IY017-inst b512 D16 154043,PCA
Nrg1 @ 2% glucose (mock/steady),2,test,Nrg1,2% glucose (mock/steady),2.851754903793335,0.40760523080825806,SimCLR IY017-inst b512 D16 154043,PCA
Nrg1 @ 0.1% glucose,1,test,Nrg1,0.1% glucose,4.089012622833252,0.9008153080940247,SimCLR IY017-inst b512 D16 154043,PCA
Nrg1 @ 0.01% glucose,0,test,Nrg1,0.01% glucose,0.45994922518730164,-1.276546597480774,SimCLR IY017-inst b512 D16 154043,PCA
Nrg1 @ 2% glucose (mock/steady),2,test,Nrg1,2% glucose (mock/steady),3.476566791534424,0.9097223281860352,SimCLR IY017-inst b512 D16 154043,PCA
Nrg1 @ 2% glucose (mock/steady),2,test,Nrg1,2% glucose (mock/steady),2.30216908454895,0.14807124435901642,SimCLR IY017-inst b512 D16 154043,PCA
Nrg1 @ 0.1% glucose,1,test,Nrg1,0.1% glucose,4.1170806884765625,1.1679205894470215,SimCLR IY017-inst b512 D16 154043,PCA
Rtg1 @ 2% glucose (mock/steady),5,test,Rtg1,2% glucose (mock/steady),-1.3142520189285278,-1.416003704071045,SimCLR IY017-inst b512 D16 154043,PCA
Rtg1 @ 0.01% glucose,3,test,Rtg1,0.01% glucose,-4.3516340255737305,-0.336954802274704,SimCLR IY017-inst b512 D16 154043,PCA
Nrg1 @ 2% glucose (mock/steady),2,test,Nrg1,2% glucose (mock/steady),6.500944137573242,4.464914321899414,SimCLR IY017-inst b512 D16 154043,PCA
Rtg1 @ 2% glucose (mock/steady),5,test,Rtg1,2% glucose (mock/steady),-2.1801347732543945,-0.15764962136745453,SimCLR IY017-inst b512 D16 154043,PCA
Nrg1 @ 0.1% glucose,1,test,Nrg1,0.1% glucose,4.759477615356445,1.3418374061584473,SimCLR IY017-inst b512 D16 154043,PCA
Rtg1 @ 2% glucose (mock/steady),5,test,Rtg1,2% glucose (mock/steady),-2.7518179416656494,-1.3219292163848877,SimCLR IY017-inst b512 D16 154043,PCA
Nrg1 @ 0.01% glucose,0,test,Nrg1,0.01% glucose,1.4511938095092773,0.4318983852863312,SimCLR IY017-inst b512 D16 154043,PCA
Nrg1 @ 0.01% glucose,0,test,Nrg1,0.01% glucose,1.537790298461914,-0.47333019971847534,SimCLR IY017-inst b512 D16 154043,PCA
Rtg1 @ 0.01% glucose,3,test,Rtg1,0.01% glucose,-1.7170354127883911,1.0330922603607178,SimCLR IY017-inst b512 D16 154043,PCA
Rtg1 @ 0.1% glucose,4,test,Rtg1,0.1% glucose,-1.105929970741272,-1.3005084991455078,SimCLR IY017-inst b512 D16 154043,PCA
Rtg1 @ 0.01% glucose,3,test,Rtg1,0.01% glucose,-3.070300579071045,-0.6954239010810852,SimCLR IY017-inst b512 D16 154043,PCA
Rtg1 @ 0.1% glucose,4,test,Rtg1,0.1% glucose,-0.8096838593482971,0.15573650598526,SimCLR IY017-inst b512 D16 154043,PCA
Rtg1 @ 0.1% glucose,4,test,Rtg1,0.1% glucose,-1.0563069581985474,-2.4729950428009033,SimCLR IY017-inst b512 D16 154043,PCA
Nrg1 @ 0.01% glucose,0,test,Nrg1,0.01% glucose,0.5452064871788025,-0.990240752696991,SimCLR IY017-inst b512 D16 154043,PCA
Nrg1 @ 0.1% glucose,1,test,Nrg1,0.1% glucose,4.447110176086426,1.3719391822814941,SimCLR IY017-inst b512 D16 154043,PCA
Nrg1 @ 0.01% glucose,0,test,Nrg1,0.01% glucose,0.87568199634552,-0.8646578192710876,SimCLR IY017-inst b512 D16 154043,PCA
Rtg1 @ 2% glucose (mock/steady),5,test,Rtg1,2% glucose (mock/steady),-2.255619525909424,-0.9996607303619385,SimCLR IY017-inst b512 D16 154043,PCA
Rtg1 @ 2% glucose (mock/steady),5,test,Rtg1,2% glucose (mock/steady),-3.30145263671875,1.0433772802352905,SimCLR IY017-inst b512 D16 154043,PCA
Rtg1 @ 0.01% glucose,3,test,Rtg1,0.01% glucose,-3.090754508972168,-1.4253379106521606,SimCLR IY017-inst b512 D16 154043,PCA
Nrg1 @ 0.01% glucose,0,test,Nrg1,0.01% glucose,-0.4055714011192322,-2.9430630207061768,SimCLR IY017-inst b512 D16 154043,PCA
Rtg1 @ 2% glucose (mock/steady),5,test,Rtg1,2% glucose (mock/steady),-1.985263705253601,-1.115193486213684,SimCLR IY017-inst b512 D16 154043,PCA
Nrg1 @ 2% glucose (mock/steady),2,test,Nrg1,2% glucose (mock/steady),3.040785789489746,0.7677798867225647,SimCLR IY017-inst b512 D16 154043,PCA
Rtg1 @ 2% glucose (mock/steady),5,test,Rtg1,2% glucose (mock/steady),-1.459416389465332,-1.1194803714752197,SimCLR IY017-inst b512 D16 154043,PCA
Rtg1 @ 0.01% glucose,3,test,Rtg1,0.01% glucose,-7.202431678771973,5.704289436340332,SimCLR IY017-inst b512 D16 154043,PCA
Rtg1 @ 0.01% glucose,3,test,Rtg1,0.01% glucose,-5.068234920501709,2.8675405979156494,SimCLR IY017-inst b512 D16 154043,PCA
Rtg1 @ 0.1% glucose,4,test,Rtg1,0.1% glucose,-1.222479224205017,-0.6169576048851013,SimCLR IY017-inst b512 D16 154043,PCA
Rtg1 @ 0.01% glucose,3,test,Rtg1,0.01% glucose,-3.6552112102508545,0.7792140245437622,SimCLR IY017-inst b512 D16 154043,PCA
Rtg1 @ 0.01% glucose,3,test,Rtg1,0.01% glucose,-5.444405555725098,2.4148802757263184,SimCLR IY017-inst b512 D16 154043,PCA
Nrg1 @ 0.1% glucose,1,test,Nrg1,0.1% glucose,3.5065524578094482,1.1097338199615479,SimCLR IY017-inst b512 D16 154043,PCA
Rtg1 @ 0.1% glucose,4,test,Rtg1,0.1% glucose,-3.4648184776306152,0.3988092243671417,SimCLR IY017-inst b512 D16 154043,PCA
Nrg1 @ 0.1% glucose,1,test,Nrg1,0.1% glucose,4.3613691329956055,2.052994966506958,SimCLR IY017-inst b512 D16 154043,PCA
Nrg1 @ 2% glucose (mock/steady),2,test,Nrg1,2% glucose (mock/steady),1.17159104347229,-1.2216116189956665,SimCLR IY017-inst b512 D16 154043,PCA
Rtg1 @ 0.1% glucose,4,test,Rtg1,0.1% glucose,-1.5801969766616821,-1.757251501083374,SimCLR IY017-inst b512 D16 154043,PCA
Rtg1 @ 0.01% glucose,3,test,Rtg1,0.01% glucose,-4.684496879577637,3.131159543991089,SimCLR IY017-inst b512 D16 154043,PCA
Nrg1 @ 2% glucose (mock/steady),2,test,Nrg1,2% glucose (mock/steady),2.6240155696868896,0.9098578095436096,SimCLR IY017-inst b512 D16 154043,PCA
Nrg1 @ 2% glucose (mock/steady),2,test,Nrg1,2% glucose (mock/steady),3.535696268081665,1.020117163658142,SimCLR IY017-inst b512 D16 154043,PCA
Nrg1 @ 0.01% glucose,0,test,Nrg1,0.01% glucose,-0.12706494331359863,-0.5977525115013123,SimCLR IY017-inst b512 D16 154043,PCA
Nrg1 @ 0.01% glucose,0,test,Nrg1,0.01% glucose,0.9795655608177185,-1.6425142288208008,SimCLR IY017-inst b512 D16 154043,PCA
Nrg1 @ 0.01% glucose,0,test,Nrg1,0.01% glucose,0.3669775426387787,-1.2722899913787842,SimCLR IY017-inst b512 D16 154043,PCA
Rtg1 @ 0.1% glucose,4,test,Rtg1,0.1% glucose,-0.858788013458252,-0.8289673328399658,SimCLR IY017-inst b512 D16 154043,PCA
Nrg1 @ 0.1% glucose,1,test,Nrg1,0.1% glucose,2.5716018676757812,0.019847149029374123,SimCLR IY017-inst b512 D16 154043,PCA
Nrg1 @ 0.1% glucose,1,test,Nrg1,0.1% glucose,4.876612186431885,1.9752360582351685,SimCLR IY017-inst b512 D16 154043,PCA
Rtg1 @ 0.1% glucose,4,train,Rtg1,0.1% glucose,-7.9477057456970215,1.289968729019165,SimCLR IY017-inst b512 D16 154043,t-SNE
Nrg1 @ 0.1% glucose,1,train,Nrg1,0.1% glucose,40.49800491333008,4.407609462738037,SimCLR IY017-inst b512 D16 154043,t-SNE
Nrg1 @ 0.01% glucose,0,train,Nrg1,0.01% glucose,6.7412495613098145,0.7053053379058838,SimCLR IY017-inst b512 D16 154043,t-SNE
Nrg1 @ 0.01% glucose,0,train,Nrg1,0.01% glucose,18.101037979125977,3.5311472415924072,SimCLR IY017-inst b512 D16 154043,t-SNE
Nrg1 @ 0.1% glucose,1,train,Nrg1,0.1% glucose,37.01874542236328,4.591430187225342,SimCLR IY017-inst b512 D16 154043,t-SNE
Rtg1 @ 2% glucose (mock/steady),5,train,Rtg1,2% glucose (mock/steady),-22.378204345703125,-1.4795804023742676,SimCLR IY017-inst b512 D16 154043,t-SNE
Nrg1 @ 0.01% glucose,0,train,Nrg1,0.01% glucose,1.556734323501587,-6.192406177520752,SimCLR IY017-inst b512 D16 154043,t-SNE
Rtg1 @ 0.01% glucose,3,train,Rtg1,0.01% glucose,-26.711233139038086,-5.646653652191162,SimCLR IY017-inst b512 D16 154043,t-SNE
Nrg1 @ 2% glucose (mock/steady),2,train,Nrg1,2% glucose (mock/steady),26.8448429107666,1.038413166999817,SimCLR IY017-inst b512 D16 154043,t-SNE
Nrg1 @ 2% glucose (mock/steady),2,train,Nrg1,2% glucose (mock/steady),18.050561904907227,3.150801181793213,SimCLR IY017-inst b512 D16 154043,t-SNE
Rtg1 @ 0.1% glucose,4,train,Rtg1,0.1% glucose,-8.266441345214844,-10.92566967010498,SimCLR IY017-inst b512 D16 154043,t-SNE
Rtg1 @ 0.1% glucose,4,train,Rtg1,0.1% glucose,-12.056363105773926,-8.36468505859375,SimCLR IY017-inst b512 D16 154043,t-SNE
Rtg1 @ 0.1% glucose,4,train,Rtg1,0.1% glucose,-6.143226146697998,-6.237328052520752,SimCLR IY017-inst b512 D16 154043,t-SNE
Nrg1 @ 0.1% glucose,1,train,Nrg1,0.1% glucose,39.17264175415039,0.8015454411506653,SimCLR IY017-inst b512 D16 154043,t-SNE
Rtg1 @ 2% glucose (mock/steady),5,train,Rtg1,2% glucose (mock/steady),-19.226909637451172,-10.35422420501709,SimCLR IY017-inst b512 D16 154043,t-SNE
Rtg1 @ 0.01% glucose,3,train,Rtg1,0.01% glucose,-19.842496871948242,-12.819944381713867,SimCLR IY017-inst b512 D16 154043,t-SNE
Nrg1 @ 0.01% glucose,0,train,Nrg1,0.01% glucose,5.611731052398682,1.0832650661468506,SimCLR IY017-inst b512 D16 154043,t-SNE
Nrg1 @ 2% glucose (mock/steady),2,train,Nrg1,2% glucose (mock/steady),30.984703063964844,-1.7484712600708008,SimCLR IY017-inst b512 D16 154043,t-SNE
Nrg1 @ 0.1% glucose,1,train,Nrg1,0.1% glucose,30.002134323120117,1.8063616752624512,SimCLR IY017-inst b512 D16 154043,t-SNE
Nrg1 @ 0.1% glucose,1,train,Nrg1,0.1% glucose,37.949501037597656,10.29006576538086,SimCLR IY017-inst b512 D16 154043,t-SNE
Rtg1 @ 2% glucose (mock/steady),5,train,Rtg1,2% glucose (mock/steady),-11.107242584228516,-10.9621000289917,SimCLR IY017-inst b512 D16 154043,t-SNE
Rtg1 @ 0.01% glucose,3,train,Rtg1,0.01% glucose,-13.223371505737305,-10.706424713134766,SimCLR IY017-inst b512 D16 154043,t-SNE
Rtg1 @ 0.01% glucose,3,train,Rtg1,0.01% glucose,-40.922096252441406,-1.8643608093261719,SimCLR IY017-inst b512 D16 154043,t-SNE
Rtg1 @ 0.01% glucose,3,train,Rtg1,0.01% glucose,-29.34901237487793,1.2674853801727295,SimCLR IY017-inst b512 D16 154043,t-SNE
Nrg1 @ 2% glucose (mock/steady),2,train,Nrg1,2% glucose (mock/steady),38.039215087890625,6.554401874542236,SimCLR IY017-inst b512 D16 154043,t-SNE
Rtg1 @ 0.1% glucose,4,train,Rtg1,0.1% glucose,-5.575575828552246,-8.911225318908691,SimCLR IY017-inst b512 D16 154043,t-SNE
Nrg1 @ 0.1% glucose,1,train,Nrg1,0.1% glucose,40.07515335083008,-2.673931837081909,SimCLR IY017-inst b512 D16 154043,t-SNE
Rtg1 @ 0.1% glucose,4,train,Rtg1,0.1% glucose,-9.795771598815918,-0.6528633832931519,SimCLR IY017-inst b512 D16 154043,t-SNE
Nrg1 @ 2% glucose (mock/steady),2,train,Nrg1,2% glucose (mock/steady),20.150239944458008,1.1526682376861572,SimCLR IY017-inst b512 D16 154043,t-SNE
Rtg1 @ 2% glucose (mock/steady),5,train,Rtg1,2% glucose (mock/steady),-26.924760818481445,-2.275404691696167,SimCLR IY017-inst b512 D16 154043,t-SNE
Nrg1 @ 0.1% glucose,1,train,Nrg1,0.1% glucose,24.594980239868164,7.304060459136963,SimCLR IY017-inst b512 D16 154043,t-SNE
Nrg1 @ 0.1% glucose,1,train,Nrg1,0.1% glucose,26.619190216064453,2.8044779300689697,SimCLR IY017-inst b512 D16 154043,t-SNE
Nrg1 @ 2% glucose (mock/steady),2,train,Nrg1,2% glucose (mock/steady),19.417781829833984,-1.0556670427322388,SimCLR IY017-inst b512 D16 154043,t-SNE
Nrg1 @ 0.1% glucose,1,train,Nrg1,0.1% glucose,38.14005661010742,7.807767868041992,SimCLR IY017-inst b512 D16 154043,t-SNE
Rtg1 @ 0.1% glucose,4,train,Rtg1,0.1% glucose,-4.584700584411621,-10.358198165893555,SimCLR IY017-inst b512 D16 154043,t-SNE
Nrg1 @ 0.1% glucose,1,train,Nrg1,0.1% glucose,40.23664474487305,0.2924525737762451,SimCLR IY017-inst b512 D16 154043,t-SNE
Rtg1 @ 2% glucose (mock/steady),5,train,Rtg1,2% glucose (mock/steady),-8.962127685546875,-3.3780956268310547,SimCLR IY017-inst b512 D16 154043,t-SNE
Rtg1 @ 2% glucose (mock/steady),5,train,Rtg1,2% glucose (mock/steady),-33.2391357421875,-1.3581087589263916,SimCLR IY017-inst b512 D16 154043,t-SNE
Rtg1 @ 0.01% glucose,3,train,Rtg1,0.01% glucose,-32.616912841796875,4.222619533538818,SimCLR IY017-inst b512 D16 154043,t-SNE
Nrg1 @ 0.1% glucose,1,train,Nrg1,0.1% glucose,15.488045692443848,-0.016558166593313217,SimCLR IY017-inst b512 D16 154043,t-SNE
Rtg1 @ 2% glucose (mock/steady),5,train,Rtg1,2% glucose (mock/steady),-17.293197631835938,-3.5026261806488037,SimCLR IY017-inst b512 D16 154043,t-SNE
Rtg1 @ 2% glucose (mock/steady),5,train,Rtg1,2% glucose (mock/steady),-11.643129348754883,-9.574686050415039,SimCLR IY017-inst b512 D16 154043,t-SNE
Nrg1 @ 0.1% glucose,1,train,Nrg1,0.1% glucose,34.160701751708984,-1.9892593622207642,SimCLR IY017-inst b512 D16 154043,t-SNE
Rtg1 @ 2% glucose (mock/steady),5,train,Rtg1,2% glucose (mock/steady),-23.499311447143555,0.48252806067466736,SimCLR IY017-inst b512 D16 154043,t-SNE
Rtg1 @ 0.01% glucose,3,train,Rtg1,0.01% glucose,-32.70182800292969,0.7755805850028992,SimCLR IY017-inst b512 D16 154043,t-SNE
Rtg1 @ 0.1% glucose,4,train,Rtg1,0.1% glucose,-9.20388412475586,0.41917911171913147,SimCLR IY017-inst b512 D16 154043,t-SNE
Nrg1 @ 0.01% glucose,0,train,Nrg1,0.01% glucose,5.108285427093506,3.3928842544555664,SimCLR IY017-inst b512 D16 154043,t-SNE
Rtg1 @ 2% glucose (mock/steady),5,train,Rtg1,2% glucose (mock/steady),-10.402176856994629,-11.568642616271973,SimCLR IY017-inst b512 D16 154043,t-SNE
Nrg1 @ 2% glucose (mock/steady),2,train,Nrg1,2% glucose (mock/steady),33.087459564208984,-0.6208159327507019,SimCLR IY017-inst b512 D16 154043,t-SNE
Nrg1 @ 2% glucose (mock/steady),2,train,Nrg1,2% glucose (mock/steady),5.876902103424072,-6.311938762664795,SimCLR IY017-inst b512 D16 154043,t-SNE
Rtg1 @ 0.1% glucose,4,train,Rtg1,0.1% glucose,-10.217912673950195,2.2208564281463623,SimCLR IY017-inst b512 D16 154043,t-SNE
Nrg1 @ 2% glucose (mock/steady),2,train,Nrg1,2% glucose (mock/steady),20.839113235473633,0.871405839920044,SimCLR IY017-inst b512 D16 154043,t-SNE
Nrg1 @ 0.01% glucose,0,train,Nrg1,0.01% glucose,5.6721930503845215,-3.7846813201904297,SimCLR IY017-inst b512 D16 154043,t-SNE
Nrg1 @ 2% glucose (mock/steady),2,train,Nrg1,2% glucose (mock/steady),6.755677223205566,-6.896353244781494,SimCLR IY017-inst b512 D16 154043,t-SNE
Nrg1 @ 2% glucose (mock/steady),2,train,Nrg1,2% glucose (mock/steady),21.967897415161133,5.247339725494385,SimCLR IY017-inst b512 D16 154043,t-SNE
Nrg1 @ 2% glucose (mock/steady),2,train,Nrg1,2% glucose (mock/steady),30.491043090820312,3.7375359535217285,SimCLR IY017-inst b512 D16 154043,t-SNE
Nrg1 @ 0.1% glucose,1,train,Nrg1,0.1% glucose,18.542245864868164,5.649320125579834,SimCLR IY017-inst b512 D16 154043,t-SNE
Rtg1 @ 0.01% glucose,3,train,Rtg1,0.01% glucose,-28.524499893188477,5.790245532989502,SimCLR IY017-inst b512 D16 154043,t-SNE
Rtg1 @ 0.1% glucose,4,train,Rtg1,0.1% glucose,-29.42034149169922,-0.671561598777771,SimCLR IY017-inst b512 D16 154043,t-SNE
Nrg1 @ 0.01% glucose,0,train,Nrg1,0.01% glucose,33.32402038574219,5.602602005004883,SimCLR IY017-inst b512 D16 154043,t-SNE
Nrg1 @ 0.1% glucose,1,train,Nrg1,0.1% glucose,29.271183013916016,3.5484414100646973,SimCLR IY017-inst b512 D16 154043,t-SNE
Nrg1 @ 0.1% glucose,1,train,Nrg1,0.1% glucose,17.3641300201416,5.356091022491455,SimCLR IY017-inst b512 D16 154043,t-SNE
Nrg1 @ 0.1% glucose,1,train,Nrg1,0.1% glucose,38.72846984863281,9.117794036865234,SimCLR IY017-inst b512 D16 154043,t-SNE
Nrg1 @ 0.01% glucose,0,train,Nrg1,0.01% glucose,7.167415142059326,-3.3493595123291016,SimCLR IY017-inst b512 D16 154043,t-SNE
Nrg1 @ 2% glucose (mock/steady),2,train,Nrg1,2% glucose (mock/steady),37.49802017211914,-3.0672714710235596,SimCLR IY017-inst b512 D16 154043,t-SNE
Rtg1 @ 0.01% glucose,3,train,Rtg1,0.01% glucose,-33.30913162231445,-0.8684867024421692,SimCLR IY017-inst b512 D16 154043,t-SNE
Nrg1 @ 2% glucose (mock/steady),2,train,Nrg1,2% glucose (mock/steady),24.010482788085938,8.235133171081543,SimCLR IY017-inst b512 D16 154043,t-SNE
Rtg1 @ 2% glucose (mock/steady),5,train,Rtg1,2% glucose (mock/steady),-22.070720672607422,-0.11932805180549622,SimCLR IY017-inst b512 D16 154043,t-SNE
Rtg1 @ 0.1% glucose,4,train,Rtg1,0.1% glucose,-15.089540481567383,-3.1656153202056885,SimCLR IY017-inst b512 D16 154043,t-SNE
Nrg1 @ 2% glucose (mock/steady),2,train,Nrg1,2% glucose (mock/steady),35.3655891418457,2.078625440597534,SimCLR IY017-inst b512 D16 154043,t-SNE
Rtg1 @ 2% glucose (mock/steady),5,train,Rtg1,2% glucose (mock/steady),-16.590402603149414,-1.1524267196655273,SimCLR IY017-inst b512 D16 154043,t-SNE
Rtg1 @ 2% glucose (mock/steady),5,train,Rtg1,2% glucose (mock/steady),-8.55346393585205,-10.594340324401855,SimCLR IY017-inst b512 D16 154043,t-SNE
Rtg1 @ 0.01% glucose,3,train,Rtg1,0.01% glucose,-32.6401252746582,2.0786354541778564,SimCLR IY017-inst b512 D16 154043,t-SNE
Nrg1 @ 0.01% glucose,0,train,Nrg1,0.01% glucose,10.727036476135254,4.608078956604004,SimCLR IY017-inst b512 D16 154043,t-SNE
Rtg1 @ 0.01% glucose,3,train,Rtg1,0.01% glucose,-18.107614517211914,1.5370882749557495,SimCLR IY017-inst b512 D16 154043,t-SNE
Nrg1 @ 2% glucose (mock/steady),2,train,Nrg1,2% glucose (mock/steady),39.07657241821289,1.9481935501098633,SimCLR IY017-inst b512 D16 154043,t-SNE
Nrg1 @ 0.1% glucose,1,train,Nrg1,0.1% glucose,37.95083236694336,9.774309158325195,SimCLR IY017-inst b512 D16 154043,t-SNE
Rtg1 @ 0.01% glucose,3,train,Rtg1,0.01% glucose,-35.09286117553711,-0.44688546657562256,SimCLR IY017-inst b512 D16 154043,t-SNE
Rtg1 @ 0.01% glucose,3,train,Rtg1,0.01% glucose,-31.84433937072754,-0.35411232709884644,SimCLR IY017-inst b512 D16 154043,t-SNE
Nrg1 @ 0.1% glucose,1,train,Nrg1,0.1% glucose,26.70380401611328,8.598691940307617,SimCLR IY017-inst b512 D16 154043,t-SNE
Nrg1 @ 0.01% glucose,0,train,Nrg1,0.01% glucose,4.312714099884033,-5.123897075653076,SimCLR IY017-inst b512 D16 154043,t-SNE
Nrg1 @ 0.01% glucose,0,train,Nrg1,0.01% glucose,8.348328590393066,1.2280786037445068,SimCLR IY017-inst b512 D16 154043,t-SNE
Nrg1 @ 2% glucose (mock/steady),2,train,Nrg1,2% glucose (mock/steady),30.947723388671875,4.569051265716553,SimCLR IY017-inst b512 D16 154043,t-SNE
Rtg1 @ 2% glucose (mock/steady),5,train,Rtg1,2% glucose (mock/steady),-7.889703750610352,2.52163028717041,SimCLR IY017-inst b512 D16 154043,t-SNE
Rtg1 @ 2% glucose (mock/steady),5,train,Rtg1,2% glucose (mock/steady),-7.796004295349121,-12.552203178405762,SimCLR IY017-inst b512 D16 154043,t-SNE
Nrg1 @ 2% glucose (mock/steady),2,train,Nrg1,2% glucose (mock/steady),31.01333236694336,7.711009979248047,SimCLR IY017-inst b512 D16 154043,t-SNE
Rtg1 @ 0.1% glucose,4,train,Rtg1,0.1% glucose,-5.68802547454834,3.1185104846954346,SimCLR IY017-inst b512 D16 154043,t-SNE
Nrg1 @ 0.01% glucose,0,train,Nrg1,0.01% glucose,-3.1821253299713135,-11.895462989807129,SimCLR IY017-inst b512 D16 154043,t-SNE
Nrg1 @ 0.1% glucose,1,train,Nrg1,0.1% glucose,25.85822105407715,0.8544433116912842,SimCLR IY017-inst b512 D16 154043,t-SNE
Nrg1 @ 0.1% glucose,1,train,Nrg1,0.1% glucose,32.999385833740234,7.003900051116943,SimCLR IY017-inst b512 D16 154043,t-SNE
Nrg1 @ 0.1% glucose,1,train,Nrg1,0.1% glucose,38.36262512207031,0.8060682415962219,SimCLR IY017-inst b512 D16 154043,t-SNE
Nrg1 @ 0.1% glucose,1,train,Nrg1,0.1% glucose,32.50030517578125,-1.0829635858535767,SimCLR IY017-inst b512 D16 154043,t-SNE
Nrg1 @ 0.01% glucose,0,train,Nrg1,0.01% glucose,3.767605781555176,-6.5626606941223145,SimCLR IY017-inst b512 D16 154043,t-SNE
Rtg1 @ 0.01% glucose,3,train,Rtg1,0.01% glucose,-14.086664199829102,-2.105815887451172,SimCLR IY017-inst b512 D16 154043,t-SNE
Rtg1 @ 0.01% glucose,3,train,Rtg1,0.01% glucose,-27.2522029876709,-5.317066669464111,SimCLR IY017-inst b512 D16 154043,t-SNE
Rtg1 @ 0.01% glucose,3,train,Rtg1,0.01% glucose,-31.007680892944336,-1.8670839071273804,SimCLR IY017-inst b512 D16 154043,t-SNE
Rtg1 @ 0.1% glucose,4,train,Rtg1,0.1% glucose,-8.26496696472168,-8.457575798034668,SimCLR IY017-inst b512 D16 154043,t-SNE
Rtg1 @ 0.1% glucose,4,train,Rtg1,0.1% glucose,-10.450722694396973,-1.114831566810608,SimCLR IY017-inst b512 D16 154043,t-SNE
Rtg1 @ 2% glucose (mock/steady),5,train,Rtg1,2% glucose (mock/steady),-22.96558380126953,-0.4435802698135376,SimCLR IY017-inst b512 D16 154043,t-SNE
Rtg1 @ 0.1% glucose,4,train,Rtg1,0.1% glucose,-23.42070770263672,-1.2129510641098022,SimCLR IY017-inst b512 D16 154043,t-SNE
Nrg1 @ 2% glucose (mock/steady),2,train,Nrg1,2% glucose (mock/steady),19.910526275634766,1.4643454551696777,SimCLR IY017-inst b512 D16 154043,t-SNE
Rtg1 @ 0.1% glucose,4,train,Rtg1,0.1% glucose,-6.298246383666992,3.8021786212921143,SimCLR IY017-inst b512 D16 154043,t-SNE
Rtg1 @ 2% glucose (mock/steady),5,train,Rtg1,2% glucose (mock/steady),-25.837278366088867,-2.5927908420562744,SimCLR IY017-inst b512 D16 154043,t-SNE
Rtg1 @ 0.1% glucose,4,train,Rtg1,0.1% glucose,-25.81536865234375,7.702191352844238,SimCLR IY017-inst b512 D16 154043,t-SNE
Nrg1 @ 0.1% glucose,1,train,Nrg1,0.1% glucose,33.506038665771484,8.942829132080078,SimCLR IY017-inst b512 D16 154043,t-SNE
Nrg1 @ 2% glucose (mock/steady),2,train,Nrg1,2% glucose (mock/steady),38.56037902832031,0.12187955528497696,SimCLR IY017-inst b512 D16 154043,t-SNE
Nrg1 @ 0.01% glucose,0,train,Nrg1,0.01% glucose,4.092990875244141,-6.6079936027526855,SimCLR IY017-inst b512 D16 154043,t-SNE
Nrg1 @ 0.01% glucose,0,train,Nrg1,0.01% glucose,4.433981895446777,0.6644564867019653,SimCLR IY017-inst b512 D16 154043,t-SNE
Nrg1 @ 0.01% glucose,0,train,Nrg1,0.01% glucose,4.15969181060791,4.07144832611084,SimCLR IY017-inst b512 D16 154043,t-SNE
Nrg1 @ 2% glucose (mock/steady),2,train,Nrg1,2% glucose (mock/steady),32.28807830810547,7.655603408813477,SimCLR IY017-inst b512 D16 154043,t-SNE
Rtg1 @ 0.1% glucose,4,train,Rtg1,0.1% glucose,-12.793736457824707,5.736011505126953,SimCLR IY017-inst b512 D16 154043,t-SNE
Rtg1 @ 0.01% glucose,3,train,Rtg1,0.01% glucose,-39.8475227355957,-1.604405164718628,SimCLR IY017-inst b512 D16 154043,t-SNE
Nrg1 @ 0.1% glucose,1,train,Nrg1,0.1% glucose,41.38286590576172,0.7577697038650513,SimCLR IY017-inst b512 D16 154043,t-SNE
Rtg1 @ 2% glucose (mock/steady),5,train,Rtg1,2% glucose (mock/steady),-16.09279441833496,-9.3571195602417,SimCLR IY017-inst b512 D16 154043,t-SNE
Nrg1 @ 0.1% glucose,1,train,Nrg1,0.1% glucose,13.19100284576416,1.310479998588562,SimCLR IY017-inst b512 D16 154043,t-SNE
Nrg1 @ 0.1% glucose,1,train,Nrg1,0.1% glucose,41.94886779785156,-0.7593629956245422,SimCLR IY017-inst b512 D16 154043,t-SNE
Rtg1 @ 2% glucose (mock/steady),5,train,Rtg1,2% glucose (mock/steady),-23.477346420288086,5.727084159851074,SimCLR IY017-inst b512 D16 154043,t-SNE
Nrg1 @ 0.01% glucose,0,train,Nrg1,0.01% glucose,2.8663737773895264,-5.606728553771973,SimCLR IY017-inst b512 D16 154043,t-SNE
Rtg1 @ 0.01% glucose,3,train,Rtg1,0.01% glucose,-27.23177719116211,-3.8509063720703125,SimCLR IY017-inst b512 D16 154043,t-SNE
Nrg1 @ 0.1% glucose,1,train,Nrg1,0.1% glucose,41.625553131103516,4.126686096191406,SimCLR IY017-inst b512 D16 154043,t-SNE
Nrg1 @ 0.01% glucose,0,train,Nrg1,0.01% glucose,12.069754600524902,4.401304244995117,SimCLR IY017-inst b512 D16 154043,t-SNE
Nrg1 @ 0.01% glucose,0,train,Nrg1,0.01% glucose,3.407245635986328,-4.851147174835205,SimCLR IY017-inst b512 D16 154043,t-SNE
Nrg1 @ 0.1% glucose,1,train,Nrg1,0.1% glucose,31.93212890625,1.4546620845794678,SimCLR IY017-inst b512 D16 154043,t-SNE
Nrg1 @ 0.01% glucose,0,train,Nrg1,0.01% glucose,3.5305206775665283,-4.145789623260498,SimCLR IY017-inst b512 D16 154043,t-SNE
Rtg1 @ 2% glucose (mock/steady),5,train,Rtg1,2% glucose (mock/steady),-12.806968688964844,4.400737762451172,SimCLR IY017-inst b512 D16 154043,t-SNE
Nrg1 @ 0.1% glucose,1,train,Nrg1,0.1% glucose,38.97659683227539,-1.1670912504196167,SimCLR IY017-inst b512 D16 154043,t-SNE
Rtg1 @ 2% glucose (mock/steady),5,train,Rtg1,2% glucose (mock/steady),-16.712404251098633,-4.358558654785156,SimCLR IY017-inst b512 D16 154043,t-SNE
Nrg1 @ 0.01% glucose,0,train,Nrg1,0.01% glucose,11.998202323913574,6.840696811676025,SimCLR IY017-inst b512 D16 154043,t-SNE
Rtg1 @ 0.01% glucose,3,train,Rtg1,0.01% glucose,-38.73826599121094,-0.27463412284851074,SimCLR IY017-inst b512 D16 154043,t-SNE
Rtg1 @ 0.1% glucose,4,train,Rtg1,0.1% glucose,-5.329567909240723,-10.072343826293945,SimCLR IY017-inst b512 D16 154043,t-SNE
Rtg1 @ 2% glucose (mock/steady),5,train,Rtg1,2% glucose (mock/steady),-29.18366241455078,-1.131435513496399,SimCLR IY017-inst b512 D16 154043,t-SNE
Nrg1 @ 0.1% glucose,1,train,Nrg1,0.1% glucose,29.758691787719727,5.406656265258789,SimCLR IY017-inst b512 D16 154043,t-SNE
Rtg1 @ 0.1% glucose,4,train,Rtg1,0.1% glucose,-6.993076801300049,4.808340072631836,SimCLR IY017-inst b512 D16 154043,t-SNE
Rtg1 @ 2% glucose (mock/steady),5,train,Rtg1,2% glucose (mock/steady),-9.700014114379883,5.96988582611084,SimCLR IY017-inst b512 D16 154043,t-SNE
Nrg1 @ 0.01% glucose,0,train,Nrg1,0.01% glucose,1.472778081893921,-7.295034408569336,SimCLR IY017-inst b512 D16 154043,t-SNE
Rtg1 @ 0.01% glucose,3,train,Rtg1,0.01% glucose,-34.073917388916016,3.446915864944458,SimCLR IY017-inst b512 D16 154043,t-SNE
Rtg1 @ 2% glucose (mock/steady),5,train,Rtg1,2% glucose (mock/steady),-10.305096626281738,-9.759434700012207,SimCLR IY017-inst b512 D16 154043,t-SNE
Nrg1 @ 2% glucose (mock/steady),2,train,Nrg1,2% glucose (mock/steady),12.880850791931152,3.4513540267944336,SimCLR IY017-inst b512 D16 154043,t-SNE
Rtg1 @ 2% glucose (mock/steady),5,train,Rtg1,2% glucose (mock/steady),-25.800506591796875,-0.562627911567688,SimCLR IY017-inst b512 D16 154043,t-SNE
Nrg1 @ 0.1% glucose,1,train,Nrg1,0.1% glucose,34.572486877441406,6.079462051391602,SimCLR IY017-inst b512 D16 154043,t-SNE
Rtg1 @ 2% glucose (mock/steady),5,train,Rtg1,2% glucose (mock/steady),-14.596418380737305,-5.539034843444824,SimCLR IY017-inst b512 D16 154043,t-SNE
Rtg1 @ 2% glucose (mock/steady),5,train,Rtg1,2% glucose (mock/steady),-9.107993125915527,-2.395620822906494,SimCLR IY017-inst b512 D16 154043,t-SNE
Nrg1 @ 0.01% glucose,0,train,Nrg1,0.01% glucose,11.758942604064941,7.021448612213135,SimCLR IY017-inst b512 D16 154043,t-SNE
Rtg1 @ 0.1% glucose,4,train,Rtg1,0.1% glucose,-6.251340389251709,3.2456867694854736,SimCLR IY017-inst b512 D16 154043,t-SNE
Rtg1 @ 0.1% glucose,4,train,Rtg1,0.1% glucose,-14.351197242736816,2.66632080078125,SimCLR IY017-inst b512 D16 154043,t-SNE
Nrg1 @ 0.01% glucose,0,train,Nrg1,0.01% glucose,9.480123519897461,6.654874801635742,SimCLR IY017-inst b512 D16 154043,t-SNE
Rtg1 @ 2% glucose (mock/steady),5,train,Rtg1,2% glucose (mock/steady),-16.63899040222168,-8.696063995361328,SimCLR IY017-inst b512 D16 154043,t-SNE
Nrg1 @ 0.01% glucose,0,train,Nrg1,0.01% glucose,11.947693824768066,3.199971914291382,SimCLR IY017-inst b512 D16 154043,t-SNE
Nrg1 @ 0.01% glucose,0,train,Nrg1,0.01% glucose,6.178012847900391,0.3000832796096802,SimCLR IY017-inst b512 D16 154043,t-SNE
Rtg1 @ 0.01% glucose,3,train,Rtg1,0.01% glucose,-30.492725372314453,3.910756826400757,SimCLR IY017-inst b512 D16 154043,t-SNE
Rtg1 @ 0.01% glucose,3,train,Rtg1,0.01% glucose,-36.38987731933594,-0.6673800945281982,SimCLR IY017-inst b512 D16 154043,t-SNE
Rtg1 @ 0.01% glucose,3,train,Rtg1,0.01% glucose,-19.710359573364258,-11.948086738586426,SimCLR IY017-inst b512 D16 154043,t-SNE
Rtg1 @ 2% glucose (mock/steady),5,train,Rtg1,2% glucose (mock/steady),-25.051250457763672,-2.234973669052124,SimCLR IY017-inst b512 D16 154043,t-SNE
Nrg1 @ 0.01% glucose,0,train,Nrg1,0.01% glucose,6.439712047576904,1.5671043395996094,SimCLR IY017-inst b512 D16 154043,t-SNE
Rtg1 @ 0.01% glucose,3,train,Rtg1,0.01% glucose,-33.03007888793945,2.711812734603882,SimCLR IY017-inst b512 D16 154043,t-SNE
Rtg1 @ 0.1% glucose,4,train,Rtg1,0.1% glucose,-7.476362228393555,-13.118002891540527,SimCLR IY017-inst b512 D16 154043,t-SNE
Nrg1 @ 0.1% glucose,1,train,Nrg1,0.1% glucose,35.2333869934082,0.567955732345581,SimCLR IY017-inst b512 D16 154043,t-SNE
Rtg1 @ 2% glucose (mock/steady),5,train,Rtg1,2% glucose (mock/steady),-30.25824737548828,5.929080963134766,SimCLR IY017-inst b512 D16 154043,t-SNE
Rtg1 @ 0.1% glucose,4,train,Rtg1,0.1% glucose,-10.905672073364258,3.297318696975708,SimCLR IY017-inst b512 D16 154043,t-SNE
Rtg1 @ 2% glucose (mock/steady),5,train,Rtg1,2% glucose (mock/steady),-16.9716796875,-2.6991188526153564,SimCLR IY017-inst b512 D16 154043,t-SNE
Rtg1 @ 0.1% glucose,4,train,Rtg1,0.1% glucose,-21.078327178955078,2.9245264530181885,SimCLR IY017-inst b512 D16 154043,t-SNE
Nrg1 @ 0.01% glucose,0,train,Nrg1,0.01% glucose,4.306939601898193,-1.4839181900024414,SimCLR IY017-inst b512 D16 154043,t-SNE
Nrg1 @ 2% glucose (mock/steady),2,train,Nrg1,2% glucose (mock/steady),15.28451919555664,3.1527462005615234,SimCLR IY017-inst b512 D16 154043,t-SNE
Nrg1 @ 0.01% glucose,0,train,Nrg1,0.01% glucose,2.536210060119629,-6.557926177978516,SimCLR IY017-inst b512 D16 154043,t-SNE
Rtg1 @ 0.1% glucose,4,train,Rtg1,0.1% glucose,-12.019366264343262,2.576831102371216,SimCLR IY017-inst b512 D16 154043,t-SNE
Rtg1 @ 0.01% glucose,3,train,Rtg1,0.01% glucose,-30.66273307800293,-3.497793674468994,SimCLR IY017-inst b512 D16 154043,t-SNE
Rtg1 @ 0.01% glucose,3,train,Rtg1,0.01% glucose,-37.86857604980469,-1.7188458442687988,SimCLR IY017-inst b512 D16 154043,t-SNE
Nrg1 @ 2% glucose (mock/steady),2,train,Nrg1,2% glucose (mock/steady),20.662622451782227,-0.5780888199806213,SimCLR IY017-inst b512 D16 154043,t-SNE
Nrg1 @ 0.01% glucose,0,train,Nrg1,0.01% glucose,-2.480881690979004,-11.551531791687012,SimCLR IY017-inst b512 D16 154043,t-SNE
Nrg1 @ 0.01% glucose,0,train,Nrg1,0.01% glucose,3.1142451763153076,0.098603256046772,SimCLR IY017-inst b512 D16 154043,t-SNE
Rtg1 @ 2% glucose (mock/steady),5,train,Rtg1,2% glucose (mock/steady),-24.957181930541992,-3.531716823577881,SimCLR IY017-inst b512 D16 154043,t-SNE
Rtg1 @ 0.1% glucose,4,train,Rtg1,0.1% glucose,-11.29468059539795,-0.516289234161377,SimCLR IY017-inst b512 D16 154043,t-SNE
Nrg1 @ 0.01% glucose,0,train,Nrg1,0.01% glucose,3.2055578231811523,1.5295583009719849,SimCLR IY017-inst b512 D16 154043,t-SNE
Rtg1 @ 2% glucose (mock/steady),5,train,Rtg1,2% glucose (mock/steady),-20.932924270629883,1.749166488647461,SimCLR IY017-inst b512 D16 154043,t-SNE
Rtg1 @ 0.1% glucose,4,train,Rtg1,0.1% glucose,-8.449379920959473,-9.170589447021484,SimCLR IY017-inst b512 D16 154043,t-SNE
Nrg1 @ 0.1% glucose,1,train,Nrg1,0.1% glucose,41.56107711791992,-1.5665428638458252,SimCLR IY017-inst b512 D16 154043,t-SNE
Nrg1 @ 0.1% glucose,1,train,Nrg1,0.1% glucose,34.97896194458008,6.601147651672363,SimCLR IY017-inst b512 D16 154043,t-SNE
Nrg1 @ 2% glucose (mock/steady),2,train,Nrg1,2% glucose (mock/steady),22.496170043945312,4.341066837310791,SimCLR IY017-inst b512 D16 154043,t-SNE
Nrg1 @ 0.01% glucose,0,train,Nrg1,0.01% glucose,3.244713068008423,-8.81655216217041,SimCLR IY017-inst b512 D16 154043,t-SNE
Rtg1 @ 0.01% glucose,3,train,Rtg1,0.01% glucose,-23.648832321166992,6.2811279296875,SimCLR IY017-inst b512 D16 154043,t-SNE
Rtg1 @ 0.1% glucose,4,train,Rtg1,0.1% glucose,-5.895016193389893,-1.7040575742721558,SimCLR IY017-inst b512 D16 154043,t-SNE
Rtg1 @ 2% glucose (mock/steady),5,train,Rtg1,2% glucose (mock/steady),-6.7709832191467285,-12.860590934753418,SimCLR IY017-inst b512 D16 154043,t-SNE
Rtg1 @ 0.01% glucose,3,train,Rtg1,0.01% glucose,-30.976865768432617,1.8978064060211182,SimCLR IY017-inst b512 D16 154043,t-SNE
Rtg1 @ 2% glucose (mock/steady),5,train,Rtg1,2% glucose (mock/steady),-7.1443586349487305,2.179767370223999,SimCLR IY017-inst b512 D16 154043,t-SNE
Rtg1 @ 2% glucose (mock/steady),5,train,Rtg1,2% glucose (mock/steady),-9.169597625732422,-6.060128211975098,SimCLR IY017-inst b512 D16 154043,t-SNE
Nrg1 @ 2% glucose (mock/steady),2,train,Nrg1,2% glucose (mock/steady),18.869741439819336,2.8999598026275635,SimCLR IY017-inst b512 D16 154043,t-SNE
Nrg1 @ 0.1% glucose,1,train,Nrg1,0.1% glucose,36.3715934753418,7.246074199676514,SimCLR IY017-inst b512 D16 154043,t-SNE
Rtg1 @ 0.1% glucose,4,train,Rtg1,0.1% glucose,-9.654166221618652,-10.431965827941895,SimCLR IY017-inst b512 D16 154043,t-SNE
Nrg1 @ 2% glucose (mock/steady),2,train,Nrg1,2% glucose (mock/steady),37.14189910888672,-0.605975329875946,SimCLR IY017-inst b512 D16 154043,t-SNE
Nrg1 @ 0.01% glucose,0,train,Nrg1,0.01% glucose,5.0935797691345215,1.7593505382537842,SimCLR IY017-inst b512 D16 154043,t-SNE
Nrg1 @ 2% glucose (mock/steady),2,train,Nrg1,2% glucose (mock/steady),16.760921478271484,4.324515342712402,SimCLR IY017-inst b512 D16 154043,t-SNE
Nrg1 @ 0.1% glucose,1,train,Nrg1,0.1% glucose,36.013614654541016,-0.3882392346858978,SimCLR IY017-inst b512 D16 154043,t-SNE
Rtg1 @ 0.01% glucose,3,train,Rtg1,0.01% glucose,-35.62940979003906,-1.331424355506897,SimCLR IY017-inst b512 D16 154043,t-SNE
Rtg1 @ 0.1% glucose,4,train,Rtg1,0.1% glucose,-19.887771606445312,-0.3289896547794342,SimCLR IY017-inst b512 D16 154043,t-SNE
Nrg1 @ 0.1% glucose,1,train,Nrg1,0.1% glucose,36.2481803894043,0.7036111950874329,SimCLR IY017-inst b512 D16 154043,t-SNE
Nrg1 @ 2% glucose (mock/steady),2,train,Nrg1,2% glucose (mock/steady),13.551981925964355,5.737624645233154,SimCLR IY017-inst b512 D16 154043,t-SNE
Nrg1 @ 0.01% glucose,0,train,Nrg1,0.01% glucose,4.615575790405273,-4.374373435974121,SimCLR IY017-inst b512 D16 154043,t-SNE
Rtg1 @ 0.1% glucose,4,train,Rtg1,0.1% glucose,-8.50876235961914,-0.6343804597854614,SimCLR IY017-inst b512 D16 154043,t-SNE
Rtg1 @ 2% glucose (mock/steady),5,train,Rtg1,2% glucose (mock/steady),-7.2853546142578125,-10.621301651000977,SimCLR IY017-inst b512 D16 154043,t-SNE
Nrg1 @ 2% glucose (mock/steady),2,train,Nrg1,2% glucose (mock/steady),31.50238037109375,2.2798550128936768,SimCLR IY017-inst b512 D16 154043,t-SNE
Nrg1 @ 0.01% glucose,0,train,Nrg1,0.01% glucose,8.098832130432129,1.8607293367385864,SimCLR IY017-inst b512 D16 154043,t-SNE
Rtg1 @ 0.01% glucose,3,train,Rtg1,0.01% glucose,-21.35187530517578,-11.2828950881958,SimCLR IY017-inst b512 D16 154043,t-SNE
Nrg1 @ 2% glucose (mock/steady),2,train,Nrg1,2% glucose (mock/steady),26.544437408447266,6.653629779815674,SimCLR IY017-inst b512 D16 154043,t-SNE
Nrg1 @ 0.01% glucose,0,train,Nrg1,0.01% glucose,3.0641207695007324,-2.0101380348205566,SimCLR IY017-inst b512 D16 154043,t-SNE
Rtg1 @ 0.01% glucose,3,train,Rtg1,0.01% glucose,-29.3507022857666,2.5807666778564453,SimCLR IY017-inst b512 D16 154043,t-SNE
Rtg1 @ 0.01% glucose,3,train,Rtg1,0.01% glucose,-25.26460075378418,4.365143299102783,SimCLR IY017-inst b512 D16 154043,t-SNE
Nrg1 @ 2% glucose (mock/steady),2,train,Nrg1,2% glucose (mock/steady),22.045379638671875,3.6650257110595703,SimCLR IY017-inst b512 D16 154043,t-SNE
Rtg1 @ 0.01% glucose,3,train,Rtg1,0.01% glucose,-30.508947372436523,5.609947204589844,SimCLR IY017-inst b512 D16 154043,t-SNE
Nrg1 @ 0.1% glucose,1,train,Nrg1,0.1% glucose,12.292277336120605,2.407966136932373,SimCLR IY017-inst b512 D16 154043,t-SNE
Rtg1 @ 0.1% glucose,4,train,Rtg1,0.1% glucose,-7.669672966003418,-3.8291969299316406,SimCLR IY017-inst b512 D16 154043,t-SNE
Rtg1 @ 0.01% glucose,3,train,Rtg1,0.01% glucose,-18.930953979492188,-12.220272064208984,SimCLR IY017-inst b512 D16 154043,t-SNE
Rtg1 @ 2% glucose (mock/steady),5,train,Rtg1,2% glucose (mock/steady),-13.99053955078125,-12.704639434814453,SimCLR IY017-inst b512 D16 154043,t-SNE
Rtg1 @ 0.01% glucose,3,train,Rtg1,0.01% glucose,-39.553768157958984,-2.129826307296753,SimCLR IY017-inst b512 D16 154043,t-SNE
Nrg1 @ 0.1% glucose,1,train,Nrg1,0.1% glucose,35.537864685058594,11.047839164733887,SimCLR IY017-inst b512 D16 154043,t-SNE
Nrg1 @ 2% glucose (mock/steady),2,train,Nrg1,2% glucose (mock/steady),24.947528839111328,2.4802815914154053,SimCLR IY017-inst b512 D16 154043,t-SNE
Nrg1 @ 2% glucose (mock/steady),2,train,Nrg1,2% glucose (mock/steady),19.33991050720215,4.8738603591918945,SimCLR IY017-inst b512 D16 154043,t-SNE
Nrg1 @ 0.1% glucose,1,train,Nrg1,0.1% glucose,39.8258056640625,4.91981840133667,SimCLR IY017-inst b512 D16 154043,t-SNE
Rtg1 @ 0.01% glucose,3,train,Rtg1,0.01% glucose,-27.808942794799805,6.352982044219971,SimCLR IY017-inst b512 D16 154043,t-SNE
Rtg1 @ 2% glucose (mock/steady),5,train,Rtg1,2% glucose (mock/steady),-8.643046379089355,4.9261250495910645,SimCLR IY017-inst b512 D16 154043,t-SNE
Nrg1 @ 2% glucose (mock/steady),2,train,Nrg1,2% glucose (mock/steady),22.631175994873047,1.4360100030899048,SimCLR IY017-inst b512 D16 154043,t-SNE
Nrg1 @ 0.1% glucose,1,train,Nrg1,0.1% glucose,35.99556350708008,-0.8165836334228516,SimCLR IY017-inst b512 D16 154043,t-SNE
Rtg1 @ 0.1% glucose,4,train,Rtg1,0.1% glucose,-4.344458103179932,-6.938451290130615,SimCLR IY017-inst b512 D16 154043,t-SNE
Nrg1 @ 2% glucose (mock/steady),2,train,Nrg1,2% glucose (mock/steady),19.37550163269043,0.3801499009132385,SimCLR IY017-inst b512 D16 154043,t-SNE
Nrg1 @ 0.01% glucose,0,train,Nrg1,0.01% glucose,12.683746337890625,1.8686429262161255,SimCLR IY017-inst b512 D16 154043,t-SNE
Rtg1 @ 0.1% glucose,4,train,Rtg1,0.1% glucose,-7.014549255371094,-0.04533566161990166,SimCLR IY017-inst b512 D16 154043,t-SNE
Nrg1 @ 0.1% glucose,1,train,Nrg1,0.1% glucose,15.802265167236328,3.080864429473877,SimCLR IY017-inst b512 D16 154043,t-SNE
Rtg1 @ 0.01% glucose,3,train,Rtg1,0.01% glucose,-37.21917724609375,1.6989043951034546,SimCLR IY017-inst b512 D16 154043,t-SNE
Nrg1 @ 0.1% glucose,1,train,Nrg1,0.1% glucose,38.35586166381836,4.949936866760254,SimCLR IY017-inst b512 D16 154043,t-SNE
Rtg1 @ 2% glucose (mock/steady),5,train,Rtg1,2% glucose (mock/steady),-9.214799880981445,4.529953479766846,SimCLR IY017-inst b512 D16 154043,t-SNE
Rtg1 @ 0.1% glucose,4,train,Rtg1,0.1% glucose,-8.937641143798828,-4.670576095581055,SimCLR IY017-inst b512 D16 154043,t-SNE
Nrg1 @ 2% glucose (mock/steady),2,train,Nrg1,2% glucose (mock/steady),37.629642486572266,0.5632122755050659,SimCLR IY017-inst b512 D16 154043,t-SNE
Nrg1 @ 0.1% glucose,1,train,Nrg1,0.1% glucose,26.438175201416016,1.7900118827819824,SimCLR IY017-inst b512 D16 154043,t-SNE
Nrg1 @ 2% glucose (mock/steady),2,train,Nrg1,2% glucose (mock/steady),30.367586135864258,1.5907758474349976,SimCLR IY017-inst b512 D16 154043,t-SNE
Nrg1 @ 2% glucose (mock/steady),2,train,Nrg1,2% glucose (mock/steady),26.013853073120117,8.3150053024292,SimCLR IY017-inst b512 D16 154043,t-SNE
Nrg1 @ 0.01% glucose,0,train,Nrg1,0.01% glucose,2.2184178829193115,-7.800198554992676,SimCLR IY017-inst b512 D16 154043,t-SNE
Nrg1 @ 0.01% glucose,0,train,Nrg1,0.01% glucose,3.9485278129577637,3.104790687561035,SimCLR IY017-inst b512 D16 154043,t-SNE
Rtg1 @ 0.01% glucose,3,train,Rtg1,0.01% glucose,-25.210790634155273,3.002088785171509,SimCLR IY017-inst b512 D16 154043,t-SNE
Rtg1 @ 0.1% glucose,4,train,Rtg1,0.1% glucose,-18.29448890686035,5.370161533355713,SimCLR IY017-inst b512 D16 154043,t-SNE
Nrg1 @ 0.01% glucose,0,train,Nrg1,0.01% glucose,-2.8309326171875,-12.678627014160156,SimCLR IY017-inst b512 D16 154043,t-SNE
Rtg1 @ 2% glucose (mock/steady),5,train,Rtg1,2% glucose (mock/steady),-23.99742889404297,-1.2911359071731567,SimCLR IY017-inst b512 D16 154043,t-SNE
Nrg1 @ 2% glucose (mock/steady),2,train,Nrg1,2% glucose (mock/steady),30.46228790283203,2.8359463214874268,SimCLR IY017-inst b512 D16 154043,t-SNE
Nrg1 @ 2% glucose (mock/steady),2,train,Nrg1,2% glucose (mock/steady),23.368688583374023,6.979800701141357,SimCLR IY017-inst b512 D16 154043,t-SNE
Rtg1 @ 2% glucose (mock/steady),5,train,Rtg1,2% glucose (mock/steady),-8.912546157836914,-6.891974449157715,SimCLR IY017-inst b512 D16 154043,t-SNE
Nrg1 @ 2% glucose (mock/steady),2,train,Nrg1,2% glucose (mock/steady),-2.189898729324341,-2.7506978511810303,SimCLR IY017-inst b512 D16 154043,t-SNE
Nrg1 @ 2% glucose (mock/steady),2,train,Nrg1,2% glucose (mock/steady),13.819062232971191,-0.41751188039779663,SimCLR IY017-inst b512 D16 154043,t-SNE
Nrg1 @ 0.01% glucose,0,train,Nrg1,0.01% glucose,3.666966199874878,-1.5473496913909912,SimCLR IY017-inst b512 D16 154043,t-SNE
Rtg1 @ 0.01% glucose,3,train,Rtg1,0.01% glucose,-26.685041427612305,5.221975326538086,SimCLR IY017-inst b512 D16 154043,t-SNE
Nrg1 @ 2% glucose (mock/steady),2,train,Nrg1,2% glucose (mock/steady),22.426603317260742,2.1505467891693115,SimCLR IY017-inst b512 D16 154043,t-SNE
Rtg1 @ 0.01% glucose,3,train,Rtg1,0.01% glucose,-32.60014343261719,2.944218873977661,SimCLR IY017-inst b512 D16 154043,t-SNE
Rtg1 @ 2% glucose (mock/steady),5,train,Rtg1,2% glucose (mock/steady),-28.271135330200195,-4.755422592163086,SimCLR IY017-inst b512 D16 154043,t-SNE
Nrg1 @ 0.1% glucose,1,train,Nrg1,0.1% glucose,30.122421264648438,4.262415409088135,SimCLR IY017-inst b512 D16 154043,t-SNE
Nrg1 @ 0.01% glucose,0,train,Nrg1,0.01% glucose,12.970714569091797,-0.08163198083639145,SimCLR IY017-inst b512 D16 154043,t-SNE
Rtg1 @ 0.1% glucose,4,train,Rtg1,0.1% glucose,0.7200155258178711,-2.7026805877685547,SimCLR IY017-inst b512 D16 154043,t-SNE
Rtg1 @ 0.01% glucose,3,train,Rtg1,0.01% glucose,-30.878032684326172,0.7621590495109558,SimCLR IY017-inst b512 D16 154043,t-SNE
Nrg1 @ 2% glucose (mock/steady),2,train,Nrg1,2% glucose (mock/steady),27.378238677978516,3.4497222900390625,SimCLR IY017-inst b512 D16 154043,t-SNE
Rtg1 @ 0.1% glucose,4,train,Rtg1,0.1% glucose,-12.721288681030273,-7.35844087600708,SimCLR IY017-inst b512 D16 154043,t-SNE
Rtg1 @ 0.01% glucose,3,train,Rtg1,0.01% glucose,-34.70510482788086,2.931812047958374,SimCLR IY017-inst b512 D16 154043,t-SNE
Rtg1 @ 0.01% glucose,3,train,Rtg1,0.01% glucose,-20.43837547302246,-10.720146179199219,SimCLR IY017-inst b512 D16 154043,t-SNE
Rtg1 @ 2% glucose (mock/steady),5,train,Rtg1,2% glucose (mock/steady),-12.858663558959961,-4.3533430099487305,SimCLR IY017-inst b512 D16 154043,t-SNE
Rtg1 @ 2% glucose (mock/steady),5,train,Rtg1,2% glucose (mock/steady),-24.666423797607422,-1.2125107049942017,SimCLR IY017-inst b512 D16 154043,t-SNE
Nrg1 @ 2% glucose (mock/steady),2,train,Nrg1,2% glucose (mock/steady),25.265644073486328,6.006189346313477,SimCLR IY017-inst b512 D16 154043,t-SNE
Nrg1 @ 0.1% glucose,1,train,Nrg1,0.1% glucose,36.87052917480469,2.428898572921753,SimCLR IY017-inst b512 D16 154043,t-SNE
Rtg1 @ 0.1% glucose,4,train,Rtg1,0.1% glucose,-19.997726440429688,1.8560235500335693,SimCLR IY017-inst b512 D16 154043,t-SNE
Nrg1 @ 2% glucose (mock/steady),2,train,Nrg1,2% glucose (mock/steady),28.670644760131836,5.248962879180908,SimCLR IY017-inst b512 D16 154043,t-SNE
Nrg1 @ 0.01% glucose,0,train,Nrg1,0.01% glucose,5.387730598449707,-2.048103094100952,SimCLR IY017-inst b512 D16 154043,t-SNE
Nrg1 @ 2% glucose (mock/steady),2,train,Nrg1,2% glucose (mock/steady),24.013826370239258,0.0873451679944992,SimCLR IY017-inst b512 D16 154043,t-SNE
Nrg1 @ 0.1% glucose,1,train,Nrg1,0.1% glucose,32.12323760986328,9.120323181152344,SimCLR IY017-inst b512 D16 154043,t-SNE
Rtg1 @ 2% glucose (mock/steady),5,train,Rtg1,2% glucose (mock/steady),-17.70810890197754,-10.460135459899902,SimCLR IY017-inst b512 D16 154043,t-SNE
Nrg1 @ 0.01% glucose,0,train,Nrg1,0.01% glucose,9.962489128112793,6.089974880218506,SimCLR IY017-inst b512 D16 154043,t-SNE
Rtg1 @ 0.1% glucose,4,train,Rtg1,0.1% glucose,-7.743309020996094,-9.174285888671875,SimCLR IY017-inst b512 D16 154043,t-SNE
Rtg1 @ 0.1% glucose,4,train,Rtg1,0.1% glucose,-8.056224822998047,4.666586875915527,SimCLR IY017-inst b512 D16 154043,t-SNE
Nrg1 @ 0.01% glucose,0,train,Nrg1,0.01% glucose,32.07072830200195,0.3550426959991455,SimCLR IY017-inst b512 D16 154043,t-SNE
Nrg1 @ 0.01% glucose,0,train,Nrg1,0.01% glucose,-5.844642162322998,-12.585614204406738,SimCLR IY017-inst b512 D16 154043,t-SNE
Rtg1 @ 0.1% glucose,4,train,Rtg1,0.1% glucose,-13.247780799865723,-9.204530715942383,SimCLR IY017-inst b512 D16 154043,t-SNE
Nrg1 @ 0.1% glucose,1,train,Nrg1,0.1% glucose,40.37049865722656,3.1642277240753174,SimCLR IY017-inst b512 D16 154043,t-SNE
Nrg1 @ 2% glucose (mock/steady),2,train,Nrg1,2% glucose (mock/steady),-0.5428972840309143,-11.723968505859375,SimCLR IY017-inst b512 D16 154043,t-SNE
Nrg1 @ 0.01% glucose,0,train,Nrg1,0.01% glucose,8.132294654846191,6.374115943908691,SimCLR IY017-inst b512 D16 154043,t-SNE
Rtg1 @ 2% glucose (mock/steady),5,train,Rtg1,2% glucose (mock/steady),-17.34422492980957,5.2587080001831055,SimCLR IY017-inst b512 D16 154043,t-SNE
Rtg1 @ 0.01% glucose,3,train,Rtg1,0.01% glucose,-28.06517791748047,4.556239128112793,SimCLR IY017-inst b512 D16 154043,t-SNE
Rtg1 @ 0.1% glucose,4,train,Rtg1,0.1% glucose,-10.403059959411621,-3.0069420337677,SimCLR IY017-inst b512 D16 154043,t-SNE
Nrg1 @ 0.1% glucose,1,train,Nrg1,0.1% glucose,35.836997985839844,-3.310295343399048,SimCLR IY017-inst b512 D16 154043,t-SNE
Rtg1 @ 0.01% glucose,3,train,Rtg1,0.01% glucose,-31.13320541381836,3.3512325286865234,SimCLR IY017-inst b512 D16 154043,t-SNE
Rtg1 @ 2% glucose (mock/steady),5,train,Rtg1,2% glucose (mock/steady),-20.721172332763672,-9.800850868225098,SimCLR IY017-inst b512 D16 154043,t-SNE
Rtg1 @ 0.1% glucose,4,train,Rtg1,0.1% glucose,-6.529351711273193,-4.090927600860596,SimCLR IY017-inst b512 D16 154043,t-SNE
Nrg1 @ 0.01% glucose,0,train,Nrg1,0.01% glucose,5.487877368927002,6.471888065338135,SimCLR IY017-inst b512 D16 154043,t-SNE
Nrg1 @ 2% glucose (mock/steady),2,train,Nrg1,2% glucose (mock/steady),27.416696548461914,7.157245635986328,SimCLR IY017-inst b512 D16 154043,t-SNE
Rtg1 @ 0.1% glucose,4,train,Rtg1,0.1% glucose,-26.644622802734375,-1.1234376430511475,SimCLR IY017-inst b512 D16 154043,t-SNE
Nrg1 @ 0.1% glucose,1,train,Nrg1,0.1% glucose,38.51585006713867,-2.402858018875122,SimCLR IY017-inst b512 D16 154043,t-SNE
Nrg1 @ 0.01% glucose,0,train,Nrg1,0.01% glucose,3.3607871532440186,-8.04326343536377,SimCLR IY017-inst b512 D16 154043,t-SNE
Rtg1 @ 0.1% glucose,4,train,Rtg1,0.1% glucose,-5.96733283996582,-6.775400161743164,SimCLR IY017-inst b512 D16 154043,t-SNE
Rtg1 @ 0.1% glucose,4,train,Rtg1,0.1% glucose,-7.570621967315674,-3.5626680850982666,SimCLR IY017-inst b512 D16 154043,t-SNE
Rtg1 @ 0.1% glucose,4,train,Rtg1,0.1% glucose,-14.180371284484863,3.652272939682007,SimCLR IY017-inst b512 D16 154043,t-SNE
Rtg1 @ 0.1% glucose,4,train,Rtg1,0.1% glucose,-11.69096851348877,0.7144573926925659,SimCLR IY017-inst b512 D16 154043,t-SNE
Nrg1 @ 0.01% glucose,0,train,Nrg1,0.01% glucose,1.1183005571365356,-3.4352455139160156,SimCLR IY017-inst b512 D16 154043,t-SNE
Nrg1 @ 2% glucose (mock/steady),2,train,Nrg1,2% glucose (mock/steady),36.51385498046875,5.635412216186523,SimCLR IY017-inst b512 D16 154043,t-SNE
Rtg1 @ 2% glucose (mock/steady),5,train,Rtg1,2% glucose (mock/steady),-18.17034912109375,-6.607515335083008,SimCLR IY017-inst b512 D16 154043,t-SNE
Nrg1 @ 0.01% glucose,0,train,Nrg1,0.01% glucose,1.9665098190307617,-4.682799339294434,SimCLR IY017-inst b512 D16 154043,t-SNE
Rtg1 @ 0.01% glucose,3,train,Rtg1,0.01% glucose,-38.55756378173828,-2.0236921310424805,SimCLR IY017-inst b512 D16 154043,t-SNE
Rtg1 @ 0.01% glucose,3,train,Rtg1,0.01% glucose,-26.40028953552246,2.8211896419525146,SimCLR IY017-inst b512 D16 154043,t-SNE
Nrg1 @ 2% glucose (mock/steady),2,train,Nrg1,2% glucose (mock/steady),21.380313873291016,3.7092950344085693,SimCLR IY017-inst b512 D16 154043,t-SNE
Rtg1 @ 2% glucose (mock/steady),5,train,Rtg1,2% glucose (mock/steady),-23.31463623046875,-2.894843816757202,SimCLR IY017-inst b512 D16 154043,t-SNE
Rtg1 @ 2% glucose (mock/steady),5,train,Rtg1,2% glucose (mock/steady),-29.33005714416504,-4.451200485229492,SimCLR IY017-inst b512 D16 154043,t-SNE
Nrg1 @ 0.01% glucose,0,train,Nrg1,0.01% glucose,-1.2584632635116577,-12.844365119934082,SimCLR IY017-inst b512 D16 154043,t-SNE
Nrg1 @ 0.1% glucose,1,train,Nrg1,0.1% glucose,41.59333419799805,1.467706561088562,SimCLR IY017-inst b512 D16 154043,t-SNE
Nrg1 @ 2% glucose (mock/steady),2,train,Nrg1,2% glucose (mock/steady),29.415529251098633,8.65791130065918,SimCLR IY017-inst b512 D16 154043,t-SNE
Rtg1 @ 0.01% glucose,3,train,Rtg1,0.01% glucose,-26.0463809967041,3.9597909450531006,SimCLR IY017-inst b512 D16 154043,t-SNE
Rtg1 @ 0.01% glucose,3,train,Rtg1,0.01% glucose,-29.29621696472168,7.174143314361572,SimCLR IY017-inst b512 D16 154043,t-SNE
Nrg1 @ 2% glucose (mock/steady),2,train,Nrg1,2% glucose (mock/steady),29.446758270263672,2.7888545989990234,SimCLR IY017-inst b512 D16 154043,t-SNE
Rtg1 @ 0.01% glucose,3,train,Rtg1,0.01% glucose,-24.206815719604492,3.6745195388793945,SimCLR IY017-inst b512 D16 154043,t-SNE
Rtg1 @ 0.1% glucose,4,train,Rtg1,0.1% glucose,-8.993030548095703,3.264557123184204,SimCLR IY017-inst b512 D16 154043,t-SNE
Rtg1 @ 0.01% glucose,3,train,Rtg1,0.01% glucose,-27.071258544921875,4.073373317718506,SimCLR IY017-inst b512 D16 154043,t-SNE
Nrg1 @ 0.1% glucose,1,train,Nrg1,0.1% glucose,41.040184020996094,-2.1893770694732666,SimCLR IY017-inst b512 D16 154043,t-SNE
Nrg1 @ 0.1% glucose,1,train,Nrg1,0.1% glucose,23.00865364074707,5.842113018035889,SimCLR IY017-inst b512 D16 154043,t-SNE
Rtg1 @ 0.01% glucose,3,train,Rtg1,0.01% glucose,-28.7830753326416,4.194733619689941,SimCLR IY017-inst b512 D16 154043,t-SNE
Nrg1 @ 0.1% glucose,1,train,Nrg1,0.1% glucose,41.31909942626953,2.917607069015503,SimCLR IY017-inst b512 D16 154043,t-SNE
Nrg1 @ 0.1% glucose,1,train,Nrg1,0.1% glucose,39.80463790893555,2.5335521697998047,SimCLR IY017-inst b512 D16 154043,t-SNE
Rtg1 @ 2% glucose (mock/steady),5,train,Rtg1,2% glucose (mock/steady),-15.500292778015137,-11.38619327545166,SimCLR IY017-inst b512 D16 154043,t-SNE
Nrg1 @ 0.1% glucose,1,train,Nrg1,0.1% glucose,32.21273422241211,10.440926551818848,SimCLR IY017-inst b512 D16 154043,t-SNE
Rtg1 @ 0.1% glucose,4,train,Rtg1,0.1% glucose,-12.13803768157959,-6.076630592346191,SimCLR IY017-inst b512 D16 154043,t-SNE
Nrg1 @ 0.1% glucose,1,train,Nrg1,0.1% glucose,15.25588607788086,4.452741622924805,SimCLR IY017-inst b512 D16 154043,t-SNE
Rtg1 @ 0.01% glucose,3,train,Rtg1,0.01% glucose,-34.25840377807617,0.031199591234326363,SimCLR IY017-inst b512 D16 154043,t-SNE
Nrg1 @ 0.01% glucose,0,train,Nrg1,0.01% glucose,2.692305088043213,1.5472034215927124,SimCLR IY017-inst b512 D16 154043,t-SNE
Rtg1 @ 0.01% glucose,3,train,Rtg1,0.01% glucose,-28.942468643188477,5.824944496154785,SimCLR IY017-inst b512 D16 154043,t-SNE
Rtg1 @ 0.1% glucose,4,train,Rtg1,0.1% glucose,-9.996984481811523,-8.330169677734375,SimCLR IY017-inst b512 D16 154043,t-SNE
Rtg1 @ 0.1% glucose,4,train,Rtg1,0.1% glucose,-8.516101837158203,-8.357810020446777,SimCLR IY017-inst b512 D16 154043,t-SNE
Nrg1 @ 0.1% glucose,1,train,Nrg1,0.1% glucose,38.935203552246094,3.018359422683716,SimCLR IY017-inst b512 D16 154043,t-SNE
Nrg1 @ 0.01% glucose,0,train,Nrg1,0.01% glucose,1.678901195526123,-5.7383527755737305,SimCLR IY017-inst b512 D16 154043,t-SNE
Rtg1 @ 0.1% glucose,4,train,Rtg1,0.1% glucose,-8.290825843811035,-11.89228343963623,SimCLR IY017-inst b512 D16 154043,t-SNE
Nrg1 @ 0.01% glucose,0,train,Nrg1,0.01% glucose,12.693683624267578,6.466609001159668,SimCLR IY017-inst b512 D16 154043,t-SNE
Nrg1 @ 0.01% glucose,0,train,Nrg1,0.01% glucose,10.56963062286377,1.361853003501892,SimCLR IY017-inst b512 D16 154043,t-SNE
Rtg1 @ 2% glucose (mock/steady),5,train,Rtg1,2% glucose (mock/steady),-16.7324161529541,-10.930038452148438,SimCLR IY017-inst b512 D16 154043,t-SNE
Nrg1 @ 2% glucose (mock/steady),2,train,Nrg1,2% glucose (mock/steady),7.211910724639893,-3.631876230239868,SimCLR IY017-inst b512 D16 154043,t-SNE
Nrg1 @ 0.1% glucose,1,train,Nrg1,0.1% glucose,35.035057067871094,1.9902892112731934,SimCLR IY017-inst b512 D16 154043,t-SNE
Rtg1 @ 2% glucose (mock/steady),5,train,Rtg1,2% glucose (mock/steady),-16.469013214111328,-5.6777472496032715,SimCLR IY017-inst b512 D16 154043,t-SNE
Rtg1 @ 0.1% glucose,4,train,Rtg1,0.1% glucose,-10.762121200561523,1.2832529544830322,SimCLR IY017-inst b512 D16 154043,t-SNE
Nrg1 @ 0.1% glucose,1,train,Nrg1,0.1% glucose,30.95132827758789,-2.344562530517578,SimCLR IY017-inst b512 D16 154043,t-SNE
Nrg1 @ 2% glucose (mock/steady),2,train,Nrg1,2% glucose (mock/steady),28.902742385864258,0.33445119857788086,SimCLR IY017-inst b512 D16 154043,t-SNE
Nrg1 @ 0.01% glucose,0,train,Nrg1,0.01% glucose,4.9212646484375,4.063825607299805,SimCLR IY017-inst b512 D16 154043,t-SNE
Nrg1 @ 2% glucose (mock/steady),2,train,Nrg1,2% glucose (mock/steady),28.94156837463379,4.664970874786377,SimCLR IY017-inst b512 D16 154043,t-SNE
Nrg1 @ 2% glucose (mock/steady),2,train,Nrg1,2% glucose (mock/steady),22.803808212280273,0.8657900094985962,SimCLR IY017-inst b512 D16 154043,t-SNE
Nrg1 @ 2% glucose (mock/steady),2,train,Nrg1,2% glucose (mock/steady),22.55166244506836,5.1505351066589355,SimCLR IY017-inst b512 D16 154043,t-SNE
Rtg1 @ 2% glucose (mock/steady),5,train,Rtg1,2% glucose (mock/steady),-2.526890277862549,-2.774852991104126,SimCLR IY017-inst b512 D16 154043,t-SNE
Nrg1 @ 2% glucose (mock/steady),2,train,Nrg1,2% glucose (mock/steady),28.109832763671875,2.6302201747894287,SimCLR IY017-inst b512 D16 154043,t-SNE
Rtg1 @ 0.1% glucose,4,train,Rtg1,0.1% glucose,-15.050899505615234,-11.484503746032715,SimCLR IY017-inst b512 D16 154043,t-SNE
Rtg1 @ 0.01% glucose,3,train,Rtg1,0.01% glucose,-27.953765869140625,2.1372101306915283,SimCLR IY017-inst b512 D16 154043,t-SNE
Rtg1 @ 2% glucose (mock/steady),5,train,Rtg1,2% glucose (mock/steady),-27.66674041748047,-0.5424323081970215,SimCLR IY017-inst b512 D16 154043,t-SNE
Rtg1 @ 0.1% glucose,4,train,Rtg1,0.1% glucose,-24.261926651000977,-3.451564311981201,SimCLR IY017-inst b512 D16 154043,t-SNE
Nrg1 @ 0.01% glucose,0,train,Nrg1,0.01% glucose,-3.3178114891052246,-13.830785751342773,SimCLR IY017-inst b512 D16 154043,t-SNE
Nrg1 @ 0.01% glucose,0,train,Nrg1,0.01% glucose,-3.9074387550354004,-12.65935230255127,SimCLR IY017-inst b512 D16 154043,t-SNE
Rtg1 @ 2% glucose (mock/steady),5,train,Rtg1,2% glucose (mock/steady),-16.268404006958008,-1.7681210041046143,SimCLR IY017-inst b512 D16 154043,t-SNE
Rtg1 @ 0.1% glucose,4,train,Rtg1,0.1% glucose,-7.610163688659668,6.54152774810791,SimCLR IY017-inst b512 D16 154043,t-SNE
Nrg1 @ 0.1% glucose,1,train,Nrg1,0.1% glucose,37.29521942138672,9.43190860748291,SimCLR IY017-inst b512 D16 154043,t-SNE
Nrg1 @ 2% glucose (mock/steady),2,train,Nrg1,2% glucose (mock/steady),35.55884552001953,5.388638019561768,SimCLR IY017-inst b512 D16 154043,t-SNE
Rtg1 @ 2% glucose (mock/steady),5,train,Rtg1,2% glucose (mock/steady),-28.66431427001953,-2.7574546337127686,SimCLR IY017-inst b512 D16 154043,t-SNE
Rtg1 @ 0.01% glucose,3,train,Rtg1,0.01% glucose,-27.107967376708984,3.251189947128296,SimCLR IY017-inst b512 D16 154043,t-SNE
Nrg1 @ 2% glucose (mock/steady),2,train,Nrg1,2% glucose (mock/steady),30.514039993286133,-1.119931936264038,SimCLR IY017-inst b512 D16 154043,t-SNE
Rtg1 @ 0.1% glucose,4,train,Rtg1,0.1% glucose,-10.312121391296387,-5.104254722595215,SimCLR IY017-inst b512 D16 154043,t-SNE
Rtg1 @ 2% glucose (mock/steady),5,train,Rtg1,2% glucose (mock/steady),-16.23503303527832,-9.889978408813477,SimCLR IY017-inst b512 D16 154043,t-SNE
Rtg1 @ 2% glucose (mock/steady),5,train,Rtg1,2% glucose (mock/steady),-13.757710456848145,-5.54083776473999,SimCLR IY017-inst b512 D16 154043,t-SNE
Rtg1 @ 0.01% glucose,3,train,Rtg1,0.01% glucose,-32.106605529785156,1.1400818824768066,SimCLR IY017-inst b512 D16 154043,t-SNE
Nrg1 @ 0.01% glucose,0,train,Nrg1,0.01% glucose,11.972006797790527,0.4406246542930603,SimCLR IY017-inst b512 D16 154043,t-SNE
Rtg1 @ 0.01% glucose,3,train,Rtg1,0.01% glucose,-28.204191207885742,2.877732276916504,SimCLR IY017-inst b512 D16 154043,t-SNE
Nrg1 @ 0.01% glucose,0,train,Nrg1,0.01% glucose,6.281887054443359,-2.6286892890930176,SimCLR IY017-inst b512 D16 154043,t-SNE
Rtg1 @ 2% glucose (mock/steady),5,train,Rtg1,2% glucose (mock/steady),-28.51018524169922,-5.946525573730469,SimCLR IY017-inst b512 D16 154043,t-SNE
Rtg1 @ 0.01% glucose,3,train,Rtg1,0.01% glucose,-39.6441764831543,-0.9034745097160339,SimCLR IY017-inst b512 D16 154043,t-SNE
Rtg1 @ 0.1% glucose,4,train,Rtg1,0.1% glucose,-7.008707046508789,1.1401726007461548,SimCLR IY017-inst b512 D16 154043,t-SNE
Rtg1 @ 0.1% glucose,4,train,Rtg1,0.1% glucose,-8.070514678955078,3.5440969467163086,SimCLR IY017-inst b512 D16 154043,t-SNE
Nrg1 @ 0.1% glucose,1,train,Nrg1,0.1% glucose,36.643245697021484,10.032832145690918,SimCLR IY017-inst b512 D16 154043,t-SNE
Nrg1 @ 0.01% glucose,0,train,Nrg1,0.01% glucose,6.037695407867432,5.791877269744873,SimCLR IY017-inst b512 D16 154043,t-SNE
Rtg1 @ 2% glucose (mock/steady),5,train,Rtg1,2% glucose (mock/steady),-7.068573951721191,-0.9042372107505798,SimCLR IY017-inst b512 D16 154043,t-SNE
Rtg1 @ 0.01% glucose,3,train,Rtg1,0.01% glucose,-35.415523529052734,-0.06298350542783737,SimCLR IY017-inst b512 D16 154043,t-SNE
Rtg1 @ 0.01% glucose,3,train,Rtg1,0.01% glucose,-38.75607681274414,-1.0638790130615234,SimCLR IY017-inst b512 D16 154043,t-SNE
Rtg1 @ 0.01% glucose,3,train,Rtg1,0.01% glucose,-35.693084716796875,0.6192732453346252,SimCLR IY017-inst b512 D16 154043,t-SNE
Nrg1 @ 0.1% glucose,1,train,Nrg1,0.1% glucose,36.302520751953125,8.7937593460083,SimCLR IY017-inst b512 D16 154043,t-SNE
Nrg1 @ 2% glucose (mock/steady),2,test,Nrg1,2% glucose (mock/steady),31.331401824951172,6.388790130615234,SimCLR IY017-inst b512 D16 154043,t-SNE
Rtg1 @ 0.1% glucose,4,test,Rtg1,0.1% glucose,-15.196206092834473,-3.981252431869507,SimCLR IY017-inst b512 D16 154043,t-SNE
Rtg1 @ 0.1% glucose,4,test,Rtg1,0.1% glucose,-5.991135120391846,-10.081157684326172,SimCLR IY017-inst b512 D16 154043,t-SNE
Nrg1 @ 0.1% glucose,1,test,Nrg1,0.1% glucose,37.44221115112305,3.583648443222046,SimCLR IY017-inst b512 D16 154043,t-SNE
Nrg1 @ 0.1% glucose,1,test,Nrg1,0.1% glucose,37.604637145996094,-0.32275834679603577,SimCLR IY017-inst b512 D16 154043,t-SNE
Rtg1 @ 0.01% glucose,3,test,Rtg1,0.01% glucose,-24.305892944335938,6.462005615234375,SimCLR IY017-inst b512 D16 154043,t-SNE
Rtg1 @ 2% glucose (mock/steady),5,test,Rtg1,2% glucose (mock/steady),-11.358434677124023,-1.8014124631881714,SimCLR IY017-inst b512 D16 154043,t-SNE
Nrg1 @ 0.1% glucose,1,test,Nrg1,0.1% glucose,41.283023834228516,5.093392848968506,SimCLR IY017-inst b512 D16 154043,t-SNE
Rtg1 @ 0.01% glucose,3,test,Rtg1,0.01% glucose,-28.780778884887695,-5.284492492675781,SimCLR IY017-inst b512 D16 154043,t-SNE
Rtg1 @ 2% glucose (mock/steady),5,test,Rtg1,2% glucose (mock/steady),-16.853483200073242,-10.210765838623047,SimCLR IY017-inst b512 D16 154043,t-SNE
Nrg1 @ 0.01% glucose,0,test,Nrg1,0.01% glucose,11.165722846984863,3.719054937362671,SimCLR IY017-inst b512 D16 154043,t-SNE
Nrg1 @ 0.1% glucose,1,test,Nrg1,0.1% glucose,40.202964782714844,5.957728385925293,SimCLR IY017-inst b512 D16 154043,t-SNE
Nrg1 @ 0.1% glucose,1,test,Nrg1,0.1% glucose,31.34977149963379,3.400651216506958,SimCLR IY017-inst b512 D16 154043,t-SNE
Rtg1 @ 2% glucose (mock/steady),5,test,Rtg1,2% glucose (mock/steady),-15.793338775634766,-5.640867233276367,SimCLR IY017-inst b512 D16 154043,t-SNE
Nrg1 @ 0.01% glucose,0,test,Nrg1,0.01% glucose,-1.8606395721435547,-12.576226234436035,SimCLR IY017-inst b512 D16 154043,t-SNE
Rtg1 @ 2% glucose (mock/steady),5,test,Rtg1,2% glucose (mock/steady),-14.136024475097656,-4.010962963104248,SimCLR IY017-inst b512 D16 154043,t-SNE
Nrg1 @ 2% glucose (mock/steady),2,test,Nrg1,2% glucose (mock/steady),27.69537353515625,4.200883388519287,SimCLR IY017-inst b512 D16 154043,t-SNE
Nrg1 @ 2% glucose (mock/steady),2,test,Nrg1,2% glucose (mock/steady),19.932331085205078,-0.406175822019577,SimCLR IY017-inst b512 D16 154043,t-SNE
Rtg1 @ 2% glucose (mock/steady),5,test,Rtg1,2% glucose (mock/steady),-9.143028259277344,-13.330193519592285,SimCLR IY017-inst b512 D16 154043,t-SNE
Rtg1 @ 0.1% glucose,4,test,Rtg1,0.1% glucose,-9.387860298156738,3.83318829536438,SimCLR IY017-inst b512 D16 154043,t-SNE
Rtg1 @ 0.01% glucose,3,test,Rtg1,0.01% glucose,-37.71610641479492,-1.017594575881958,SimCLR IY017-inst b512 D16 154043,t-SNE
Rtg1 @ 0.1% glucose,4,test,Rtg1,0.1% glucose,-11.261141777038574,-7.365705490112305,SimCLR IY017-inst b512 D16 154043,t-SNE
Nrg1 @ 2% glucose (mock/steady),2,test,Nrg1,2% glucose (mock/steady),23.50557518005371,4.119375705718994,SimCLR IY017-inst b512 D16 154043,t-SNE
Rtg1 @ 0.1% glucose,4,test,Rtg1,0.1% glucose,-15.516719818115234,2.1375832557678223,SimCLR IY017-inst b512 D16 154043,t-SNE
Nrg1 @ 2% glucose (mock/steady),2,test,Nrg1,2% glucose (mock/steady),32.336524963378906,3.279768943786621,SimCLR IY017-inst b512 D16 154043,t-SNE
Rtg1 @ 0.01% glucose,3,test,Rtg1,0.01% glucose,-21.58946990966797,4.210452079772949,SimCLR IY017-inst b512 D16 154043,t-SNE
Rtg1 @ 2% glucose (mock/steady),5,test,Rtg1,2% glucose (mock/steady),-14.993828773498535,-8.454445838928223,SimCLR IY017-inst b512 D16 154043,t-SNE
Rtg1 @ 2% glucose (mock/steady),5,test,Rtg1,2% glucose (mock/steady),-24.026939392089844,-4.311346530914307,SimCLR IY017-inst b512 D16 154043,t-SNE
Rtg1 @ 0.1% glucose,4,test,Rtg1,0.1% glucose,-7.479877471923828,-8.405862808227539,SimCLR IY017-inst b512 D16 154043,t-SNE
Rtg1 @ 0.01% glucose,3,test,Rtg1,0.01% glucose,-20.108884811401367,0.4822791516780853,SimCLR IY017-inst b512 D16 154043,t-SNE
Nrg1 @ 0.01% glucose,0,test,Nrg1,0.01% glucose,-1.5558459758758545,-13.564014434814453,SimCLR IY017-inst b512 D16 154043,t-SNE
Rtg1 @ 2% glucose (mock/steady),5,test,Rtg1,2% glucose (mock/steady),-5.660763740539551,4.68100118637085,SimCLR IY017-inst b512 D16 154043,t-SNE
Rtg1 @ 0.01% glucose,3,test,Rtg1,0.01% glucose,-21.229515075683594,-6.302582263946533,SimCLR IY017-inst b512 D16 154043,t-SNE
Nrg1 @ 0.01% glucose,0,test,Nrg1,0.01% glucose,11.233717918395996,4.937506675720215,SimCLR IY017-inst b512 D16 154043,t-SNE
Nrg1 @ 2% glucose (mock/steady),2,test,Nrg1,2% glucose (mock/steady),13.859867095947266,2.364346504211426,SimCLR IY017-inst b512 D16 154043,t-SNE
Nrg1 @ 0.1% glucose,1,test,Nrg1,0.1% glucose,36.93396759033203,-3.596640110015869,SimCLR IY017-inst b512 D16 154043,t-SNE
Nrg1 @ 0.01% glucose,0,test,Nrg1,0.01% glucose,12.434063911437988,7.515500068664551,SimCLR IY017-inst b512 D16 154043,t-SNE
Rtg1 @ 0.01% glucose,3,test,Rtg1,0.01% glucose,-32.1857795715332,5.257620811462402,SimCLR IY017-inst b512 D16 154043,t-SNE
Rtg1 @ 0.1% glucose,4,test,Rtg1,0.1% glucose,-6.319080352783203,-11.554080963134766,SimCLR IY017-inst b512 D16 154043,t-SNE
Rtg1 @ 0.1% glucose,4,test,Rtg1,0.1% glucose,-10.665458679199219,-3.970360040664673,SimCLR IY017-inst b512 D16 154043,t-SNE
Rtg1 @ 2% glucose (mock/steady),5,test,Rtg1,2% glucose (mock/steady),-7.788161277770996,-7.270355701446533,SimCLR IY017-inst b512 D16 154043,t-SNE
Nrg1 @ 2% glucose (mock/steady),2,test,Nrg1,2% glucose (mock/steady),28.399450302124023,3.648935556411743,SimCLR IY017-inst b512 D16 154043,t-SNE
Nrg1 @ 0.1% glucose,1,test,Nrg1,0.1% glucose,30.988828659057617,5.293036460876465,SimCLR IY017-inst b512 D16 154043,t-SNE
Nrg1 @ 2% glucose (mock/steady),2,test,Nrg1,2% glucose (mock/steady),30.988826751708984,9.180920600891113,SimCLR IY017-inst b512 D16 154043,t-SNE
Nrg1 @ 0.01% glucose,0,test,Nrg1,0.01% glucose,6.662063121795654,-1.5821037292480469,SimCLR IY017-inst b512 D16 154043,t-SNE
Rtg1 @ 0.1% glucose,4,test,Rtg1,0.1% glucose,-5.1723833084106445,-6.828408718109131,SimCLR IY017-inst b512 D16 154043,t-SNE
Nrg1 @ 2% glucose (mock/steady),2,test,Nrg1,2% glucose (mock/steady),23.74695587158203,3.311619281768799,SimCLR IY017-inst b512 D16 154043,t-SNE
Nrg1 @ 0.1% glucose,1,test,Nrg1,0.1% glucose,35.10243606567383,7.027885437011719,SimCLR IY017-inst b512 D16 154043,t-SNE
Nrg1 @ 0.01% glucose,0,test,Nrg1,0.01% glucose,5.833216667175293,2.3734540939331055,SimCLR IY017-inst b512 D16 154043,t-SNE
Nrg1 @ 2% glucose (mock/steady),2,test,Nrg1,2% glucose (mock/steady),31.627607345581055,-1.6298999786376953,SimCLR IY017-inst b512 D16 154043,t-SNE
Nrg1 @ 2% glucose (mock/steady),2,test,Nrg1,2% glucose (mock/steady),21.311969757080078,1.7855490446090698,SimCLR IY017-inst b512 D16 154043,t-SNE
Nrg1 @ 0.1% glucose,1,test,Nrg1,0.1% glucose,34.074424743652344,6.535439968109131,SimCLR IY017-inst b512 D16 154043,t-SNE
Rtg1 @ 2% glucose (mock/steady),5,test,Rtg1,2% glucose (mock/steady),-15.998675346374512,-7.4546942710876465,SimCLR IY017-inst b512 D16 154043,t-SNE
Rtg1 @ 0.01% glucose,3,test,Rtg1,0.01% glucose,-27.17994499206543,2.2021889686584473,SimCLR IY017-inst b512 D16 154043,t-SNE
Nrg1 @ 2% glucose (mock/steady),2,test,Nrg1,2% glucose (mock/steady),42.60692596435547,-1.3823310136795044,SimCLR IY017-inst b512 D16 154043,t-SNE
Rtg1 @ 2% glucose (mock/steady),5,test,Rtg1,2% glucose (mock/steady),-19.687301635742188,2.202291488647461,SimCLR IY017-inst b512 D16 154043,t-SNE
Nrg1 @ 0.1% glucose,1,test,Nrg1,0.1% glucose,35.451515197753906,8.237313270568848,SimCLR IY017-inst b512 D16 154043,t-SNE
Rtg1 @ 2% glucose (mock/steady),5,test,Rtg1,2% glucose (mock/steady),-19.705564498901367,-8.784536361694336,SimCLR IY017-inst b512 D16 154043,t-SNE
Nrg1 @ 0.01% glucose,0,test,Nrg1,0.01% glucose,12.835514068603516,4.420016288757324,SimCLR IY017-inst b512 D16 154043,t-SNE
Nrg1 @ 0.01% glucose,0,test,Nrg1,0.01% glucose,8.647305488586426,-2.892801284790039,SimCLR IY017-inst b512 D16 154043,t-SNE
Rtg1 @ 0.01% glucose,3,test,Rtg1,0.01% glucose,-17.76070785522461,-1.932487964630127,SimCLR IY017-inst b512 D16 154043,t-SNE
Rtg1 @ 0.1% glucose,4,test,Rtg1,0.1% glucose,-2.89699649810791,-2.8641114234924316,SimCLR IY017-inst b512 D16 154043,t-SNE
Rtg1 @ 0.01% glucose,3,test,Rtg1,0.01% glucose,-21.487058639526367,-6.641535758972168,SimCLR IY017-inst b512 D16 154043,t-SNE
Rtg1 @ 0.1% glucose,4,test,Rtg1,0.1% glucose,-10.066511154174805,4.649991512298584,SimCLR IY017-inst b512 D16 154043,t-SNE
Rtg1 @ 0.1% glucose,4,test,Rtg1,0.1% glucose,-4.652248859405518,-6.132905006408691,SimCLR IY017-inst b512 D16 154043,t-SNE
Nrg1 @ 0.01% glucose,0,test,Nrg1,0.01% glucose,7.6633148193359375,0.8379810452461243,SimCLR IY017-inst b512 D16 154043,t-SNE
Nrg1 @ 0.1% glucose,1,test,Nrg1,0.1% glucose,34.41069793701172,8.139404296875,SimCLR IY017-inst b512 D16 154043,t-SNE
Nrg1 @ 0.01% glucose,0,test,Nrg1,0.01% glucose,6.316835403442383,3.631645441055298,SimCLR IY017-inst b512 D16 154043,t-SNE
Rtg1 @ 2% glucose (mock/steady),5,test,Rtg1,2% glucose (mock/steady),-17.845489501953125,-9.33138656616211,SimCLR IY017-inst b512 D16 154043,t-SNE
Rtg1 @ 2% glucose (mock/steady),5,test,Rtg1,2% glucose (mock/steady),-28.4340763092041,-2.2398922443389893,SimCLR IY017-inst b512 D16 154043,t-SNE
Rtg1 @ 0.01% glucose,3,test,Rtg1,0.01% glucose,-21.144094467163086,-9.538918495178223,SimCLR IY017-inst b512 D16 154043,t-SNE
Nrg1 @ 0.01% glucose,0,test,Nrg1,0.01% glucose,-1.3763614892959595,-11.90613842010498,SimCLR IY017-inst b512 D16 154043,t-SNE
Rtg1 @ 2% glucose (mock/steady),5,test,Rtg1,2% glucose (mock/steady),-16.449304580688477,5.250044345855713,SimCLR IY017-inst b512 D16 154043,t-SNE
Nrg1 @ 2% glucose (mock/steady),2,test,Nrg1,2% glucose (mock/steady),28.204174041748047,8.677906036376953,SimCLR IY017-inst b512 D16 154043,t-SNE
Rtg1 @ 2% glucose (mock/steady),5,test,Rtg1,2% glucose (mock/steady),-13.991202354431152,-7.10347318649292,SimCLR IY017-inst b512 D16 154043,t-SNE
Rtg1 @ 0.01% glucose,3,test,Rtg1,0.01% glucose,-38.93003463745117,-1.5541764497756958,SimCLR IY017-inst b512 D16 154043,t-SNE
Rtg1 @ 0.01% glucose,3,test,Rtg1,0.01% glucose,-34.34810256958008,0.709147572517395,SimCLR IY017-inst b512 D16 154043,t-SNE
Rtg1 @ 0.1% glucose,4,test,Rtg1,0.1% glucose,-12.610611915588379,3.927980661392212,SimCLR IY017-inst b512 D16 154043,t-SNE
Rtg1 @ 0.01% glucose,3,test,Rtg1,0.01% glucose,-27.372413635253906,-6.497525691986084,SimCLR IY017-inst b512 D16 154043,t-SNE
Rtg1 @ 0.01% glucose,3,test,Rtg1,0.01% glucose,-34.38328170776367,-0.8089554309844971,SimCLR IY017-inst b512 D16 154043,t-SNE
Nrg1 @ 0.1% glucose,1,test,Nrg1,0.1% glucose,31.435882568359375,4.424610614776611,SimCLR IY017-inst b512 D16 154043,t-SNE
Rtg1 @ 0.1% glucose,4,test,Rtg1,0.1% glucose,-27.33561134338379,-3.9698548316955566,SimCLR IY017-inst b512 D16 154043,t-SNE
Nrg1 @ 0.1% glucose,1,test,Nrg1,0.1% glucose,39.431304931640625,7.717293739318848,SimCLR IY017-inst b512 D16 154043,t-SNE
Nrg1 @ 2% glucose (mock/steady),2,test,Nrg1,2% glucose (mock/steady),8.12688159942627,-6.002657890319824,SimCLR IY017-inst b512 D16 154043,t-SNE
Rtg1 @ 0.1% glucose,4,test,Rtg1,0.1% glucose,-10.988564491271973,-6.757342338562012,SimCLR IY017-inst b512 D16 154043,t-SNE
Rtg1 @ 0.01% glucose,3,test,Rtg1,0.01% glucose,-35.62702560424805,1.5282232761383057,SimCLR IY017-inst b512 D16 154043,t-SNE
Nrg1 @ 2% glucose (mock/steady),2,test,Nrg1,2% glucose (mock/steady),20.466814041137695,4.114027500152588,SimCLR IY017-inst b512 D16 154043,t-SNE
Nrg1 @ 2% glucose (mock/steady),2,test,Nrg1,2% glucose (mock/steady),36.45302200317383,-3.3471200466156006,SimCLR IY017-inst b512 D16 154043,t-SNE
Nrg1 @ 0.01% glucose,0,test,Nrg1,0.01% glucose,5.115596294403076,6.780384540557861,SimCLR IY017-inst b512 D16 154043,t-SNE
Nrg1 @ 0.01% glucose,0,test,Nrg1,0.01% glucose,7.080088138580322,-6.183114051818848,SimCLR IY017-inst b512 D16 154043,t-SNE
Nrg1 @ 0.01% glucose,0,test,Nrg1,0.01% glucose,5.09263801574707,-0.19042333960533142,SimCLR IY017-inst b512 D16 154043,t-SNE
Rtg1 @ 0.1% glucose,4,test,Rtg1,0.1% glucose,-9.389833450317383,1.99713134765625,SimCLR IY017-inst b512 D16 154043,t-SNE
Nrg1 @ 0.1% glucose,1,test,Nrg1,0.1% glucose,24.346240997314453,7.946747303009033,SimCLR IY017-inst b512 D16 154043,t-SNE
Nrg1 @ 0.1% glucose,1,test,Nrg1,0.1% glucose,39.21137619018555,5.115947246551514,SimCLR IY017-inst b512 D16 154043,t-SNE
Rtg1 @ 0.1% glucose,4,train,Rtg1,0.1% glucose,0.021597684781062266,0.016323699466112444,SimCLR IY017-inst b512 D16 154043,PHATE
Nrg1 @ 0.1% glucose,1,train,Nrg1,0.1% glucose,-0.0647224813071729,-0.024281391103957606,SimCLR IY017-inst b512 D16 154043,PHATE
Nrg1 @ 0.01% glucose,0,train,Nrg1,0.01% glucose,-0.004131576650206229,0.023222720858606372,SimCLR IY017-inst b512 D16 154043,PHATE
Nrg1 @ 0.01% glucose,0,train,Nrg1,0.01% glucose,-0.030946351361908812,0.018275948140603238,SimCLR IY017-inst b512 D16 154043,PHATE
Nrg1 @ 0.1% glucose,1,train,Nrg1,0.1% glucose,-0.060011412327635925,-0.012604177967530923,SimCLR IY017-inst b512 D16 154043,PHATE
Rtg1 @ 2% glucose (mock/steady),5,train,Rtg1,2% glucose (mock/steady),0.039593763770347984,-0.006708233431981028,SimCLR IY017-inst b512 D16 154043,PHATE
Nrg1 @ 0.01% glucose,0,train,Nrg1,0.01% glucose,0.003318632029021033,0.02242166138224044,SimCLR IY017-inst b512 D16 154043,PHATE
Rtg1 @ 0.01% glucose,3,train,Rtg1,0.01% glucose,0.04508414775837579,-0.013508867128984118,SimCLR IY017-inst b512 D16 154043,PHATE
Nrg1 @ 2% glucose (mock/steady),2,train,Nrg1,2% glucose (mock/steady),-0.054199339621468064,0.0019000309422576578,SimCLR IY017-inst b512 D16 154043,PHATE
Nrg1 @ 2% glucose (mock/steady),2,train,Nrg1,2% glucose (mock/steady),-0.028881435591541924,0.0192176349220872,SimCLR IY017-inst b512 D16 154043,PHATE
Rtg1 @ 0.1% glucose,4,train,Rtg1,0.1% glucose,0.0385933565346467,0.009958103776813698,SimCLR IY017-inst b512 D16 154043,PHATE
Rtg1 @ 0.1% glucose,4,train,Rtg1,0.1% glucose,0.03937236646356068,0.00497747493085001,SimCLR IY017-inst b512 D16 154043,PHATE
Rtg1 @ 0.1% glucose,4,train,Rtg1,0.1% glucose,0.02864151054098336,0.015826369696099154,SimCLR IY017-inst b512 D16 154043,PHATE
Nrg1 @ 0.1% glucose,1,train,Nrg1,0.1% glucose,-0.061255417367090496,-0.016577381311451513,SimCLR IY017-inst b512 D16 154043,PHATE
Rtg1 @ 2% glucose (mock/steady),5,train,Rtg1,2% glucose (mock/steady),0.047107550989014056,-0.006766662977500793,SimCLR IY017-inst b512 D16 154043,PHATE
Rtg1 @ 0.01% glucose,3,train,Rtg1,0.01% glucose,0.04771118339584368,-0.007936580515652316,SimCLR IY017-inst b512 D16 154043,PHATE
Nrg1 @ 0.01% glucose,0,train,Nrg1,0.01% glucose,-0.002118656794994405,0.022532066607938873,SimCLR IY017-inst b512 D16 154043,PHATE
Nrg1 @ 2% glucose (mock/steady),2,train,Nrg1,2% glucose (mock/steady),-0.05521894514844183,-0.00029442535539308704,SimCLR IY017-inst b512 D16 154043,PHATE
Nrg1 @ 0.1% glucose,1,train,Nrg1,0.1% glucose,-0.04999716718390092,0.002440991588192354,SimCLR IY017-inst b512 D16 154043,PHATE
Nrg1 @ 0.1% glucose,1,train,Nrg1,0.1% glucose,-0.06694812698953055,-0.024826536707907496,SimCLR IY017-inst b512 D16 154043,PHATE
Rtg1 @ 2% glucose (mock/steady),5,train,Rtg1,2% glucose (mock/steady),0.039872659350186176,0.007473872726547433,SimCLR IY017-inst b512 D16 154043,PHATE
Rtg1 @ 0.01% glucose,3,train,Rtg1,0.01% glucose,0.035558661301342755,0.007838960325751453,SimCLR IY017-inst b512 D16 154043,PHATE
Rtg1 @ 0.01% glucose,3,train,Rtg1,0.01% glucose,0.019681492011823225,-0.06469258854184409,SimCLR IY017-inst b512 D16 154043,PHATE
Rtg1 @ 0.01% glucose,3,train,Rtg1,0.01% glucose,0.0425353138846436,-0.02218887562630694,SimCLR IY017-inst b512 D16 154043,PHATE
Nrg1 @ 2% glucose (mock/steady),2,train,Nrg1,2% glucose (mock/steady),-0.06597452765889511,-0.02322076329604299,SimCLR IY017-inst b512 D16 154043,PHATE
Rtg1 @ 0.1% glucose,4,train,Rtg1,0.1% glucose,0.030063265805153533,0.014531519186705066,SimCLR IY017-inst b512 D16 154043,PHATE
Nrg1 @ 0.1% glucose,1,train,Nrg1,0.1% glucose,-0.06249293983629069,-0.020362586725050674,SimCLR IY017-inst b512 D16 154043,PHATE
Rtg1 @ 0.1% glucose,4,train,Rtg1,0.1% glucose,0.025338945087355954,0.014949253745916732,SimCLR IY017-inst b512 D16 154043,PHATE
Nrg1 @ 2% glucose (mock/steady),2,train,Nrg1,2% glucose (mock/steady),-0.036687450659091854,0.0158757387685072,SimCLR IY017-inst b512 D16 154043,PHATE
Rtg1 @ 2% glucose (mock/steady),5,train,Rtg1,2% glucose (mock/steady),0.0426135761791032,-0.01573638354012898,SimCLR IY017-inst b512 D16 154043,PHATE
Nrg1 @ 0.1% glucose,1,train,Nrg1,0.1% glucose,-0.051995231877730565,0.0052222749420349785,SimCLR IY017-inst b512 D16 154043,PHATE
Nrg1 @ 0.1% glucose,1,train,Nrg1,0.1% glucose,-0.05307094147610032,0.0029591674472769754,SimCLR IY017-inst b512 D16 154043,PHATE
Nrg1 @ 2% glucose (mock/steady),2,train,Nrg1,2% glucose (mock/steady),-0.028600135762742167,0.022242941753198936,SimCLR IY017-inst b512 D16 154043,PHATE
Nrg1 @ 0.1% glucose,1,train,Nrg1,0.1% glucose,-0.06478304621986752,-0.02099015100712973,SimCLR IY017-inst b512 D16 154043,PHATE
Rtg1 @ 0.1% glucose,4,train,Rtg1,0.1% glucose,0.036945340982675524,0.013274757400057962,SimCLR IY017-inst b512 D16 154043,PHATE
Nrg1 @ 0.1% glucose,1,train,Nrg1,0.1% glucose,-0.06219424936043943,-0.019934570478262036,SimCLR IY017-inst b512 D16 154043,PHATE
Rtg1 @ 2% glucose (mock/steady),5,train,Rtg1,2% glucose (mock/steady),0.024236719166585076,0.017114641602955512,SimCLR IY017-inst b512 D16 154043,PHATE
Rtg1 @ 2% glucose (mock/steady),5,train,Rtg1,2% glucose (mock/steady),0.04149366564424224,-0.031103394633114043,SimCLR IY017-inst b512 D16 154043,PHATE
Rtg1 @ 0.01% glucose,3,train,Rtg1,0.01% glucose,0.03917451597758402,-0.024385139318716328,SimCLR IY017-inst b512 D16 154043,PHATE
Nrg1 @ 0.1% glucose,1,train,Nrg1,0.1% glucose,-0.02628070356540654,0.022190431431349206,SimCLR IY017-inst b512 D16 154043,PHATE
Rtg1 @ 2% glucose (mock/steady),5,train,Rtg1,2% glucose (mock/steady),0.03747184081069649,0.0038949817416197487,SimCLR IY017-inst b512 D16 154043,PHATE
Rtg1 @ 2% glucose (mock/steady),5,train,Rtg1,2% glucose (mock/steady),0.04015607031808839,0.005440546171428642,SimCLR IY017-inst b512 D16 154043,PHATE
Nrg1 @ 0.1% glucose,1,train,Nrg1,0.1% glucose,-0.0491036460945753,0.0017255219085079738,SimCLR IY017-inst b512 D16 154043,PHATE
Rtg1 @ 2% glucose (mock/steady),5,train,Rtg1,2% glucose (mock/steady),0.03969353476669899,-0.009392617091405653,SimCLR IY017-inst b512 D16 154043,PHATE
Rtg1 @ 0.01% glucose,3,train,Rtg1,0.01% glucose,0.04138660092570009,-0.029184657278884158,SimCLR IY017-inst b512 D16 154043,PHATE
Rtg1 @ 0.1% glucose,4,train,Rtg1,0.1% glucose,0.023423398073658945,0.015648814653139217,SimCLR IY017-inst b512 D16 154043,PHATE
Nrg1 @ 0.01% glucose,0,train,Nrg1,0.01% glucose,-0.002631099359458542,0.02282393369999387,SimCLR IY017-inst b512 D16 154043,PHATE
Rtg1 @ 2% glucose (mock/steady),5,train,Rtg1,2% glucose (mock/steady),0.04024836721104773,0.007733745931068305,SimCLR IY017-inst b512 D16 154043,PHATE
Nrg1 @ 2% glucose (mock/steady),2,train,Nrg1,2% glucose (mock/steady),-0.049910115869914944,0.002148636343890328,SimCLR IY017-inst b512 D16 154043,PHATE
Nrg1 @ 2% glucose (mock/steady),2,train,Nrg1,2% glucose (mock/steady),-0.008175559351853798,0.02527124609414283,SimCLR IY017-inst b512 D16 154043,PHATE
Rtg1 @ 0.1% glucose,4,train,Rtg1,0.1% glucose,0.021684780504641177,0.015497468285528499,SimCLR IY017-inst b512 D16 154043,PHATE
Nrg1 @ 2% glucose (mock/steady),2,train,Nrg1,2% glucose (mock/steady),-0.03806237286493739,0.01548484820305495,SimCLR IY017-inst b512 D16 154043,PHATE
Nrg1 @ 0.01% glucose,0,train,Nrg1,0.01% glucose,-0.0010806392537586731,0.0227234869760826,SimCLR IY017-inst b512 D16 154043,PHATE
Nrg1 @ 2% glucose (mock/steady),2,train,Nrg1,2% glucose (mock/steady),-0.01302473533545105,0.02601700146190653,SimCLR IY017-inst b512 D16 154043,PHATE
Nrg1 @ 2% glucose (mock/steady),2,train,Nrg1,2% glucose (mock/steady),-0.040089721414600855,0.012188704548443962,SimCLR IY017-inst b512 D16 154043,PHATE
Nrg1 @ 2% glucose (mock/steady),2,train,Nrg1,2% glucose (mock/steady),-0.05483687618070794,-0.0021117167559125973,SimCLR IY017-inst b512 D16 154043,PHATE
Nrg1 @ 0.1% glucose,1,train,Nrg1,0.1% glucose,-0.04048747050789014,0.013041095385123297,SimCLR IY017-inst b512 D16 154043,PHATE
Rtg1 @ 0.01% glucose,3,train,Rtg1,0.01% glucose,0.036255924252307274,-0.013716438082766043,SimCLR IY017-inst b512 D16 154043,PHATE
Rtg1 @ 0.1% glucose,4,train,Rtg1,0.1% glucose,0.04230386864885459,-0.019378074948739908,SimCLR IY017-inst b512 D16 154043,PHATE
Nrg1 @ 0.01% glucose,0,train,Nrg1,0.01% glucose,-0.062499980714495446,-0.010635546751081274,SimCLR IY017-inst b512 D16 154043,PHATE
Nrg1 @ 0.1% glucose,1,train,Nrg1,0.1% glucose,-0.05990201103127959,-0.00519295958824307,SimCLR IY017-inst b512 D16 154043,PHATE
Nrg1 @ 0.1% glucose,1,train,Nrg1,0.1% glucose,-0.03409817275728642,0.018802771474255627,SimCLR IY017-inst b512 D16 154043,PHATE
Nrg1 @ 0.1% glucose,1,train,Nrg1,0.1% glucose,-0.06653764313974381,-0.026052075021422247,SimCLR IY017-inst b512 D16 154043,PHATE
Nrg1 @ 0.01% glucose,0,train,Nrg1,0.01% glucose,-0.0028742423456602304,0.02300403413497042,SimCLR IY017-inst b512 D16 154043,PHATE
Nrg1 @ 2% glucose (mock/steady),2,train,Nrg1,2% glucose (mock/steady),-0.06108617478637881,-0.013882464519229636,SimCLR IY017-inst b512 D16 154043,PHATE
Rtg1 @ 0.01% glucose,3,train,Rtg1,0.01% glucose,0.041293027608727696,-0.03147553892622091,SimCLR IY017-inst b512 D16 154043,PHATE
Nrg1 @ 2% glucose (mock/steady),2,train,Nrg1,2% glucose (mock/steady),-0.04886149694603312,0.00776920376769048,SimCLR IY017-inst b512 D16 154043,PHATE
Rtg1 @ 2% glucose (mock/steady),5,train,Rtg1,2% glucose (mock/steady),0.03650287968610987,-0.00462323994211558,SimCLR IY017-inst b512 D16 154043,PHATE
Rtg1 @ 0.1% glucose,4,train,Rtg1,0.1% glucose,0.03473779839832496,0.005886111530937926,SimCLR IY017-inst b512 D16 154043,PHATE
Nrg1 @ 2% glucose (mock/steady),2,train,Nrg1,2% glucose (mock/steady),-0.052711799178626756,-0.002635225435579353,SimCLR IY017-inst b512 D16 154043,PHATE
Rtg1 @ 2% glucose (mock/steady),5,train,Rtg1,2% glucose (mock/steady),0.0335566315739861,0.0038422237147881988,SimCLR IY017-inst b512 D16 154043,PHATE
Rtg1 @ 2% glucose (mock/steady),5,train,Rtg1,2% glucose (mock/steady),0.03701232409216258,0.010818721178066783,SimCLR IY017-inst b512 D16 154043,PHATE
Rtg1 @ 0.01% glucose,3,train,Rtg1,0.01% glucose,0.04069952452531597,-0.028608454861612734,SimCLR IY017-inst b512 D16 154043,PHATE
Nrg1 @ 0.01% glucose,0,train,Nrg1,0.01% glucose,-0.01550707012491062,0.021924136602170772,SimCLR IY017-inst b512 D16 154043,PHATE
Rtg1 @ 0.01% glucose,3,train,Rtg1,0.01% glucose,0.03281883831392068,0.0016074993864593715,SimCLR IY017-inst b512 D16 154043,PHATE
Nrg1 @ 2% glucose (mock/steady),2,train,Nrg1,2% glucose (mock/steady),-0.06197603711734001,-0.01811776683941877,SimCLR IY017-inst b512 D16 154043,PHATE
Nrg1 @ 0.1% glucose,1,train,Nrg1,0.1% glucose,-0.06691945241632469,-0.0260866037896889,SimCLR IY017-inst b512 D16 154043,PHATE
Rtg1 @ 0.01% glucose,3,train,Rtg1,0.01% glucose,0.03880299318555704,-0.036772516890472555,SimCLR IY017-inst b512 D16 154043,PHATE
Rtg1 @ 0.01% glucose,3,train,Rtg1,0.01% glucose,0.04220806199399861,-0.025624497728622894,SimCLR IY017-inst b512 D16 154043,PHATE
Nrg1 @ 0.1% glucose,1,train,Nrg1,0.1% glucose,-0.052577273069205406,0.003832028386219934,SimCLR IY017-inst b512 D16 154043,PHATE
Nrg1 @ 0.01% glucose,0,train,Nrg1,0.01% glucose,-0.002930306474842586,0.02450233126217357,SimCLR IY017-inst b512 D16 154043,PHATE
Nrg1 @ 0.01% glucose,0,train,Nrg1,0.01% glucose,-0.006671877841001598,0.024277943865158996,SimCLR IY017-inst b512 D16 154043,PHATE
Nrg1 @ 2% glucose (mock/steady),2,train,Nrg1,2% glucose (mock/steady),-0.05853257356145605,-0.005297305705145909,SimCLR IY017-inst b512 D16 154043,PHATE
Rtg1 @ 2% glucose (mock/steady),5,train,Rtg1,2% glucose (mock/steady),0.023329815551241324,0.014544831793366533,SimCLR IY017-inst b512 D16 154043,PHATE
Rtg1 @ 2% glucose (mock/steady),5,train,Rtg1,2% glucose (mock/steady),0.039564252564784,0.009177183772270276,SimCLR IY017-inst b512 D16 154043,PHATE
Nrg1 @ 2% glucose (mock/steady),2,train,Nrg1,2% glucose (mock/steady),-0.06173159214607942,-0.007939951270815756,SimCLR IY017-inst b512 D16 154043,PHATE
Rtg1 @ 0.1% glucose,4,train,Rtg1,0.1% glucose,0.025331857998770278,0.0130087452722006,SimCLR IY017-inst b512 D16 154043,PHATE
Nrg1 @ 0.01% glucose,0,train,Nrg1,0.01% glucose,0.024711741110701697,0.0018471785751234108,SimCLR IY017-inst b512 D16 154043,PHATE
Nrg1 @ 0.1% glucose,1,train,Nrg1,0.1% glucose,-0.05124317181203587,0.005090515117801901,SimCLR IY017-inst b512 D16 154043,PHATE
Nrg1 @ 0.1% glucose,1,train,Nrg1,0.1% glucose,-0.0644333565636575,-0.013940362160052658,SimCLR IY017-inst b512 D16 154043,PHATE
Nrg1 @ 0.1% glucose,1,train,Nrg1,0.1% glucose,-0.06085700664229829,-0.015721375469939243,SimCLR IY017-inst b512 D16 154043,PHATE
Nrg1 @ 0.1% glucose,1,train,Nrg1,0.1% glucose,-0.05588809261989359,-0.0026689719671964354,SimCLR IY017-inst b512 D16 154043,PHATE
Nrg1 @ 0.01% glucose,0,train,Nrg1,0.01% glucose,0.003713874770148698,0.023248130763660182,SimCLR IY017-inst b512 D16 154043,PHATE
Rtg1 @ 0.01% glucose,3,train,Rtg1,0.01% glucose,0.030249607349217028,0.01019971290217198,SimCLR IY017-inst b512 D16 154043,PHATE
Rtg1 @ 0.01% glucose,3,train,Rtg1,0.01% glucose,0.04503457761291367,-0.019821863526184487,SimCLR IY017-inst b512 D16 154043,PHATE
Rtg1 @ 0.01% glucose,3,train,Rtg1,0.01% glucose,0.04417925458524978,-0.022230513140832735,SimCLR IY017-inst b512 D16 154043,PHATE
Rtg1 @ 0.1% glucose,4,train,Rtg1,0.1% glucose,0.033273456044037766,0.012010154330067335,SimCLR IY017-inst b512 D16 154043,PHATE
Rtg1 @ 0.1% glucose,4,train,Rtg1,0.1% glucose,0.026885180849645245,0.013728622342214085,SimCLR IY017-inst b512 D16 154043,PHATE
Rtg1 @ 2% glucose (mock/steady),5,train,Rtg1,2% glucose (mock/steady),0.039899603692826226,-0.008277754181035381,SimCLR IY017-inst b512 D16 154043,PHATE
Rtg1 @ 0.1% glucose,4,train,Rtg1,0.1% glucose,0.03690112126001183,-0.005465143452100095,SimCLR IY017-inst b512 D16 154043,PHATE
Nrg1 @ 2% glucose (mock/steady),2,train,Nrg1,2% glucose (mock/steady),-0.03915835647790587,0.01430811071296513,SimCLR IY017-inst b512 D16 154043,PHATE
Rtg1 @ 0.1% glucose,4,train,Rtg1,0.1% glucose,0.02330419685475238,0.013502644575789577,SimCLR IY017-inst b512 D16 154043,PHATE
Rtg1 @ 2% glucose (mock/steady),5,train,Rtg1,2% glucose (mock/steady),0.04218336957233942,-0.014507726717357318,SimCLR IY017-inst b512 D16 154043,PHATE
Rtg1 @ 0.1% glucose,4,train,Rtg1,0.1% glucose,0.02973040560179062,-0.007155749392354055,SimCLR IY017-inst b512 D16 154043,PHATE
Nrg1 @ 0.1% glucose,1,train,Nrg1,0.1% glucose,-0.06488571697097112,-0.014345808554489834,SimCLR IY017-inst b512 D16 154043,PHATE
Nrg1 @ 2% glucose (mock/steady),2,train,Nrg1,2% glucose (mock/steady),-0.06008492580588322,-0.014425728452926475,SimCLR IY017-inst b512 D16 154043,PHATE
Nrg1 @ 0.01% glucose,0,train,Nrg1,0.01% glucose,0.000216615938502113,0.023627776190568647,SimCLR IY017-inst b512 D16 154043,PHATE
Nrg1 @ 0.01% glucose,0,train,Nrg1,0.01% glucose,-0.0006900105601664796,0.022592153542766332,SimCLR IY017-inst b512 D16 154043,PHATE
Nrg1 @ 0.01% glucose,0,train,Nrg1,0.01% glucose,-0.0021024635261502047,0.02204325122387991,SimCLR IY017-inst b512 D16 154043,PHATE
Nrg1 @ 2% glucose (mock/steady),2,train,Nrg1,2% glucose (mock/steady),-0.06415891612001014,-0.012403444361610892,SimCLR IY017-inst b512 D16 154043,PHATE
Rtg1 @ 0.1% glucose,4,train,Rtg1,0.1% glucose,0.01338085484728136,0.024131158015234598,SimCLR IY017-inst b512 D16 154043,PHATE
Rtg1 @ 0.01% glucose,3,train,Rtg1,0.01% glucose,0.019799451652392486,-0.06453540857580328,SimCLR IY017-inst b512 D16 154043,PHATE
Nrg1 @ 0.1% glucose,1,train,Nrg1,0.1% glucose,-0.06355095045801329,-0.024672886517846743,SimCLR IY017-inst b512 D16 154043,PHATE
Rtg1 @ 2% glucose (mock/steady),5,train,Rtg1,2% glucose (mock/steady),0.04570600393890079,-0.0018044332548249142,SimCLR IY017-inst b512 D16 154043,PHATE
Nrg1 @ 0.1% glucose,1,train,Nrg1,0.1% glucose,-0.020525520437468185,0.022740076032032142,SimCLR IY017-inst b512 D16 154043,PHATE
Nrg1 @ 0.1% glucose,1,train,Nrg1,0.1% glucose,-0.0637557637933314,-0.026222611271261402,SimCLR IY017-inst b512 D16 154043,PHATE
Rtg1 @ 2% glucose (mock/steady),5,train,Rtg1,2% glucose (mock/steady),0.039064824906405914,-0.004953838522324789,SimCLR IY017-inst b512 D16 154043,PHATE
Nrg1 @ 0.01% glucose,0,train,Nrg1,0.01% glucose,0.00742246575085659,0.022252807975098206,SimCLR IY017-inst b512 D16 154043,PHATE
Rtg1 @ 0.01% glucose,3,train,Rtg1,0.01% glucose,0.0440434259520985,-0.01950137522937713,SimCLR IY017-inst b512 D16 154043,PHATE
Nrg1 @ 0.1% glucose,1,train,Nrg1,0.1% glucose,-0.06445047499350945,-0.024692811824673623,SimCLR IY017-inst b512 D16 154043,PHATE
Nrg1 @ 0.01% glucose,0,train,Nrg1,0.01% glucose,-0.02062243675944466,0.020509188944758207,SimCLR IY017-inst b512 D16 154043,PHATE
Nrg1 @ 0.01% glucose,0,train,Nrg1,0.01% glucose,0.004038873623563231,0.022860367908428537,SimCLR IY017-inst b512 D16 154043,PHATE
Nrg1 @ 0.1% glucose,1,train,Nrg1,0.1% glucose,-0.05562193807628507,-0.0029191949156838763,SimCLR IY017-inst b512 D16 154043,PHATE
Nrg1 @ 0.01% glucose,0,train,Nrg1,0.01% glucose,0.0012717841349351403,0.022856587116764967,SimCLR IY017-inst b512 D16 154043,PHATE
Rtg1 @ 2% glucose (mock/steady),5,train,Rtg1,2% glucose (mock/steady),0.015762349985822457,0.0232860841349567,SimCLR IY017-inst b512 D16 154043,PHATE
Nrg1 @ 0.1% glucose,1,train,Nrg1,0.1% glucose,-0.06001099537922109,-0.014043456442143628,SimCLR IY017-inst b512 D16 154043,PHATE
Rtg1 @ 2% glucose (mock/steady),5,train,Rtg1,2% glucose (mock/steady),0.0371013028974251,0.004584751079966831,SimCLR IY017-inst b512 D16 154043,PHATE
Nrg1 @ 0.01% glucose,0,train,Nrg1,0.01% glucose,-0.021410474053210917,0.01687732891240852,SimCLR IY017-inst b512 D16 154043,PHATE
Rtg1 @ 0.01% glucose,3,train,Rtg1,0.01% glucose,0.02291205035465029,-0.060740727238100575,SimCLR IY017-inst b512 D16 154043,PHATE
Rtg1 @ 0.1% glucose,4,train,Rtg1,0.1% glucose,0.037062000662341624,0.011549555790894213,SimCLR IY017-inst b512 D16 154043,PHATE
Rtg1 @ 2% glucose (mock/steady),5,train,Rtg1,2% glucose (mock/steady),0.04267830801041161,-0.02096944204990866,SimCLR IY017-inst b512 D16 154043,PHATE
Nrg1 @ 0.1% glucose,1,train,Nrg1,0.1% glucose,-0.058887017655369876,-0.004157137172867869,SimCLR IY017-inst b512 D16 154043,PHATE
Rtg1 @ 0.1% glucose,4,train,Rtg1,0.1% glucose,0.022440003655602146,0.013502711938999278,SimCLR IY017-inst b512 D16 154043,PHATE
Rtg1 @ 2% glucose (mock/steady),5,train,Rtg1,2% glucose (mock/steady),0.029130147450285585,0.007745192284812787,SimCLR IY017-inst b512 D16 154043,PHATE
Nrg1 @ 0.01% glucose,0,train,Nrg1,0.01% glucose,0.00519139310897515,0.023330205758053765,SimCLR IY017-inst b512 D16 154043,PHATE
Rtg1 @ 0.01% glucose,3,train,Rtg1,0.01% glucose,0.03957049733166935,-0.027745336845441698,SimCLR IY017-inst b512 D16 154043,PHATE
Rtg1 @ 2% glucose (mock/steady),5,train,Rtg1,2% glucose (mock/steady),0.03861595065602256,0.007769453019688726,SimCLR IY017-inst b512 D16 154043,PHATE
Nrg1 @ 2% glucose (mock/steady),2,train,Nrg1,2% glucose (mock/steady),-0.021589252636470747,0.0207467801265896,SimCLR IY017-inst b512 D16 154043,PHATE
Rtg1 @ 2% glucose (mock/steady),5,train,Rtg1,2% glucose (mock/steady),0.03900560651422633,-0.005700311247016433,SimCLR IY017-inst b512 D16 154043,PHATE
Nrg1 @ 0.1% glucose,1,train,Nrg1,0.1% glucose,-0.06551480679119658,-0.01743797601131401,SimCLR IY017-inst b512 D16 154043,PHATE
Rtg1 @ 2% glucose (mock/steady),5,train,Rtg1,2% glucose (mock/steady),0.038726721055966834,0.0038590930807296535,SimCLR IY017-inst b512 D16 154043,PHATE
Rtg1 @ 2% glucose (mock/steady),5,train,Rtg1,2% glucose (mock/steady),0.024515340932270323,0.016387875078152196,SimCLR IY017-inst b512 D16 154043,PHATE
Nrg1 @ 0.01% glucose,0,train,Nrg1,0.01% glucose,-0.021420797330008352,0.016816895784007014,SimCLR IY017-inst b512 D16 154043,PHATE
Rtg1 @ 0.1% glucose,4,train,Rtg1,0.1% glucose,0.023973185998153047,0.013426550303907988,SimCLR IY017-inst b512 D16 154043,PHATE
Rtg1 @ 0.1% glucose,4,train,Rtg1,0.1% glucose,0.024957281981556206,0.009892786970251253,SimCLR IY017-inst b512 D16 154043,PHATE
Nrg1 @ 0.01% glucose,0,train,Nrg1,0.01% glucose,-0.01612667492410424,0.025293272695813752,SimCLR IY017-inst b512 D16 154043,PHATE
Rtg1 @ 2% glucose (mock/steady),5,train,Rtg1,2% glucose (mock/steady),0.043886461389207605,-0.0001271331923902799,SimCLR IY017-inst b512 D16 154043,PHATE
Nrg1 @ 0.01% glucose,0,train,Nrg1,0.01% glucose,-0.01978836271228333,0.020651881761343856,SimCLR IY017-inst b512 D16 154043,PHATE
Nrg1 @ 0.01% glucose,0,train,Nrg1,0.01% glucose,-0.00014953526464903105,0.022740653434803363,SimCLR IY017-inst b512 D16 154043,PHATE
Rtg1 @ 0.01% glucose,3,train,Rtg1,0.01% glucose,0.04124109676821529,-0.02194940428209116,SimCLR IY017-inst b512 D16 154043,PHATE
Rtg1 @ 0.01% glucose,3,train,Rtg1,0.01% glucose,0.03672362803208801,-0.041504855589155794,SimCLR IY017-inst b512 D16 154043,PHATE
Rtg1 @ 0.01% glucose,3,train,Rtg1,0.01% glucose,0.04727984569882779,-0.007366950459419026,SimCLR IY017-inst b512 D16 154043,PHATE
Rtg1 @ 2% glucose (mock/steady),5,train,Rtg1,2% glucose (mock/steady),0.04150866858523099,-0.012023127735614876,SimCLR IY017-inst b512 D16 154043,PHATE
Nrg1 @ 0.01% glucose,0,train,Nrg1,0.01% glucose,-0.0027184066505128637,0.022592677715304894,SimCLR IY017-inst b512 D16 154043,PHATE
Rtg1 @ 0.01% glucose,3,train,Rtg1,0.01% glucose,0.040803376754869856,-0.02906724867959592,SimCLR IY017-inst b512 D16 154043,PHATE
Rtg1 @ 0.1% glucose,4,train,Rtg1,0.1% glucose,0.04006088366058933,0.009723442845356995,SimCLR IY017-inst b512 D16 154043,PHATE
Nrg1 @ 0.1% glucose,1,train,Nrg1,0.1% glucose,-0.05320837724600137,-0.0031187691025618626,SimCLR IY017-inst b512 D16 154043,PHATE
Rtg1 @ 2% glucose (mock/steady),5,train,Rtg1,2% glucose (mock/steady),0.0395588207345292,-0.01764482451442984,SimCLR IY017-inst b512 D16 154043,PHATE
Rtg1 @ 0.1% glucose,4,train,Rtg1,0.1% glucose,0.021406284215521588,0.014884464914842792,SimCLR IY017-inst b512 D16 154043,PHATE
Rtg1 @ 2% glucose (mock/steady),5,train,Rtg1,2% glucose (mock/steady),0.03597006302336831,0.0038205171406298978,SimCLR IY017-inst b512 D16 154043,PHATE
Rtg1 @ 0.1% glucose,4,train,Rtg1,0.1% glucose,0.037848354681291795,-0.0010778569102719553,SimCLR IY017-inst b512 D16 154043,PHATE
Nrg1 @ 0.01% glucose,0,train,Nrg1,0.01% glucose,0.0049354003949955184,0.022645503667671166,SimCLR IY017-inst b512 D16 154043,PHATE
Nrg1 @ 2% glucose (mock/steady),2,train,Nrg1,2% glucose (mock/steady),-0.02698996604079018,0.020894211540826723,SimCLR IY017-inst b512 D16 154043,PHATE
Nrg1 @ 0.01% glucose,0,train,Nrg1,0.01% glucose,0.0005972694949779334,0.02355659335104701,SimCLR IY017-inst b512 D16 154043,PHATE
Rtg1 @ 0.1% glucose,4,train,Rtg1,0.1% glucose,0.021534502083139194,0.015775060201673696,SimCLR IY017-inst b512 D16 154043,PHATE
Rtg1 @ 0.01% glucose,3,train,Rtg1,0.01% glucose,0.043559280806399446,-0.024296752740430236,SimCLR IY017-inst b512 D16 154043,PHATE
Rtg1 @ 0.01% glucose,3,train,Rtg1,0.01% glucose,0.026022504160633106,-0.05671627494154081,SimCLR IY017-inst b512 D16 154043,PHATE
Nrg1 @ 2% glucose (mock/steady),2,train,Nrg1,2% glucose (mock/steady),-0.03728765723109842,0.016132776771864955,SimCLR IY017-inst b512 D16 154043,PHATE
Nrg1 @ 0.01% glucose,0,train,Nrg1,0.01% glucose,0.0190518963386805,0.005763324475830858,SimCLR IY017-inst b512 D16 154043,PHATE
Nrg1 @ 0.01% glucose,0,train,Nrg1,0.01% glucose,0.00489811918440983,0.022625631511282822,SimCLR IY017-inst b512 D16 154043,PHATE
Rtg1 @ 2% glucose (mock/steady),5,train,Rtg1,2% glucose (mock/steady),0.043138970242303634,-0.012301759531522787,SimCLR IY017-inst b512 D16 154043,PHATE
Rtg1 @ 0.1% glucose,4,train,Rtg1,0.1% glucose,0.025793010659170702,0.013484336699751695,SimCLR IY017-inst b512 D16 154043,PHATE
Nrg1 @ 0.01% glucose,0,train,Nrg1,0.01% glucose,0.003025083126842774,0.022974623883631282,SimCLR IY017-inst b512 D16 154043,PHATE
Rtg1 @ 2% glucose (mock/steady),5,train,Rtg1,2% glucose (mock/steady),0.03557604837421768,-0.002479916949056715,SimCLR IY017-inst b512 D16 154043,PHATE
Rtg1 @ 0.1% glucose,4,train,Rtg1,0.1% glucose,0.03480953232836077,0.010932148904602108,SimCLR IY017-inst b512 D16 154043,PHATE
Nrg1 @ 0.1% glucose,1,train,Nrg1,0.1% glucose,-0.06347862638933703,-0.025270208511671628,SimCLR IY017-inst b512 D16 154043,PHATE
Nrg1 @ 0.1% glucose,1,train,Nrg1,0.1% glucose,-0.06569556744448245,-0.017282291600299867,SimCLR IY017-inst b512 D16 154043,PHATE
Nrg1 @ 2% glucose (mock/steady),2,train,Nrg1,2% glucose (mock/steady),-0.044040987204285606,0.009677095289110264,SimCLR IY017-inst b512 D16 154043,PHATE
Nrg1 @ 0.01% glucose,0,train,Nrg1,0.01% glucose,0.001532201971715708,0.02337266729250385,SimCLR IY017-inst b512 D16 154043,PHATE
Rtg1 @ 0.01% glucose,3,train,Rtg1,0.01% glucose,0.03870832507213934,-0.004853185528619576,SimCLR IY017-inst b512 D16 154043,PHATE
Rtg1 @ 0.1% glucose,4,train,Rtg1,0.1% glucose,0.025873189081607496,0.015079111005291992,SimCLR IY017-inst b512 D16 154043,PHATE
Rtg1 @ 2% glucose (mock/steady),5,train,Rtg1,2% glucose (mock/steady),0.03902386129148265,0.010418510693766278,SimCLR IY017-inst b512 D16 154043,PHATE
Rtg1 @ 0.01% glucose,3,train,Rtg1,0.01% glucose,0.04122372652797854,-0.021531377796518692,SimCLR IY017-inst b512 D16 154043,PHATE
Rtg1 @ 2% glucose (mock/steady),5,train,Rtg1,2% glucose (mock/steady),0.025168229013636995,0.013284682283398989,SimCLR IY017-inst b512 D16 154043,PHATE
Rtg1 @ 2% glucose (mock/steady),5,train,Rtg1,2% glucose (mock/steady),0.0303924365503924,0.010893017531521318,SimCLR IY017-inst b512 D16 154043,PHATE
Nrg1 @ 2% glucose (mock/steady),2,train,Nrg1,2% glucose (mock/steady),-0.031856247879426675,0.017783736830175614,SimCLR IY017-inst b512 D16 154043,PHATE
Nrg1 @ 0.1% glucose,1,train,Nrg1,0.1% glucose,-0.06603094959209424,-0.02019555655335993,SimCLR IY017-inst b512 D16 154043,PHATE
Rtg1 @ 0.1% glucose,4,train,Rtg1,0.1% glucose,0.03856227010458113,0.00909853999709432,SimCLR IY017-inst b512 D16 154043,PHATE
Nrg1 @ 2% glucose (mock/steady),2,train,Nrg1,2% glucose (mock/steady),-0.057777392743385725,-0.009920506818795232,SimCLR IY017-inst b512 D16 154043,PHATE
Nrg1 @ 0.01% glucose,0,train,Nrg1,0.01% glucose,-3.3422768577327716e-05,0.022088402768856433,SimCLR IY017-inst b512 D16 154043,PHATE
Nrg1 @ 2% glucose (mock/steady),2,train,Nrg1,2% glucose (mock/steady),-0.028590978131750613,0.02021817012076511,SimCLR IY017-inst b512 D16 154043,PHATE
Nrg1 @ 0.1% glucose,1,train,Nrg1,0.1% glucose,-0.05650718573332356,-0.007475127063495315,SimCLR IY017-inst b512 D16 154043,PHATE
Rtg1 @ 0.01% glucose,3,train,Rtg1,0.01% glucose,0.037905107781301184,-0.039730473053620645,SimCLR IY017-inst b512 D16 154043,PHATE
Rtg1 @ 0.1% glucose,4,train,Rtg1,0.1% glucose,0.03724102141775928,-0.0006504499224758825,SimCLR IY017-inst b512 D16 154043,PHATE
Nrg1 @ 0.1% glucose,1,train,Nrg1,0.1% glucose,-0.05719799840638412,-0.007433239673830033,SimCLR IY017-inst b512 D16 154043,PHATE
Nrg1 @ 2% glucose (mock/steady),2,train,Nrg1,2% glucose (mock/steady),-0.02273372542468046,0.02053241872466514,SimCLR IY017-inst b512 D16 154043,PHATE
Nrg1 @ 0.01% glucose,0,train,Nrg1,0.01% glucose,0.0004092698338214514,0.023231041588646667,SimCLR IY017-inst b512 D16 154043,PHATE
Rtg1 @ 0.1% glucose,4,train,Rtg1,0.1% glucose,0.019856043892662323,0.01848118054121313,SimCLR IY017-inst b512 D16 154043,PHATE
Rtg1 @ 2% glucose (mock/steady),5,train,Rtg1,2% glucose (mock/steady),0.035252699798094554,0.011104354710487062,SimCLR IY017-inst b512 D16 154043,PHATE
Nrg1 @ 2% glucose (mock/steady),2,train,Nrg1,2% glucose (mock/steady),-0.05932178444812479,-0.005660303220263289,SimCLR IY017-inst b512 D16 154043,PHATE
Nrg1 @ 0.01% glucose,0,train,Nrg1,0.01% glucose,-0.008394205937440823,0.02366558684636628,SimCLR IY017-inst b512 D16 154043,PHATE
Rtg1 @ 0.01% glucose,3,train,Rtg1,0.01% glucose,0.047477974601380556,-0.00980581438887678,SimCLR IY017-inst b512 D16 154043,PHATE
Nrg1 @ 2% glucose (mock/steady),2,train,Nrg1,2% glucose (mock/steady),-0.05399825824537749,0.0033943035078602677,SimCLR IY017-inst b512 D16 154043,PHATE
Nrg1 @ 0.01% glucose,0,train,Nrg1,0.01% glucose,0.0069547644287244765,0.02245460004193142,SimCLR IY017-inst b512 D16 154043,PHATE
Rtg1 @ 0.01% glucose,3,train,Rtg1,0.01% glucose,0.04097477531821253,-0.01902880275630484,SimCLR IY017-inst b512 D16 154043,PHATE
Rtg1 @ 0.01% glucose,3,train,Rtg1,0.01% glucose,0.04139401630672592,-0.010759267583841128,SimCLR IY017-inst b512 D16 154043,PHATE
Nrg1 @ 2% glucose (mock/steady),2,train,Nrg1,2% glucose (mock/steady),-0.04430433381482029,0.009165290755163726,SimCLR IY017-inst b512 D16 154043,PHATE
Rtg1 @ 0.01% glucose,3,train,Rtg1,0.01% glucose,0.03775379607532549,-0.018457701306493473,SimCLR IY017-inst b512 D16 154043,PHATE
Nrg1 @ 0.1% glucose,1,train,Nrg1,0.1% glucose,-0.019892963149947096,0.021811027936385164,SimCLR IY017-inst b512 D16 154043,PHATE
Rtg1 @ 0.1% glucose,4,train,Rtg1,0.1% glucose,0.024851509537393325,0.017207417284240644,SimCLR IY017-inst b512 D16 154043,PHATE
Rtg1 @ 0.01% glucose,3,train,Rtg1,0.01% glucose,0.04605810356676677,-0.004608670531645891,SimCLR IY017-inst b512 D16 154043,PHATE
Rtg1 @ 2% glucose (mock/steady),5,train,Rtg1,2% glucose (mock/steady),0.04356051256248266,0.0029007321720069586,SimCLR IY017-inst b512 D16 154043,PHATE
Rtg1 @ 0.01% glucose,3,train,Rtg1,0.01% glucose,0.02001246512693427,-0.06427420307151549,SimCLR IY017-inst b512 D16 154043,PHATE
Nrg1 @ 0.1% glucose,1,train,Nrg1,0.1% glucose,-0.06534197449718585,-0.01720210087302663,SimCLR IY017-inst b512 D16 154043,PHATE
Nrg1 @ 2% glucose (mock/steady),2,train,Nrg1,2% glucose (mock/steady),-0.04779794854055635,0.007744447094566617,SimCLR IY017-inst b512 D16 154043,PHATE
Nrg1 @ 2% glucose (mock/steady),2,train,Nrg1,2% glucose (mock/steady),-0.035623570711644154,0.01574547350668267,SimCLR IY017-inst b512 D16 154043,PHATE
Nrg1 @ 0.1% glucose,1,train,Nrg1,0.1% glucose,-0.06532273359693373,-0.02462630619146726,SimCLR IY017-inst b512 D16 154043,PHATE
Rtg1 @ 0.01% glucose,3,train,Rtg1,0.01% glucose,0.03823485182035968,-0.01438799504891038,SimCLR IY017-inst b512 D16 154043,PHATE
Rtg1 @ 2% glucose (mock/steady),5,train,Rtg1,2% glucose (mock/steady),0.02263066997176607,0.012986219768184202,SimCLR IY017-inst b512 D16 154043,PHATE
Nrg1 @ 2% glucose (mock/steady),2,train,Nrg1,2% glucose (mock/steady),-0.04539748153430964,0.00961397355658822,SimCLR IY017-inst b512 D16 154043,PHATE
Nrg1 @ 0.1% glucose,1,train,Nrg1,0.1% glucose,-0.05519833003096668,-0.0054946823386726445,SimCLR IY017-inst b512 D16 154043,PHATE
Rtg1 @ 0.1% glucose,4,train,Rtg1,0.1% glucose,0.03145289594258677,0.014772714332485462,SimCLR IY017-inst b512 D16 154043,PHATE
Nrg1 @ 2% glucose (mock/steady),2,train,Nrg1,2% glucose (mock/steady),-0.03652815521439439,0.016571716902600474,SimCLR IY017-inst b512 D16 154043,PHATE
Nrg1 @ 0.01% glucose,0,train,Nrg1,0.01% glucose,-0.02052149928928078,0.022124608196379052,SimCLR IY017-inst b512 D16 154043,PHATE
Rtg1 @ 0.1% glucose,4,train,Rtg1,0.1% glucose,0.02430367500625059,0.015419176422345667,SimCLR IY017-inst b512 D16 154043,PHATE
Nrg1 @ 0.1% glucose,1,train,Nrg1,0.1% glucose,-0.027956357449763956,0.02040127761765337,SimCLR IY017-inst b512 D16 154043,PHATE
Rtg1 @ 0.01% glucose,3,train,Rtg1,0.01% glucose,0.04218459726668257,-0.019359601319398057,SimCLR IY017-inst b512 D16 154043,PHATE
Nrg1 @ 0.1% glucose,1,train,Nrg1,0.1% glucose,-0.06377951647316206,-0.019886336914250596,SimCLR IY017-inst b512 D16 154043,PHATE
Rtg1 @ 2% glucose (mock/steady),5,train,Rtg1,2% glucose (mock/steady),0.023111276490367056,0.012547017724115633,SimCLR IY017-inst b512 D16 154043,PHATE
Rtg1 @ 0.1% glucose,4,train,Rtg1,0.1% glucose,0.02668023643400906,0.0157065558330571,SimCLR IY017-inst b512 D16 154043,PHATE
Nrg1 @ 2% glucose (mock/steady),2,train,Nrg1,2% glucose (mock/steady),-0.059454416957355954,-0.012935880526761206,SimCLR IY017-inst b512 D16 154043,PHATE
Nrg1 @ 0.1% glucose,1,train,Nrg1,0.1% glucose,-0.05447730357505607,0.001996630692371144,SimCLR IY017-inst b512 D16 154043,PHATE
Nrg1 @ 2% glucose (mock/steady),2,train,Nrg1,2% glucose (mock/steady),-0.04791842889397011,0.004511830435689103,SimCLR IY017-inst b512 D16 154043,PHATE
Nrg1 @ 2% glucose (mock/steady),2,train,Nrg1,2% glucose (mock/steady),-0.05202407981829068,0.004255023256334016,SimCLR IY017-inst b512 D16 154043,PHATE
Nrg1 @ 0.01% glucose,0,train,Nrg1,0.01% glucose,0.002347334831254143,0.023392297899891383,SimCLR IY017-inst b512 D16 154043,PHATE
Nrg1 @ 0.01% glucose,0,train,Nrg1,0.01% glucose,-0.0008338280745782614,0.022438733497443967,SimCLR IY017-inst b512 D16 154043,PHATE
Rtg1 @ 0.01% glucose,3,train,Rtg1,0.01% glucose,0.04291692348784921,-0.013508758495835,SimCLR IY017-inst b512 D16 154043,PHATE
Rtg1 @ 0.1% glucose,4,train,Rtg1,0.1% glucose,0.03642183351755586,0.0020010921049990376,SimCLR IY017-inst b512 D16 154043,PHATE
Nrg1 @ 0.01% glucose,0,train,Nrg1,0.01% glucose,0.02409275736018717,0.0009141306133497234,SimCLR IY017-inst b512 D16 154043,PHATE
Rtg1 @ 2% glucose (mock/steady),5,train,Rtg1,2% glucose (mock/steady),0.03938174999884345,-0.008535420337783635,SimCLR IY017-inst b512 D16 154043,PHATE
Nrg1 @ 2% glucose (mock/steady),2,train,Nrg1,2% glucose (mock/steady),-0.05503622878365889,-0.0020377595517575846,SimCLR IY017-inst b512 D16 154043,PHATE
Nrg1 @ 2% glucose (mock/steady),2,train,Nrg1,2% glucose (mock/steady),-0.05027651628321177,0.0057150588867984084,SimCLR IY017-inst b512 D16 154043,PHATE
Rtg1 @ 2% glucose (mock/steady),5,train,Rtg1,2% glucose (mock/steady),0.030750323249640797,0.01204378135384021,SimCLR IY017-inst b512 D16 154043,PHATE
Nrg1 @ 2% glucose (mock/steady),2,train,Nrg1,2% glucose (mock/steady),0.012973601470097674,0.02181414842377609,SimCLR IY017-inst b512 D16 154043,PHATE
Nrg1 @ 2% glucose (mock/steady),2,train,Nrg1,2% glucose (mock/steady),-0.021266356937878143,0.023592453339076433,SimCLR IY017-inst b512 D16 154043,PHATE
Nrg1 @ 0.01% glucose,0,train,Nrg1,0.01% glucose,0.006572131162519701,0.022851559113994786,SimCLR IY017-inst b512 D16 154043,PHATE
Rtg1 @ 0.01% glucose,3,train,Rtg1,0.01% glucose,0.04193489324560658,-0.016733514236546586,SimCLR IY017-inst b512 D16 154043,PHATE
Nrg1 @ 2% glucose (mock/steady),2,train,Nrg1,2% glucose (mock/steady),-0.04445614707616652,0.01037466849256931,SimCLR IY017-inst b512 D16 154043,PHATE
Rtg1 @ 0.01% glucose,3,train,Rtg1,0.01% glucose,0.04062958497804763,-0.029689274046472123,SimCLR IY017-inst b512 D16 154043,PHATE
Rtg1 @ 2% glucose (mock/steady),5,train,Rtg1,2% glucose (mock/steady),0.044812995314766395,-0.021785683013061496,SimCLR IY017-inst b512 D16 154043,PHATE
Nrg1 @ 0.1% glucose,1,train,Nrg1,0.1% glucose,-0.057726134383427045,-0.004485901473059084,SimCLR IY017-inst b512 D16 154043,PHATE
Nrg1 @ 0.01% glucose,0,train,Nrg1,0.01% glucose,-0.01965349546905993,0.023560116696866078,SimCLR IY017-inst b512 D16 154043,PHATE
Rtg1 @ 0.1% glucose,4,train,Rtg1,0.1% glucose,0.014764018252886415,0.02092139811501223,SimCLR IY017-inst b512 D16 154043,PHATE
Rtg1 @ 0.01% glucose,3,train,Rtg1,0.01% glucose,0.041179051016924935,-0.02234198601408319,SimCLR IY017-inst b512 D16 154043,PHATE
Nrg1 @ 2% glucose (mock/steady),2,train,Nrg1,2% glucose (mock/steady),-0.055770632356012956,0.0005718900248698506,SimCLR IY017-inst b512 D16 154043,PHATE
Rtg1 @ 0.1% glucose,4,train,Rtg1,0.1% glucose,0.038643577303379445,0.0031636535407656903,SimCLR IY017-inst b512 D16 154043,PHATE
Rtg1 @ 0.01% glucose,3,train,Rtg1,0.01% glucose,0.03852536681653689,-0.028142262601403074,SimCLR IY017-inst b512 D16 154043,PHATE
Rtg1 @ 0.01% glucose,3,train,Rtg1,0.01% glucose,0.046106534656242384,-0.007320783796360417,SimCLR IY017-inst b512 D16 154043,PHATE
Rtg1 @ 2% glucose (mock/steady),5,train,Rtg1,2% glucose (mock/steady),0.0328439313308648,0.008107074272104338,SimCLR IY017-inst b512 D16 154043,PHATE
Rtg1 @ 2% glucose (mock/steady),5,train,Rtg1,2% glucose (mock/steady),0.040143882519239275,-0.009938358657247574,SimCLR IY017-inst b512 D16 154043,PHATE
Nrg1 @ 2% glucose (mock/steady),2,train,Nrg1,2% glucose (mock/steady),-0.05057818423373929,0.005664709926749926,SimCLR IY017-inst b512 D16 154043,PHATE
Nrg1 @ 0.1% glucose,1,train,Nrg1,0.1% glucose,-0.05462861942727901,-0.005984014422392167,SimCLR IY017-inst b512 D16 154043,PHATE
Rtg1 @ 0.1% glucose,4,train,Rtg1,0.1% glucose,0.03381517836555257,1.2240599248397904e-05,SimCLR IY017-inst b512 D16 154043,PHATE
Nrg1 @ 2% glucose (mock/steady),2,train,Nrg1,2% glucose (mock/steady),-0.05895593222487038,-0.003826492471234218,SimCLR IY017-inst b512 D16 154043,PHATE
Nrg1 @ 0.01% glucose,0,train,Nrg1,0.01% glucose,0.0007973339281497705,0.023650226552020162,SimCLR IY017-inst b512 D16 154043,PHATE
Nrg1 @ 2% glucose (mock/steady),2,train,Nrg1,2% glucose (mock/steady),-0.04557991764389555,0.010175108987689816,SimCLR IY017-inst b512 D16 154043,PHATE
Nrg1 @ 0.1% glucose,1,train,Nrg1,0.1% glucose,-0.0640221605631063,-0.011673964548720824,SimCLR IY017-inst b512 D16 154043,PHATE
Rtg1 @ 2% glucose (mock/steady),5,train,Rtg1,2% glucose (mock/steady),0.045578807132431315,-0.0032066646195599096,SimCLR IY017-inst b512 D16 154043,PHATE
Nrg1 @ 0.01% glucose,0,train,Nrg1,0.01% glucose,-0.013888359454622003,0.024971105845966204,SimCLR IY017-inst b512 D16 154043,PHATE
Rtg1 @ 0.1% glucose,4,train,Rtg1,0.1% glucose,0.03420519484215638,0.012221625660608701,SimCLR IY017-inst b512 D16 154043,PHATE
Rtg1 @ 0.1% glucose,4,train,Rtg1,0.1% glucose,0.02111736274175881,0.014022836953076285,SimCLR IY017-inst b512 D16 154043,PHATE
Nrg1 @ 0.01% glucose,0,train,Nrg1,0.01% glucose,-0.0577277392519781,-0.004042096123909252,SimCLR IY017-inst b512 D16 154043,PHATE
Nrg1 @ 0.01% glucose,0,train,Nrg1,0.01% glucose,0.03707758269858326,0.011299099507388402,SimCLR IY017-inst b512 D16 154043,PHATE
Rtg1 @ 0.1% glucose,4,train,Rtg1,0.1% glucose,0.0384610170416627,0.004197722707083787,SimCLR IY017-inst b512 D16 154043,PHATE
Nrg1 @ 0.1% glucose,1,train,Nrg1,0.1% glucose,-0.06380918328576812,-0.02297382672918323,SimCLR IY017-inst b512 D16 154043,PHATE
Nrg1 @ 2% glucose (mock/steady),2,train,Nrg1,2% glucose (mock/steady),0.02057062838997985,-0.002498645148765679,SimCLR IY017-inst b512 D16 154043,PHATE
Nrg1 @ 0.01% glucose,0,train,Nrg1,0.01% glucose,-0.010107401211444243,0.02739881578519534,SimCLR IY017-inst b512 D16 154043,PHATE
Rtg1 @ 2% glucose (mock/steady),5,train,Rtg1,2% glucose (mock/steady),0.030646092658181794,0.008936447915048048,SimCLR IY017-inst b512 D16 154043,PHATE
Rtg1 @ 0.01% glucose,3,train,Rtg1,0.01% glucose,0.03973571077173099,-0.01567606662001718,SimCLR IY017-inst b512 D16 154043,PHATE
Rtg1 @ 0.1% glucose,4,train,Rtg1,0.1% glucose,0.028017385213916633,0.01312084124969419,SimCLR IY017-inst b512 D16 154043,PHATE
Nrg1 @ 0.1% glucose,1,train,Nrg1,0.1% glucose,-0.05943310434031236,-0.011532825126815525,SimCLR IY017-inst b512 D16 154043,PHATE
Rtg1 @ 0.01% glucose,3,train,Rtg1,0.01% glucose,0.04188758209139742,-0.025308906112051062,SimCLR IY017-inst b512 D16 154043,PHATE
Rtg1 @ 2% glucose (mock/steady),5,train,Rtg1,2% glucose (mock/steady),0.04716576882497341,-0.007936951728087711,SimCLR IY017-inst b512 D16 154043,PHATE
Rtg1 @ 0.1% glucose,4,train,Rtg1,0.1% glucose,0.018098761288340644,0.020163442384467538,SimCLR IY017-inst b512 D16 154043,PHATE
Nrg1 @ 0.01% glucose,0,train,Nrg1,0.01% glucose,0.0023224410215418397,0.028588188612473576,SimCLR IY017-inst b512 D16 154043,PHATE
Nrg1 @ 2% glucose (mock/steady),2,train,Nrg1,2% glucose (mock/steady),-0.057519628522811,-0.0005805095288826841,SimCLR IY017-inst b512 D16 154043,PHATE
Rtg1 @ 0.1% glucose,4,train,Rtg1,0.1% glucose,0.041325242380270015,-0.012680950359862638,SimCLR IY017-inst b512 D16 154043,PHATE
Nrg1 @ 0.1% glucose,1,train,Nrg1,0.1% glucose,-0.06101144151297602,-0.015353538624780961,SimCLR IY017-inst b512 D16 154043,PHATE
Nrg1 @ 0.01% glucose,0,train,Nrg1,0.01% glucose,0.00010749907164024183,0.023970126951997534,SimCLR IY017-inst b512 D16 154043,PHATE
Rtg1 @ 0.1% glucose,4,train,Rtg1,0.1% glucose,0.028996344549440355,0.01564173034959246,SimCLR IY017-inst b512 D16 154043,PHATE
Rtg1 @ 0.1% glucose,4,train,Rtg1,0.1% glucose,0.022136484348418372,0.018254541039886968,SimCLR IY017-inst b512 D16 154043,PHATE
Rtg1 @ 0.1% glucose,4,train,Rtg1,0.1% glucose,0.021997011765525053,0.013554869472008305,SimCLR IY017-inst b512 D16 154043,PHATE
Rtg1 @ 0.1% glucose,4,train,Rtg1,0.1% glucose,0.025189309690974,0.013809066871903001,SimCLR IY017-inst b512 D16 154043,PHATE
Nrg1 @ 0.01% glucose,0,train,Nrg1,0.01% glucose,0.01119385170704156,0.021778263059249472,SimCLR IY017-inst b512 D16 154043,PHATE
Nrg1 @ 2% glucose (mock/steady),2,train,Nrg1,2% glucose (mock/steady),-0.06445203360185227,-0.017501864009918027,SimCLR IY017-inst b512 D16 154043,PHATE
Rtg1 @ 2% glucose (mock/steady),5,train,Rtg1,2% glucose (mock/steady),0.04022460948017664,0.0005987375528763856,SimCLR IY017-inst b512 D16 154043,PHATE
Nrg1 @ 0.01% glucose,0,train,Nrg1,0.01% glucose,0.005716243772176347,0.02233241333723087,SimCLR IY017-inst b512 D16 154043,PHATE
Rtg1 @ 0.01% glucose,3,train,Rtg1,0.01% glucose,0.023605472142131143,-0.059927910761846184,SimCLR IY017-inst b512 D16 154043,PHATE
Rtg1 @ 0.01% glucose,3,train,Rtg1,0.01% glucose,0.04396247816470461,-0.015644210926706092,SimCLR IY017-inst b512 D16 154043,PHATE
Nrg1 @ 2% glucose (mock/steady),2,train,Nrg1,2% glucose (mock/steady),-0.04197879793156338,0.010866940411209034,SimCLR IY017-inst b512 D16 154043,PHATE
Rtg1 @ 2% glucose (mock/steady),5,train,Rtg1,2% glucose (mock/steady),0.04178890479548269,-0.011678468015741444,SimCLR IY017-inst b512 D16 154043,PHATE
Rtg1 @ 2% glucose (mock/steady),5,train,Rtg1,2% glucose (mock/steady),0.04463166303440128,-0.02325168738999784,SimCLR IY017-inst b512 D16 154043,PHATE
Nrg1 @ 0.01% glucose,0,train,Nrg1,0.01% glucose,0.022002328335219375,-0.004062352963860535,SimCLR IY017-inst b512 D16 154043,PHATE
Nrg1 @ 0.1% glucose,1,train,Nrg1,0.1% glucose,-0.06401378011230366,-0.025575192301074787,SimCLR IY017-inst b512 D16 154043,PHATE
Nrg1 @ 2% glucose (mock/steady),2,train,Nrg1,2% glucose (mock/steady),-0.0609811113536147,-0.0059436959421295165,SimCLR IY017-inst b512 D16 154043,PHATE
Rtg1 @ 0.01% glucose,3,train,Rtg1,0.01% glucose,0.042676641434876025,-0.014130268783599322,SimCLR IY017-inst b512 D16 154043,PHATE
Rtg1 @ 0.01% glucose,3,train,Rtg1,0.01% glucose,0.03332063843158449,-0.01298613706002763,SimCLR IY017-inst b512 D16 154043,PHATE
Nrg1 @ 2% glucose (mock/steady),2,train,Nrg1,2% glucose (mock/steady),-0.059204289842274216,-0.005397930508102895,SimCLR IY017-inst b512 D16 154043,PHATE
Rtg1 @ 0.01% glucose,3,train,Rtg1,0.01% glucose,0.04113059335583268,-0.008175694624346008,SimCLR IY017-inst b512 D16 154043,PHATE
Rtg1 @ 0.1% glucose,4,train,Rtg1,0.1% glucose,0.02443185980639607,0.012365460282310945,SimCLR IY017-inst b512 D16 154043,PHATE
Rtg1 @ 0.01% glucose,3,train,Rtg1,0.01% glucose,0.04190204734224911,-0.014796490488572525,SimCLR IY017-inst b512 D16 154043,PHATE
Nrg1 @ 0.1% glucose,1,train,Nrg1,0.1% glucose,-0.0631065861067204,-0.023565950716385096,SimCLR IY017-inst b512 D16 154043,PHATE
Nrg1 @ 0.1% glucose,1,train,Nrg1,0.1% glucose,-0.04525684220305352,0.00898938866299334,SimCLR IY017-inst b512 D16 154043,PHATE
Rtg1 @ 0.01% glucose,3,train,Rtg1,0.01% glucose,0.03890034018262704,-0.01688191612374364,SimCLR IY017-inst b512 D16 154043,PHATE
Nrg1 @ 0.1% glucose,1,train,Nrg1,0.1% glucose,-0.06477576978755197,-0.025991608233350658,SimCLR IY017-inst b512 D16 154043,PHATE
Nrg1 @ 0.1% glucose,1,train,Nrg1,0.1% glucose,-0.06306610906119425,-0.021139137464931672,SimCLR IY017-inst b512 D16 154043,PHATE
Rtg1 @ 2% glucose (mock/steady),5,train,Rtg1,2% glucose (mock/steady),0.044114851773660584,-0.00015199998609716363,SimCLR IY017-inst b512 D16 154043,PHATE
Nrg1 @ 0.1% glucose,1,train,Nrg1,0.1% glucose,-0.06287424784225079,-0.009821932821456738,SimCLR IY017-inst b512 D16 154043,PHATE
Rtg1 @ 0.1% glucose,4,train,Rtg1,0.1% glucose,0.03533098331600196,0.006922830231780997,SimCLR IY017-inst b512 D16 154043,PHATE
Nrg1 @ 0.1% glucose,1,train,Nrg1,0.1% glucose,-0.026391930839116826,0.020756026990504637,SimCLR IY017-inst b512 D16 154043,PHATE
Rtg1 @ 0.01% glucose,3,train,Rtg1,0.01% glucose,0.03930459323893242,-0.03499799423326239,SimCLR IY017-inst b512 D16 154043,PHATE
Nrg1 @ 0.01% glucose,0,train,Nrg1,0.01% glucose,0.0031074684717820474,0.02315181642264937,SimCLR IY017-inst b512 D16 154043,PHATE
Rtg1 @ 0.01% glucose,3,train,Rtg1,0.01% glucose,0.03633464504924915,-0.014946159732746175,SimCLR IY017-inst b512 D16 154043,PHATE
Rtg1 @ 0.1% glucose,4,train,Rtg1,0.1% glucose,0.03507054583102217,0.009238339189809944,SimCLR IY017-inst b512 D16 154043,PHATE
Rtg1 @ 0.1% glucose,4,train,Rtg1,0.1% glucose,0.03298784070476773,0.011878359935567403,SimCLR IY017-inst b512 D16 154043,PHATE
Nrg1 @ 0.1% glucose,1,train,Nrg1,0.1% glucose,-0.06186101273851327,-0.01779122433324586,SimCLR IY017-inst b512 D16 154043,PHATE
Nrg1 @ 0.01% glucose,0,train,Nrg1,0.01% glucose,0.0019998731216523814,0.022607621529594685,SimCLR IY017-inst b512 D16 154043,PHATE
Rtg1 @ 0.1% glucose,4,train,Rtg1,0.1% glucose,0.038994867324837784,0.008940703747553505,SimCLR IY017-inst b512 D16 154043,PHATE
Nrg1 @ 0.01% glucose,0,train,Nrg1,0.01% glucose,-0.021902629955233472,0.017617518380216156,SimCLR IY017-inst b512 D16 154043,PHATE
Nrg1 @ 0.01% glucose,0,train,Nrg1,0.01% glucose,-0.014171642705959811,0.023886763090826355,SimCLR IY017-inst b512 D16 154043,PHATE
Rtg1 @ 2% glucose (mock/steady),5,train,Rtg1,2% glucose (mock/steady),0.04598400107614256,-0.00222370809288001,SimCLR IY017-inst b512 D16 154043,PHATE
Nrg1 @ 2% glucose (mock/steady),2,train,Nrg1,2% glucose (mock/steady),-0.004265506798514704,0.022949625268707367,SimCLR IY017-inst b512 D16 154043,PHATE
Nrg1 @ 0.1% glucose,1,train,Nrg1,0.1% glucose,-0.047800363237724415,0.002995144111050554,SimCLR IY017-inst b512 D16 154043,PHATE
Rtg1 @ 2% glucose (mock/steady),5,train,Rtg1,2% glucose (mock/steady),0.03917678972946676,0.0030169503616518396,SimCLR IY017-inst b512 D16 154043,PHATE
Rtg1 @ 0.1% glucose,4,train,Rtg1,0.1% glucose,0.02358548344452941,0.014486292435774917,SimCLR IY017-inst b512 D16 154043,PHATE
Nrg1 @ 0.1% glucose,1,train,Nrg1,0.1% glucose,-0.052943601300038494,0.002761384059141693,SimCLR IY017-inst b512 D16 154043,PHATE
Nrg1 @ 2% glucose (mock/steady),2,train,Nrg1,2% glucose (mock/steady),-0.05359332177514329,0.00013946708056565273,SimCLR IY017-inst b512 D16 154043,PHATE
Nrg1 @ 0.01% glucose,0,train,Nrg1,0.01% glucose,-0.00282094145114595,0.022375514176257875,SimCLR IY017-inst b512 D16 154043,PHATE
Nrg1 @ 2% glucose (mock/steady),2,train,Nrg1,2% glucose (mock/steady),-0.05914451446382451,-0.004360275872834344,SimCLR IY017-inst b512 D16 154043,PHATE
Nrg1 @ 2% glucose (mock/steady),2,train,Nrg1,2% glucose (mock/steady),-0.04539615393833112,0.010048468655505719,SimCLR IY017-inst b512 D16 154043,PHATE
Nrg1 @ 2% glucose (mock/steady),2,train,Nrg1,2% glucose (mock/steady),-0.04492475389108629,0.009008663617284071,SimCLR IY017-inst b512 D16 154043,PHATE
Rtg1 @ 2% glucose (mock/steady),5,train,Rtg1,2% glucose (mock/steady),0.0191213374374781,0.01951816802645468,SimCLR IY017-inst b512 D16 154043,PHATE
Nrg1 @ 2% glucose (mock/steady),2,train,Nrg1,2% glucose (mock/steady),-0.053585104373971244,0.001956955835134928,SimCLR IY017-inst b512 D16 154043,PHATE
Rtg1 @ 0.1% glucose,4,train,Rtg1,0.1% glucose,0.041844236811120296,0.002962424923780087,SimCLR IY017-inst b512 D16 154043,PHATE
Rtg1 @ 0.01% glucose,3,train,Rtg1,0.01% glucose,0.04332745783653957,-0.02027465525525893,SimCLR IY017-inst b512 D16 154043,PHATE
Rtg1 @ 2% glucose (mock/steady),5,train,Rtg1,2% glucose (mock/steady),0.041460185843611025,-0.013837951120655525,SimCLR IY017-inst b512 D16 154043,PHATE
Rtg1 @ 0.1% glucose,4,train,Rtg1,0.1% glucose,0.04310091117508767,-0.011365589558947908,SimCLR IY017-inst b512 D16 154043,PHATE
Nrg1 @ 0.01% glucose,0,train,Nrg1,0.01% glucose,0.02994133062151031,0.0027556450443042063,SimCLR IY017-inst b512 D16 154043,PHATE
Nrg1 @ 0.01% glucose,0,train,Nrg1,0.01% glucose,0.03373560543556947,0.009836242771493729,SimCLR IY017-inst b512 D16 154043,PHATE
Rtg1 @ 2% glucose (mock/steady),5,train,Rtg1,2% glucose (mock/steady),0.034671908267506754,0.002617850374414894,SimCLR IY017-inst b512 D16 154043,PHATE
Rtg1 @ 0.1% glucose,4,train,Rtg1,0.1% glucose,0.018615786950823242,0.01618417705736298,SimCLR IY017-inst b512 D16 154043,PHATE
Nrg1 @ 0.1% glucose,1,train,Nrg1,0.1% glucose,-0.06687602408298297,-0.025369407313594897,SimCLR IY017-inst b512 D16 154043,PHATE
Nrg1 @ 2% glucose (mock/steady),2,train,Nrg1,2% glucose (mock/steady),-0.06475174898274143,-0.01618594129387999,SimCLR IY017-inst b512 D16 154043,PHATE
Rtg1 @ 2% glucose (mock/steady),5,train,Rtg1,2% glucose (mock/steady),0.04344570515086465,-0.01973335994024548,SimCLR IY017-inst b512 D16 154043,PHATE
Rtg1 @ 0.01% glucose,3,train,Rtg1,0.01% glucose,0.04323724799270394,-0.016623441029406466,SimCLR IY017-inst b512 D16 154043,PHATE
Nrg1 @ 2% glucose (mock/steady),2,train,Nrg1,2% glucose (mock/steady),-0.056597012789191124,-0.0011308257091697065,SimCLR IY017-inst b512 D16 154043,PHATE
Rtg1 @ 0.1% glucose,4,train,Rtg1,0.1% glucose,0.03148195922261442,0.010691330681266946,SimCLR IY017-inst b512 D16 154043,PHATE
Rtg1 @ 2% glucose (mock/steady),5,train,Rtg1,2% glucose (mock/steady),0.045259297576676356,-0.0018064278891425456,SimCLR IY017-inst b512 D16 154043,PHATE
Rtg1 @ 2% glucose (mock/steady),5,train,Rtg1,2% glucose (mock/steady),0.037612259381110916,0.00430361777734804,SimCLR IY017-inst b512 D16 154043,PHATE
Rtg1 @ 0.01% glucose,3,train,Rtg1,0.01% glucose,0.041029930625012735,-0.026657178204877282,SimCLR IY017-inst b512 D16 154043,PHATE
Nrg1 @ 0.01% glucose,0,train,Nrg1,0.01% glucose,-0.016289954346598905,0.024120280903339977,SimCLR IY017-inst b512 D16 154043,PHATE
Rtg1 @ 0.01% glucose,3,train,Rtg1,0.01% glucose,0.04279469435822762,-0.01958600719353795,SimCLR IY017-inst b512 D16 154043,PHATE
Nrg1 @ 0.01% glucose,0,train,Nrg1,0.01% glucose,-0.0028952307515368023,0.023297934274775788,SimCLR IY017-inst b512 D16 154043,PHATE
Rtg1 @ 2% glucose (mock/steady),5,train,Rtg1,2% glucose (mock/steady),0.04483456633547921,-0.022593355547170377,SimCLR IY017-inst b512 D16 154043,PHATE
Rtg1 @ 0.01% glucose,3,train,Rtg1,0.01% glucose,0.020368867017042054,-0.06389268820311693,SimCLR IY017-inst b512 D16 154043,PHATE
Rtg1 @ 0.1% glucose,4,train,Rtg1,0.1% glucose,0.020599855591209654,0.017139755630357502,SimCLR IY017-inst b512 D16 154043,PHATE
Rtg1 @ 0.1% glucose,4,train,Rtg1,0.1% glucose,0.02324955382817514,0.013466534886262971,SimCLR IY017-inst b512 D16 154043,PHATE
Nrg1 @ 0.1% glucose,1,train,Nrg1,0.1% glucose,-0.06660850740262354,-0.021969605250255944,SimCLR IY017-inst b512 D16 154043,PHATE
Nrg1 @ 0.01% glucose,0,train,Nrg1,0.01% glucose,-0.002043154292166621,0.02822112013429599,SimCLR IY017-inst b512 D16 154043,PHATE
Rtg1 @ 2% glucose (mock/steady),5,train,Rtg1,2% glucose (mock/steady),0.027018870453773908,0.01386000230384158,SimCLR IY017-inst b512 D16 154043,PHATE
Rtg1 @ 0.01% glucose,3,train,Rtg1,0.01% glucose,0.038167767561802374,-0.03875591245334361,SimCLR IY017-inst b512 D16 154043,PHATE
Rtg1 @ 0.01% glucose,3,train,Rtg1,0.01% glucose,0.02287684506950513,-0.06084423167313611,SimCLR IY017-inst b512 D16 154043,PHATE
Rtg1 @ 0.01% glucose,3,train,Rtg1,0.01% glucose,0.0382100784083631,-0.03755652731336094,SimCLR IY017-inst b512 D16 154043,PHATE
Nrg1 @ 0.1% glucose,1,train,Nrg1,0.1% glucose,-0.06702423094834115,-0.023135911136163208,SimCLR IY017-inst b512 D16 154043,PHATE
Nrg1 @ 2% glucose (mock/steady),2,test,Nrg1,2% glucose (mock/steady),-0.06184456078607059,-0.007892854403561413,SimCLR IY017-inst b512 D16 154043,PHATE
Rtg1 @ 0.1% glucose,4,test,Rtg1,0.1% glucose,0.036954745055904924,0.0037807552526014417,SimCLR IY017-inst b512 D16 154043,PHATE
Rtg1 @ 0.1% glucose,4,test,Rtg1,0.1% glucose,0.035092107626077555,0.012820956204929922,SimCLR IY017-inst b512 D16 154043,PHATE
Nrg1 @ 0.1% glucose,1,test,Nrg1,0.1% glucose,-0.059468895611447706,-0.012294210655872525,SimCLR IY017-inst b512 D16 154043,PHATE
Nrg1 @ 0.1% glucose,1,test,Nrg1,0.1% glucose,-0.057430172108067085,-0.009720473549572393,SimCLR IY017-inst b512 D16 154043,PHATE
Rtg1 @ 0.01% glucose,3,test,Rtg1,0.01% glucose,0.036745411970151284,-0.006110710477438341,SimCLR IY017-inst b512 D16 154043,PHATE
Rtg1 @ 2% glucose (mock/steady),5,test,Rtg1,2% glucose (mock/steady),0.02798925372913452,0.012611468156919981,SimCLR IY017-inst b512 D16 154043,PHATE
Nrg1 @ 0.1% glucose,1,test,Nrg1,0.1% glucose,-0.06523331954878675,-0.026516282592800238,SimCLR IY017-inst b512 D16 154043,PHATE
Rtg1 @ 0.01% glucose,3,test,Rtg1,0.01% glucose,0.04489835418689565,-0.022015857117401054,SimCLR IY017-inst b512 D16 154043,PHATE
Rtg1 @ 2% glucose (mock/steady),5,test,Rtg1,2% glucose (mock/steady),0.044966419814317586,-0.0011337239481403647,SimCLR IY017-inst b512 D16 154043,PHATE
Nrg1 @ 0.01% glucose,0,test,Nrg1,0.01% glucose,-0.018545967466027144,0.020672299421213392,SimCLR IY017-inst b512 D16 154043,PHATE
Nrg1 @ 0.1% glucose,1,test,Nrg1,0.1% glucose,-0.06575937557422987,-0.02606186790255463,SimCLR IY017-inst b512 D16 154043,PHATE
Nrg1 @ 0.1% glucose,1,test,Nrg1,0.1% glucose,-0.05832950519575829,-0.005028418341643225,SimCLR IY017-inst b512 D16 154043,PHATE
Rtg1 @ 2% glucose (mock/steady),5,test,Rtg1,2% glucose (mock/steady),0.03968486821694289,0.003306710195710077,SimCLR IY017-inst b512 D16 154043,PHATE
Nrg1 @ 0.01% glucose,0,test,Nrg1,0.01% glucose,0.022123130272323554,-0.0017757572354356712,SimCLR IY017-inst b512 D16 154043,PHATE
Rtg1 @ 2% glucose (mock/steady),5,test,Rtg1,2% glucose (mock/steady),0.034649564660210845,0.004906849069741303,SimCLR IY017-inst b512 D16 154043,PHATE
Nrg1 @ 2% glucose (mock/steady),2,test,Nrg1,2% glucose (mock/steady),-0.05692040907887141,-0.0005543313664056624,SimCLR IY017-inst b512 D16 154043,PHATE
Nrg1 @ 2% glucose (mock/steady),2,test,Nrg1,2% glucose (mock/steady),-0.035872336708046085,0.017263156734452022,SimCLR IY017-inst b512 D16 154043,PHATE
Rtg1 @ 2% glucose (mock/steady),5,test,Rtg1,2% glucose (mock/steady),0.034831658528544106,0.009933385312763405,SimCLR IY017-inst b512 D16 154043,PHATE
Rtg1 @ 0.1% glucose,4,test,Rtg1,0.1% glucose,0.023578581824899317,0.012772950656962682,SimCLR IY017-inst b512 D16 154043,PHATE
Rtg1 @ 0.01% glucose,3,test,Rtg1,0.01% glucose,0.028251810808735636,-0.05368558469395112,SimCLR IY017-inst b512 D16 154043,PHATE
Rtg1 @ 0.1% glucose,4,test,Rtg1,0.1% glucose,0.036726111062866544,0.007270719223439369,SimCLR IY017-inst b512 D16 154043,PHATE
Nrg1 @ 2% glucose (mock/steady),2,test,Nrg1,2% glucose (mock/steady),-0.04440434111553441,0.00905719890797638,SimCLR IY017-inst b512 D16 154043,PHATE
Rtg1 @ 0.1% glucose,4,test,Rtg1,0.1% glucose,0.0278832739756162,0.007214317007146665,SimCLR IY017-inst b512 D16 154043,PHATE
Nrg1 @ 2% glucose (mock/steady),2,test,Nrg1,2% glucose (mock/steady),-0.05624402469915647,-0.003517644326769831,SimCLR IY017-inst b512 D16 154043,PHATE
Rtg1 @ 0.01% glucose,3,test,Rtg1,0.01% glucose,0.03803270447337286,-0.0034587044238879347,SimCLR IY017-inst b512 D16 154043,PHATE
Rtg1 @ 2% glucose (mock/steady),5,test,Rtg1,2% glucose (mock/steady),0.04187813803662423,0.0023828093308464644,SimCLR IY017-inst b512 D16 154043,PHATE
Rtg1 @ 2% glucose (mock/steady),5,test,Rtg1,2% glucose (mock/steady),0.044568756211773246,-0.01046796147594131,SimCLR IY017-inst b512 D16 154043,PHATE
Rtg1 @ 0.1% glucose,4,test,Rtg1,0.1% glucose,0.03458809424671505,0.012008626233530618,SimCLR IY017-inst b512 D16 154043,PHATE
Rtg1 @ 0.01% glucose,3,test,Rtg1,0.01% glucose,0.03560476411213737,-0.0016766039887619376,SimCLR IY017-inst b512 D16 154043,PHATE
Nrg1 @ 0.01% glucose,0,test,Nrg1,0.01% glucose,0.02428198819620347,-0.0019011500230123092,SimCLR IY017-inst b512 D16 154043,PHATE
Rtg1 @ 2% glucose (mock/steady),5,test,Rtg1,2% glucose (mock/steady),0.029103853287184678,0.008660721962478421,SimCLR IY017-inst b512 D16 154043,PHATE
Rtg1 @ 0.01% glucose,3,test,Rtg1,0.01% glucose,0.04073672366525831,-0.003192650006658391,SimCLR IY017-inst b512 D16 154043,PHATE
Nrg1 @ 0.01% glucose,0,test,Nrg1,0.01% glucose,-0.018565122718418193,0.02036318501534452,SimCLR IY017-inst b512 D16 154043,PHATE
Nrg1 @ 2% glucose (mock/steady),2,test,Nrg1,2% glucose (mock/steady),-0.022361339475251,0.02219696958664734,SimCLR IY017-inst b512 D16 154043,PHATE
Nrg1 @ 0.1% glucose,1,test,Nrg1,0.1% glucose,-0.060329665078451944,-0.011682829154492263,SimCLR IY017-inst b512 D16 154043,PHATE
Nrg1 @ 0.01% glucose,0,test,Nrg1,0.01% glucose,-0.022184090475447754,0.016665449073380457,SimCLR IY017-inst b512 D16 154043,PHATE
Rtg1 @ 0.01% glucose,3,test,Rtg1,0.01% glucose,0.03670732409344996,-0.019565720237590862,SimCLR IY017-inst b512 D16 154043,PHATE
Rtg1 @ 0.1% glucose,4,test,Rtg1,0.1% glucose,0.03625525491113464,0.011034853262563421,SimCLR IY017-inst b512 D16 154043,PHATE
Rtg1 @ 0.1% glucose,4,test,Rtg1,0.1% glucose,0.031139581825746655,0.010911260652884738,SimCLR IY017-inst b512 D16 154043,PHATE
Rtg1 @ 2% glucose (mock/steady),5,test,Rtg1,2% glucose (mock/steady),0.02720814582351473,0.015468579954853966,SimCLR IY017-inst b512 D16 154043,PHATE
Nrg1 @ 2% glucose (mock/steady),2,test,Nrg1,2% glucose (mock/steady),-0.05784160016641532,-0.0021551987165720388,SimCLR IY017-inst b512 D16 154043,PHATE
Nrg1 @ 0.1% glucose,1,test,Nrg1,0.1% glucose,-0.06042286896424807,-0.006743659916907368,SimCLR IY017-inst b512 D16 154043,PHATE
Nrg1 @ 2% glucose (mock/steady),2,test,Nrg1,2% glucose (mock/steady),-0.06161314994062756,-0.006778120886206107,SimCLR IY017-inst b512 D16 154043,PHATE
Nrg1 @ 0.01% glucose,0,test,Nrg1,0.01% glucose,-0.005499228322476882,0.025136636917357232,SimCLR IY017-inst b512 D16 154043,PHATE
Rtg1 @ 0.1% glucose,4,test,Rtg1,0.1% glucose,0.028532310500879666,0.016387026627393372,SimCLR IY017-inst b512 D16 154043,PHATE
Nrg1 @ 2% glucose (mock/steady),2,test,Nrg1,2% glucose (mock/steady),-0.046175735866138094,0.008315364754624424,SimCLR IY017-inst b512 D16 154043,PHATE
Nrg1 @ 0.1% glucose,1,test,Nrg1,0.1% glucose,-0.06563241193399535,-0.01729805703906311,SimCLR IY017-inst b512 D16 154043,PHATE
Nrg1 @ 0.01% glucose,0,test,Nrg1,0.01% glucose,-0.002335930332600806,0.022722637169800983,SimCLR IY017-inst b512 D16 154043,PHATE
Nrg1 @ 2% glucose (mock/steady),2,test,Nrg1,2% glucose (mock/steady),-0.05623288280328393,-0.0013442103380669063,SimCLR IY017-inst b512 D16 154043,PHATE
Nrg1 @ 2% glucose (mock/steady),2,test,Nrg1,2% glucose (mock/steady),-0.03988522674863452,0.013410804308139585,SimCLR IY017-inst b512 D16 154043,PHATE
Nrg1 @ 0.1% glucose,1,test,Nrg1,0.1% glucose,-0.06537090486404602,-0.016613686704672264,SimCLR IY017-inst b512 D16 154043,PHATE
Rtg1 @ 2% glucose (mock/steady),5,test,Rtg1,2% glucose (mock/steady),0.03903769864588002,0.0048233646707857136,SimCLR IY017-inst b512 D16 154043,PHATE
Rtg1 @ 0.01% glucose,3,test,Rtg1,0.01% glucose,0.04376261605510926,-0.01824301824027172,SimCLR IY017-inst b512 D16 154043,PHATE
Nrg1 @ 2% glucose (mock/steady),2,test,Nrg1,2% glucose (mock/steady),-0.06387774021810953,-0.026935156627857764,SimCLR IY017-inst b512 D16 154043,PHATE
Rtg1 @ 2% glucose (mock/steady),5,test,Rtg1,2% glucose (mock/steady),0.03205352238626399,0.000981569694389698,SimCLR IY017-inst b512 D16 154043,PHATE
Nrg1 @ 0.1% glucose,1,test,Nrg1,0.1% glucose,-0.06666984028705972,-0.02075249997404658,SimCLR IY017-inst b512 D16 154043,PHATE
Rtg1 @ 2% glucose (mock/steady),5,test,Rtg1,2% glucose (mock/steady),0.04642597024286428,-0.008210530839013396,SimCLR IY017-inst b512 D16 154043,PHATE
Nrg1 @ 0.01% glucose,0,test,Nrg1,0.01% glucose,-0.02093167192198282,0.02043307246460004,SimCLR IY017-inst b512 D16 154043,PHATE
Nrg1 @ 0.01% glucose,0,test,Nrg1,0.01% glucose,-0.008592072886752863,0.02398523599757629,SimCLR IY017-inst b512 D16 154043,PHATE
Rtg1 @ 0.01% glucose,3,test,Rtg1,0.01% glucose,0.03629526262333429,0.0019691656738797174,SimCLR IY017-inst b512 D16 154043,PHATE
Rtg1 @ 0.1% glucose,4,test,Rtg1,0.1% glucose,0.020085907117433112,0.01898484584523398,SimCLR IY017-inst b512 D16 154043,PHATE
Rtg1 @ 0.01% glucose,3,test,Rtg1,0.01% glucose,0.04297667972474107,-0.005899520542770345,SimCLR IY017-inst b512 D16 154043,PHATE
Rtg1 @ 0.1% glucose,4,test,Rtg1,0.1% glucose,0.02495237562585185,0.010661556422339562,SimCLR IY017-inst b512 D16 154043,PHATE
Rtg1 @ 0.1% glucose,4,test,Rtg1,0.1% glucose,0.02929231562265831,0.015473413217196688,SimCLR IY017-inst b512 D16 154043,PHATE
Nrg1 @ 0.01% glucose,0,test,Nrg1,0.01% glucose,-0.006197967773828785,0.023542029015512212,SimCLR IY017-inst b512 D16 154043,PHATE
Nrg1 @ 0.1% glucose,1,test,Nrg1,0.1% glucose,-0.06591045097035157,-0.017534089911328862,SimCLR IY017-inst b512 D16 154043,PHATE
Nrg1 @ 0.01% glucose,0,test,Nrg1,0.01% glucose,-0.005806578866077215,0.02376599992805766,SimCLR IY017-inst b512 D16 154043,PHATE
Rtg1 @ 2% glucose (mock/steady),5,test,Rtg1,2% glucose (mock/steady),0.04587328846614214,-0.003930347253666052,SimCLR IY017-inst b512 D16 154043,PHATE
Rtg1 @ 2% glucose (mock/steady),5,test,Rtg1,2% glucose (mock/steady),0.04313277178017449,-0.01917340536760691,SimCLR IY017-inst b512 D16 154043,PHATE
Rtg1 @ 0.01% glucose,3,test,Rtg1,0.01% glucose,0.046706625866433205,-0.008748562786304606,SimCLR IY017-inst b512 D16 154043,PHATE
Nrg1 @ 0.01% glucose,0,test,Nrg1,0.01% glucose,0.021875570672965833,-0.002209913265371154,SimCLR IY017-inst b512 D16 154043,PHATE
Rtg1 @ 2% glucose (mock/steady),5,test,Rtg1,2% glucose (mock/steady),0.027597457877594427,0.012166126362450645,SimCLR IY017-inst b512 D16 154043,PHATE
Nrg1 @ 2% glucose (mock/steady),2,test,Nrg1,2% glucose (mock/steady),-0.056937142070880555,-0.00016576616516646636,SimCLR IY017-inst b512 D16 154043,PHATE
Rtg1 @ 2% glucose (mock/steady),5,test,Rtg1,2% glucose (mock/steady),0.03987297283839515,0.003995434145045231,SimCLR IY017-inst b512 D16 154043,PHATE
Rtg1 @ 0.01% glucose,3,test,Rtg1,0.01% glucose,0.021869187008435653,-0.06202016828702062,SimCLR IY017-inst b512 D16 154043,PHATE
Rtg1 @ 0.01% glucose,3,test,Rtg1,0.01% glucose,0.038702957699081414,-0.03774407576739142,SimCLR IY017-inst b512 D16 154043,PHATE
Rtg1 @ 0.1% glucose,4,test,Rtg1,0.1% glucose,0.017931780950327134,0.019073375300423683,SimCLR IY017-inst b512 D16 154043,PHATE
Rtg1 @ 0.01% glucose,3,test,Rtg1,0.01% glucose,0.04523587485441259,-0.02020426591856222,SimCLR IY017-inst b512 D16 154043,PHATE
Rtg1 @ 0.01% glucose,3,test,Rtg1,0.01% glucose,0.03982201058864127,-0.03546783493491199,SimCLR IY017-inst b512 D16 154043,PHATE
Nrg1 @ 0.1% glucose,1,test,Nrg1,0.1% glucose,-0.05882341982515016,-0.005621037165438076,SimCLR IY017-inst b512 D16 154043,PHATE
Rtg1 @ 0.1% glucose,4,test,Rtg1,0.1% glucose,0.04421431382411124,-0.019231477751572287,SimCLR IY017-inst b512 D16 154043,PHATE
Nrg1 @ 0.1% glucose,1,test,Nrg1,0.1% glucose,-0.06574398357199648,-0.024110263432115506,SimCLR IY017-inst b512 D16 154043,PHATE
Nrg1 @ 2% glucose (mock/steady),2,test,Nrg1,2% glucose (mock/steady),-0.01398630391539367,0.025220325542263854,SimCLR IY017-inst b512 D16 154043,PHATE
Rtg1 @ 0.1% glucose,4,test,Rtg1,0.1% glucose,0.0353909774964395,0.008046468006749631,SimCLR IY017-inst b512 D16 154043,PHATE
Rtg1 @ 0.01% glucose,3,test,Rtg1,0.01% glucose,0.03823446584302221,-0.03433793022130279,SimCLR IY017-inst b512 D16 154043,PHATE
Nrg1 @ 2% glucose (mock/steady),2,test,Nrg1,2% glucose (mock/steady),-0.03750845009772873,0.013683520528320203,SimCLR IY017-inst b512 D16 154043,PHATE
Nrg1 @ 2% glucose (mock/steady),2,test,Nrg1,2% glucose (mock/steady),-0.06000045672958933,-0.010898444446980867,SimCLR IY017-inst b512 D16 154043,PHATE
Nrg1 @ 0.01% glucose,0,test,Nrg1,0.01% glucose,0.00789853355833732,0.027927473545901218,SimCLR IY017-inst b512 D16 154043,PHATE
Nrg1 @ 0.01% glucose,0,test,Nrg1,0.01% glucose,-0.00969951040845452,0.0253435206665183,SimCLR IY017-inst b512 D16 154043,PHATE
Nrg1 @ 0.01% glucose,0,test,Nrg1,0.01% glucose,0.005255441602948623,0.024438619604812653,SimCLR IY017-inst b512 D16 154043,PHATE
Rtg1 @ 0.1% glucose,4,test,Rtg1,0.1% glucose,0.023279540659800823,0.014414281100838953,SimCLR IY017-inst b512 D16 154043,PHATE
Nrg1 @ 0.1% glucose,1,test,Nrg1,0.1% glucose,-0.052627105375366905,0.004951236428119162,SimCLR IY017-inst b512 D16 154043,PHATE
Nrg1 @ 0.1% glucose,1,test,Nrg1,0.1% glucose,-0.06489572441170426,-0.02330202951994008,SimCLR IY017-inst b512 D16 154043,PHATE
Rtg1 @ 0.1% glucose,4,train,Rtg1,0.1% glucose,1.7038989067077637,-2.2573230266571045,IY036 SupCon v1-jitter b2048 lr2.4 175732,PCA
Nrg1 @ 0.1% glucose,1,train,Nrg1,0.1% glucose,-5.2414422035217285,0.63699871301651,IY036 SupCon v1-jitter b2048 lr2.4 175732,PCA
Nrg1 @ 0.01% glucose,0,train,Nrg1,0.01% glucose,-0.6711907982826233,-1.3240256309509277,IY036 SupCon v1-jitter b2048 lr2.4 175732,PCA
Nrg1 @ 0.01% glucose,0,train,Nrg1,0.01% glucose,-2.273853063583374,1.07554292678833,IY036 SupCon v1-jitter b2048 lr2.4 175732,PCA
Nrg1 @ 0.1% glucose,1,train,Nrg1,0.1% glucose,-4.077226161956787,-0.3624241054058075,IY036 SupCon v1-jitter b2048 lr2.4 175732,PCA
Rtg1 @ 2% glucose (mock/steady),5,train,Rtg1,2% glucose (mock/steady),3.0069937705993652,0.20827578008174896,IY036 SupCon v1-jitter b2048 lr2.4 175732,PCA
Nrg1 @ 0.01% glucose,0,train,Nrg1,0.01% glucose,-0.8868743181228638,-2.3380448818206787,IY036 SupCon v1-jitter b2048 lr2.4 175732,PCA
Rtg1 @ 0.01% glucose,3,train,Rtg1,0.01% glucose,3.9065377712249756,1.6759157180786133,IY036 SupCon v1-jitter b2048 lr2.4 175732,PCA
Nrg1 @ 2% glucose (mock/steady),2,train,Nrg1,2% glucose (mock/steady),-3.5093140602111816,1.2790859937667847,IY036 SupCon v1-jitter b2048 lr2.4 175732,PCA
Nrg1 @ 2% glucose (mock/steady),2,train,Nrg1,2% glucose (mock/steady),-1.9083422422409058,1.0132536888122559,IY036 SupCon v1-jitter b2048 lr2.4 175732,PCA
Rtg1 @ 0.1% glucose,4,train,Rtg1,0.1% glucose,1.4574893712997437,-1.7548705339431763,IY036 SupCon v1-jitter b2048 lr2.4 175732,PCA
Rtg1 @ 0.1% glucose,4,train,Rtg1,0.1% glucose,2.14072585105896,-2.0907933712005615,IY036 SupCon v1-jitter b2048 lr2.4 175732,PCA
Rtg1 @ 0.1% glucose,4,train,Rtg1,0.1% glucose,1.5915249586105347,-2.003026008605957,IY036 SupCon v1-jitter b2048 lr2.4 175732,PCA
Nrg1 @ 0.1% glucose,1,train,Nrg1,0.1% glucose,-4.680197238922119,0.9400031566619873,IY036 SupCon v1-jitter b2048 lr2.4 175732,PCA
Rtg1 @ 2% glucose (mock/steady),5,train,Rtg1,2% glucose (mock/steady),3.3240976333618164,1.376583456993103,IY036 SupCon v1-jitter b2048 lr2.4 175732,PCA
Rtg1 @ 0.01% glucose,3,train,Rtg1,0.01% glucose,3.8319807052612305,4.2034592628479,IY036 SupCon v1-jitter b2048 lr2.4 175732,PCA
Nrg1 @ 0.01% glucose,0,train,Nrg1,0.01% glucose,-0.8694494962692261,-2.1732802391052246,IY036 SupCon v1-jitter b2048 lr2.4 175732,PCA
Nrg1 @ 2% glucose (mock/steady),2,train,Nrg1,2% glucose (mock/steady),-3.8264894485473633,1.584654688835144,IY036 SupCon v1-jitter b2048 lr2.4 175732,PCA
Nrg1 @ 0.1% glucose,1,train,Nrg1,0.1% glucose,-3.534419536590576,-0.48557987809181213,IY036 SupCon v1-jitter b2048 lr2.4 175732,PCA
Nrg1 @ 0.1% glucose,1,train,Nrg1,0.1% glucose,-4.747542381286621,0.5598267316818237,IY036 SupCon v1-jitter b2048 lr2.4 175732,PCA
Rtg1 @ 2% glucose (mock/steady),5,train,Rtg1,2% glucose (mock/steady),1.714347004890442,-0.7059212327003479,IY036 SupCon v1-jitter b2048 lr2.4 175732,PCA
Rtg1 @ 0.01% glucose,3,train,Rtg1,0.01% glucose,1.7990593910217285,-0.6605860590934753,IY036 SupCon v1-jitter b2048 lr2.4 175732,PCA
Rtg1 @ 0.01% glucose,3,train,Rtg1,0.01% glucose,4.810743808746338,3.55928373336792,IY036 SupCon v1-jitter b2048 lr2.4 175732,PCA
Rtg1 @ 0.01% glucose,3,train,Rtg1,0.01% glucose,4.027773857116699,1.7514021396636963,IY036 SupCon v1-jitter b2048 lr2.4 175732,PCA
Nrg1 @ 2% glucose (mock/steady),2,train,Nrg1,2% glucose (mock/steady),-4.138097763061523,1.7647883892059326,IY036 SupCon v1-jitter b2048 lr2.4 175732,PCA
Rtg1 @ 0.1% glucose,4,train,Rtg1,0.1% glucose,0.5079081058502197,-0.9876240491867065,IY036 SupCon v1-jitter b2048 lr2.4 175732,PCA
Nrg1 @ 0.1% glucose,1,train,Nrg1,0.1% glucose,-4.896994590759277,1.1056416034698486,IY036 SupCon v1-jitter b2048 lr2.4 175732,PCA
Rtg1 @ 0.1% glucose,4,train,Rtg1,0.1% glucose,2.009681224822998,-1.52560555934906,IY036 SupCon v1-jitter b2048 lr2.4 175732,PCA
Nrg1 @ 2% glucose (mock/steady),2,train,Nrg1,2% glucose (mock/steady),-1.8008612394332886,-0.36032530665397644,IY036 SupCon v1-jitter b2048 lr2.4 175732,PCA
Rtg1 @ 2% glucose (mock/steady),5,train,Rtg1,2% glucose (mock/steady),2.9301207065582275,0.05253583937883377,IY036 SupCon v1-jitter b2048 lr2.4 175732,PCA
Nrg1 @ 0.1% glucose,1,train,Nrg1,0.1% glucose,-3.4092700481414795,-0.3154083490371704,IY036 SupCon v1-jitter b2048 lr2.4 175732,PCA
Nrg1 @ 0.1% glucose,1,train,Nrg1,0.1% glucose,-3.3348658084869385,-0.560339093208313,IY036 SupCon v1-jitter b2048 lr2.4 175732,PCA
Nrg1 @ 2% glucose (mock/steady),2,train,Nrg1,2% glucose (mock/steady),-1.8521814346313477,0.1076723039150238,IY036 SupCon v1-jitter b2048 lr2.4 175732,PCA
Nrg1 @ 0.1% glucose,1,train,Nrg1,0.1% glucose,-4.496802806854248,0.932803750038147,IY036 SupCon v1-jitter b2048 lr2.4 175732,PCA
Rtg1 @ 0.1% glucose,4,train,Rtg1,0.1% glucose,0.7653534412384033,-3.3057374954223633,IY036 SupCon v1-jitter b2048 lr2.4 175732,PCA
Nrg1 @ 0.1% glucose,1,train,Nrg1,0.1% glucose,-5.5427446365356445,1.1227220296859741,IY036 SupCon v1-jitter b2048 lr2.4 175732,PCA
Rtg1 @ 2% glucose (mock/steady),5,train,Rtg1,2% glucose (mock/steady),2.220524549484253,-0.9678409695625305,IY036 SupCon v1-jitter b2048 lr2.4 175732,PCA
Rtg1 @ 2% glucose (mock/steady),5,train,Rtg1,2% glucose (mock/steady),3.951284408569336,2.224043846130371,IY036 SupCon v1-jitter b2048 lr2.4 175732,PCA
Rtg1 @ 0.01% glucose,3,train,Rtg1,0.01% glucose,3.938758134841919,1.7874600887298584,IY036 SupCon v1-jitter b2048 lr2.4 175732,PCA
Nrg1 @ 0.1% glucose,1,train,Nrg1,0.1% glucose,-5.027443885803223,-0.24123209714889526,IY036 SupCon v1-jitter b2048 lr2.4 175732,PCA
Rtg1 @ 2% glucose (mock/steady),5,train,Rtg1,2% glucose (mock/steady),0.5825362801551819,-1.5062471628189087,IY036 SupCon v1-jitter b2048 lr2.4 175732,PCA
Rtg1 @ 2% glucose (mock/steady),5,train,Rtg1,2% glucose (mock/steady),1.7599276304244995,0.5525853037834167,IY036 SupCon v1-jitter b2048 lr2.4 175732,PCA
Nrg1 @ 0.1% glucose,1,train,Nrg1,0.1% glucose,-3.484463930130005,0.5847880840301514,IY036 SupCon v1-jitter b2048 lr2.4 175732,PCA
Rtg1 @ 2% glucose (mock/steady),5,train,Rtg1,2% glucose (mock/steady),2.5241668224334717,-0.7339576482772827,IY036 SupCon v1-jitter b2048 lr2.4 175732,PCA
Rtg1 @ 0.01% glucose,3,train,Rtg1,0.01% glucose,4.462462425231934,2.6732826232910156,IY036 SupCon v1-jitter b2048 lr2.4 175732,PCA
Rtg1 @ 0.1% glucose,4,train,Rtg1,0.1% glucose,1.5938925743103027,-2.7574679851531982,IY036 SupCon v1-jitter b2048 lr2.4 175732,PCA
Nrg1 @ 0.01% glucose,0,train,Nrg1,0.01% glucose,-0.5895283818244934,0.39756253361701965,IY036 SupCon v1-jitter b2048 lr2.4 175732,PCA
Rtg1 @ 2% glucose (mock/steady),5,train,Rtg1,2% glucose (mock/steady),2.066059112548828,-1.185007929801941,IY036 SupCon v1-jitter b2048 lr2.4 175732,PCA
Nrg1 @ 2% glucose (mock/steady),2,train,Nrg1,2% glucose (mock/steady),-3.5497608184814453,0.8524154424667358,IY036 SupCon v1-jitter b2048 lr2.4 175732,PCA
Nrg1 @ 2% glucose (mock/steady),2,train,Nrg1,2% glucose (mock/steady),-0.5220051407814026,0.1469854861497879,IY036 SupCon v1-jitter b2048 lr2.4 175732,PCA
Rtg1 @ 0.1% glucose,4,train,Rtg1,0.1% glucose,2.1527140140533447,-2.0460691452026367,IY036 SupCon v1-jitter b2048 lr2.4 175732,PCA
Nrg1 @ 2% glucose (mock/steady),2,train,Nrg1,2% glucose (mock/steady),-2.3340537548065186,1.038257122039795,IY036 SupCon v1-jitter b2048 lr2.4 175732,PCA
Nrg1 @ 0.01% glucose,0,train,Nrg1,0.01% glucose,-0.850699245929718,-0.2123812586069107,IY036 SupCon v1-jitter b2048 lr2.4 175732,PCA
Nrg1 @ 2% glucose (mock/steady),2,train,Nrg1,2% glucose (mock/steady),-1.6578941345214844,-0.32887953519821167,IY036 SupCon v1-jitter b2048 lr2.4 175732,PCA
Nrg1 @ 2% glucose (mock/steady),2,train,Nrg1,2% glucose (mock/steady),-2.553922653198242,0.6863295435905457,IY036 SupCon v1-jitter b2048 lr2.4 175732,PCA
Nrg1 @ 2% glucose (mock/steady),2,train,Nrg1,2% glucose (mock/steady),-3.0312092304229736,0.14125387370586395,IY036 SupCon v1-jitter b2048 lr2.4 175732,PCA
Nrg1 @ 0.1% glucose,1,train,Nrg1,0.1% glucose,-3.690006732940674,1.2067830562591553,IY036 SupCon v1-jitter b2048 lr2.4 175732,PCA
Rtg1 @ 0.01% glucose,3,train,Rtg1,0.01% glucose,3.6437761783599854,1.0326206684112549,IY036 SupCon v1-jitter b2048 lr2.4 175732,PCA
Rtg1 @ 0.1% glucose,4,train,Rtg1,0.1% glucose,3.105745553970337,-0.844622015953064,IY036 SupCon v1-jitter b2048 lr2.4 175732,PCA
Nrg1 @ 0.01% glucose,0,train,Nrg1,0.01% glucose,0.07117699086666107,-0.34831520915031433,IY036 SupCon v1-jitter b2048 lr2.4 175732,PCA
Nrg1 @ 0.1% glucose,1,train,Nrg1,0.1% glucose,-4.654108047485352,1.0739988088607788,IY036 SupCon v1-jitter b2048 lr2.4 175732,PCA
Nrg1 @ 0.1% glucose,1,train,Nrg1,0.1% glucose,-4.334529876708984,0.38989561796188354,IY036 SupCon v1-jitter b2048 lr2.4 175732,PCA
Nrg1 @ 0.1% glucose,1,train,Nrg1,0.1% glucose,-4.792507171630859,0.7622097730636597,IY036 SupCon v1-jitter b2048 lr2.4 175732,PCA
Nrg1 @ 0.01% glucose,0,train,Nrg1,0.01% glucose,0.8312416076660156,-1.5293607711791992,IY036 SupCon v1-jitter b2048 lr2.4 175732,PCA
Nrg1 @ 2% glucose (mock/steady),2,train,Nrg1,2% glucose (mock/steady),-4.801857948303223,0.9548379778862,IY036 SupCon v1-jitter b2048 lr2.4 175732,PCA
Rtg1 @ 0.01% glucose,3,train,Rtg1,0.01% glucose,4.159083366394043,2.3482418060302734,IY036 SupCon v1-jitter b2048 lr2.4 175732,PCA
Nrg1 @ 2% glucose (mock/steady),2,train,Nrg1,2% glucose (mock/steady),-2.8999013900756836,0.6323269009590149,IY036 SupCon v1-jitter b2048 lr2.4 175732,PCA
Rtg1 @ 2% glucose (mock/steady),5,train,Rtg1,2% glucose (mock/steady),2.6461455821990967,-1.2702556848526,IY036 SupCon v1-jitter b2048 lr2.4 175732,PCA
Rtg1 @ 0.1% glucose,4,train,Rtg1,0.1% glucose,1.3086042404174805,-2.4859421253204346,IY036 SupCon v1-jitter b2048 lr2.4 175732,PCA
Nrg1 @ 2% glucose (mock/steady),2,train,Nrg1,2% glucose (mock/steady),-2.268395185470581,0.9749059677124023,IY036 SupCon v1-jitter b2048 lr2.4 175732,PCA
Rtg1 @ 2% glucose (mock/steady),5,train,Rtg1,2% glucose (mock/steady),1.8906627893447876,-0.3904592990875244,IY036 SupCon v1-jitter b2048 lr2.4 175732,PCA
Rtg1 @ 2% glucose (mock/steady),5,train,Rtg1,2% glucose (mock/steady),1.593970537185669,-0.5266443490982056,IY036 SupCon v1-jitter b2048 lr2.4 175732,PCA
Rtg1 @ 0.01% glucose,3,train,Rtg1,0.01% glucose,4.703517913818359,3.204314947128296,IY036 SupCon v1-jitter b2048 lr2.4 175732,PCA
Nrg1 @ 0.01% glucose,0,train,Nrg1,0.01% glucose,-1.1203855276107788,-1.383392572402954,IY036 SupCon v1-jitter b2048 lr2.4 175732,PCA
Rtg1 @ 0.01% glucose,3,train,Rtg1,0.01% glucose,1.9475153684616089,1.2993253469467163,IY036 SupCon v1-jitter b2048 lr2.4 175732,PCA
Nrg1 @ 2% glucose (mock/steady),2,train,Nrg1,2% glucose (mock/steady),-3.7427098751068115,1.4823423624038696,IY036 SupCon v1-jitter b2048 lr2.4 175732,PCA
Nrg1 @ 0.1% glucose,1,train,Nrg1,0.1% glucose,-5.582950592041016,0.1463860273361206,IY036 SupCon v1-jitter b2048 lr2.4 175732,PCA
Rtg1 @ 0.01% glucose,3,train,Rtg1,0.01% glucose,3.9165396690368652,1.8802326917648315,IY036 SupCon v1-jitter b2048 lr2.4 175732,PCA
Rtg1 @ 0.01% glucose,3,train,Rtg1,0.01% glucose,3.6769278049468994,1.5660916566848755,IY036 SupCon v1-jitter b2048 lr2.4 175732,PCA
Nrg1 @ 0.1% glucose,1,train,Nrg1,0.1% glucose,-2.208386182785034,0.1153922900557518,IY036 SupCon v1-jitter b2048 lr2.4 175732,PCA
Nrg1 @ 0.01% glucose,0,train,Nrg1,0.01% glucose,-0.07191194593906403,-1.9672132730484009,IY036 SupCon v1-jitter b2048 lr2.4 175732,PCA
Nrg1 @ 0.01% glucose,0,train,Nrg1,0.01% glucose,-1.6007285118103027,-1.4147560596466064,IY036 SupCon v1-jitter b2048 lr2.4 175732,PCA
Nrg1 @ 2% glucose (mock/steady),2,train,Nrg1,2% glucose (mock/steady),-2.9588804244995117,0.8694866299629211,IY036 SupCon v1-jitter b2048 lr2.4 175732,PCA
Rtg1 @ 2% glucose (mock/steady),5,train,Rtg1,2% glucose (mock/steady),1.8690285682678223,-1.819802165031433,IY036 SupCon v1-jitter b2048 lr2.4 175732,PCA
Rtg1 @ 2% glucose (mock/steady),5,train,Rtg1,2% glucose (mock/steady),1.8010425567626953,-0.7305397391319275,IY036 SupCon v1-jitter b2048 lr2.4 175732,PCA
Nrg1 @ 2% glucose (mock/steady),2,train,Nrg1,2% glucose (mock/steady),-2.595477819442749,1.219903588294983,IY036 SupCon v1-jitter b2048 lr2.4 175732,PCA
Rtg1 @ 0.1% glucose,4,train,Rtg1,0.1% glucose,1.2151525020599365,-1.5680809020996094,IY036 SupCon v1-jitter b2048 lr2.4 175732,PCA
Nrg1 @ 0.01% glucose,0,train,Nrg1,0.01% glucose,-0.48016157746315,-1.8318862915039062,IY036 SupCon v1-jitter b2048 lr2.4 175732,PCA
Nrg1 @ 0.1% glucose,1,train,Nrg1,0.1% glucose,-4.514838218688965,-0.5600022077560425,IY036 SupCon v1-jitter b2048 lr2.4 175732,PCA
Nrg1 @ 0.1% glucose,1,train,Nrg1,0.1% glucose,-4.787282943725586,0.37311166524887085,IY036 SupCon v1-jitter b2048 lr2.4 175732,PCA
Nrg1 @ 0.1% glucose,1,train,Nrg1,0.1% glucose,-5.902938365936279,0.5180744528770447,IY036 SupCon v1-jitter b2048 lr2.4 175732,PCA
Nrg1 @ 0.1% glucose,1,train,Nrg1,0.1% glucose,-4.392816066741943,0.2580083906650543,IY036 SupCon v1-jitter b2048 lr2.4 175732,PCA
Nrg1 @ 0.01% glucose,0,train,Nrg1,0.01% glucose,-1.150755763053894,-0.5113530158996582,IY036 SupCon v1-jitter b2048 lr2.4 175732,PCA
Rtg1 @ 0.01% glucose,3,train,Rtg1,0.01% glucose,0.45196500420570374,0.7422226667404175,IY036 SupCon v1-jitter b2048 lr2.4 175732,PCA
Rtg1 @ 0.01% glucose,3,train,Rtg1,0.01% glucose,3.7581794261932373,1.7376457452774048,IY036 SupCon v1-jitter b2048 lr2.4 175732,PCA
Rtg1 @ 0.01% glucose,3,train,Rtg1,0.01% glucose,4.661342620849609,2.9934041500091553,IY036 SupCon v1-jitter b2048 lr2.4 175732,PCA
Rtg1 @ 0.1% glucose,4,train,Rtg1,0.1% glucose,1.5491528511047363,-1.3110662698745728,IY036 SupCon v1-jitter b2048 lr2.4 175732,PCA
Rtg1 @ 0.1% glucose,4,train,Rtg1,0.1% glucose,2.258993625640869,-1.950518250465393,IY036 SupCon v1-jitter b2048 lr2.4 175732,PCA
Rtg1 @ 2% glucose (mock/steady),5,train,Rtg1,2% glucose (mock/steady),2.9987123012542725,-0.4374328851699829,IY036 SupCon v1-jitter b2048 lr2.4 175732,PCA
Rtg1 @ 0.1% glucose,4,train,Rtg1,0.1% glucose,2.6416544914245605,-0.9818429946899414,IY036 SupCon v1-jitter b2048 lr2.4 175732,PCA
Nrg1 @ 2% glucose (mock/steady),2,train,Nrg1,2% glucose (mock/steady),-1.8192720413208008,0.04232393950223923,IY036 SupCon v1-jitter b2048 lr2.4 175732,PCA
Rtg1 @ 0.1% glucose,4,train,Rtg1,0.1% glucose,1.609588861465454,-2.378192186355591,IY036 SupCon v1-jitter b2048 lr2.4 175732,PCA
Rtg1 @ 2% glucose (mock/steady),5,train,Rtg1,2% glucose (mock/steady),2.703051805496216,-0.31880998611450195,IY036 SupCon v1-jitter b2048 lr2.4 175732,PCA
Rtg1 @ 0.1% glucose,4,train,Rtg1,0.1% glucose,2.954586982727051,-0.02589510940015316,IY036 SupCon v1-jitter b2048 lr2.4 175732,PCA
Nrg1 @ 0.1% glucose,1,train,Nrg1,0.1% glucose,-4.732945442199707,0.7371597290039062,IY036 SupCon v1-jitter b2048 lr2.4 175732,PCA
Nrg1 @ 2% glucose (mock/steady),2,train,Nrg1,2% glucose (mock/steady),-4.115579128265381,0.6014655828475952,IY036 SupCon v1-jitter b2048 lr2.4 175732,PCA
Nrg1 @ 0.01% glucose,0,train,Nrg1,0.01% glucose,-1.6668912172317505,-1.7162413597106934,IY036 SupCon v1-jitter b2048 lr2.4 175732,PCA
Nrg1 @ 0.01% glucose,0,train,Nrg1,0.01% glucose,-0.6085000038146973,-1.5882599353790283,IY036 SupCon v1-jitter b2048 lr2.4 175732,PCA
Nrg1 @ 0.01% glucose,0,train,Nrg1,0.01% glucose,-1.0844736099243164,-0.5857284069061279,IY036 SupCon v1-jitter b2048 lr2.4 175732,PCA
Nrg1 @ 2% glucose (mock/steady),2,train,Nrg1,2% glucose (mock/steady),-3.1273651123046875,0.6580395698547363,IY036 SupCon v1-jitter b2048 lr2.4 175732,PCA
Rtg1 @ 0.1% glucose,4,train,Rtg1,0.1% glucose,2.617647171020508,-1.5414659976959229,IY036 SupCon v1-jitter b2048 lr2.4 175732,PCA
Rtg1 @ 0.01% glucose,3,train,Rtg1,0.01% glucose,4.382168769836426,3.5505919456481934,IY036 SupCon v1-jitter b2048 lr2.4 175732,PCA
Nrg1 @ 0.1% glucose,1,train,Nrg1,0.1% glucose,-5.824390411376953,1.428382396697998,IY036 SupCon v1-jitter b2048 lr2.4 175732,PCA
Rtg1 @ 2% glucose (mock/steady),5,train,Rtg1,2% glucose (mock/steady),2.354702949523926,-0.9249719381332397,IY036 SupCon v1-jitter b2048 lr2.4 175732,PCA
Nrg1 @ 0.1% glucose,1,train,Nrg1,0.1% glucose,-2.9571914672851562,-0.09807035326957703,IY036 SupCon v1-jitter b2048 lr2.4 175732,PCA
Nrg1 @ 0.1% glucose,1,train,Nrg1,0.1% glucose,-5.333037853240967,1.5713475942611694,IY036 SupCon v1-jitter b2048 lr2.4 175732,PCA
Rtg1 @ 2% glucose (mock/steady),5,train,Rtg1,2% glucose (mock/steady),3.063906192779541,0.17605344951152802,IY036 SupCon v1-jitter b2048 lr2.4 175732,PCA
Nrg1 @ 0.01% glucose,0,train,Nrg1,0.01% glucose,-0.4592490494251251,-1.505764365196228,IY036 SupCon v1-jitter b2048 lr2.4 175732,PCA
Rtg1 @ 0.01% glucose,3,train,Rtg1,0.01% glucose,3.0634524822235107,0.9272816181182861,IY036 SupCon v1-jitter b2048 lr2.4 175732,PCA
Nrg1 @ 0.1% glucose,1,train,Nrg1,0.1% glucose,-5.7679667472839355,1.649906039237976,IY036 SupCon v1-jitter b2048 lr2.4 175732,PCA
Nrg1 @ 0.01% glucose,0,train,Nrg1,0.01% glucose,-1.2805224657058716,-0.2690271735191345,IY036 SupCon v1-jitter b2048 lr2.4 175732,PCA
Nrg1 @ 0.01% glucose,0,train,Nrg1,0.01% glucose,0.16085855662822723,-1.0210295915603638,IY036 SupCon v1-jitter b2048 lr2.4 175732,PCA
Nrg1 @ 0.1% glucose,1,train,Nrg1,0.1% glucose,-4.251211166381836,1.1988109350204468,IY036 SupCon v1-jitter b2048 lr2.4 175732,PCA
Nrg1 @ 0.01% glucose,0,train,Nrg1,0.01% glucose,-0.24643950164318085,-1.7347286939620972,IY036 SupCon v1-jitter b2048 lr2.4 175732,PCA
Rtg1 @ 2% glucose (mock/steady),5,train,Rtg1,2% glucose (mock/steady),2.0244650840759277,-1.734523057937622,IY036 SupCon v1-jitter b2048 lr2.4 175732,PCA
Nrg1 @ 0.1% glucose,1,train,Nrg1,0.1% glucose,-5.531385898590088,0.8530861139297485,IY036 SupCon v1-jitter b2048 lr2.4 175732,PCA
Rtg1 @ 2% glucose (mock/steady),5,train,Rtg1,2% glucose (mock/steady),1.6457571983337402,-1.0775411128997803,IY036 SupCon v1-jitter b2048 lr2.4 175732,PCA
Nrg1 @ 0.01% glucose,0,train,Nrg1,0.01% glucose,-0.6426131725311279,-0.45368480682373047,IY036 SupCon v1-jitter b2048 lr2.4 175732,PCA
Rtg1 @ 0.01% glucose,3,train,Rtg1,0.01% glucose,4.664381504058838,3.362298011779785,IY036 SupCon v1-jitter b2048 lr2.4 175732,PCA
Rtg1 @ 0.1% glucose,4,train,Rtg1,0.1% glucose,1.4737625122070312,-2.668916702270508,IY036 SupCon v1-jitter b2048 lr2.4 175732,PCA
Rtg1 @ 2% glucose (mock/steady),5,train,Rtg1,2% glucose (mock/steady),3.0144667625427246,-0.33608976006507874,IY036 SupCon v1-jitter b2048 lr2.4 175732,PCA
Nrg1 @ 0.1% glucose,1,train,Nrg1,0.1% glucose,-3.7128570079803467,0.0894397497177124,IY036 SupCon v1-jitter b2048 lr2.4 175732,PCA
Rtg1 @ 0.1% glucose,4,train,Rtg1,0.1% glucose,1.5452170372009277,-0.7526918649673462,IY036 SupCon v1-jitter b2048 lr2.4 175732,PCA
Rtg1 @ 2% glucose (mock/steady),5,train,Rtg1,2% glucose (mock/steady),1.6988919973373413,-2.1350643634796143,IY036 SupCon v1-jitter b2048 lr2.4 175732,PCA
Nrg1 @ 0.01% glucose,0,train,Nrg1,0.01% glucose,-0.7818195223808289,-1.7829904556274414,IY036 SupCon v1-jitter b2048 lr2.4 175732,PCA
Rtg1 @ 0.01% glucose,3,train,Rtg1,0.01% glucose,4.52355432510376,2.9242517948150635,IY036 SupCon v1-jitter b2048 lr2.4 175732,PCA
Rtg1 @ 2% glucose (mock/steady),5,train,Rtg1,2% glucose (mock/steady),1.1626157760620117,-1.5159868001937866,IY036 SupCon v1-jitter b2048 lr2.4 175732,PCA
Nrg1 @ 2% glucose (mock/steady),2,train,Nrg1,2% glucose (mock/steady),-0.7164568901062012,-0.09003309905529022,IY036 SupCon v1-jitter b2048 lr2.4 175732,PCA
Rtg1 @ 2% glucose (mock/steady),5,train,Rtg1,2% glucose (mock/steady),2.091059446334839,-0.7612908482551575,IY036 SupCon v1-jitter b2048 lr2.4 175732,PCA
Nrg1 @ 0.1% glucose,1,train,Nrg1,0.1% glucose,-4.886528491973877,1.6558746099472046,IY036 SupCon v1-jitter b2048 lr2.4 175732,PCA
Rtg1 @ 2% glucose (mock/steady),5,train,Rtg1,2% glucose (mock/steady),2.543883800506592,-1.2209709882736206,IY036 SupCon v1-jitter b2048 lr2.4 175732,PCA
Rtg1 @ 2% glucose (mock/steady),5,train,Rtg1,2% glucose (mock/steady),1.6563493013381958,-1.4565129280090332,IY036 SupCon v1-jitter b2048 lr2.4 175732,PCA
Nrg1 @ 0.01% glucose,0,train,Nrg1,0.01% glucose,0.46290403604507446,-0.42610469460487366,IY036 SupCon v1-jitter b2048 lr2.4 175732,PCA
Rtg1 @ 0.1% glucose,4,train,Rtg1,0.1% glucose,1.0248481035232544,-2.823244333267212,IY036 SupCon v1-jitter b2048 lr2.4 175732,PCA
Rtg1 @ 0.1% glucose,4,train,Rtg1,0.1% glucose,2.408071756362915,-1.758734941482544,IY036 SupCon v1-jitter b2048 lr2.4 175732,PCA
Nrg1 @ 0.01% glucose,0,train,Nrg1,0.01% glucose,-0.7582522630691528,1.0171376466751099,IY036 SupCon v1-jitter b2048 lr2.4 175732,PCA
Rtg1 @ 2% glucose (mock/steady),5,train,Rtg1,2% glucose (mock/steady),1.9724208116531372,-0.7600187659263611,IY036 SupCon v1-jitter b2048 lr2.4 175732,PCA
Nrg1 @ 0.01% glucose,0,train,Nrg1,0.01% glucose,-1.0860923528671265,-1.2993882894515991,IY036 SupCon v1-jitter b2048 lr2.4 175732,PCA
Nrg1 @ 0.01% glucose,0,train,Nrg1,0.01% glucose,-0.06084328517317772,-1.9838943481445312,IY036 SupCon v1-jitter b2048 lr2.4 175732,PCA
Rtg1 @ 0.01% glucose,3,train,Rtg1,0.01% glucose,5.047276020050049,4.4226765632629395,IY036 SupCon v1-jitter b2048 lr2.4 175732,PCA
Rtg1 @ 0.01% glucose,3,train,Rtg1,0.01% glucose,3.765671491622925,1.0359643697738647,IY036 SupCon v1-jitter b2048 lr2.4 175732,PCA
Rtg1 @ 0.01% glucose,3,train,Rtg1,0.01% glucose,2.3211841583251953,1.2241644859313965,IY036 SupCon v1-jitter b2048 lr2.4 175732,PCA
Rtg1 @ 2% glucose (mock/steady),5,train,Rtg1,2% glucose (mock/steady),2.7109475135803223,-0.49042078852653503,IY036 SupCon v1-jitter b2048 lr2.4 175732,PCA
Nrg1 @ 0.01% glucose,0,train,Nrg1,0.01% glucose,-1.2531020641326904,-1.6465246677398682,IY036 SupCon v1-jitter b2048 lr2.4 175732,PCA
Rtg1 @ 0.01% glucose,3,train,Rtg1,0.01% glucose,4.809528350830078,3.403026819229126,IY036 SupCon v1-jitter b2048 lr2.4 175732,PCA
Rtg1 @ 0.1% glucose,4,train,Rtg1,0.1% glucose,0.8126537799835205,-1.7220240831375122,IY036 SupCon v1-jitter b2048 lr2.4 175732,PCA
Nrg1 @ 0.1% glucose,1,train,Nrg1,0.1% glucose,-3.6280453205108643,0.4215538799762726,IY036 SupCon v1-jitter b2048 lr2.4 175732,PCA
Rtg1 @ 2% glucose (mock/steady),5,train,Rtg1,2% glucose (mock/steady),4.0813069343566895,2.7481398582458496,IY036 SupCon v1-jitter b2048 lr2.4 175732,PCA
Rtg1 @ 0.1% glucose,4,train,Rtg1,0.1% glucose,1.6900702714920044,-2.002537965774536,IY036 SupCon v1-jitter b2048 lr2.4 175732,PCA
Rtg1 @ 2% glucose (mock/steady),5,train,Rtg1,2% glucose (mock/steady),1.4620999097824097,-1.2686364650726318,IY036 SupCon v1-jitter b2048 lr2.4 175732,PCA
Rtg1 @ 0.1% glucose,4,train,Rtg1,0.1% glucose,2.8457274436950684,0.3151155412197113,IY036 SupCon v1-jitter b2048 lr2.4 175732,PCA
Nrg1 @ 0.01% glucose,0,train,Nrg1,0.01% glucose,-2.4722232818603516,-0.3801075518131256,IY036 SupCon v1-jitter b2048 lr2.4 175732,PCA
Nrg1 @ 2% glucose (mock/steady),2,train,Nrg1,2% glucose (mock/steady),-2.6555192470550537,0.4005628228187561,IY036 SupCon v1-jitter b2048 lr2.4 175732,PCA
Nrg1 @ 0.01% glucose,0,train,Nrg1,0.01% glucose,-0.8839871287345886,-0.635513961315155,IY036 SupCon v1-jitter b2048 lr2.4 175732,PCA
Rtg1 @ 0.1% glucose,4,train,Rtg1,0.1% glucose,2.3435211181640625,-1.758421540260315,IY036 SupCon v1-jitter b2048 lr2.4 175732,PCA
Rtg1 @ 0.01% glucose,3,train,Rtg1,0.01% glucose,3.5233871936798096,0.8633279204368591,IY036 SupCon v1-jitter b2048 lr2.4 175732,PCA
Rtg1 @ 0.01% glucose,3,train,Rtg1,0.01% glucose,2.9602458477020264,0.920035719871521,IY036 SupCon v1-jitter b2048 lr2.4 175732,PCA
Nrg1 @ 2% glucose (mock/steady),2,train,Nrg1,2% glucose (mock/steady),-1.62931489944458,0.2812942564487457,IY036 SupCon v1-jitter b2048 lr2.4 175732,PCA
Nrg1 @ 0.01% glucose,0,train,Nrg1,0.01% glucose,-0.39936017990112305,-1.7122089862823486,IY036 SupCon v1-jitter b2048 lr2.4 175732,PCA
Nrg1 @ 0.01% glucose,0,train,Nrg1,0.01% glucose,0.7890712022781372,-0.22980988025665283,IY036 SupCon v1-jitter b2048 lr2.4 175732,PCA
Rtg1 @ 2% glucose (mock/steady),5,train,Rtg1,2% glucose (mock/steady),3.343916416168213,0.1442720592021942,IY036 SupCon v1-jitter b2048 lr2.4 175732,PCA
Rtg1 @ 0.1% glucose,4,train,Rtg1,0.1% glucose,2.0075063705444336,-1.7460317611694336,IY036 SupCon v1-jitter b2048 lr2.4 175732,PCA
Nrg1 @ 0.01% glucose,0,train,Nrg1,0.01% glucose,-0.811497688293457,-0.41830411553382874,IY036 SupCon v1-jitter b2048 lr2.4 175732,PCA
Rtg1 @ 2% glucose (mock/steady),5,train,Rtg1,2% glucose (mock/steady),2.7673137187957764,0.40395355224609375,IY036 SupCon v1-jitter b2048 lr2.4 175732,PCA
Rtg1 @ 0.1% glucose,4,train,Rtg1,0.1% glucose,1.5061380863189697,-2.088665008544922,IY036 SupCon v1-jitter b2048 lr2.4 175732,PCA
Nrg1 @ 0.1% glucose,1,train,Nrg1,0.1% glucose,-5.087846279144287,1.3188490867614746,IY036 SupCon v1-jitter b2048 lr2.4 175732,PCA
Nrg1 @ 0.1% glucose,1,train,Nrg1,0.1% glucose,-5.734487533569336,0.19005462527275085,IY036 SupCon v1-jitter b2048 lr2.4 175732,PCA
Nrg1 @ 2% glucose (mock/steady),2,train,Nrg1,2% glucose (mock/steady),-1.7162556648254395,-0.08600936084985733,IY036 SupCon v1-jitter b2048 lr2.4 175732,PCA
Nrg1 @ 0.01% glucose,0,train,Nrg1,0.01% glucose,-0.4460909962654114,-2.075871229171753,IY036 SupCon v1-jitter b2048 lr2.4 175732,PCA
Rtg1 @ 0.01% glucose,3,train,Rtg1,0.01% glucose,3.756324291229248,1.0229142904281616,IY036 SupCon v1-jitter b2048 lr2.4 175732,PCA
Rtg1 @ 0.1% glucose,4,train,Rtg1,0.1% glucose,1.3956866264343262,-2.7436695098876953,IY036 SupCon v1-jitter b2048 lr2.4 175732,PCA
Rtg1 @ 2% glucose (mock/steady),5,train,Rtg1,2% glucose (mock/steady),2.3369154930114746,-0.9210737943649292,IY036 SupCon v1-jitter b2048 lr2.4 175732,PCA
Rtg1 @ 0.01% glucose,3,train,Rtg1,0.01% glucose,4.3427815437316895,2.5328195095062256,IY036 SupCon v1-jitter b2048 lr2.4 175732,PCA
Rtg1 @ 2% glucose (mock/steady),5,train,Rtg1,2% glucose (mock/steady),0.8171152472496033,-0.5068773627281189,IY036 SupCon v1-jitter b2048 lr2.4 175732,PCA
Rtg1 @ 2% glucose (mock/steady),5,train,Rtg1,2% glucose (mock/steady),1.6030163764953613,-1.1708801984786987,IY036 SupCon v1-jitter b2048 lr2.4 175732,PCA
Nrg1 @ 2% glucose (mock/steady),2,train,Nrg1,2% glucose (mock/steady),-1.5954769849777222,1.1661947965621948,IY036 SupCon v1-jitter b2048 lr2.4 175732,PCA
Nrg1 @ 0.1% glucose,1,train,Nrg1,0.1% glucose,-4.982633590698242,0.7295043468475342,IY036 SupCon v1-jitter b2048 lr2.4 175732,PCA
Rtg1 @ 0.1% glucose,4,train,Rtg1,0.1% glucose,2.313340902328491,-1.8876415491104126,IY036 SupCon v1-jitter b2048 lr2.4 175732,PCA
Nrg1 @ 2% glucose (mock/steady),2,train,Nrg1,2% glucose (mock/steady),-3.936561107635498,1.072143316268921,IY036 SupCon v1-jitter b2048 lr2.4 175732,PCA
Nrg1 @ 0.01% glucose,0,train,Nrg1,0.01% glucose,0.10374197363853455,-0.689458966255188,IY036 SupCon v1-jitter b2048 lr2.4 175732,PCA
Nrg1 @ 2% glucose (mock/steady),2,train,Nrg1,2% glucose (mock/steady),-2.8456525802612305,1.2762233018875122,IY036 SupCon v1-jitter b2048 lr2.4 175732,PCA
Nrg1 @ 0.1% glucose,1,train,Nrg1,0.1% glucose,-5.393087863922119,0.36652663350105286,IY036 SupCon v1-jitter b2048 lr2.4 175732,PCA
Rtg1 @ 0.01% glucose,3,train,Rtg1,0.01% glucose,4.38624906539917,2.7551889419555664,IY036 SupCon v1-jitter b2048 lr2.4 175732,PCA
Rtg1 @ 0.1% glucose,4,train,Rtg1,0.1% glucose,2.424567937850952,-0.052400730550289154,IY036 SupCon v1-jitter b2048 lr2.4 175732,PCA
Nrg1 @ 0.1% glucose,1,train,Nrg1,0.1% glucose,-3.4898641109466553,2.199493885040283,IY036 SupCon v1-jitter b2048 lr2.4 175732,PCA
Nrg1 @ 2% glucose (mock/steady),2,train,Nrg1,2% glucose (mock/steady),-1.5246124267578125,0.9179880619049072,IY036 SupCon v1-jitter b2048 lr2.4 175732,PCA
Nrg1 @ 0.01% glucose,0,train,Nrg1,0.01% glucose,-1.2464025020599365,-1.462139368057251,IY036 SupCon v1-jitter b2048 lr2.4 175732,PCA
Rtg1 @ 0.1% glucose,4,train,Rtg1,0.1% glucose,0.6122360825538635,-2.0709340572357178,IY036 SupCon v1-jitter b2048 lr2.4 175732,PCA
Rtg1 @ 2% glucose (mock/steady),5,train,Rtg1,2% glucose (mock/steady),2.1504619121551514,-0.3412783443927765,IY036 SupCon v1-jitter b2048 lr2.4 175732,PCA
Nrg1 @ 2% glucose (mock/steady),2,train,Nrg1,2% glucose (mock/steady),-3.3712940216064453,1.4462813138961792,IY036 SupCon v1-jitter b2048 lr2.4 175732,PCA
Nrg1 @ 0.01% glucose,0,train,Nrg1,0.01% glucose,-0.1596873700618744,0.10387185961008072,IY036 SupCon v1-jitter b2048 lr2.4 175732,PCA
Rtg1 @ 0.01% glucose,3,train,Rtg1,0.01% glucose,4.29487943649292,2.6437828540802,IY036 SupCon v1-jitter b2048 lr2.4 175732,PCA
Nrg1 @ 2% glucose (mock/steady),2,train,Nrg1,2% glucose (mock/steady),-2.9557204246520996,0.7457035183906555,IY036 SupCon v1-jitter b2048 lr2.4 175732,PCA
Nrg1 @ 0.01% glucose,0,train,Nrg1,0.01% glucose,-0.18610824644565582,-1.6186469793319702,IY036 SupCon v1-jitter b2048 lr2.4 175732,PCA
Rtg1 @ 0.01% glucose,3,train,Rtg1,0.01% glucose,3.7839865684509277,1.748038411140442,IY036 SupCon v1-jitter b2048 lr2.4 175732,PCA
Rtg1 @ 0.01% glucose,3,train,Rtg1,0.01% glucose,4.027341365814209,2.2418558597564697,IY036 SupCon v1-jitter b2048 lr2.4 175732,PCA
Nrg1 @ 2% glucose (mock/steady),2,train,Nrg1,2% glucose (mock/steady),-1.1449837684631348,0.601589024066925,IY036 SupCon v1-jitter b2048 lr2.4 175732,PCA
Rtg1 @ 0.01% glucose,3,train,Rtg1,0.01% glucose,4.6036810874938965,3.6609082221984863,IY036 SupCon v1-jitter b2048 lr2.4 175732,PCA
Nrg1 @ 0.1% glucose,1,train,Nrg1,0.1% glucose,-2.340061664581299,-0.9468002915382385,IY036 SupCon v1-jitter b2048 lr2.4 175732,PCA
Rtg1 @ 0.1% glucose,4,train,Rtg1,0.1% glucose,2.570977210998535,-1.7684340476989746,IY036 SupCon v1-jitter b2048 lr2.4 175732,PCA
Rtg1 @ 0.01% glucose,3,train,Rtg1,0.01% glucose,2.7280516624450684,1.6365201473236084,IY036 SupCon v1-jitter b2048 lr2.4 175732,PCA
Rtg1 @ 2% glucose (mock/steady),5,train,Rtg1,2% glucose (mock/steady),2.1286299228668213,-0.7449463605880737,IY036 SupCon v1-jitter b2048 lr2.4 175732,PCA
Rtg1 @ 0.01% glucose,3,train,Rtg1,0.01% glucose,4.525922775268555,3.214953899383545,IY036 SupCon v1-jitter b2048 lr2.4 175732,PCA
Nrg1 @ 0.1% glucose,1,train,Nrg1,0.1% glucose,-6.6455512046813965,1.4042543172836304,IY036 SupCon v1-jitter b2048 lr2.4 175732,PCA
Nrg1 @ 2% glucose (mock/steady),2,train,Nrg1,2% glucose (mock/steady),-2.978341579437256,0.223888099193573,IY036 SupCon v1-jitter b2048 lr2.4 175732,PCA
Nrg1 @ 2% glucose (mock/steady),2,train,Nrg1,2% glucose (mock/steady),-2.2711985111236572,0.816220223903656,IY036 SupCon v1-jitter b2048 lr2.4 175732,PCA
Nrg1 @ 0.1% glucose,1,train,Nrg1,0.1% glucose,-4.954977989196777,-0.6717263460159302,IY036 SupCon v1-jitter b2048 lr2.4 175732,PCA
Rtg1 @ 0.01% glucose,3,train,Rtg1,0.01% glucose,3.242769479751587,0.654729425907135,IY036 SupCon v1-jitter b2048 lr2.4 175732,PCA
Rtg1 @ 2% glucose (mock/steady),5,train,Rtg1,2% glucose (mock/steady),1.5897033214569092,-0.26142823696136475,IY036 SupCon v1-jitter b2048 lr2.4 175732,PCA
Nrg1 @ 2% glucose (mock/steady),2,train,Nrg1,2% glucose (mock/steady),-3.0048117637634277,0.8635836243629456,IY036 SupCon v1-jitter b2048 lr2.4 175732,PCA
Nrg1 @ 0.1% glucose,1,train,Nrg1,0.1% glucose,-3.622429132461548,1.3915159702301025,IY036 SupCon v1-jitter b2048 lr2.4 175732,PCA
Rtg1 @ 0.1% glucose,4,train,Rtg1,0.1% glucose,2.531561851501465,-0.8287839293479919,IY036 SupCon v1-jitter b2048 lr2.4 175732,PCA
Nrg1 @ 2% glucose (mock/steady),2,train,Nrg1,2% glucose (mock/steady),-0.6606067419052124,-0.26116952300071716,IY036 SupCon v1-jitter b2048 lr2.4 175732,PCA
Nrg1 @ 0.01% glucose,0,train,Nrg1,0.01% glucose,-2.792280912399292,-0.9450001120567322,IY036 SupCon v1-jitter b2048 lr2.4 175732,PCA
Rtg1 @ 0.1% glucose,4,train,Rtg1,0.1% glucose,1.703354001045227,-1.5805883407592773,IY036 SupCon v1-jitter b2048 lr2.4 175732,PCA
Nrg1 @ 0.1% glucose,1,train,Nrg1,0.1% glucose,-3.002444267272949,1.4963195323944092,IY036 SupCon v1-jitter b2048 lr2.4 175732,PCA
Rtg1 @ 0.01% glucose,3,train,Rtg1,0.01% glucose,3.1899702548980713,0.08274795860052109,IY036 SupCon v1-jitter b2048 lr2.4 175732,PCA
Nrg1 @ 0.1% glucose,1,train,Nrg1,0.1% glucose,-4.28103494644165,0.39705798029899597,IY036 SupCon v1-jitter b2048 lr2.4 175732,PCA
Rtg1 @ 2% glucose (mock/steady),5,train,Rtg1,2% glucose (mock/steady),2.1368324756622314,-1.665104866027832,IY036 SupCon v1-jitter b2048 lr2.4 175732,PCA
Rtg1 @ 0.1% glucose,4,train,Rtg1,0.1% glucose,2.066173553466797,-1.9593440294265747,IY036 SupCon v1-jitter b2048 lr2.4 175732,PCA
Nrg1 @ 2% glucose (mock/steady),2,train,Nrg1,2% glucose (mock/steady),-3.3380489349365234,1.3800411224365234,IY036 SupCon v1-jitter b2048 lr2.4 175732,PCA
Nrg1 @ 0.1% glucose,1,train,Nrg1,0.1% glucose,-4.40378475189209,0.3323742151260376,IY036 SupCon v1-jitter b2048 lr2.4 175732,PCA
Nrg1 @ 2% glucose (mock/steady),2,train,Nrg1,2% glucose (mock/steady),-2.6462490558624268,1.9736169576644897,IY036 SupCon v1-jitter b2048 lr2.4 175732,PCA
Nrg1 @ 2% glucose (mock/steady),2,train,Nrg1,2% glucose (mock/steady),-2.966270923614502,0.9830818176269531,IY036 SupCon v1-jitter b2048 lr2.4 175732,PCA
Nrg1 @ 0.01% glucose,0,train,Nrg1,0.01% glucose,-1.4199464321136475,-1.0994131565093994,IY036 SupCon v1-jitter b2048 lr2.4 175732,PCA
Nrg1 @ 0.01% glucose,0,train,Nrg1,0.01% glucose,-1.9199113845825195,0.16882219910621643,IY036 SupCon v1-jitter b2048 lr2.4 175732,PCA
Rtg1 @ 0.01% glucose,3,train,Rtg1,0.01% glucose,3.237149477005005,-0.4256560802459717,IY036 SupCon v1-jitter b2048 lr2.4 175732,PCA
Rtg1 @ 0.1% glucose,4,train,Rtg1,0.1% glucose,2.6167333126068115,0.9643763899803162,IY036 SupCon v1-jitter b2048 lr2.4 175732,PCA
Nrg1 @ 0.01% glucose,0,train,Nrg1,0.01% glucose,0.878971517086029,-0.756339430809021,IY036 SupCon v1-jitter b2048 lr2.4 175732,PCA
Rtg1 @ 2% glucose (mock/steady),5,train,Rtg1,2% glucose (mock/steady),3.059359312057495,-0.47603562474250793,IY036 SupCon v1-jitter b2048 lr2.4 175732,PCA
Nrg1 @ 2% glucose (mock/steady),2,train,Nrg1,2% glucose (mock/steady),-2.6987111568450928,1.213870644569397,IY036 SupCon v1-jitter b2048 lr2.4 175732,PCA
Nrg1 @ 2% glucose (mock/steady),2,train,Nrg1,2% glucose (mock/steady),-1.196302890777588,1.0059208869934082,IY036 SupCon v1-jitter b2048 lr2.4 175732,PCA
Rtg1 @ 2% glucose (mock/steady),5,train,Rtg1,2% glucose (mock/steady),1.867954969406128,-1.6132161617279053,IY036 SupCon v1-jitter b2048 lr2.4 175732,PCA
Nrg1 @ 2% glucose (mock/steady),2,train,Nrg1,2% glucose (mock/steady),-0.2538644075393677,0.1639411300420761,IY036 SupCon v1-jitter b2048 lr2.4 175732,PCA
Nrg1 @ 2% glucose (mock/steady),2,train,Nrg1,2% glucose (mock/steady),-1.6937134265899658,1.1581002473831177,IY036 SupCon v1-jitter b2048 lr2.4 175732,PCA
Nrg1 @ 0.01% glucose,0,train,Nrg1,0.01% glucose,-0.3834051489830017,-0.433563232421875,IY036 SupCon v1-jitter b2048 lr2.4 175732,PCA
Rtg1 @ 0.01% glucose,3,train,Rtg1,0.01% glucose,4.04070520401001,1.1756737232208252,IY036 SupCon v1-jitter b2048 lr2.4 175732,PCA
Nrg1 @ 2% glucose (mock/steady),2,train,Nrg1,2% glucose (mock/steady),-2.983182668685913,0.9934783577919006,IY036 SupCon v1-jitter b2048 lr2.4 175732,PCA
Rtg1 @ 0.01% glucose,3,train,Rtg1,0.01% glucose,4.21708869934082,2.3406410217285156,IY036 SupCon v1-jitter b2048 lr2.4 175732,PCA
Rtg1 @ 2% glucose (mock/steady),5,train,Rtg1,2% glucose (mock/steady),3.4003257751464844,0.32692164182662964,IY036 SupCon v1-jitter b2048 lr2.4 175732,PCA
Nrg1 @ 0.1% glucose,1,train,Nrg1,0.1% glucose,-2.5605359077453613,-0.4248206913471222,IY036 SupCon v1-jitter b2048 lr2.4 175732,PCA
Nrg1 @ 0.01% glucose,0,train,Nrg1,0.01% glucose,-2.1148695945739746,-1.8788368701934814,IY036 SupCon v1-jitter b2048 lr2.4 175732,PCA
Rtg1 @ 0.1% glucose,4,train,Rtg1,0.1% glucose,1.3387739658355713,-2.338301181793213,IY036 SupCon v1-jitter b2048 lr2.4 175732,PCA
Rtg1 @ 0.01% glucose,3,train,Rtg1,0.01% glucose,3.6468546390533447,0.7366520762443542,IY036 SupCon v1-jitter b2048 lr2.4 175732,PCA
Nrg1 @ 2% glucose (mock/steady),2,train,Nrg1,2% glucose (mock/steady),-2.897282838821411,1.441720962524414,IY036 SupCon v1-jitter b2048 lr2.4 175732,PCA
Rtg1 @ 0.1% glucose,4,train,Rtg1,0.1% glucose,1.8190935850143433,-2.148651123046875,IY036 SupCon v1-jitter b2048 lr2.4 175732,PCA
Rtg1 @ 0.01% glucose,3,train,Rtg1,0.01% glucose,4.436085224151611,2.575590133666992,IY036 SupCon v1-jitter b2048 lr2.4 175732,PCA
Rtg1 @ 0.01% glucose,3,train,Rtg1,0.01% glucose,3.4366564750671387,1.4279420375823975,IY036 SupCon v1-jitter b2048 lr2.4 175732,PCA
Rtg1 @ 2% glucose (mock/steady),5,train,Rtg1,2% glucose (mock/steady),1.5020787715911865,-1.734226942062378,IY036 SupCon v1-jitter b2048 lr2.4 175732,PCA
Rtg1 @ 2% glucose (mock/steady),5,train,Rtg1,2% glucose (mock/steady),2.866788625717163,0.2604018449783325,IY036 SupCon v1-jitter b2048 lr2.4 175732,PCA
Nrg1 @ 2% glucose (mock/steady),2,train,Nrg1,2% glucose (mock/steady),-2.4720964431762695,1.4196022748947144,IY036 SupCon v1-jitter b2048 lr2.4 175732,PCA
Nrg1 @ 0.1% glucose,1,train,Nrg1,0.1% glucose,-4.3466877937316895,0.6320323944091797,IY036 SupCon v1-jitter b2048 lr2.4 175732,PCA
Rtg1 @ 0.1% glucose,4,train,Rtg1,0.1% glucose,2.953064203262329,0.45936936140060425,IY036 SupCon v1-jitter b2048 lr2.4 175732,PCA
Nrg1 @ 2% glucose (mock/steady),2,train,Nrg1,2% glucose (mock/steady),-2.8591697216033936,0.4739699065685272,IY036 SupCon v1-jitter b2048 lr2.4 175732,PCA
Nrg1 @ 0.01% glucose,0,train,Nrg1,0.01% glucose,-0.597498893737793,-2.1053285598754883,IY036 SupCon v1-jitter b2048 lr2.4 175732,PCA
Nrg1 @ 2% glucose (mock/steady),2,train,Nrg1,2% glucose (mock/steady),-3.283334493637085,0.7374362945556641,IY036 SupCon v1-jitter b2048 lr2.4 175732,PCA
Nrg1 @ 0.1% glucose,1,train,Nrg1,0.1% glucose,-5.186028480529785,0.17079301178455353,IY036 SupCon v1-jitter b2048 lr2.4 175732,PCA
Rtg1 @ 2% glucose (mock/steady),5,train,Rtg1,2% glucose (mock/steady),2.711271047592163,-0.30486682057380676,IY036 SupCon v1-jitter b2048 lr2.4 175732,PCA
Nrg1 @ 0.01% glucose,0,train,Nrg1,0.01% glucose,-2.0348942279815674,-0.43900471925735474,IY036 SupCon v1-jitter b2048 lr2.4 175732,PCA
Rtg1 @ 0.1% glucose,4,train,Rtg1,0.1% glucose,1.6456836462020874,-2.321169376373291,IY036 SupCon v1-jitter b2048 lr2.4 175732,PCA
Rtg1 @ 0.1% glucose,4,train,Rtg1,0.1% glucose,1.28232741355896,-1.8633580207824707,IY036 SupCon v1-jitter b2048 lr2.4 175732,PCA
Nrg1 @ 0.01% glucose,0,train,Nrg1,0.01% glucose,-2.582129716873169,0.1810620278120041,IY036 SupCon v1-jitter b2048 lr2.4 175732,PCA
Nrg1 @ 0.01% glucose,0,train,Nrg1,0.01% glucose,-0.6779645681381226,-1.8758760690689087,IY036 SupCon v1-jitter b2048 lr2.4 175732,PCA
Rtg1 @ 0.1% glucose,4,train,Rtg1,0.1% glucose,2.182677745819092,-0.4222552180290222,IY036 SupCon v1-jitter b2048 lr2.4 175732,PCA
Nrg1 @ 0.1% glucose,1,train,Nrg1,0.1% glucose,-4.47612190246582,1.5635658502578735,IY036 SupCon v1-jitter b2048 lr2.4 175732,PCA
Nrg1 @ 2% glucose (mock/steady),2,train,Nrg1,2% glucose (mock/steady),-1.8349850177764893,-0.32128795981407166,IY036 SupCon v1-jitter b2048 lr2.4 175732,PCA
Nrg1 @ 0.01% glucose,0,train,Nrg1,0.01% glucose,-0.418381005525589,0.2965746819972992,IY036 SupCon v1-jitter b2048 lr2.4 175732,PCA
Rtg1 @ 2% glucose (mock/steady),5,train,Rtg1,2% glucose (mock/steady),2.8372926712036133,-0.015278583392500877,IY036 SupCon v1-jitter b2048 lr2.4 175732,PCA
Rtg1 @ 0.01% glucose,3,train,Rtg1,0.01% glucose,3.993633270263672,1.9142932891845703,IY036 SupCon v1-jitter b2048 lr2.4 175732,PCA
Rtg1 @ 0.1% glucose,4,train,Rtg1,0.1% glucose,1.3059751987457275,-1.599269151687622,IY036 SupCon v1-jitter b2048 lr2.4 175732,PCA
Nrg1 @ 0.1% glucose,1,train,Nrg1,0.1% glucose,-0.7484092116355896,-1.2346150875091553,IY036 SupCon v1-jitter b2048 lr2.4 175732,PCA
Rtg1 @ 0.01% glucose,3,train,Rtg1,0.01% glucose,4.58506441116333,3.744529962539673,IY036 SupCon v1-jitter b2048 lr2.4 175732,PCA
Rtg1 @ 2% glucose (mock/steady),5,train,Rtg1,2% glucose (mock/steady),3.7695770263671875,1.3653982877731323,IY036 SupCon v1-jitter b2048 lr2.4 175732,PCA
Rtg1 @ 0.1% glucose,4,train,Rtg1,0.1% glucose,1.8240859508514404,-1.4692860841751099,IY036 SupCon v1-jitter b2048 lr2.4 175732,PCA
Nrg1 @ 0.01% glucose,0,train,Nrg1,0.01% glucose,0.7271921038627625,-0.554620087146759,IY036 SupCon v1-jitter b2048 lr2.4 175732,PCA
Nrg1 @ 2% glucose (mock/steady),2,train,Nrg1,2% glucose (mock/steady),-3.0564587116241455,1.4526811838150024,IY036 SupCon v1-jitter b2048 lr2.4 175732,PCA
Rtg1 @ 0.1% glucose,4,train,Rtg1,0.1% glucose,2.7153375148773193,-0.7419673204421997,IY036 SupCon v1-jitter b2048 lr2.4 175732,PCA
Nrg1 @ 0.1% glucose,1,train,Nrg1,0.1% glucose,-5.799427509307861,1.2212131023406982,IY036 SupCon v1-jitter b2048 lr2.4 175732,PCA
Nrg1 @ 0.01% glucose,0,train,Nrg1,0.01% glucose,-1.314747929573059,-1.940198540687561,IY036 SupCon v1-jitter b2048 lr2.4 175732,PCA
Rtg1 @ 0.1% glucose,4,train,Rtg1,0.1% glucose,1.9483813047409058,-2.516744613647461,IY036 SupCon v1-jitter b2048 lr2.4 175732,PCA
Rtg1 @ 0.1% glucose,4,train,Rtg1,0.1% glucose,1.5671412944793701,-2.3526322841644287,IY036 SupCon v1-jitter b2048 lr2.4 175732,PCA
Rtg1 @ 0.1% glucose,4,train,Rtg1,0.1% glucose,2.1729812622070312,-1.3022596836090088,IY036 SupCon v1-jitter b2048 lr2.4 175732,PCA
Rtg1 @ 0.1% glucose,4,train,Rtg1,0.1% glucose,2.0307183265686035,-2.4223196506500244,IY036 SupCon v1-jitter b2048 lr2.4 175732,PCA
Nrg1 @ 0.01% glucose,0,train,Nrg1,0.01% glucose,0.9352914690971375,-1.511591911315918,IY036 SupCon v1-jitter b2048 lr2.4 175732,PCA
Nrg1 @ 2% glucose (mock/steady),2,train,Nrg1,2% glucose (mock/steady),-2.6722939014434814,0.7221001982688904,IY036 SupCon v1-jitter b2048 lr2.4 175732,PCA
Rtg1 @ 2% glucose (mock/steady),5,train,Rtg1,2% glucose (mock/steady),1.9772192239761353,-0.7879441380500793,IY036 SupCon v1-jitter b2048 lr2.4 175732,PCA
Nrg1 @ 0.01% glucose,0,train,Nrg1,0.01% glucose,0.055271971970796585,-2.0578653812408447,IY036 SupCon v1-jitter b2048 lr2.4 175732,PCA
Rtg1 @ 0.01% glucose,3,train,Rtg1,0.01% glucose,3.7164244651794434,1.8009774684906006,IY036 SupCon v1-jitter b2048 lr2.4 175732,PCA
Rtg1 @ 0.01% glucose,3,train,Rtg1,0.01% glucose,4.5153961181640625,2.656552791595459,IY036 SupCon v1-jitter b2048 lr2.4 175732,PCA
Nrg1 @ 2% glucose (mock/steady),2,train,Nrg1,2% glucose (mock/steady),-2.4515604972839355,1.4471389055252075,IY036 SupCon v1-jitter b2048 lr2.4 175732,PCA
Rtg1 @ 2% glucose (mock/steady),5,train,Rtg1,2% glucose (mock/steady),2.9922850131988525,-0.0768115445971489,IY036 SupCon v1-jitter b2048 lr2.4 175732,PCA
Rtg1 @ 2% glucose (mock/steady),5,train,Rtg1,2% glucose (mock/steady),3.561974287033081,0.678386390209198,IY036 SupCon v1-jitter b2048 lr2.4 175732,PCA
Nrg1 @ 0.01% glucose,0,train,Nrg1,0.01% glucose,-0.3510042726993561,-2.1874115467071533,IY036 SupCon v1-jitter b2048 lr2.4 175732,PCA
Nrg1 @ 0.1% glucose,1,train,Nrg1,0.1% glucose,-5.677882671356201,1.857235074043274,IY036 SupCon v1-jitter b2048 lr2.4 175732,PCA
Nrg1 @ 2% glucose (mock/steady),2,train,Nrg1,2% glucose (mock/steady),-3.6700644493103027,0.9119113087654114,IY036 SupCon v1-jitter b2048 lr2.4 175732,PCA
Rtg1 @ 0.01% glucose,3,train,Rtg1,0.01% glucose,4.107529640197754,2.588783025741577,IY036 SupCon v1-jitter b2048 lr2.4 175732,PCA
Rtg1 @ 0.01% glucose,3,train,Rtg1,0.01% glucose,4.038109302520752,2.237989902496338,IY036 SupCon v1-jitter b2048 lr2.4 175732,PCA
Nrg1 @ 2% glucose (mock/steady),2,train,Nrg1,2% glucose (mock/steady),-3.607039213180542,0.7446492910385132,IY036 SupCon v1-jitter b2048 lr2.4 175732,PCA
Rtg1 @ 0.01% glucose,3,train,Rtg1,0.01% glucose,3.696716070175171,1.0734126567840576,IY036 SupCon v1-jitter b2048 lr2.4 175732,PCA
Rtg1 @ 0.1% glucose,4,train,Rtg1,0.1% glucose,1.5364711284637451,-2.9224886894226074,IY036 SupCon v1-jitter b2048 lr2.4 175732,PCA
Rtg1 @ 0.01% glucose,3,train,Rtg1,0.01% glucose,4.013810157775879,1.904478669166565,IY036 SupCon v1-jitter b2048 lr2.4 175732,PCA
Nrg1 @ 0.1% glucose,1,train,Nrg1,0.1% glucose,-6.395418167114258,1.8556108474731445,IY036 SupCon v1-jitter b2048 lr2.4 175732,PCA
Nrg1 @ 0.1% glucose,1,train,Nrg1,0.1% glucose,-2.617367744445801,-1.6465293169021606,IY036 SupCon v1-jitter b2048 lr2.4 175732,PCA
Rtg1 @ 0.01% glucose,3,train,Rtg1,0.01% glucose,3.7646353244781494,1.6558109521865845,IY036 SupCon v1-jitter b2048 lr2.4 175732,PCA
Nrg1 @ 0.1% glucose,1,train,Nrg1,0.1% glucose,-5.5394463539123535,1.5512216091156006,IY036 SupCon v1-jitter b2048 lr2.4 175732,PCA
Nrg1 @ 0.1% glucose,1,train,Nrg1,0.1% glucose,-5.981417179107666,0.4388315677642822,IY036 SupCon v1-jitter b2048 lr2.4 175732,PCA
Rtg1 @ 2% glucose (mock/steady),5,train,Rtg1,2% glucose (mock/steady),2.2268452644348145,-0.012076662853360176,IY036 SupCon v1-jitter b2048 lr2.4 175732,PCA
Nrg1 @ 0.1% glucose,1,train,Nrg1,0.1% glucose,-4.1432600021362305,1.663066029548645,IY036 SupCon v1-jitter b2048 lr2.4 175732,PCA
Rtg1 @ 0.1% glucose,4,train,Rtg1,0.1% glucose,1.9814893007278442,-2.487034320831299,IY036 SupCon v1-jitter b2048 lr2.4 175732,PCA
Nrg1 @ 0.1% glucose,1,train,Nrg1,0.1% glucose,-2.9296915531158447,0.006383867003023624,IY036 SupCon v1-jitter b2048 lr2.4 175732,PCA
Rtg1 @ 0.01% glucose,3,train,Rtg1,0.01% glucose,4.190823078155518,2.2425196170806885,IY036 SupCon v1-jitter b2048 lr2.4 175732,PCA
Nrg1 @ 0.01% glucose,0,train,Nrg1,0.01% glucose,-0.07210783660411835,-0.3297278583049774,IY036 SupCon v1-jitter b2048 lr2.4 175732,PCA
Rtg1 @ 0.01% glucose,3,train,Rtg1,0.01% glucose,3.838674306869507,1.0992354154586792,IY036 SupCon v1-jitter b2048 lr2.4 175732,PCA
Rtg1 @ 0.1% glucose,4,train,Rtg1,0.1% glucose,1.1686158180236816,-2.4862983226776123,IY036 SupCon v1-jitter b2048 lr2.4 175732,PCA
Rtg1 @ 0.1% glucose,4,train,Rtg1,0.1% glucose,1.6349103450775146,-2.8358707427978516,IY036 SupCon v1-jitter b2048 lr2.4 175732,PCA
Nrg1 @ 0.1% glucose,1,train,Nrg1,0.1% glucose,-4.870667457580566,1.710785150527954,IY036 SupCon v1-jitter b2048 lr2.4 175732,PCA
Nrg1 @ 0.01% glucose,0,train,Nrg1,0.01% glucose,-1.1724140644073486,-1.6737420558929443,IY036 SupCon v1-jitter b2048 lr2.4 175732,PCA
Rtg1 @ 0.1% glucose,4,train,Rtg1,0.1% glucose,1.3301597833633423,-0.8160146474838257,IY036 SupCon v1-jitter b2048 lr2.4 175732,PCA
Nrg1 @ 0.01% glucose,0,train,Nrg1,0.01% glucose,-0.9552658796310425,-0.2792307138442993,IY036 SupCon v1-jitter b2048 lr2.4 175732,PCA
Nrg1 @ 0.01% glucose,0,train,Nrg1,0.01% glucose,-1.576253890991211,-1.4842005968093872,IY036 SupCon v1-jitter b2048 lr2.4 175732,PCA
Rtg1 @ 2% glucose (mock/steady),5,train,Rtg1,2% glucose (mock/steady),2.889394998550415,-0.4915525019168854,IY036 SupCon v1-jitter b2048 lr2.4 175732,PCA
Nrg1 @ 2% glucose (mock/steady),2,train,Nrg1,2% glucose (mock/steady),-1.9364606142044067,0.0915098562836647,IY036 SupCon v1-jitter b2048 lr2.4 175732,PCA
Nrg1 @ 0.1% glucose,1,train,Nrg1,0.1% glucose,-4.224638938903809,0.19186438620090485,IY036 SupCon v1-jitter b2048 lr2.4 175732,PCA
Rtg1 @ 2% glucose (mock/steady),5,train,Rtg1,2% glucose (mock/steady),2.6889047622680664,-0.8161826133728027,IY036 SupCon v1-jitter b2048 lr2.4 175732,PCA
Rtg1 @ 0.1% glucose,4,train,Rtg1,0.1% glucose,1.4762769937515259,-1.7195799350738525,IY036 SupCon v1-jitter b2048 lr2.4 175732,PCA
Nrg1 @ 0.1% glucose,1,train,Nrg1,0.1% glucose,-4.764756202697754,1.3565856218338013,IY036 SupCon v1-jitter b2048 lr2.4 175732,PCA
Nrg1 @ 2% glucose (mock/steady),2,train,Nrg1,2% glucose (mock/steady),-3.024864435195923,0.8172492384910583,IY036 SupCon v1-jitter b2048 lr2.4 175732,PCA
Nrg1 @ 0.01% glucose,0,train,Nrg1,0.01% glucose,-1.1599165201187134,-1.1055124998092651,IY036 SupCon v1-jitter b2048 lr2.4 175732,PCA
Nrg1 @ 2% glucose (mock/steady),2,train,Nrg1,2% glucose (mock/steady),-2.3617262840270996,-0.4240819215774536,IY036 SupCon v1-jitter b2048 lr2.4 175732,PCA
Nrg1 @ 2% glucose (mock/steady),2,train,Nrg1,2% glucose (mock/steady),-3.0220110416412354,0.48784685134887695,IY036 SupCon v1-jitter b2048 lr2.4 175732,PCA
Nrg1 @ 2% glucose (mock/steady),2,train,Nrg1,2% glucose (mock/steady),-1.110478401184082,-0.0740790069103241,IY036 SupCon v1-jitter b2048 lr2.4 175732,PCA
Rtg1 @ 2% glucose (mock/steady),5,train,Rtg1,2% glucose (mock/steady),0.6499344110488892,-1.9515280723571777,IY036 SupCon v1-jitter b2048 lr2.4 175732,PCA
Nrg1 @ 2% glucose (mock/steady),2,train,Nrg1,2% glucose (mock/steady),-2.3941495418548584,0.6087636351585388,IY036 SupCon v1-jitter b2048 lr2.4 175732,PCA
Rtg1 @ 0.1% glucose,4,train,Rtg1,0.1% glucose,1.9686418771743774,-2.1505298614501953,IY036 SupCon v1-jitter b2048 lr2.4 175732,PCA
Rtg1 @ 0.01% glucose,3,train,Rtg1,0.01% glucose,4.635104656219482,3.1415138244628906,IY036 SupCon v1-jitter b2048 lr2.4 175732,PCA
Rtg1 @ 2% glucose (mock/steady),5,train,Rtg1,2% glucose (mock/steady),3.22236704826355,0.12563414871692657,IY036 SupCon v1-jitter b2048 lr2.4 175732,PCA
Rtg1 @ 0.1% glucose,4,train,Rtg1,0.1% glucose,3.038555145263672,0.3601779639720917,IY036 SupCon v1-jitter b2048 lr2.4 175732,PCA
Nrg1 @ 0.01% glucose,0,train,Nrg1,0.01% glucose,0.5728896260261536,-0.8974794149398804,IY036 SupCon v1-jitter b2048 lr2.4 175732,PCA
Nrg1 @ 0.01% glucose,0,train,Nrg1,0.01% glucose,0.6019893288612366,-1.7156301736831665,IY036 SupCon v1-jitter b2048 lr2.4 175732,PCA
Rtg1 @ 2% glucose (mock/steady),5,train,Rtg1,2% glucose (mock/steady),2.57075834274292,-1.5005369186401367,IY036 SupCon v1-jitter b2048 lr2.4 175732,PCA
Rtg1 @ 0.1% glucose,4,train,Rtg1,0.1% glucose,1.468473196029663,-1.1988418102264404,IY036 SupCon v1-jitter b2048 lr2.4 175732,PCA
Nrg1 @ 0.1% glucose,1,train,Nrg1,0.1% glucose,-5.136744976043701,1.1064214706420898,IY036 SupCon v1-jitter b2048 lr2.4 175732,PCA
Nrg1 @ 2% glucose (mock/steady),2,train,Nrg1,2% glucose (mock/steady),-3.9379117488861084,0.9685276746749878,IY036 SupCon v1-jitter b2048 lr2.4 175732,PCA
Rtg1 @ 2% glucose (mock/steady),5,train,Rtg1,2% glucose (mock/steady),3.189908981323242,0.5303251147270203,IY036 SupCon v1-jitter b2048 lr2.4 175732,PCA
Rtg1 @ 0.01% glucose,3,train,Rtg1,0.01% glucose,4.225072383880615,1.5457652807235718,IY036 SupCon v1-jitter b2048 lr2.4 175732,PCA
Nrg1 @ 2% glucose (mock/steady),2,train,Nrg1,2% glucose (mock/steady),-2.773794651031494,0.8274929523468018,IY036 SupCon v1-jitter b2048 lr2.4 175732,PCA
Rtg1 @ 0.1% glucose,4,train,Rtg1,0.1% glucose,2.0075838565826416,-2.0258281230926514,IY036 SupCon v1-jitter b2048 lr2.4 175732,PCA
Rtg1 @ 2% glucose (mock/steady),5,train,Rtg1,2% glucose (mock/steady),2.9449262619018555,-0.6600849032402039,IY036 SupCon v1-jitter b2048 lr2.4 175732,PCA
Rtg1 @ 2% glucose (mock/steady),5,train,Rtg1,2% glucose (mock/steady),2.091259479522705,-1.2539931535720825,IY036 SupCon v1-jitter b2048 lr2.4 175732,PCA
Rtg1 @ 0.01% glucose,3,train,Rtg1,0.01% glucose,4.029413223266602,1.5885059833526611,IY036 SupCon v1-jitter b2048 lr2.4 175732,PCA
Nrg1 @ 0.01% glucose,0,train,Nrg1,0.01% glucose,-2.3583157062530518,-1.389756202697754,IY036 SupCon v1-jitter b2048 lr2.4 175732,PCA
Rtg1 @ 0.01% glucose,3,train,Rtg1,0.01% glucose,4.3958563804626465,2.406787872314453,IY036 SupCon v1-jitter b2048 lr2.4 175732,PCA
Nrg1 @ 0.01% glucose,0,train,Nrg1,0.01% glucose,-0.86961829662323,-2.2576024532318115,IY036 SupCon v1-jitter b2048 lr2.4 175732,PCA
Rtg1 @ 2% glucose (mock/steady),5,train,Rtg1,2% glucose (mock/steady),4.135802268981934,2.002310037612915,IY036 SupCon v1-jitter b2048 lr2.4 175732,PCA
Rtg1 @ 0.01% glucose,3,train,Rtg1,0.01% glucose,4.7675323486328125,3.676973819732666,IY036 SupCon v1-jitter b2048 lr2.4 175732,PCA
Rtg1 @ 0.1% glucose,4,train,Rtg1,0.1% glucose,1.321760892868042,-2.9856319427490234,IY036 SupCon v1-jitter b2048 lr2.4 175732,PCA
Rtg1 @ 0.1% glucose,4,train,Rtg1,0.1% glucose,1.3989871740341187,-3.1518075466156006,IY036 SupCon v1-jitter b2048 lr2.4 175732,PCA
Nrg1 @ 0.1% glucose,1,train,Nrg1,0.1% glucose,-4.700182914733887,0.14085403084754944,IY036 SupCon v1-jitter b2048 lr2.4 175732,PCA
Nrg1 @ 0.01% glucose,0,train,Nrg1,0.01% glucose,-0.14384853839874268,-0.3287307322025299,IY036 SupCon v1-jitter b2048 lr2.4 175732,PCA
Rtg1 @ 2% glucose (mock/steady),5,train,Rtg1,2% glucose (mock/steady),1.6223801374435425,-2.3060355186462402,IY036 SupCon v1-jitter b2048 lr2.4 175732,PCA
Rtg1 @ 0.01% glucose,3,train,Rtg1,0.01% glucose,4.418456077575684,2.692260503768921,IY036 SupCon v1-jitter b2048 lr2.4 175732,PCA
Rtg1 @ 0.01% glucose,3,train,Rtg1,0.01% glucose,4.365070343017578,2.6731159687042236,IY036 SupCon v1-jitter b2048 lr2.4 175732,PCA
Rtg1 @ 0.01% glucose,3,train,Rtg1,0.01% glucose,3.440448522567749,0.8733338713645935,IY036 SupCon v1-jitter b2048 lr2.4 175732,PCA
Nrg1 @ 0.1% glucose,1,train,Nrg1,0.1% glucose,-5.311434268951416,0.5765787363052368,IY036 SupCon v1-jitter b2048 lr2.4 175732,PCA
Nrg1 @ 2% glucose (mock/steady),2,test,Nrg1,2% glucose (mock/steady),-3.9128925800323486,1.8962455987930298,IY036 SupCon v1-jitter b2048 lr2.4 175732,PCA
Rtg1 @ 0.1% glucose,4,test,Rtg1,0.1% glucose,1.3658113479614258,-1.7594099044799805,IY036 SupCon v1-jitter b2048 lr2.4 175732,PCA
Rtg1 @ 0.1% glucose,4,test,Rtg1,0.1% glucose,1.0829389095306396,-2.6254963874816895,IY036 SupCon v1-jitter b2048 lr2.4 175732,PCA
Nrg1 @ 0.1% glucose,1,test,Nrg1,0.1% glucose,-5.206997871398926,0.16439880430698395,IY036 SupCon v1-jitter b2048 lr2.4 175732,PCA
Nrg1 @ 0.1% glucose,1,test,Nrg1,0.1% glucose,-5.320566654205322,0.04534158110618591,IY036 SupCon v1-jitter b2048 lr2.4 175732,PCA
Rtg1 @ 0.01% glucose,3,test,Rtg1,0.01% glucose,4.081690788269043,1.3071504831314087,IY036 SupCon v1-jitter b2048 lr2.4 175732,PCA
Rtg1 @ 2% glucose (mock/steady),5,test,Rtg1,2% glucose (mock/steady),1.5724165439605713,-0.5465765595436096,IY036 SupCon v1-jitter b2048 lr2.4 175732,PCA
Nrg1 @ 0.1% glucose,1,test,Nrg1,0.1% glucose,-5.913623809814453,1.1348292827606201,IY036 SupCon v1-jitter b2048 lr2.4 175732,PCA
Rtg1 @ 0.01% glucose,3,test,Rtg1,0.01% glucose,3.617446184158325,1.8337076902389526,IY036 SupCon v1-jitter b2048 lr2.4 175732,PCA
Rtg1 @ 2% glucose (mock/steady),5,test,Rtg1,2% glucose (mock/steady),2.901214599609375,-0.9934571981430054,IY036 SupCon v1-jitter b2048 lr2.4 175732,PCA
Nrg1 @ 0.01% glucose,0,test,Nrg1,0.01% glucose,-1.937851905822754,-1.4037531614303589,IY036 SupCon v1-jitter b2048 lr2.4 175732,PCA
Nrg1 @ 0.1% glucose,1,test,Nrg1,0.1% glucose,-4.961875915527344,1.261991024017334,IY036 SupCon v1-jitter b2048 lr2.4 175732,PCA
Nrg1 @ 0.1% glucose,1,test,Nrg1,0.1% glucose,-3.992070198059082,-0.33185622096061707,IY036 SupCon v1-jitter b2048 lr2.4 175732,PCA
Rtg1 @ 2% glucose (mock/steady),5,test,Rtg1,2% glucose (mock/steady),2.6772501468658447,-0.7872677445411682,IY036 SupCon v1-jitter b2048 lr2.4 175732,PCA
Nrg1 @ 0.01% glucose,0,test,Nrg1,0.01% glucose,-0.5958912372589111,-2.328667402267456,IY036 SupCon v1-jitter b2048 lr2.4 175732,PCA
Rtg1 @ 2% glucose (mock/steady),5,test,Rtg1,2% glucose (mock/steady),2.364445447921753,-0.9349458813667297,IY036 SupCon v1-jitter b2048 lr2.4 175732,PCA
Nrg1 @ 2% glucose (mock/steady),2,test,Nrg1,2% glucose (mock/steady),-4.284170150756836,1.181760311126709,IY036 SupCon v1-jitter b2048 lr2.4 175732,PCA
Nrg1 @ 2% glucose (mock/steady),2,test,Nrg1,2% glucose (mock/steady),-2.843801975250244,0.9177289009094238,IY036 SupCon v1-jitter b2048 lr2.4 175732,PCA
Rtg1 @ 2% glucose (mock/steady),5,test,Rtg1,2% glucose (mock/steady),1.2657603025436401,-2.1717286109924316,IY036 SupCon v1-jitter b2048 lr2.4 175732,PCA
Rtg1 @ 0.1% glucose,4,test,Rtg1,0.1% glucose,0.9383144974708557,-2.554025650024414,IY036 SupCon v1-jitter b2048 lr2.4 175732,PCA
Rtg1 @ 0.01% glucose,3,test,Rtg1,0.01% glucose,3.630929946899414,1.481979250907898,IY036 SupCon v1-jitter b2048 lr2.4 175732,PCA
Rtg1 @ 0.1% glucose,4,test,Rtg1,0.1% glucose,2.42470645904541,-1.849797248840332,IY036 SupCon v1-jitter b2048 lr2.4 175732,PCA
Nrg1 @ 2% glucose (mock/steady),2,test,Nrg1,2% glucose (mock/steady),-2.152773141860962,1.2735934257507324,IY036 SupCon v1-jitter b2048 lr2.4 175732,PCA
Rtg1 @ 0.1% glucose,4,test,Rtg1,0.1% glucose,1.7269381284713745,-1.9982774257659912,IY036 SupCon v1-jitter b2048 lr2.4 175732,PCA
Nrg1 @ 2% glucose (mock/steady),2,test,Nrg1,2% glucose (mock/steady),-2.627487897872925,0.04713261127471924,IY036 SupCon v1-jitter b2048 lr2.4 175732,PCA
Rtg1 @ 0.01% glucose,3,test,Rtg1,0.01% glucose,2.9437365531921387,0.7876264452934265,IY036 SupCon v1-jitter b2048 lr2.4 175732,PCA
Rtg1 @ 2% glucose (mock/steady),5,test,Rtg1,2% glucose (mock/steady),2.7693920135498047,-0.184028759598732,IY036 SupCon v1-jitter b2048 lr2.4 175732,PCA
Rtg1 @ 2% glucose (mock/steady),5,test,Rtg1,2% glucose (mock/steady),2.807295560836792,-0.19198569655418396,IY036 SupCon v1-jitter b2048 lr2.4 175732,PCA
Rtg1 @ 0.1% glucose,4,test,Rtg1,0.1% glucose,0.8523604869842529,-1.6234705448150635,IY036 SupCon v1-jitter b2048 lr2.4 175732,PCA
Rtg1 @ 0.01% glucose,3,test,Rtg1,0.01% glucose,2.5912399291992188,-0.30013447999954224,IY036 SupCon v1-jitter b2048 lr2.4 175732,PCA
Nrg1 @ 0.01% glucose,0,test,Nrg1,0.01% glucose,-0.8196278810501099,-0.7660965919494629,IY036 SupCon v1-jitter b2048 lr2.4 175732,PCA
Rtg1 @ 2% glucose (mock/steady),5,test,Rtg1,2% glucose (mock/steady),1.242435097694397,-1.160487413406372,IY036 SupCon v1-jitter b2048 lr2.4 175732,PCA
Rtg1 @ 0.01% glucose,3,test,Rtg1,0.01% glucose,2.584228754043579,0.7774759531021118,IY036 SupCon v1-jitter b2048 lr2.4 175732,PCA
Nrg1 @ 0.01% glucose,0,test,Nrg1,0.01% glucose,-0.09529788792133331,-1.6602401733398438,IY036 SupCon v1-jitter b2048 lr2.4 175732,PCA
Nrg1 @ 2% glucose (mock/steady),2,test,Nrg1,2% glucose (mock/steady),-1.237962007522583,0.5645203590393066,IY036 SupCon v1-jitter b2048 lr2.4 175732,PCA
Nrg1 @ 0.1% glucose,1,test,Nrg1,0.1% glucose,-4.8537211418151855,0.5905840396881104,IY036 SupCon v1-jitter b2048 lr2.4 175732,PCA
Nrg1 @ 0.01% glucose,0,test,Nrg1,0.01% glucose,-0.3234459459781647,-1.1825451850891113,IY036 SupCon v1-jitter b2048 lr2.4 175732,PCA
Rtg1 @ 0.01% glucose,3,test,Rtg1,0.01% glucose,3.9641432762145996,2.3078925609588623,IY036 SupCon v1-jitter b2048 lr2.4 175732,PCA
Rtg1 @ 0.1% glucose,4,test,Rtg1,0.1% glucose,0.1904895305633545,-1.593394160270691,IY036 SupCon v1-jitter b2048 lr2.4 175732,PCA
Rtg1 @ 0.1% glucose,4,test,Rtg1,0.1% glucose,2.0235607624053955,-1.6749393939971924,IY036 SupCon v1-jitter b2048 lr2.4 175732,PCA
Rtg1 @ 2% glucose (mock/steady),5,test,Rtg1,2% glucose (mock/steady),0.6538925170898438,-1.2280958890914917,IY036 SupCon v1-jitter b2048 lr2.4 175732,PCA
Nrg1 @ 2% glucose (mock/steady),2,test,Nrg1,2% glucose (mock/steady),-2.431226968765259,1.0967204570770264,IY036 SupCon v1-jitter b2048 lr2.4 175732,PCA
Nrg1 @ 0.1% glucose,1,test,Nrg1,0.1% glucose,-4.675365924835205,0.41880884766578674,IY036 SupCon v1-jitter b2048 lr2.4 175732,PCA
Nrg1 @ 2% glucose (mock/steady),2,test,Nrg1,2% glucose (mock/steady),-4.035982131958008,0.026270482689142227,IY036 SupCon v1-jitter b2048 lr2.4 175732,PCA
Nrg1 @ 0.01% glucose,0,test,Nrg1,0.01% glucose,-1.7353473901748657,-2.1534767150878906,IY036 SupCon v1-jitter b2048 lr2.4 175732,PCA
Rtg1 @ 0.1% glucose,4,test,Rtg1,0.1% glucose,1.5597213506698608,-1.6421008110046387,IY036 SupCon v1-jitter b2048 lr2.4 175732,PCA
Nrg1 @ 2% glucose (mock/steady),2,test,Nrg1,2% glucose (mock/steady),-2.6055967807769775,0.9284313917160034,IY036 SupCon v1-jitter b2048 lr2.4 175732,PCA
Nrg1 @ 0.1% glucose,1,test,Nrg1,0.1% glucose,-5.787003040313721,0.9565905332565308,IY036 SupCon v1-jitter b2048 lr2.4 175732,PCA
Nrg1 @ 0.01% glucose,0,test,Nrg1,0.01% glucose,-0.4350478947162628,-0.8190022110939026,IY036 SupCon v1-jitter b2048 lr2.4 175732,PCA
Nrg1 @ 2% glucose (mock/steady),2,test,Nrg1,2% glucose (mock/steady),-2.219648838043213,0.39704808592796326,IY036 SupCon v1-jitter b2048 lr2.4 175732,PCA
Nrg1 @ 2% glucose (mock/steady),2,test,Nrg1,2% glucose (mock/steady),-2.6482577323913574,0.6870903968811035,IY036 SupCon v1-jitter b2048 lr2.4 175732,PCA
Nrg1 @ 0.1% glucose,1,test,Nrg1,0.1% glucose,-4.860820293426514,0.1709163933992386,IY036 SupCon v1-jitter b2048 lr2.4 175732,PCA
Rtg1 @ 2% glucose (mock/steady),5,test,Rtg1,2% glucose (mock/steady),1.7893022298812866,-1.0025317668914795,IY036 SupCon v1-jitter b2048 lr2.4 175732,PCA
Rtg1 @ 0.01% glucose,3,test,Rtg1,0.01% glucose,4.868185520172119,3.721576690673828,IY036 SupCon v1-jitter b2048 lr2.4 175732,PCA
Nrg1 @ 2% glucose (mock/steady),2,test,Nrg1,2% glucose (mock/steady),-8.314565658569336,0.7725433111190796,IY036 SupCon v1-jitter b2048 lr2.4 175732,PCA
Rtg1 @ 2% glucose (mock/steady),5,test,Rtg1,2% glucose (mock/steady),2.9955101013183594,0.6283906698226929,IY036 SupCon v1-jitter b2048 lr2.4 175732,PCA
Nrg1 @ 0.1% glucose,1,test,Nrg1,0.1% glucose,-5.237424373626709,0.07715009152889252,IY036 SupCon v1-jitter b2048 lr2.4 175732,PCA
Rtg1 @ 2% glucose (mock/steady),5,test,Rtg1,2% glucose (mock/steady),3.4096016883850098,0.30877986550331116,IY036 SupCon v1-jitter b2048 lr2.4 175732,PCA
Nrg1 @ 0.01% glucose,0,test,Nrg1,0.01% glucose,-1.6725900173187256,-0.5327587127685547,IY036 SupCon v1-jitter b2048 lr2.4 175732,PCA
Nrg1 @ 0.01% glucose,0,test,Nrg1,0.01% glucose,-1.2043753862380981,-0.8809434175491333,IY036 SupCon v1-jitter b2048 lr2.4 175732,PCA
Rtg1 @ 0.01% glucose,3,test,Rtg1,0.01% glucose,1.9721958637237549,0.04605409502983093,IY036 SupCon v1-jitter b2048 lr2.4 175732,PCA
Rtg1 @ 0.1% glucose,4,test,Rtg1,0.1% glucose,0.5625698566436768,-1.6379194259643555,IY036 SupCon v1-jitter b2048 lr2.4 175732,PCA
Rtg1 @ 0.01% glucose,3,test,Rtg1,0.01% glucose,3.5556459426879883,1.5418477058410645,IY036 SupCon v1-jitter b2048 lr2.4 175732,PCA
Rtg1 @ 0.1% glucose,4,test,Rtg1,0.1% glucose,1.5240670442581177,-1.3022254705429077,IY036 SupCon v1-jitter b2048 lr2.4 175732,PCA
Rtg1 @ 0.1% glucose,4,test,Rtg1,0.1% glucose,1.5364432334899902,-2.4710869789123535,IY036 SupCon v1-jitter b2048 lr2.4 175732,PCA
Nrg1 @ 0.01% glucose,0,test,Nrg1,0.01% glucose,-0.8278260231018066,-1.6190871000289917,IY036 SupCon v1-jitter b2048 lr2.4 175732,PCA
Nrg1 @ 0.1% glucose,1,test,Nrg1,0.1% glucose,-4.265153884887695,0.7319361567497253,IY036 SupCon v1-jitter b2048 lr2.4 175732,PCA
Nrg1 @ 0.01% glucose,0,test,Nrg1,0.01% glucose,-1.5119061470031738,-0.5234487056732178,IY036 SupCon v1-jitter b2048 lr2.4 175732,PCA
Rtg1 @ 2% glucose (mock/steady),5,test,Rtg1,2% glucose (mock/steady),2.6925477981567383,-1.0309828519821167,IY036 SupCon v1-jitter b2048 lr2.4 175732,PCA
Rtg1 @ 2% glucose (mock/steady),5,test,Rtg1,2% glucose (mock/steady),3.193817377090454,-0.06747957319021225,IY036 SupCon v1-jitter b2048 lr2.4 175732,PCA
Rtg1 @ 0.01% glucose,3,test,Rtg1,0.01% glucose,3.202425479888916,1.738999366760254,IY036 SupCon v1-jitter b2048 lr2.4 175732,PCA
Nrg1 @ 0.01% glucose,0,test,Nrg1,0.01% glucose,-0.7706387639045715,-1.420740008354187,IY036 SupCon v1-jitter b2048 lr2.4 175732,PCA
Rtg1 @ 2% glucose (mock/steady),5,test,Rtg1,2% glucose (mock/steady),1.666793942451477,-1.3951547145843506,IY036 SupCon v1-jitter b2048 lr2.4 175732,PCA
Nrg1 @ 2% glucose (mock/steady),2,test,Nrg1,2% glucose (mock/steady),-3.228130578994751,0.773528516292572,IY036 SupCon v1-jitter b2048 lr2.4 175732,PCA
Rtg1 @ 2% glucose (mock/steady),5,test,Rtg1,2% glucose (mock/steady),2.9635632038116455,-0.9022338390350342,IY036 SupCon v1-jitter b2048 lr2.4 175732,PCA
Rtg1 @ 0.01% glucose,3,test,Rtg1,0.01% glucose,4.12401819229126,2.0044658184051514,IY036 SupCon v1-jitter b2048 lr2.4 175732,PCA
Rtg1 @ 0.01% glucose,3,test,Rtg1,0.01% glucose,4.405309677124023,3.2139527797698975,IY036 SupCon v1-jitter b2048 lr2.4 175732,PCA
Rtg1 @ 0.1% glucose,4,test,Rtg1,0.1% glucose,2.014460802078247,-1.8061203956604004,IY036 SupCon v1-jitter b2048 lr2.4 175732,PCA
Rtg1 @ 0.01% glucose,3,test,Rtg1,0.01% glucose,4.423062801361084,3.476248264312744,IY036 SupCon v1-jitter b2048 lr2.4 175732,PCA
Rtg1 @ 0.01% glucose,3,test,Rtg1,0.01% glucose,3.9059839248657227,1.616334080696106,IY036 SupCon v1-jitter b2048 lr2.4 175732,PCA
Nrg1 @ 0.1% glucose,1,test,Nrg1,0.1% glucose,-3.545435667037964,1.1481436491012573,IY036 SupCon v1-jitter b2048 lr2.4 175732,PCA
Rtg1 @ 0.1% glucose,4,test,Rtg1,0.1% glucose,3.4304146766662598,0.5543357729911804,IY036 SupCon v1-jitter b2048 lr2.4 175732,PCA
Nrg1 @ 0.1% glucose,1,test,Nrg1,0.1% glucose,-4.653017520904541,1.2342615127563477,IY036 SupCon v1-jitter b2048 lr2.4 175732,PCA
Nrg1 @ 2% glucose (mock/steady),2,test,Nrg1,2% glucose (mock/steady),-1.0728803873062134,0.5790525674819946,IY036 SupCon v1-jitter b2048 lr2.4 175732,PCA
Rtg1 @ 0.1% glucose,4,test,Rtg1,0.1% glucose,2.453277587890625,-1.4686238765716553,IY036 SupCon v1-jitter b2048 lr2.4 175732,PCA
Rtg1 @ 0.01% glucose,3,test,Rtg1,0.01% glucose,3.6341419219970703,1.1074224710464478,IY036 SupCon v1-jitter b2048 lr2.4 175732,PCA
Nrg1 @ 2% glucose (mock/steady),2,test,Nrg1,2% glucose (mock/steady),-2.4473073482513428,1.1579780578613281,IY036 SupCon v1-jitter b2048 lr2.4 175732,PCA
Nrg1 @ 2% glucose (mock/steady),2,test,Nrg1,2% glucose (mock/steady),-4.885453224182129,1.3632022142410278,IY036 SupCon v1-jitter b2048 lr2.4 175732,PCA
Nrg1 @ 0.01% glucose,0,test,Nrg1,0.01% glucose,0.6999285817146301,-1.0273096561431885,IY036 SupCon v1-jitter b2048 lr2.4 175732,PCA
Nrg1 @ 0.01% glucose,0,test,Nrg1,0.01% glucose,-2.205697536468506,-0.36033985018730164,IY036 SupCon v1-jitter b2048 lr2.4 175732,PCA
Nrg1 @ 0.01% glucose,0,test,Nrg1,0.01% glucose,0.157655730843544,-0.9670782089233398,IY036 SupCon v1-jitter b2048 lr2.4 175732,PCA
Rtg1 @ 0.1% glucose,4,test,Rtg1,0.1% glucose,1.517351508140564,-1.059001088142395,IY036 SupCon v1-jitter b2048 lr2.4 175732,PCA
Nrg1 @ 0.1% glucose,1,test,Nrg1,0.1% glucose,-3.2798893451690674,-0.7832279205322266,IY036 SupCon v1-jitter b2048 lr2.4 175732,PCA
Nrg1 @ 0.1% glucose,1,test,Nrg1,0.1% glucose,-4.90403938293457,1.3019269704818726,IY036 SupCon v1-jitter b2048 lr2.4 175732,PCA
Rtg1 @ 0.1% glucose,4,train,Rtg1,0.1% glucose,10.604438781738281,-13.835165977478027,IY036 SupCon v1-jitter b2048 lr2.4 175732,t-SNE
Nrg1 @ 0.1% glucose,1,train,Nrg1,0.1% glucose,-35.63676071166992,0.8610414862632751,IY036 SupCon v1-jitter b2048 lr2.4 175732,t-SNE
Nrg1 @ 0.01% glucose,0,train,Nrg1,0.01% glucose,-10.334403991699219,7.1169328689575195,IY036 SupCon v1-jitter b2048 lr2.4 175732,t-SNE
Nrg1 @ 0.01% glucose,0,train,Nrg1,0.01% glucose,-19.942790985107422,2.687011957168579,IY036 SupCon v1-jitter b2048 lr2.4 175732,t-SNE
Nrg1 @ 0.1% glucose,1,train,Nrg1,0.1% glucose,-32.484683990478516,7.626152515411377,IY036 SupCon v1-jitter b2048 lr2.4 175732,t-SNE
Rtg1 @ 2% glucose (mock/steady),5,train,Rtg1,2% glucose (mock/steady),27.39661407470703,-4.691948890686035,IY036 SupCon v1-jitter b2048 lr2.4 175732,t-SNE
Nrg1 @ 0.01% glucose,0,train,Nrg1,0.01% glucose,-7.412178993225098,11.195795059204102,IY036 SupCon v1-jitter b2048 lr2.4 175732,t-SNE
Rtg1 @ 0.01% glucose,3,train,Rtg1,0.01% glucose,35.676422119140625,-2.342052698135376,IY036 SupCon v1-jitter b2048 lr2.4 175732,t-SNE
Nrg1 @ 2% glucose (mock/steady),2,train,Nrg1,2% glucose (mock/steady),-25.540739059448242,1.5973187685012817,IY036 SupCon v1-jitter b2048 lr2.4 175732,t-SNE
Nrg1 @ 2% glucose (mock/steady),2,train,Nrg1,2% glucose (mock/steady),-21.772336959838867,5.321025848388672,IY036 SupCon v1-jitter b2048 lr2.4 175732,t-SNE
Rtg1 @ 0.1% glucose,4,train,Rtg1,0.1% glucose,16.942485809326172,-16.94991683959961,IY036 SupCon v1-jitter b2048 lr2.4 175732,t-SNE
Rtg1 @ 0.1% glucose,4,train,Rtg1,0.1% glucose,18.86219024658203,-15.34099006652832,IY036 SupCon v1-jitter b2048 lr2.4 175732,t-SNE
Rtg1 @ 0.1% glucose,4,train,Rtg1,0.1% glucose,17.24067497253418,-16.36383056640625,IY036 SupCon v1-jitter b2048 lr2.4 175732,t-SNE
Nrg1 @ 0.1% glucose,1,train,Nrg1,0.1% glucose,-32.087276458740234,4.012106418609619,IY036 SupCon v1-jitter b2048 lr2.4 175732,t-SNE
Rtg1 @ 2% glucose (mock/steady),5,train,Rtg1,2% glucose (mock/steady),32.56302261352539,-2.247177839279175,IY036 SupCon v1-jitter b2048 lr2.4 175732,t-SNE
Rtg1 @ 0.01% glucose,3,train,Rtg1,0.01% glucose,38.126834869384766,6.49343729019165,IY036 SupCon v1-jitter b2048 lr2.4 175732,t-SNE
Nrg1 @ 0.01% glucose,0,train,Nrg1,0.01% glucose,-8.22094440460205,11.204079627990723,IY036 SupCon v1-jitter b2048 lr2.4 175732,t-SNE
Nrg1 @ 2% glucose (mock/steady),2,train,Nrg1,2% glucose (mock/steady),-26.75580406188965,1.1492173671722412,IY036 SupCon v1-jitter b2048 lr2.4 175732,t-SNE
Nrg1 @ 0.1% glucose,1,train,Nrg1,0.1% glucose,-29.095779418945312,5.90501070022583,IY036 SupCon v1-jitter b2048 lr2.4 175732,t-SNE
Nrg1 @ 0.1% glucose,1,train,Nrg1,0.1% glucose,-33.87625503540039,0.29323244094848633,IY036 SupCon v1-jitter b2048 lr2.4 175732,t-SNE
Rtg1 @ 2% glucose (mock/steady),5,train,Rtg1,2% glucose (mock/steady),17.75969123840332,-7.965921401977539,IY036 SupCon v1-jitter b2048 lr2.4 175732,t-SNE
Rtg1 @ 0.01% glucose,3,train,Rtg1,0.01% glucose,17.790456771850586,-5.662025451660156,IY036 SupCon v1-jitter b2048 lr2.4 175732,t-SNE
Rtg1 @ 0.01% glucose,3,train,Rtg1,0.01% glucose,40.82940673828125,3.403470039367676,IY036 SupCon v1-jitter b2048 lr2.4 175732,t-SNE
Rtg1 @ 0.01% glucose,3,train,Rtg1,0.01% glucose,35.509117126464844,-1.3067893981933594,IY036 SupCon v1-jitter b2048 lr2.4 175732,t-SNE
Nrg1 @ 2% glucose (mock/steady),2,train,Nrg1,2% glucose (mock/steady),-28.867931365966797,-0.8560140132904053,IY036 SupCon v1-jitter b2048 lr2.4 175732,t-SNE
Rtg1 @ 0.1% glucose,4,train,Rtg1,0.1% glucose,13.718382835388184,-7.104532718658447,IY036 SupCon v1-jitter b2048 lr2.4 175732,t-SNE
Nrg1 @ 0.1% glucose,1,train,Nrg1,0.1% glucose,-32.38895797729492,-0.6637071967124939,IY036 SupCon v1-jitter b2048 lr2.4 175732,t-SNE
Rtg1 @ 0.1% glucose,4,train,Rtg1,0.1% glucose,15.358684539794922,-10.882650375366211,IY036 SupCon v1-jitter b2048 lr2.4 175732,t-SNE
Nrg1 @ 2% glucose (mock/steady),2,train,Nrg1,2% glucose (mock/steady),-22.656831741333008,11.40869426727295,IY036 SupCon v1-jitter b2048 lr2.4 175732,t-SNE
Rtg1 @ 2% glucose (mock/steady),5,train,Rtg1,2% glucose (mock/steady),26.752607345581055,-6.890878200531006,IY036 SupCon v1-jitter b2048 lr2.4 175732,t-SNE
Nrg1 @ 0.1% glucose,1,train,Nrg1,0.1% glucose,-28.48821449279785,5.465229034423828,IY036 SupCon v1-jitter b2048 lr2.4 175732,t-SNE
Nrg1 @ 0.1% glucose,1,train,Nrg1,0.1% glucose,-31.419815063476562,8.652101516723633,IY036 SupCon v1-jitter b2048 lr2.4 175732,t-SNE
Nrg1 @ 2% glucose (mock/steady),2,train,Nrg1,2% glucose (mock/steady),-20.386863708496094,6.18686056137085,IY036 SupCon v1-jitter b2048 lr2.4 175732,t-SNE
Nrg1 @ 0.1% glucose,1,train,Nrg1,0.1% glucose,-32.91498565673828,2.710822105407715,IY036 SupCon v1-jitter b2048 lr2.4 175732,t-SNE
Rtg1 @ 0.1% glucose,4,train,Rtg1,0.1% glucose,11.883524894714355,-16.050981521606445,IY036 SupCon v1-jitter b2048 lr2.4 175732,t-SNE
Nrg1 @ 0.1% glucose,1,train,Nrg1,0.1% glucose,-35.54096221923828,-0.0017807165859267116,IY036 SupCon v1-jitter b2048 lr2.4 175732,t-SNE
Rtg1 @ 2% glucose (mock/steady),5,train,Rtg1,2% glucose (mock/steady),20.94719696044922,-10.486222267150879,IY036 SupCon v1-jitter b2048 lr2.4 175732,t-SNE
Rtg1 @ 2% glucose (mock/steady),5,train,Rtg1,2% glucose (mock/steady),36.279788970947266,1.079041838645935,IY036 SupCon v1-jitter b2048 lr2.4 175732,t-SNE
Rtg1 @ 0.01% glucose,3,train,Rtg1,0.01% glucose,34.82234191894531,0.04852437600493431,IY036 SupCon v1-jitter b2048 lr2.4 175732,t-SNE
Nrg1 @ 0.1% glucose,1,train,Nrg1,0.1% glucose,-37.807525634765625,2.2715489864349365,IY036 SupCon v1-jitter b2048 lr2.4 175732,t-SNE
Rtg1 @ 2% glucose (mock/steady),5,train,Rtg1,2% glucose (mock/steady),12.919157028198242,-7.871057987213135,IY036 SupCon v1-jitter b2048 lr2.4 175732,t-SNE
Rtg1 @ 2% glucose (mock/steady),5,train,Rtg1,2% glucose (mock/steady),15.560312271118164,-4.040175437927246,IY036 SupCon v1-jitter b2048 lr2.4 175732,t-SNE
Nrg1 @ 0.1% glucose,1,train,Nrg1,0.1% glucose,-29.433340072631836,8.107193946838379,IY036 SupCon v1-jitter b2048 lr2.4 175732,t-SNE
Rtg1 @ 2% glucose (mock/steady),5,train,Rtg1,2% glucose (mock/steady),21.999542236328125,-4.7714409828186035,IY036 SupCon v1-jitter b2048 lr2.4 175732,t-SNE
Rtg1 @ 0.01% glucose,3,train,Rtg1,0.01% glucose,38.41694641113281,2.8714511394500732,IY036 SupCon v1-jitter b2048 lr2.4 175732,t-SNE
Rtg1 @ 0.1% glucose,4,train,Rtg1,0.1% glucose,12.005729675292969,-13.1129789352417,IY036 SupCon v1-jitter b2048 lr2.4 175732,t-SNE
Nrg1 @ 0.01% glucose,0,train,Nrg1,0.01% glucose,-15.290544509887695,7.869544506072998,IY036 SupCon v1-jitter b2048 lr2.4 175732,t-SNE
Rtg1 @ 2% glucose (mock/steady),5,train,Rtg1,2% glucose (mock/steady),19.644859313964844,-6.637635231018066,IY036 SupCon v1-jitter b2048 lr2.4 175732,t-SNE
Nrg1 @ 2% glucose (mock/steady),2,train,Nrg1,2% glucose (mock/steady),-24.594566345214844,3.5888607501983643,IY036 SupCon v1-jitter b2048 lr2.4 175732,t-SNE
Nrg1 @ 2% glucose (mock/steady),2,train,Nrg1,2% glucose (mock/steady),-19.11597442626953,9.469219207763672,IY036 SupCon v1-jitter b2048 lr2.4 175732,t-SNE
Rtg1 @ 0.1% glucose,4,train,Rtg1,0.1% glucose,12.26056957244873,-12.64072322845459,IY036 SupCon v1-jitter b2048 lr2.4 175732,t-SNE
Nrg1 @ 2% glucose (mock/steady),2,train,Nrg1,2% glucose (mock/steady),-22.229751586914062,6.179945945739746,IY036 SupCon v1-jitter b2048 lr2.4 175732,t-SNE
Nrg1 @ 0.01% glucose,0,train,Nrg1,0.01% glucose,-11.220354080200195,8.114086151123047,IY036 SupCon v1-jitter b2048 lr2.4 175732,t-SNE
Nrg1 @ 2% glucose (mock/steady),2,train,Nrg1,2% glucose (mock/steady),-19.180763244628906,5.2867231369018555,IY036 SupCon v1-jitter b2048 lr2.4 175732,t-SNE
Nrg1 @ 2% glucose (mock/steady),2,train,Nrg1,2% glucose (mock/steady),-23.24831199645996,3.604412078857422,IY036 SupCon v1-jitter b2048 lr2.4 175732,t-SNE
Nrg1 @ 2% glucose (mock/steady),2,train,Nrg1,2% glucose (mock/steady),-24.040346145629883,10.215168952941895,IY036 SupCon v1-jitter b2048 lr2.4 175732,t-SNE
Nrg1 @ 0.1% glucose,1,train,Nrg1,0.1% glucose,-30.647109985351562,2.5607616901397705,IY036 SupCon v1-jitter b2048 lr2.4 175732,t-SNE
Rtg1 @ 0.01% glucose,3,train,Rtg1,0.01% glucose,30.832979202270508,-2.8488526344299316,IY036 SupCon v1-jitter b2048 lr2.4 175732,t-SNE
Rtg1 @ 0.1% glucose,4,train,Rtg1,0.1% glucose,24.66436195373535,-10.099997520446777,IY036 SupCon v1-jitter b2048 lr2.4 175732,t-SNE
Nrg1 @ 0.01% glucose,0,train,Nrg1,0.01% glucose,-18.695842742919922,13.192668914794922,IY036 SupCon v1-jitter b2048 lr2.4 175732,t-SNE
Nrg1 @ 0.1% glucose,1,train,Nrg1,0.1% glucose,-32.81932067871094,1.6450660228729248,IY036 SupCon v1-jitter b2048 lr2.4 175732,t-SNE
Nrg1 @ 0.1% glucose,1,train,Nrg1,0.1% glucose,-34.82766342163086,1.4726883172988892,IY036 SupCon v1-jitter b2048 lr2.4 175732,t-SNE
Nrg1 @ 0.1% glucose,1,train,Nrg1,0.1% glucose,-34.10563659667969,2.646068572998047,IY036 SupCon v1-jitter b2048 lr2.4 175732,t-SNE
Nrg1 @ 0.01% glucose,0,train,Nrg1,0.01% glucose,-9.894123077392578,16.48522186279297,IY036 SupCon v1-jitter b2048 lr2.4 175732,t-SNE
Nrg1 @ 2% glucose (mock/steady),2,train,Nrg1,2% glucose (mock/steady),-33.00221252441406,0.38177016377449036,IY036 SupCon v1-jitter b2048 lr2.4 175732,t-SNE
Rtg1 @ 0.01% glucose,3,train,Rtg1,0.01% glucose,38.0595817565918,0.797539234161377,IY036 SupCon v1-jitter b2048 lr2.4 175732,t-SNE
Nrg1 @ 2% glucose (mock/steady),2,train,Nrg1,2% glucose (mock/steady),-20.576501846313477,-0.03299360349774361,IY036 SupCon v1-jitter b2048 lr2.4 175732,t-SNE
Rtg1 @ 2% glucose (mock/steady),5,train,Rtg1,2% glucose (mock/steady),21.756452560424805,-8.533210754394531,IY036 SupCon v1-jitter b2048 lr2.4 175732,t-SNE
Rtg1 @ 0.1% glucose,4,train,Rtg1,0.1% glucose,14.161020278930664,-13.30233383178711,IY036 SupCon v1-jitter b2048 lr2.4 175732,t-SNE
Nrg1 @ 2% glucose (mock/steady),2,train,Nrg1,2% glucose (mock/steady),-21.823057174682617,9.451017379760742,IY036 SupCon v1-jitter b2048 lr2.4 175732,t-SNE
Rtg1 @ 2% glucose (mock/steady),5,train,Rtg1,2% glucose (mock/steady),16.914358139038086,-5.674355506896973,IY036 SupCon v1-jitter b2048 lr2.4 175732,t-SNE
Rtg1 @ 2% glucose (mock/steady),5,train,Rtg1,2% glucose (mock/steady),16.834218978881836,-6.49388313293457,IY036 SupCon v1-jitter b2048 lr2.4 175732,t-SNE
Rtg1 @ 0.01% glucose,3,train,Rtg1,0.01% glucose,39.45645523071289,3.6336851119995117,IY036 SupCon v1-jitter b2048 lr2.4 175732,t-SNE
Nrg1 @ 0.01% glucose,0,train,Nrg1,0.01% glucose,-10.198740005493164,6.305657863616943,IY036 SupCon v1-jitter b2048 lr2.4 175732,t-SNE
Rtg1 @ 0.01% glucose,3,train,Rtg1,0.01% glucose,28.906625747680664,-7.098688125610352,IY036 SupCon v1-jitter b2048 lr2.4 175732,t-SNE
Nrg1 @ 2% glucose (mock/steady),2,train,Nrg1,2% glucose (mock/steady),-26.626482009887695,0.11048198491334915,IY036 SupCon v1-jitter b2048 lr2.4 175732,t-SNE
Nrg1 @ 0.1% glucose,1,train,Nrg1,0.1% glucose,-36.393184661865234,2.674070358276367,IY036 SupCon v1-jitter b2048 lr2.4 175732,t-SNE
Rtg1 @ 0.01% glucose,3,train,Rtg1,0.01% glucose,35.07670211791992,0.11485128849744797,IY036 SupCon v1-jitter b2048 lr2.4 175732,t-SNE
Rtg1 @ 0.01% glucose,3,train,Rtg1,0.01% glucose,34.181915283203125,-0.6867302060127258,IY036 SupCon v1-jitter b2048 lr2.4 175732,t-SNE
Nrg1 @ 0.1% glucose,1,train,Nrg1,0.1% glucose,-23.797447204589844,8.496392250061035,IY036 SupCon v1-jitter b2048 lr2.4 175732,t-SNE
Nrg1 @ 0.01% glucose,0,train,Nrg1,0.01% glucose,-9.629611015319824,15.641379356384277,IY036 SupCon v1-jitter b2048 lr2.4 175732,t-SNE
Nrg1 @ 0.01% glucose,0,train,Nrg1,0.01% glucose,-8.111862182617188,9.43557071685791,IY036 SupCon v1-jitter b2048 lr2.4 175732,t-SNE
Nrg1 @ 2% glucose (mock/steady),2,train,Nrg1,2% glucose (mock/steady),-24.138864517211914,2.484076738357544,IY036 SupCon v1-jitter b2048 lr2.4 175732,t-SNE
Rtg1 @ 2% glucose (mock/steady),5,train,Rtg1,2% glucose (mock/steady),19.80659294128418,-12.192293167114258,IY036 SupCon v1-jitter b2048 lr2.4 175732,t-SNE
Rtg1 @ 2% glucose (mock/steady),5,train,Rtg1,2% glucose (mock/steady),18.324935913085938,-9.512763023376465,IY036 SupCon v1-jitter b2048 lr2.4 175732,t-SNE
Nrg1 @ 2% glucose (mock/steady),2,train,Nrg1,2% glucose (mock/steady),-23.737276077270508,5.456714630126953,IY036 SupCon v1-jitter b2048 lr2.4 175732,t-SNE
Rtg1 @ 0.1% glucose,4,train,Rtg1,0.1% glucose,16.09050750732422,-9.478377342224121,IY036 SupCon v1-jitter b2048 lr2.4 175732,t-SNE
Nrg1 @ 0.01% glucose,0,train,Nrg1,0.01% glucose,-9.657048225402832,11.19896411895752,IY036 SupCon v1-jitter b2048 lr2.4 175732,t-SNE
Nrg1 @ 0.1% glucose,1,train,Nrg1,0.1% glucose,-37.44203186035156,3.466003179550171,IY036 SupCon v1-jitter b2048 lr2.4 175732,t-SNE
Nrg1 @ 0.1% glucose,1,train,Nrg1,0.1% glucose,-34.720767974853516,2.7315444946289062,IY036 SupCon v1-jitter b2048 lr2.4 175732,t-SNE
Nrg1 @ 0.1% glucose,1,train,Nrg1,0.1% glucose,-37.34357452392578,-0.6315675973892212,IY036 SupCon v1-jitter b2048 lr2.4 175732,t-SNE
Nrg1 @ 0.1% glucose,1,train,Nrg1,0.1% glucose,-33.534236907958984,4.783041477203369,IY036 SupCon v1-jitter b2048 lr2.4 175732,t-SNE
Nrg1 @ 0.01% glucose,0,train,Nrg1,0.01% glucose,-18.714187622070312,5.861779689788818,IY036 SupCon v1-jitter b2048 lr2.4 175732,t-SNE
Rtg1 @ 0.01% glucose,3,train,Rtg1,0.01% glucose,18.639360427856445,-2.511648416519165,IY036 SupCon v1-jitter b2048 lr2.4 175732,t-SNE
Rtg1 @ 0.01% glucose,3,train,Rtg1,0.01% glucose,35.456886291503906,-2.6611456871032715,IY036 SupCon v1-jitter b2048 lr2.4 175732,t-SNE
Rtg1 @ 0.01% glucose,3,train,Rtg1,0.01% glucose,39.614715576171875,3.1392295360565186,IY036 SupCon v1-jitter b2048 lr2.4 175732,t-SNE
Rtg1 @ 0.1% glucose,4,train,Rtg1,0.1% glucose,17.39215660095215,-10.449783325195312,IY036 SupCon v1-jitter b2048 lr2.4 175732,t-SNE
Rtg1 @ 0.1% glucose,4,train,Rtg1,0.1% glucose,19.05959701538086,-14.13901138305664,IY036 SupCon v1-jitter b2048 lr2.4 175732,t-SNE
Rtg1 @ 2% glucose (mock/steady),5,train,Rtg1,2% glucose (mock/steady),21.489152908325195,-2.6129343509674072,IY036 SupCon v1-jitter b2048 lr2.4 175732,t-SNE
Rtg1 @ 0.1% glucose,4,train,Rtg1,0.1% glucose,23.523929595947266,-11.397385597229004,IY036 SupCon v1-jitter b2048 lr2.4 175732,t-SNE
Nrg1 @ 2% glucose (mock/steady),2,train,Nrg1,2% glucose (mock/steady),-20.348066329956055,6.23092794418335,IY036 SupCon v1-jitter b2048 lr2.4 175732,t-SNE
Rtg1 @ 0.1% glucose,4,train,Rtg1,0.1% glucose,9.22535228729248,-12.682467460632324,IY036 SupCon v1-jitter b2048 lr2.4 175732,t-SNE
Rtg1 @ 2% glucose (mock/steady),5,train,Rtg1,2% glucose (mock/steady),25.978912353515625,-6.914927959442139,IY036 SupCon v1-jitter b2048 lr2.4 175732,t-SNE
Rtg1 @ 0.1% glucose,4,train,Rtg1,0.1% glucose,25.54417610168457,-3.53848934173584,IY036 SupCon v1-jitter b2048 lr2.4 175732,t-SNE
Nrg1 @ 0.1% glucose,1,train,Nrg1,0.1% glucose,-33.7977180480957,2.571836471557617,IY036 SupCon v1-jitter b2048 lr2.4 175732,t-SNE
Nrg1 @ 2% glucose (mock/steady),2,train,Nrg1,2% glucose (mock/steady),-31.201061248779297,4.506561756134033,IY036 SupCon v1-jitter b2048 lr2.4 175732,t-SNE
Nrg1 @ 0.01% glucose,0,train,Nrg1,0.01% glucose,-7.087157726287842,11.092643737792969,IY036 SupCon v1-jitter b2048 lr2.4 175732,t-SNE
Nrg1 @ 0.01% glucose,0,train,Nrg1,0.01% glucose,-8.518353462219238,12.356446266174316,IY036 SupCon v1-jitter b2048 lr2.4 175732,t-SNE
Nrg1 @ 0.01% glucose,0,train,Nrg1,0.01% glucose,-10.709790229797363,8.679218292236328,IY036 SupCon v1-jitter b2048 lr2.4 175732,t-SNE
Nrg1 @ 2% glucose (mock/steady),2,train,Nrg1,2% glucose (mock/steady),-23.69758415222168,0.3007543981075287,IY036 SupCon v1-jitter b2048 lr2.4 175732,t-SNE
Rtg1 @ 0.1% glucose,4,train,Rtg1,0.1% glucose,21.930912017822266,-13.409931182861328,IY036 SupCon v1-jitter b2048 lr2.4 175732,t-SNE
Rtg1 @ 0.01% glucose,3,train,Rtg1,0.01% glucose,40.968753814697266,4.877325057983398,IY036 SupCon v1-jitter b2048 lr2.4 175732,t-SNE
Nrg1 @ 0.1% glucose,1,train,Nrg1,0.1% glucose,-34.73509979248047,-1.9942870140075684,IY036 SupCon v1-jitter b2048 lr2.4 175732,t-SNE
Rtg1 @ 2% glucose (mock/steady),5,train,Rtg1,2% glucose (mock/steady),21.75997543334961,-6.34649133682251,IY036 SupCon v1-jitter b2048 lr2.4 175732,t-SNE
Nrg1 @ 0.1% glucose,1,train,Nrg1,0.1% glucose,-28.21464729309082,6.349451541900635,IY036 SupCon v1-jitter b2048 lr2.4 175732,t-SNE
Nrg1 @ 0.1% glucose,1,train,Nrg1,0.1% glucose,-33.67374038696289,-2.1600003242492676,IY036 SupCon v1-jitter b2048 lr2.4 175732,t-SNE
Rtg1 @ 2% glucose (mock/steady),5,train,Rtg1,2% glucose (mock/steady),26.064964294433594,-3.778745174407959,IY036 SupCon v1-jitter b2048 lr2.4 175732,t-SNE
Nrg1 @ 0.01% glucose,0,train,Nrg1,0.01% glucose,-13.523824691772461,11.445839881896973,IY036 SupCon v1-jitter b2048 lr2.4 175732,t-SNE
Rtg1 @ 0.01% glucose,3,train,Rtg1,0.01% glucose,27.876821517944336,-1.6901919841766357,IY036 SupCon v1-jitter b2048 lr2.4 175732,t-SNE
Nrg1 @ 0.1% glucose,1,train,Nrg1,0.1% glucose,-35.40209197998047,-2.4982550144195557,IY036 SupCon v1-jitter b2048 lr2.4 175732,t-SNE
Nrg1 @ 0.01% glucose,0,train,Nrg1,0.01% glucose,-12.836840629577637,7.874908924102783,IY036 SupCon v1-jitter b2048 lr2.4 175732,t-SNE
Nrg1 @ 0.01% glucose,0,train,Nrg1,0.01% glucose,-14.577507972717285,12.29103946685791,IY036 SupCon v1-jitter b2048 lr2.4 175732,t-SNE
Nrg1 @ 0.1% glucose,1,train,Nrg1,0.1% glucose,-30.988689422607422,0.8504267930984497,IY036 SupCon v1-jitter b2048 lr2.4 175732,t-SNE
Nrg1 @ 0.01% glucose,0,train,Nrg1,0.01% glucose,-13.790886878967285,12.138310432434082,IY036 SupCon v1-jitter b2048 lr2.4 175732,t-SNE
Rtg1 @ 2% glucose (mock/steady),5,train,Rtg1,2% glucose (mock/steady),16.444856643676758,-11.451064109802246,IY036 SupCon v1-jitter b2048 lr2.4 175732,t-SNE
Nrg1 @ 0.1% glucose,1,train,Nrg1,0.1% glucose,-36.981201171875,-1.8758612871170044,IY036 SupCon v1-jitter b2048 lr2.4 175732,t-SNE
Rtg1 @ 2% glucose (mock/steady),5,train,Rtg1,2% glucose (mock/steady),19.328699111938477,-9.941368103027344,IY036 SupCon v1-jitter b2048 lr2.4 175732,t-SNE
Nrg1 @ 0.01% glucose,0,train,Nrg1,0.01% glucose,-15.357845306396484,11.585833549499512,IY036 SupCon v1-jitter b2048 lr2.4 175732,t-SNE
Rtg1 @ 0.01% glucose,3,train,Rtg1,0.01% glucose,39.25430679321289,4.0972900390625,IY036 SupCon v1-jitter b2048 lr2.4 175732,t-SNE
Rtg1 @ 0.1% glucose,4,train,Rtg1,0.1% glucose,12.977980613708496,-15.19800853729248,IY036 SupCon v1-jitter b2048 lr2.4 175732,t-SNE
Rtg1 @ 2% glucose (mock/steady),5,train,Rtg1,2% glucose (mock/steady),25.995222091674805,-7.790536403656006,IY036 SupCon v1-jitter b2048 lr2.4 175732,t-SNE
Nrg1 @ 0.1% glucose,1,train,Nrg1,0.1% glucose,-31.45755958557129,8.172226905822754,IY036 SupCon v1-jitter b2048 lr2.4 175732,t-SNE
Rtg1 @ 0.1% glucose,4,train,Rtg1,0.1% glucose,10.261994361877441,-8.354171752929688,IY036 SupCon v1-jitter b2048 lr2.4 175732,t-SNE
Rtg1 @ 2% glucose (mock/steady),5,train,Rtg1,2% glucose (mock/steady),17.17829704284668,-14.23260498046875,IY036 SupCon v1-jitter b2048 lr2.4 175732,t-SNE
Nrg1 @ 0.01% glucose,0,train,Nrg1,0.01% glucose,-8.031038284301758,12.20472526550293,IY036 SupCon v1-jitter b2048 lr2.4 175732,t-SNE
Rtg1 @ 0.01% glucose,3,train,Rtg1,0.01% glucose,37.43021774291992,4.211208820343018,IY036 SupCon v1-jitter b2048 lr2.4 175732,t-SNE
Rtg1 @ 2% glucose (mock/steady),5,train,Rtg1,2% glucose (mock/steady),12.624773025512695,-6.7374725341796875,IY036 SupCon v1-jitter b2048 lr2.4 175732,t-SNE
Nrg1 @ 2% glucose (mock/steady),2,train,Nrg1,2% glucose (mock/steady),-18.283252716064453,10.212370872497559,IY036 SupCon v1-jitter b2048 lr2.4 175732,t-SNE
Rtg1 @ 2% glucose (mock/steady),5,train,Rtg1,2% glucose (mock/steady),14.73280143737793,-4.8904500007629395,IY036 SupCon v1-jitter b2048 lr2.4 175732,t-SNE
Nrg1 @ 0.1% glucose,1,train,Nrg1,0.1% glucose,-31.93975257873535,-2.929394483566284,IY036 SupCon v1-jitter b2048 lr2.4 175732,t-SNE
Rtg1 @ 2% glucose (mock/steady),5,train,Rtg1,2% glucose (mock/steady),21.558727264404297,-8.153867721557617,IY036 SupCon v1-jitter b2048 lr2.4 175732,t-SNE
Rtg1 @ 2% glucose (mock/steady),5,train,Rtg1,2% glucose (mock/steady),16.056222915649414,-8.147883415222168,IY036 SupCon v1-jitter b2048 lr2.4 175732,t-SNE
Nrg1 @ 0.01% glucose,0,train,Nrg1,0.01% glucose,-14.778680801391602,13.474581718444824,IY036 SupCon v1-jitter b2048 lr2.4 175732,t-SNE
Rtg1 @ 0.1% glucose,4,train,Rtg1,0.1% glucose,14.691840171813965,-16.636682510375977,IY036 SupCon v1-jitter b2048 lr2.4 175732,t-SNE
Rtg1 @ 0.1% glucose,4,train,Rtg1,0.1% glucose,19.787513732910156,-15.143693923950195,IY036 SupCon v1-jitter b2048 lr2.4 175732,t-SNE
Nrg1 @ 0.01% glucose,0,train,Nrg1,0.01% glucose,-15.905173301696777,5.405038833618164,IY036 SupCon v1-jitter b2048 lr2.4 175732,t-SNE
Rtg1 @ 2% glucose (mock/steady),5,train,Rtg1,2% glucose (mock/steady),19.577529907226562,-5.4474101066589355,IY036 SupCon v1-jitter b2048 lr2.4 175732,t-SNE
Nrg1 @ 0.01% glucose,0,train,Nrg1,0.01% glucose,-9.307182312011719,10.325419425964355,IY036 SupCon v1-jitter b2048 lr2.4 175732,t-SNE
Nrg1 @ 0.01% glucose,0,train,Nrg1,0.01% glucose,-9.713566780090332,12.15145492553711,IY036 SupCon v1-jitter b2048 lr2.4 175732,t-SNE
Rtg1 @ 0.01% glucose,3,train,Rtg1,0.01% glucose,39.670494079589844,6.110905170440674,IY036 SupCon v1-jitter b2048 lr2.4 175732,t-SNE
Rtg1 @ 0.01% glucose,3,train,Rtg1,0.01% glucose,34.25275802612305,-3.5633625984191895,IY036 SupCon v1-jitter b2048 lr2.4 175732,t-SNE
Rtg1 @ 0.01% glucose,3,train,Rtg1,0.01% glucose,28.626808166503906,1.7614336013793945,IY036 SupCon v1-jitter b2048 lr2.4 175732,t-SNE
Rtg1 @ 2% glucose (mock/steady),5,train,Rtg1,2% glucose (mock/steady),22.842897415161133,-5.2444634437561035,IY036 SupCon v1-jitter b2048 lr2.4 175732,t-SNE
Nrg1 @ 0.01% glucose,0,train,Nrg1,0.01% glucose,-8.507133483886719,9.828837394714355,IY036 SupCon v1-jitter b2048 lr2.4 175732,t-SNE
Rtg1 @ 0.01% glucose,3,train,Rtg1,0.01% glucose,39.98649597167969,3.9243717193603516,IY036 SupCon v1-jitter b2048 lr2.4 175732,t-SNE
Rtg1 @ 0.1% glucose,4,train,Rtg1,0.1% glucose,11.854636192321777,-7.732481002807617,IY036 SupCon v1-jitter b2048 lr2.4 175732,t-SNE
Nrg1 @ 0.1% glucose,1,train,Nrg1,0.1% glucose,-30.998567581176758,7.104779243469238,IY036 SupCon v1-jitter b2048 lr2.4 175732,t-SNE
Rtg1 @ 2% glucose (mock/steady),5,train,Rtg1,2% glucose (mock/steady),34.66952133178711,4.541557312011719,IY036 SupCon v1-jitter b2048 lr2.4 175732,t-SNE
Rtg1 @ 0.1% glucose,4,train,Rtg1,0.1% glucose,13.214783668518066,-11.675530433654785,IY036 SupCon v1-jitter b2048 lr2.4 175732,t-SNE
Rtg1 @ 2% glucose (mock/steady),5,train,Rtg1,2% glucose (mock/steady),10.357403755187988,-7.2727742195129395,IY036 SupCon v1-jitter b2048 lr2.4 175732,t-SNE
Rtg1 @ 0.1% glucose,4,train,Rtg1,0.1% glucose,27.279216766357422,-5.9219560623168945,IY036 SupCon v1-jitter b2048 lr2.4 175732,t-SNE
Nrg1 @ 0.01% glucose,0,train,Nrg1,0.01% glucose,-19.647560119628906,-0.677906334400177,IY036 SupCon v1-jitter b2048 lr2.4 175732,t-SNE
Nrg1 @ 2% glucose (mock/steady),2,train,Nrg1,2% glucose (mock/steady),-18.123943328857422,7.322035789489746,IY036 SupCon v1-jitter b2048 lr2.4 175732,t-SNE
Nrg1 @ 0.01% glucose,0,train,Nrg1,0.01% glucose,-11.526503562927246,8.522334098815918,IY036 SupCon v1-jitter b2048 lr2.4 175732,t-SNE
Rtg1 @ 0.1% glucose,4,train,Rtg1,0.1% glucose,19.652103424072266,-15.283782958984375,IY036 SupCon v1-jitter b2048 lr2.4 175732,t-SNE
Rtg1 @ 0.01% glucose,3,train,Rtg1,0.01% glucose,31.352529525756836,-3.3868842124938965,IY036 SupCon v1-jitter b2048 lr2.4 175732,t-SNE
Rtg1 @ 0.01% glucose,3,train,Rtg1,0.01% glucose,31.37727165222168,-5.174196720123291,IY036 SupCon v1-jitter b2048 lr2.4 175732,t-SNE
Nrg1 @ 2% glucose (mock/steady),2,train,Nrg1,2% glucose (mock/steady),-18.420907974243164,3.8520240783691406,IY036 SupCon v1-jitter b2048 lr2.4 175732,t-SNE
Nrg1 @ 0.01% glucose,0,train,Nrg1,0.01% glucose,-7.312685489654541,12.894011497497559,IY036 SupCon v1-jitter b2048 lr2.4 175732,t-SNE
Nrg1 @ 0.01% glucose,0,train,Nrg1,0.01% glucose,-12.86485767364502,14.323968887329102,IY036 SupCon v1-jitter b2048 lr2.4 175732,t-SNE
Rtg1 @ 2% glucose (mock/steady),5,train,Rtg1,2% glucose (mock/steady),26.049049377441406,-1.1603140830993652,IY036 SupCon v1-jitter b2048 lr2.4 175732,t-SNE
Rtg1 @ 0.1% glucose,4,train,Rtg1,0.1% glucose,19.616113662719727,-16.088293075561523,IY036 SupCon v1-jitter b2048 lr2.4 175732,t-SNE
Nrg1 @ 0.01% glucose,0,train,Nrg1,0.01% glucose,-13.896489143371582,7.668267726898193,IY036 SupCon v1-jitter b2048 lr2.4 175732,t-SNE
Rtg1 @ 2% glucose (mock/steady),5,train,Rtg1,2% glucose (mock/steady),27.09958267211914,-5.808082580566406,IY036 SupCon v1-jitter b2048 lr2.4 175732,t-SNE
Rtg1 @ 0.1% glucose,4,train,Rtg1,0.1% glucose,11.20287799835205,-10.358626365661621,IY036 SupCon v1-jitter b2048 lr2.4 175732,t-SNE
Nrg1 @ 0.1% glucose,1,train,Nrg1,0.1% glucose,-33.60957336425781,-2.305091381072998,IY036 SupCon v1-jitter b2048 lr2.4 175732,t-SNE
Nrg1 @ 0.1% glucose,1,train,Nrg1,0.1% glucose,-37.553680419921875,0.6192190647125244,IY036 SupCon v1-jitter b2048 lr2.4 175732,t-SNE
Nrg1 @ 2% glucose (mock/steady),2,train,Nrg1,2% glucose (mock/steady),-18.345722198486328,3.546834945678711,IY036 SupCon v1-jitter b2048 lr2.4 175732,t-SNE
Nrg1 @ 0.01% glucose,0,train,Nrg1,0.01% glucose,-8.875497817993164,16.450349807739258,IY036 SupCon v1-jitter b2048 lr2.4 175732,t-SNE
Rtg1 @ 0.01% glucose,3,train,Rtg1,0.01% glucose,30.030237197875977,3.129103422164917,IY036 SupCon v1-jitter b2048 lr2.4 175732,t-SNE
Rtg1 @ 0.1% glucose,4,train,Rtg1,0.1% glucose,10.286321640014648,-13.745376586914062,IY036 SupCon v1-jitter b2048 lr2.4 175732,t-SNE
Rtg1 @ 2% glucose (mock/steady),5,train,Rtg1,2% glucose (mock/steady),21.315109252929688,-9.554096221923828,IY036 SupCon v1-jitter b2048 lr2.4 175732,t-SNE
Rtg1 @ 0.01% glucose,3,train,Rtg1,0.01% glucose,37.18922805786133,2.7110345363616943,IY036 SupCon v1-jitter b2048 lr2.4 175732,t-SNE
Rtg1 @ 2% glucose (mock/steady),5,train,Rtg1,2% glucose (mock/steady),16.05535888671875,-5.959914684295654,IY036 SupCon v1-jitter b2048 lr2.4 175732,t-SNE
Rtg1 @ 2% glucose (mock/steady),5,train,Rtg1,2% glucose (mock/steady),14.814261436462402,-5.264547348022461,IY036 SupCon v1-jitter b2048 lr2.4 175732,t-SNE
Nrg1 @ 2% glucose (mock/steady),2,train,Nrg1,2% glucose (mock/steady),-21.696434020996094,10.433206558227539,IY036 SupCon v1-jitter b2048 lr2.4 175732,t-SNE
Nrg1 @ 0.1% glucose,1,train,Nrg1,0.1% glucose,-35.183345794677734,1.206342101097107,IY036 SupCon v1-jitter b2048 lr2.4 175732,t-SNE
Rtg1 @ 0.1% glucose,4,train,Rtg1,0.1% glucose,19.557714462280273,-14.804594993591309,IY036 SupCon v1-jitter b2048 lr2.4 175732,t-SNE
Nrg1 @ 2% glucose (mock/steady),2,train,Nrg1,2% glucose (mock/steady),-26.43843650817871,2.6115643978118896,IY036 SupCon v1-jitter b2048 lr2.4 175732,t-SNE
Nrg1 @ 0.01% glucose,0,train,Nrg1,0.01% glucose,-11.797414779663086,10.590529441833496,IY036 SupCon v1-jitter b2048 lr2.4 175732,t-SNE
Nrg1 @ 2% glucose (mock/steady),2,train,Nrg1,2% glucose (mock/steady),-23.603548049926758,1.934149980545044,IY036 SupCon v1-jitter b2048 lr2.4 175732,t-SNE
Nrg1 @ 0.1% glucose,1,train,Nrg1,0.1% glucose,-36.532020568847656,0.8074581623077393,IY036 SupCon v1-jitter b2048 lr2.4 175732,t-SNE
Rtg1 @ 0.01% glucose,3,train,Rtg1,0.01% glucose,39.76295471191406,1.8410760164260864,IY036 SupCon v1-jitter b2048 lr2.4 175732,t-SNE
Rtg1 @ 0.1% glucose,4,train,Rtg1,0.1% glucose,24.219823837280273,-6.432504177093506,IY036 SupCon v1-jitter b2048 lr2.4 175732,t-SNE
Nrg1 @ 0.1% glucose,1,train,Nrg1,0.1% glucose,-28.34041404724121,-2.226712703704834,IY036 SupCon v1-jitter b2048 lr2.4 175732,t-SNE
Nrg1 @ 2% glucose (mock/steady),2,train,Nrg1,2% glucose (mock/steady),-20.153949737548828,3.798252582550049,IY036 SupCon v1-jitter b2048 lr2.4 175732,t-SNE
Nrg1 @ 0.01% glucose,0,train,Nrg1,0.01% glucose,-8.907455444335938,9.939482688903809,IY036 SupCon v1-jitter b2048 lr2.4 175732,t-SNE
Rtg1 @ 0.1% glucose,4,train,Rtg1,0.1% glucose,15.220259666442871,-17.522754669189453,IY036 SupCon v1-jitter b2048 lr2.4 175732,t-SNE
Rtg1 @ 2% glucose (mock/steady),5,train,Rtg1,2% glucose (mock/steady),18.933929443359375,-8.593561172485352,IY036 SupCon v1-jitter b2048 lr2.4 175732,t-SNE
Nrg1 @ 2% glucose (mock/steady),2,train,Nrg1,2% glucose (mock/steady),-25.20843505859375,2.587921619415283,IY036 SupCon v1-jitter b2048 lr2.4 175732,t-SNE
Nrg1 @ 0.01% glucose,0,train,Nrg1,0.01% glucose,-16.063337326049805,6.207869529724121,IY036 SupCon v1-jitter b2048 lr2.4 175732,t-SNE
Rtg1 @ 0.01% glucose,3,train,Rtg1,0.01% glucose,38.79670715332031,2.163558006286621,IY036 SupCon v1-jitter b2048 lr2.4 175732,t-SNE
Nrg1 @ 2% glucose (mock/steady),2,train,Nrg1,2% glucose (mock/steady),-24.13028335571289,4.559189319610596,IY036 SupCon v1-jitter b2048 lr2.4 175732,t-SNE
Nrg1 @ 0.01% glucose,0,train,Nrg1,0.01% glucose,-10.976070404052734,11.754416465759277,IY036 SupCon v1-jitter b2048 lr2.4 175732,t-SNE
Rtg1 @ 0.01% glucose,3,train,Rtg1,0.01% glucose,34.556373596191406,-0.7563640475273132,IY036 SupCon v1-jitter b2048 lr2.4 175732,t-SNE
Rtg1 @ 0.01% glucose,3,train,Rtg1,0.01% glucose,35.383079528808594,2.584956645965576,IY036 SupCon v1-jitter b2048 lr2.4 175732,t-SNE
Nrg1 @ 2% glucose (mock/steady),2,train,Nrg1,2% glucose (mock/steady),-20.73698616027832,11.223636627197266,IY036 SupCon v1-jitter b2048 lr2.4 175732,t-SNE
Rtg1 @ 0.01% glucose,3,train,Rtg1,0.01% glucose,39.440216064453125,4.795116901397705,IY036 SupCon v1-jitter b2048 lr2.4 175732,t-SNE
Nrg1 @ 0.1% glucose,1,train,Nrg1,0.1% glucose,-8.382643699645996,7.674806118011475,IY036 SupCon v1-jitter b2048 lr2.4 175732,t-SNE
Rtg1 @ 0.1% glucose,4,train,Rtg1,0.1% glucose,22.018985748291016,-13.498933792114258,IY036 SupCon v1-jitter b2048 lr2.4 175732,t-SNE
Rtg1 @ 0.01% glucose,3,train,Rtg1,0.01% glucose,29.13848304748535,1.2136156558990479,IY036 SupCon v1-jitter b2048 lr2.4 175732,t-SNE
Rtg1 @ 2% glucose (mock/steady),5,train,Rtg1,2% glucose (mock/steady),18.599231719970703,-8.254232406616211,IY036 SupCon v1-jitter b2048 lr2.4 175732,t-SNE
Rtg1 @ 0.01% glucose,3,train,Rtg1,0.01% glucose,40.55665588378906,2.7338380813598633,IY036 SupCon v1-jitter b2048 lr2.4 175732,t-SNE
Nrg1 @ 0.1% glucose,1,train,Nrg1,0.1% glucose,-36.113487243652344,-3.3518013954162598,IY036 SupCon v1-jitter b2048 lr2.4 175732,t-SNE
Nrg1 @ 2% glucose (mock/steady),2,train,Nrg1,2% glucose (mock/steady),-24.34269905090332,7.393002510070801,IY036 SupCon v1-jitter b2048 lr2.4 175732,t-SNE
Nrg1 @ 2% glucose (mock/steady),2,train,Nrg1,2% glucose (mock/steady),-23.026220321655273,3.2203502655029297,IY036 SupCon v1-jitter b2048 lr2.4 175732,t-SNE
Nrg1 @ 0.1% glucose,1,train,Nrg1,0.1% glucose,-35.35166931152344,5.0220489501953125,IY036 SupCon v1-jitter b2048 lr2.4 175732,t-SNE
Rtg1 @ 0.01% glucose,3,train,Rtg1,0.01% glucose,30.95995330810547,-4.463428020477295,IY036 SupCon v1-jitter b2048 lr2.4 175732,t-SNE
Rtg1 @ 2% glucose (mock/steady),5,train,Rtg1,2% glucose (mock/steady),16.502599716186523,-5.442167282104492,IY036 SupCon v1-jitter b2048 lr2.4 175732,t-SNE
Nrg1 @ 2% glucose (mock/steady),2,train,Nrg1,2% glucose (mock/steady),-24.1468563079834,3.462679862976074,IY036 SupCon v1-jitter b2048 lr2.4 175732,t-SNE
Nrg1 @ 0.1% glucose,1,train,Nrg1,0.1% glucose,-26.236940383911133,1.8177047967910767,IY036 SupCon v1-jitter b2048 lr2.4 175732,t-SNE
Rtg1 @ 0.1% glucose,4,train,Rtg1,0.1% glucose,23.303186416625977,-9.715657234191895,IY036 SupCon v1-jitter b2048 lr2.4 175732,t-SNE
Nrg1 @ 2% glucose (mock/steady),2,train,Nrg1,2% glucose (mock/steady),-19.866819381713867,11.27767276763916,IY036 SupCon v1-jitter b2048 lr2.4 175732,t-SNE
Nrg1 @ 0.01% glucose,0,train,Nrg1,0.01% glucose,-7.9095964431762695,7.308281421661377,IY036 SupCon v1-jitter b2048 lr2.4 175732,t-SNE
Rtg1 @ 0.1% glucose,4,train,Rtg1,0.1% glucose,14.744406700134277,-11.321117401123047,IY036 SupCon v1-jitter b2048 lr2.4 175732,t-SNE
Nrg1 @ 0.1% glucose,1,train,Nrg1,0.1% glucose,-27.5318660736084,3.885965585708618,IY036 SupCon v1-jitter b2048 lr2.4 175732,t-SNE
Rtg1 @ 0.01% glucose,3,train,Rtg1,0.01% glucose,29.590120315551758,-4.856452465057373,IY036 SupCon v1-jitter b2048 lr2.4 175732,t-SNE
Nrg1 @ 0.1% glucose,1,train,Nrg1,0.1% glucose,-32.9885139465332,6.595141410827637,IY036 SupCon v1-jitter b2048 lr2.4 175732,t-SNE
Rtg1 @ 2% glucose (mock/steady),5,train,Rtg1,2% glucose (mock/steady),19.765789031982422,-12.016800880432129,IY036 SupCon v1-jitter b2048 lr2.4 175732,t-SNE
Rtg1 @ 0.1% glucose,4,train,Rtg1,0.1% glucose,18.074474334716797,-14.76910400390625,IY036 SupCon v1-jitter b2048 lr2.4 175732,t-SNE
Nrg1 @ 2% glucose (mock/steady),2,train,Nrg1,2% glucose (mock/steady),-24.92711639404297,4.651569843292236,IY036 SupCon v1-jitter b2048 lr2.4 175732,t-SNE
Nrg1 @ 0.1% glucose,1,train,Nrg1,0.1% glucose,-30.506149291992188,-0.7357420921325684,IY036 SupCon v1-jitter b2048 lr2.4 175732,t-SNE
Nrg1 @ 2% glucose (mock/steady),2,train,Nrg1,2% glucose (mock/steady),-21.307369232177734,2.2808749675750732,IY036 SupCon v1-jitter b2048 lr2.4 175732,t-SNE
Nrg1 @ 2% glucose (mock/steady),2,train,Nrg1,2% glucose (mock/steady),-24.024747848510742,-0.2717829644680023,IY036 SupCon v1-jitter b2048 lr2.4 175732,t-SNE
Nrg1 @ 0.01% glucose,0,train,Nrg1,0.01% glucose,-10.149380683898926,9.441471099853516,IY036 SupCon v1-jitter b2048 lr2.4 175732,t-SNE
Nrg1 @ 0.01% glucose,0,train,Nrg1,0.01% glucose,-12.17794132232666,6.425494194030762,IY036 SupCon v1-jitter b2048 lr2.4 175732,t-SNE
Rtg1 @ 0.01% glucose,3,train,Rtg1,0.01% glucose,25.599943161010742,-9.258491516113281,IY036 SupCon v1-jitter b2048 lr2.4 175732,t-SNE
Rtg1 @ 0.1% glucose,4,train,Rtg1,0.1% glucose,28.57523536682129,2.5561842918395996,IY036 SupCon v1-jitter b2048 lr2.4 175732,t-SNE
Nrg1 @ 0.01% glucose,0,train,Nrg1,0.01% glucose,-11.515951156616211,14.961394309997559,IY036 SupCon v1-jitter b2048 lr2.4 175732,t-SNE
Rtg1 @ 2% glucose (mock/steady),5,train,Rtg1,2% glucose (mock/steady),25.3479061126709,-8.14625358581543,IY036 SupCon v1-jitter b2048 lr2.4 175732,t-SNE
Nrg1 @ 2% glucose (mock/steady),2,train,Nrg1,2% glucose (mock/steady),-19.397554397583008,1.1907566785812378,IY036 SupCon v1-jitter b2048 lr2.4 175732,t-SNE
Nrg1 @ 2% glucose (mock/steady),2,train,Nrg1,2% glucose (mock/steady),-18.18255043029785,4.552694797515869,IY036 SupCon v1-jitter b2048 lr2.4 175732,t-SNE
Rtg1 @ 2% glucose (mock/steady),5,train,Rtg1,2% glucose (mock/steady),17.185527801513672,-10.923836708068848,IY036 SupCon v1-jitter b2048 lr2.4 175732,t-SNE
Nrg1 @ 2% glucose (mock/steady),2,train,Nrg1,2% glucose (mock/steady),-17.34248161315918,3.283863067626953,IY036 SupCon v1-jitter b2048 lr2.4 175732,t-SNE
Nrg1 @ 2% glucose (mock/steady),2,train,Nrg1,2% glucose (mock/steady),-21.043701171875,8.838177680969238,IY036 SupCon v1-jitter b2048 lr2.4 175732,t-SNE
Nrg1 @ 0.01% glucose,0,train,Nrg1,0.01% glucose,-14.573846817016602,11.600103378295898,IY036 SupCon v1-jitter b2048 lr2.4 175732,t-SNE
Rtg1 @ 0.01% glucose,3,train,Rtg1,0.01% glucose,31.70729637145996,1.490190863609314,IY036 SupCon v1-jitter b2048 lr2.4 175732,t-SNE
Nrg1 @ 2% glucose (mock/steady),2,train,Nrg1,2% glucose (mock/steady),-24.145273208618164,3.0051159858703613,IY036 SupCon v1-jitter b2048 lr2.4 175732,t-SNE
Rtg1 @ 0.01% glucose,3,train,Rtg1,0.01% glucose,38.1716194152832,0.2455550879240036,IY036 SupCon v1-jitter b2048 lr2.4 175732,t-SNE
Rtg1 @ 2% glucose (mock/steady),5,train,Rtg1,2% glucose (mock/steady),30.0919189453125,-4.977508068084717,IY036 SupCon v1-jitter b2048 lr2.4 175732,t-SNE
Nrg1 @ 0.1% glucose,1,train,Nrg1,0.1% glucose,-23.27239227294922,8.150323867797852,IY036 SupCon v1-jitter b2048 lr2.4 175732,t-SNE
Nrg1 @ 0.01% glucose,0,train,Nrg1,0.01% glucose,-6.805592060089111,14.55500316619873,IY036 SupCon v1-jitter b2048 lr2.4 175732,t-SNE
Rtg1 @ 0.1% glucose,4,train,Rtg1,0.1% glucose,10.772233963012695,-13.653929710388184,IY036 SupCon v1-jitter b2048 lr2.4 175732,t-SNE
Rtg1 @ 0.01% glucose,3,train,Rtg1,0.01% glucose,31.633651733398438,-1.2609367370605469,IY036 SupCon v1-jitter b2048 lr2.4 175732,t-SNE
Nrg1 @ 2% glucose (mock/steady),2,train,Nrg1,2% glucose (mock/steady),-23.462186813354492,4.680476188659668,IY036 SupCon v1-jitter b2048 lr2.4 175732,t-SNE
Rtg1 @ 0.1% glucose,4,train,Rtg1,0.1% glucose,15.715051651000977,-13.1840238571167,IY036 SupCon v1-jitter b2048 lr2.4 175732,t-SNE
Rtg1 @ 0.01% glucose,3,train,Rtg1,0.01% glucose,37.37540054321289,3.1114540100097656,IY036 SupCon v1-jitter b2048 lr2.4 175732,t-SNE
Rtg1 @ 0.01% glucose,3,train,Rtg1,0.01% glucose,33.880577087402344,-2.5788064002990723,IY036 SupCon v1-jitter b2048 lr2.4 175732,t-SNE
Rtg1 @ 2% glucose (mock/steady),5,train,Rtg1,2% glucose (mock/steady),17.239334106445312,-12.251832008361816,IY036 SupCon v1-jitter b2048 lr2.4 175732,t-SNE
Rtg1 @ 2% glucose (mock/steady),5,train,Rtg1,2% glucose (mock/steady),24.60470199584961,-2.401841402053833,IY036 SupCon v1-jitter b2048 lr2.4 175732,t-SNE
Nrg1 @ 2% glucose (mock/steady),2,train,Nrg1,2% glucose (mock/steady),-20.982131958007812,1.2596503496170044,IY036 SupCon v1-jitter b2048 lr2.4 175732,t-SNE
Nrg1 @ 0.1% glucose,1,train,Nrg1,0.1% glucose,-32.97219467163086,3.697474956512451,IY036 SupCon v1-jitter b2048 lr2.4 175732,t-SNE
Rtg1 @ 0.1% glucose,4,train,Rtg1,0.1% glucose,26.907323837280273,-5.0565996170043945,IY036 SupCon v1-jitter b2048 lr2.4 175732,t-SNE
Nrg1 @ 2% glucose (mock/steady),2,train,Nrg1,2% glucose (mock/steady),-21.735820770263672,4.161077976226807,IY036 SupCon v1-jitter b2048 lr2.4 175732,t-SNE
Nrg1 @ 0.01% glucose,0,train,Nrg1,0.01% glucose,-7.549707412719727,15.771255493164062,IY036 SupCon v1-jitter b2048 lr2.4 175732,t-SNE
Nrg1 @ 2% glucose (mock/steady),2,train,Nrg1,2% glucose (mock/steady),-25.122310638427734,5.461732387542725,IY036 SupCon v1-jitter b2048 lr2.4 175732,t-SNE
Nrg1 @ 0.1% glucose,1,train,Nrg1,0.1% glucose,-35.59558868408203,3.6973876953125,IY036 SupCon v1-jitter b2048 lr2.4 175732,t-SNE
Rtg1 @ 2% glucose (mock/steady),5,train,Rtg1,2% glucose (mock/steady),24.448820114135742,-6.815212249755859,IY036 SupCon v1-jitter b2048 lr2.4 175732,t-SNE
Nrg1 @ 0.01% glucose,0,train,Nrg1,0.01% glucose,-13.314154624938965,5.269525527954102,IY036 SupCon v1-jitter b2048 lr2.4 175732,t-SNE
Rtg1 @ 0.1% glucose,4,train,Rtg1,0.1% glucose,16.724563598632812,-13.535707473754883,IY036 SupCon v1-jitter b2048 lr2.4 175732,t-SNE
Rtg1 @ 0.1% glucose,4,train,Rtg1,0.1% glucose,14.870146751403809,-15.26638126373291,IY036 SupCon v1-jitter b2048 lr2.4 175732,t-SNE
Nrg1 @ 0.01% glucose,0,train,Nrg1,0.01% glucose,-22.225807189941406,-0.359343022108078,IY036 SupCon v1-jitter b2048 lr2.4 175732,t-SNE
Nrg1 @ 0.01% glucose,0,train,Nrg1,0.01% glucose,-7.378166675567627,13.821542739868164,IY036 SupCon v1-jitter b2048 lr2.4 175732,t-SNE
Rtg1 @ 0.1% glucose,4,train,Rtg1,0.1% glucose,20.713197708129883,-5.717764377593994,IY036 SupCon v1-jitter b2048 lr2.4 175732,t-SNE
Nrg1 @ 0.1% glucose,1,train,Nrg1,0.1% glucose,-29.67398452758789,-2.6413848400115967,IY036 SupCon v1-jitter b2048 lr2.4 175732,t-SNE
Nrg1 @ 2% glucose (mock/steady),2,train,Nrg1,2% glucose (mock/steady),-16.177324295043945,10.732789039611816,IY036 SupCon v1-jitter b2048 lr2.4 175732,t-SNE
Nrg1 @ 0.01% glucose,0,train,Nrg1,0.01% glucose,-15.399493217468262,5.888844966888428,IY036 SupCon v1-jitter b2048 lr2.4 175732,t-SNE
Rtg1 @ 2% glucose (mock/steady),5,train,Rtg1,2% glucose (mock/steady),28.272464752197266,3.029803514480591,IY036 SupCon v1-jitter b2048 lr2.4 175732,t-SNE
Rtg1 @ 0.01% glucose,3,train,Rtg1,0.01% glucose,34.39031982421875,3.355422019958496,IY036 SupCon v1-jitter b2048 lr2.4 175732,t-SNE
Rtg1 @ 0.1% glucose,4,train,Rtg1,0.1% glucose,15.844280242919922,-8.976008415222168,IY036 SupCon v1-jitter b2048 lr2.4 175732,t-SNE
Nrg1 @ 0.1% glucose,1,train,Nrg1,0.1% glucose,-19.011276245117188,13.296208381652832,IY036 SupCon v1-jitter b2048 lr2.4 175732,t-SNE
Rtg1 @ 0.01% glucose,3,train,Rtg1,0.01% glucose,40.417545318603516,4.393111228942871,IY036 SupCon v1-jitter b2048 lr2.4 175732,t-SNE
Rtg1 @ 2% glucose (mock/steady),5,train,Rtg1,2% glucose (mock/steady),32.73868942260742,-0.9851218461990356,IY036 SupCon v1-jitter b2048 lr2.4 175732,t-SNE
Rtg1 @ 0.1% glucose,4,train,Rtg1,0.1% glucose,8.172440528869629,-9.560466766357422,IY036 SupCon v1-jitter b2048 lr2.4 175732,t-SNE
Nrg1 @ 0.01% glucose,0,train,Nrg1,0.01% glucose,-12.21218490600586,12.71078872680664,IY036 SupCon v1-jitter b2048 lr2.4 175732,t-SNE
Nrg1 @ 2% glucose (mock/steady),2,train,Nrg1,2% glucose (mock/steady),-22.083433151245117,0.9184536337852478,IY036 SupCon v1-jitter b2048 lr2.4 175732,t-SNE
Rtg1 @ 0.1% glucose,4,train,Rtg1,0.1% glucose,22.2757511138916,-5.896117687225342,IY036 SupCon v1-jitter b2048 lr2.4 175732,t-SNE
Nrg1 @ 0.1% glucose,1,train,Nrg1,0.1% glucose,-35.78971481323242,-0.7161469459533691,IY036 SupCon v1-jitter b2048 lr2.4 175732,t-SNE
Nrg1 @ 0.01% glucose,0,train,Nrg1,0.01% glucose,-7.040505886077881,15.131091117858887,IY036 SupCon v1-jitter b2048 lr2.4 175732,t-SNE
Rtg1 @ 0.1% glucose,4,train,Rtg1,0.1% glucose,18.771392822265625,-16.513809204101562,IY036 SupCon v1-jitter b2048 lr2.4 175732,t-SNE
Rtg1 @ 0.1% glucose,4,train,Rtg1,0.1% glucose,17.209823608398438,-14.768877983093262,IY036 SupCon v1-jitter b2048 lr2.4 175732,t-SNE
Rtg1 @ 0.1% glucose,4,train,Rtg1,0.1% glucose,18.1992244720459,-11.180501937866211,IY036 SupCon v1-jitter b2048 lr2.4 175732,t-SNE
Rtg1 @ 0.1% glucose,4,train,Rtg1,0.1% glucose,18.865293502807617,-16.220430374145508,IY036 SupCon v1-jitter b2048 lr2.4 175732,t-SNE
Nrg1 @ 0.01% glucose,0,train,Nrg1,0.01% glucose,-10.862801551818848,12.632787704467773,IY036 SupCon v1-jitter b2048 lr2.4 175732,t-SNE
Nrg1 @ 2% glucose (mock/steady),2,train,Nrg1,2% glucose (mock/steady),-25.232357025146484,7.395364284515381,IY036 SupCon v1-jitter b2048 lr2.4 175732,t-SNE
Rtg1 @ 2% glucose (mock/steady),5,train,Rtg1,2% glucose (mock/steady),19.479219436645508,-3.9968104362487793,IY036 SupCon v1-jitter b2048 lr2.4 175732,t-SNE
Nrg1 @ 0.01% glucose,0,train,Nrg1,0.01% glucose,-10.327488899230957,11.432791709899902,IY036 SupCon v1-jitter b2048 lr2.4 175732,t-SNE
Rtg1 @ 0.01% glucose,3,train,Rtg1,0.01% glucose,34.38199996948242,-1.697890043258667,IY036 SupCon v1-jitter b2048 lr2.4 175732,t-SNE
Rtg1 @ 0.01% glucose,3,train,Rtg1,0.01% glucose,37.70232009887695,3.751180648803711,IY036 SupCon v1-jitter b2048 lr2.4 175732,t-SNE
Nrg1 @ 2% glucose (mock/steady),2,train,Nrg1,2% glucose (mock/steady),-20.946496963500977,0.8019835948944092,IY036 SupCon v1-jitter b2048 lr2.4 175732,t-SNE
Rtg1 @ 2% glucose (mock/steady),5,train,Rtg1,2% glucose (mock/steady),25.635435104370117,-2.026003837585449,IY036 SupCon v1-jitter b2048 lr2.4 175732,t-SNE
Rtg1 @ 2% glucose (mock/steady),5,train,Rtg1,2% glucose (mock/steady),28.312719345092773,-2.7343549728393555,IY036 SupCon v1-jitter b2048 lr2.4 175732,t-SNE
Nrg1 @ 0.01% glucose,0,train,Nrg1,0.01% glucose,-13.072893142700195,11.510092735290527,IY036 SupCon v1-jitter b2048 lr2.4 175732,t-SNE
Nrg1 @ 0.1% glucose,1,train,Nrg1,0.1% glucose,-33.330352783203125,-3.77414870262146,IY036 SupCon v1-jitter b2048 lr2.4 175732,t-SNE
Nrg1 @ 2% glucose (mock/steady),2,train,Nrg1,2% glucose (mock/steady),-30.46719741821289,4.51680850982666,IY036 SupCon v1-jitter b2048 lr2.4 175732,t-SNE
Rtg1 @ 0.01% glucose,3,train,Rtg1,0.01% glucose,36.315032958984375,2.5884201526641846,IY036 SupCon v1-jitter b2048 lr2.4 175732,t-SNE
Rtg1 @ 0.01% glucose,3,train,Rtg1,0.01% glucose,35.04945373535156,3.365840196609497,IY036 SupCon v1-jitter b2048 lr2.4 175732,t-SNE
Nrg1 @ 2% glucose (mock/steady),2,train,Nrg1,2% glucose (mock/steady),-30.44986915588379,6.249171257019043,IY036 SupCon v1-jitter b2048 lr2.4 175732,t-SNE
Rtg1 @ 0.01% glucose,3,train,Rtg1,0.01% glucose,33.557674407958984,-3.659114360809326,IY036 SupCon v1-jitter b2048 lr2.4 175732,t-SNE
Rtg1 @ 0.1% glucose,4,train,Rtg1,0.1% glucose,12.018718719482422,-13.037056922912598,IY036 SupCon v1-jitter b2048 lr2.4 175732,t-SNE
Rtg1 @ 0.01% glucose,3,train,Rtg1,0.01% glucose,35.76706314086914,-0.10792373865842819,IY036 SupCon v1-jitter b2048 lr2.4 175732,t-SNE
Nrg1 @ 0.1% glucose,1,train,Nrg1,0.1% glucose,-34.85474395751953,-3.310030460357666,IY036 SupCon v1-jitter b2048 lr2.4 175732,t-SNE
Nrg1 @ 0.1% glucose,1,train,Nrg1,0.1% glucose,-24.291257858276367,12.125812530517578,IY036 SupCon v1-jitter b2048 lr2.4 175732,t-SNE
Rtg1 @ 0.01% glucose,3,train,Rtg1,0.01% glucose,34.41547393798828,0.9465439319610596,IY036 SupCon v1-jitter b2048 lr2.4 175732,t-SNE
Nrg1 @ 0.1% glucose,1,train,Nrg1,0.1% glucose,-35.25241470336914,-1.1266027688980103,IY036 SupCon v1-jitter b2048 lr2.4 175732,t-SNE
Nrg1 @ 0.1% glucose,1,train,Nrg1,0.1% glucose,-37.18323516845703,0.2997902035713196,IY036 SupCon v1-jitter b2048 lr2.4 175732,t-SNE
Rtg1 @ 2% glucose (mock/steady),5,train,Rtg1,2% glucose (mock/steady),20.436634063720703,-3.2096362113952637,IY036 SupCon v1-jitter b2048 lr2.4 175732,t-SNE
Nrg1 @ 0.1% glucose,1,train,Nrg1,0.1% glucose,-28.552934646606445,0.14833268523216248,IY036 SupCon v1-jitter b2048 lr2.4 175732,t-SNE
Rtg1 @ 0.1% glucose,4,train,Rtg1,0.1% glucose,18.466217041015625,-16.020185470581055,IY036 SupCon v1-jitter b2048 lr2.4 175732,t-SNE
Nrg1 @ 0.1% glucose,1,train,Nrg1,0.1% glucose,-28.13154411315918,6.469571113586426,IY036 SupCon v1-jitter b2048 lr2.4 175732,t-SNE
Rtg1 @ 0.01% glucose,3,train,Rtg1,0.01% glucose,36.872169494628906,0.6492139101028442,IY036 SupCon v1-jitter b2048 lr2.4 175732,t-SNE
Nrg1 @ 0.01% glucose,0,train,Nrg1,0.01% glucose,-13.386954307556152,13.757328033447266,IY036 SupCon v1-jitter b2048 lr2.4 175732,t-SNE
Rtg1 @ 0.01% glucose,3,train,Rtg1,0.01% glucose,31.645009994506836,1.4278346300125122,IY036 SupCon v1-jitter b2048 lr2.4 175732,t-SNE
Rtg1 @ 0.1% glucose,4,train,Rtg1,0.1% glucose,14.195627212524414,-13.642017364501953,IY036 SupCon v1-jitter b2048 lr2.4 175732,t-SNE
Rtg1 @ 0.1% glucose,4,train,Rtg1,0.1% glucose,16.141748428344727,-16.17448616027832,IY036 SupCon v1-jitter b2048 lr2.4 175732,t-SNE
Nrg1 @ 0.1% glucose,1,train,Nrg1,0.1% glucose,-32.514549255371094,0.27955058217048645,IY036 SupCon v1-jitter b2048 lr2.4 175732,t-SNE
Nrg1 @ 0.01% glucose,0,train,Nrg1,0.01% glucose,-8.87466049194336,11.09202766418457,IY036 SupCon v1-jitter b2048 lr2.4 175732,t-SNE
Rtg1 @ 0.1% glucose,4,train,Rtg1,0.1% glucose,16.860107421875,-4.653984546661377,IY036 SupCon v1-jitter b2048 lr2.4 175732,t-SNE
Nrg1 @ 0.01% glucose,0,train,Nrg1,0.01% glucose,-12.588844299316406,9.521097183227539,IY036 SupCon v1-jitter b2048 lr2.4 175732,t-SNE
Nrg1 @ 0.01% glucose,0,train,Nrg1,0.01% glucose,-8.78571891784668,8.4906005859375,IY036 SupCon v1-jitter b2048 lr2.4 175732,t-SNE
Rtg1 @ 2% glucose (mock/steady),5,train,Rtg1,2% glucose (mock/steady),22.208093643188477,-2.92211651802063,IY036 SupCon v1-jitter b2048 lr2.4 175732,t-SNE
Nrg1 @ 2% glucose (mock/steady),2,train,Nrg1,2% glucose (mock/steady),-20.346477508544922,8.452966690063477,IY036 SupCon v1-jitter b2048 lr2.4 175732,t-SNE
Nrg1 @ 0.1% glucose,1,train,Nrg1,0.1% glucose,-34.00056457519531,3.721261739730835,IY036 SupCon v1-jitter b2048 lr2.4 175732,t-SNE
Rtg1 @ 2% glucose (mock/steady),5,train,Rtg1,2% glucose (mock/steady),23.346271514892578,-7.453765869140625,IY036 SupCon v1-jitter b2048 lr2.4 175732,t-SNE
Rtg1 @ 0.1% glucose,4,train,Rtg1,0.1% glucose,10.515238761901855,-10.366518020629883,IY036 SupCon v1-jitter b2048 lr2.4 175732,t-SNE
Nrg1 @ 0.1% glucose,1,train,Nrg1,0.1% glucose,-31.717512130737305,-2.5707895755767822,IY036 SupCon v1-jitter b2048 lr2.4 175732,t-SNE
Nrg1 @ 2% glucose (mock/steady),2,train,Nrg1,2% glucose (mock/steady),-22.878711700439453,6.636460781097412,IY036 SupCon v1-jitter b2048 lr2.4 175732,t-SNE
Nrg1 @ 0.01% glucose,0,train,Nrg1,0.01% glucose,-13.103768348693848,8.586095809936523,IY036 SupCon v1-jitter b2048 lr2.4 175732,t-SNE
Nrg1 @ 2% glucose (mock/steady),2,train,Nrg1,2% glucose (mock/steady),-23.053890228271484,11.48511028289795,IY036 SupCon v1-jitter b2048 lr2.4 175732,t-SNE
Nrg1 @ 2% glucose (mock/steady),2,train,Nrg1,2% glucose (mock/steady),-25.756378173828125,6.37997579574585,IY036 SupCon v1-jitter b2048 lr2.4 175732,t-SNE
Nrg1 @ 2% glucose (mock/steady),2,train,Nrg1,2% glucose (mock/steady),-19.823984146118164,10.574363708496094,IY036 SupCon v1-jitter b2048 lr2.4 175732,t-SNE
Rtg1 @ 2% glucose (mock/steady),5,train,Rtg1,2% glucose (mock/steady),14.389760971069336,-17.906503677368164,IY036 SupCon v1-jitter b2048 lr2.4 175732,t-SNE
Nrg1 @ 2% glucose (mock/steady),2,train,Nrg1,2% glucose (mock/steady),-24.199237823486328,7.171371936798096,IY036 SupCon v1-jitter b2048 lr2.4 175732,t-SNE
Rtg1 @ 0.1% glucose,4,train,Rtg1,0.1% glucose,15.374800682067871,-13.030191421508789,IY036 SupCon v1-jitter b2048 lr2.4 175732,t-SNE
Rtg1 @ 0.01% glucose,3,train,Rtg1,0.01% glucose,40.336246490478516,2.657357931137085,IY036 SupCon v1-jitter b2048 lr2.4 175732,t-SNE
Rtg1 @ 2% glucose (mock/steady),5,train,Rtg1,2% glucose (mock/steady),27.89727210998535,-5.3541693687438965,IY036 SupCon v1-jitter b2048 lr2.4 175732,t-SNE
Rtg1 @ 0.1% glucose,4,train,Rtg1,0.1% glucose,26.423812866210938,-3.226247787475586,IY036 SupCon v1-jitter b2048 lr2.4 175732,t-SNE
Nrg1 @ 0.01% glucose,0,train,Nrg1,0.01% glucose,-11.32698917388916,12.984089851379395,IY036 SupCon v1-jitter b2048 lr2.4 175732,t-SNE
Nrg1 @ 0.01% glucose,0,train,Nrg1,0.01% glucose,-10.672005653381348,13.113282203674316,IY036 SupCon v1-jitter b2048 lr2.4 175732,t-SNE
Rtg1 @ 2% glucose (mock/steady),5,train,Rtg1,2% glucose (mock/steady),7.985898494720459,-9.717409133911133,IY036 SupCon v1-jitter b2048 lr2.4 175732,t-SNE
Rtg1 @ 0.1% glucose,4,train,Rtg1,0.1% glucose,8.548049926757812,-10.25351333618164,IY036 SupCon v1-jitter b2048 lr2.4 175732,t-SNE
Nrg1 @ 0.1% glucose,1,train,Nrg1,0.1% glucose,-32.1535530090332,-2.646975517272949,IY036 SupCon v1-jitter b2048 lr2.4 175732,t-SNE
Nrg1 @ 2% glucose (mock/steady),2,train,Nrg1,2% glucose (mock/steady),-26.211877822875977,3.2171027660369873,IY036 SupCon v1-jitter b2048 lr2.4 175732,t-SNE
Rtg1 @ 2% glucose (mock/steady),5,train,Rtg1,2% glucose (mock/steady),25.698963165283203,-2.8397631645202637,IY036 SupCon v1-jitter b2048 lr2.4 175732,t-SNE
Rtg1 @ 0.01% glucose,3,train,Rtg1,0.01% glucose,36.575260162353516,-1.7358102798461914,IY036 SupCon v1-jitter b2048 lr2.4 175732,t-SNE
Nrg1 @ 2% glucose (mock/steady),2,train,Nrg1,2% glucose (mock/steady),-24.62264060974121,6.482269287109375,IY036 SupCon v1-jitter b2048 lr2.4 175732,t-SNE
Rtg1 @ 0.1% glucose,4,train,Rtg1,0.1% glucose,16.501506805419922,-15.353067398071289,IY036 SupCon v1-jitter b2048 lr2.4 175732,t-SNE
Rtg1 @ 2% glucose (mock/steady),5,train,Rtg1,2% glucose (mock/steady),24.064565658569336,-8.27821159362793,IY036 SupCon v1-jitter b2048 lr2.4 175732,t-SNE
Rtg1 @ 2% glucose (mock/steady),5,train,Rtg1,2% glucose (mock/steady),20.147703170776367,-7.443611145019531,IY036 SupCon v1-jitter b2048 lr2.4 175732,t-SNE
Rtg1 @ 0.01% glucose,3,train,Rtg1,0.01% glucose,35.918182373046875,-0.9735032320022583,IY036 SupCon v1-jitter b2048 lr2.4 175732,t-SNE
Nrg1 @ 0.01% glucose,0,train,Nrg1,0.01% glucose,-7.454651832580566,9.146223068237305,IY036 SupCon v1-jitter b2048 lr2.4 175732,t-SNE
Rtg1 @ 0.01% glucose,3,train,Rtg1,0.01% glucose,38.54795837402344,1.2690144777297974,IY036 SupCon v1-jitter b2048 lr2.4 175732,t-SNE
Nrg1 @ 0.01% glucose,0,train,Nrg1,0.01% glucose,-8.231342315673828,16.145709991455078,IY036 SupCon v1-jitter b2048 lr2.4 175732,t-SNE
Rtg1 @ 2% glucose (mock/steady),5,train,Rtg1,2% glucose (mock/steady),36.73453140258789,-0.2706369459629059,IY036 SupCon v1-jitter b2048 lr2.4 175732,t-SNE
Rtg1 @ 0.01% glucose,3,train,Rtg1,0.01% glucose,40.28089141845703,4.89640998840332,IY036 SupCon v1-jitter b2048 lr2.4 175732,t-SNE
Rtg1 @ 0.1% glucose,4,train,Rtg1,0.1% glucose,9.582660675048828,-13.337480545043945,IY036 SupCon v1-jitter b2048 lr2.4 175732,t-SNE
Rtg1 @ 0.1% glucose,4,train,Rtg1,0.1% glucose,13.066122055053711,-15.679100036621094,IY036 SupCon v1-jitter b2048 lr2.4 175732,t-SNE
Nrg1 @ 0.1% glucose,1,train,Nrg1,0.1% glucose,-32.5208854675293,4.858281135559082,IY036 SupCon v1-jitter b2048 lr2.4 175732,t-SNE
Nrg1 @ 0.01% glucose,0,train,Nrg1,0.01% glucose,-12.591317176818848,14.2750883102417,IY036 SupCon v1-jitter b2048 lr2.4 175732,t-SNE
Rtg1 @ 2% glucose (mock/steady),5,train,Rtg1,2% glucose (mock/steady),17.10286521911621,-16.187557220458984,IY036 SupCon v1-jitter b2048 lr2.4 175732,t-SNE
Rtg1 @ 0.01% glucose,3,train,Rtg1,0.01% glucose,38.26715087890625,2.189896583557129,IY036 SupCon v1-jitter b2048 lr2.4 175732,t-SNE
Rtg1 @ 0.01% glucose,3,train,Rtg1,0.01% glucose,39.33683776855469,2.0293827056884766,IY036 SupCon v1-jitter b2048 lr2.4 175732,t-SNE
Rtg1 @ 0.01% glucose,3,train,Rtg1,0.01% glucose,31.595884323120117,-4.185554027557373,IY036 SupCon v1-jitter b2048 lr2.4 175732,t-SNE
Nrg1 @ 0.1% glucose,1,train,Nrg1,0.1% glucose,-35.39357376098633,2.2172627449035645,IY036 SupCon v1-jitter b2048 lr2.4 175732,t-SNE
Nrg1 @ 2% glucose (mock/steady),2,test,Nrg1,2% glucose (mock/steady),-28.757932662963867,-2.4353864192962646,IY036 SupCon v1-jitter b2048 lr2.4 175732,t-SNE
Rtg1 @ 0.1% glucose,4,test,Rtg1,0.1% glucose,11.4583158493042,-9.590838432312012,IY036 SupCon v1-jitter b2048 lr2.4 175732,t-SNE
Rtg1 @ 0.1% glucose,4,test,Rtg1,0.1% glucose,15.077999114990234,-16.610868453979492,IY036 SupCon v1-jitter b2048 lr2.4 175732,t-SNE
Nrg1 @ 0.1% glucose,1,test,Nrg1,0.1% glucose,-36.51905822753906,1.4324814081192017,IY036 SupCon v1-jitter b2048 lr2.4 175732,t-SNE
Nrg1 @ 0.1% glucose,1,test,Nrg1,0.1% glucose,-37.589019775390625,1.6311269998550415,IY036 SupCon v1-jitter b2048 lr2.4 175732,t-SNE
Rtg1 @ 0.01% glucose,3,test,Rtg1,0.01% glucose,30.883329391479492,2.9968488216400146,IY036 SupCon v1-jitter b2048 lr2.4 175732,t-SNE
Rtg1 @ 2% glucose (mock/steady),5,test,Rtg1,2% glucose (mock/steady),18.705554962158203,-8.207808494567871,IY036 SupCon v1-jitter b2048 lr2.4 175732,t-SNE
Nrg1 @ 0.1% glucose,1,test,Nrg1,0.1% glucose,-36.29360580444336,-1.816039800643921,IY036 SupCon v1-jitter b2048 lr2.4 175732,t-SNE
Rtg1 @ 0.01% glucose,3,test,Rtg1,0.01% glucose,34.60658645629883,-2.1319401264190674,IY036 SupCon v1-jitter b2048 lr2.4 175732,t-SNE
Rtg1 @ 2% glucose (mock/steady),5,test,Rtg1,2% glucose (mock/steady),23.701862335205078,-8.90931224822998,IY036 SupCon v1-jitter b2048 lr2.4 175732,t-SNE
Nrg1 @ 0.01% glucose,0,test,Nrg1,0.01% glucose,-8.368843078613281,8.371373176574707,IY036 SupCon v1-jitter b2048 lr2.4 175732,t-SNE
Nrg1 @ 0.1% glucose,1,test,Nrg1,0.1% glucose,-32.9268913269043,-0.7028159499168396,IY036 SupCon v1-jitter b2048 lr2.4 175732,t-SNE
Nrg1 @ 0.1% glucose,1,test,Nrg1,0.1% glucose,-37.9430046081543,4.146463394165039,IY036 SupCon v1-jitter b2048 lr2.4 175732,t-SNE
Rtg1 @ 2% glucose (mock/steady),5,test,Rtg1,2% glucose (mock/steady),22.720422744750977,-8.142524719238281,IY036 SupCon v1-jitter b2048 lr2.4 175732,t-SNE
Nrg1 @ 0.01% glucose,0,test,Nrg1,0.01% glucose,-8.819629669189453,11.976373672485352,IY036 SupCon v1-jitter b2048 lr2.4 175732,t-SNE
Rtg1 @ 2% glucose (mock/steady),5,test,Rtg1,2% glucose (mock/steady),22.212793350219727,-9.549126625061035,IY036 SupCon v1-jitter b2048 lr2.4 175732,t-SNE
Nrg1 @ 2% glucose (mock/steady),2,test,Nrg1,2% glucose (mock/steady),-29.898996353149414,-2.2320141792297363,IY036 SupCon v1-jitter b2048 lr2.4 175732,t-SNE
Nrg1 @ 2% glucose (mock/steady),2,test,Nrg1,2% glucose (mock/steady),-26.25336456298828,5.345150470733643,IY036 SupCon v1-jitter b2048 lr2.4 175732,t-SNE
Rtg1 @ 2% glucose (mock/steady),5,test,Rtg1,2% glucose (mock/steady),15.928900718688965,-17.090208053588867,IY036 SupCon v1-jitter b2048 lr2.4 175732,t-SNE
Rtg1 @ 0.1% glucose,4,test,Rtg1,0.1% glucose,14.332639694213867,-15.243569374084473,IY036 SupCon v1-jitter b2048 lr2.4 175732,t-SNE
Rtg1 @ 0.01% glucose,3,test,Rtg1,0.01% glucose,34.93608093261719,-3.0230813026428223,IY036 SupCon v1-jitter b2048 lr2.4 175732,t-SNE
Rtg1 @ 0.1% glucose,4,test,Rtg1,0.1% glucose,20.155324935913086,-13.951461791992188,IY036 SupCon v1-jitter b2048 lr2.4 175732,t-SNE
Nrg1 @ 2% glucose (mock/steady),2,test,Nrg1,2% glucose (mock/steady),-21.336774826049805,3.2850067615509033,IY036 SupCon v1-jitter b2048 lr2.4 175732,t-SNE
Rtg1 @ 0.1% glucose,4,test,Rtg1,0.1% glucose,17.005901336669922,-12.639022827148438,IY036 SupCon v1-jitter b2048 lr2.4 175732,t-SNE
Nrg1 @ 2% glucose (mock/steady),2,test,Nrg1,2% glucose (mock/steady),-23.645620346069336,10.542469024658203,IY036 SupCon v1-jitter b2048 lr2.4 175732,t-SNE
Rtg1 @ 0.01% glucose,3,test,Rtg1,0.01% glucose,27.05640411376953,-2.090902805328369,IY036 SupCon v1-jitter b2048 lr2.4 175732,t-SNE
Rtg1 @ 2% glucose (mock/steady),5,test,Rtg1,2% glucose (mock/steady),25.316261291503906,-5.041693210601807,IY036 SupCon v1-jitter b2048 lr2.4 175732,t-SNE
Rtg1 @ 2% glucose (mock/steady),5,test,Rtg1,2% glucose (mock/steady),24.238513946533203,-4.529423713684082,IY036 SupCon v1-jitter b2048 lr2.4 175732,t-SNE
Rtg1 @ 0.1% glucose,4,test,Rtg1,0.1% glucose,15.622096061706543,-18.47841453552246,IY036 SupCon v1-jitter b2048 lr2.4 175732,t-SNE
Rtg1 @ 0.01% glucose,3,test,Rtg1,0.01% glucose,22.983779907226562,-4.688889026641846,IY036 SupCon v1-jitter b2048 lr2.4 175732,t-SNE
Nrg1 @ 0.01% glucose,0,test,Nrg1,0.01% glucose,-6.236973285675049,11.58559513092041,IY036 SupCon v1-jitter b2048 lr2.4 175732,t-SNE
Rtg1 @ 2% glucose (mock/steady),5,test,Rtg1,2% glucose (mock/steady),15.14998722076416,-7.256892681121826,IY036 SupCon v1-jitter b2048 lr2.4 175732,t-SNE
Rtg1 @ 0.01% glucose,3,test,Rtg1,0.01% glucose,30.67418098449707,-6.213810443878174,IY036 SupCon v1-jitter b2048 lr2.4 175732,t-SNE
Nrg1 @ 0.01% glucose,0,test,Nrg1,0.01% glucose,-9.366348266601562,13.871241569519043,IY036 SupCon v1-jitter b2048 lr2.4 175732,t-SNE
Nrg1 @ 2% glucose (mock/steady),2,test,Nrg1,2% glucose (mock/steady),-17.045225143432617,6.811633110046387,IY036 SupCon v1-jitter b2048 lr2.4 175732,t-SNE
Nrg1 @ 0.1% glucose,1,test,Nrg1,0.1% glucose,-33.277767181396484,1.358298420906067,IY036 SupCon v1-jitter b2048 lr2.4 175732,t-SNE
Nrg1 @ 0.01% glucose,0,test,Nrg1,0.01% glucose,-11.253348350524902,10.198165893554688,IY036 SupCon v1-jitter b2048 lr2.4 175732,t-SNE
Rtg1 @ 0.01% glucose,3,test,Rtg1,0.01% glucose,35.812313079833984,2.4225664138793945,IY036 SupCon v1-jitter b2048 lr2.4 175732,t-SNE
Rtg1 @ 0.1% glucose,4,test,Rtg1,0.1% glucose,12.64340877532959,-8.335369110107422,IY036 SupCon v1-jitter b2048 lr2.4 175732,t-SNE
Rtg1 @ 0.1% glucose,4,test,Rtg1,0.1% glucose,18.87783432006836,-14.225469589233398,IY036 SupCon v1-jitter b2048 lr2.4 175732,t-SNE
Rtg1 @ 2% glucose (mock/steady),5,test,Rtg1,2% glucose (mock/steady),11.071552276611328,-7.981246471405029,IY036 SupCon v1-jitter b2048 lr2.4 175732,t-SNE
Nrg1 @ 2% glucose (mock/steady),2,test,Nrg1,2% glucose (mock/steady),-19.926851272583008,0.7831164002418518,IY036 SupCon v1-jitter b2048 lr2.4 175732,t-SNE
Nrg1 @ 0.1% glucose,1,test,Nrg1,0.1% glucose,-34.020355224609375,4.285797119140625,IY036 SupCon v1-jitter b2048 lr2.4 175732,t-SNE
Nrg1 @ 2% glucose (mock/steady),2,test,Nrg1,2% glucose (mock/steady),-32.16404724121094,5.889279365539551,IY036 SupCon v1-jitter b2048 lr2.4 175732,t-SNE
Nrg1 @ 0.01% glucose,0,test,Nrg1,0.01% glucose,-8.379914283752441,15.902098655700684,IY036 SupCon v1-jitter b2048 lr2.4 175732,t-SNE
Rtg1 @ 0.1% glucose,4,test,Rtg1,0.1% glucose,18.308061599731445,-12.998870849609375,IY036 SupCon v1-jitter b2048 lr2.4 175732,t-SNE
Nrg1 @ 2% glucose (mock/steady),2,test,Nrg1,2% glucose (mock/steady),-23.937381744384766,5.8564229011535645,IY036 SupCon v1-jitter b2048 lr2.4 175732,t-SNE
Nrg1 @ 0.1% glucose,1,test,Nrg1,0.1% glucose,-36.76551055908203,-0.8580054640769958,IY036 SupCon v1-jitter b2048 lr2.4 175732,t-SNE
Nrg1 @ 0.01% glucose,0,test,Nrg1,0.01% glucose,-11.94126033782959,9.46255874633789,IY036 SupCon v1-jitter b2048 lr2.4 175732,t-SNE
Nrg1 @ 2% glucose (mock/steady),2,test,Nrg1,2% glucose (mock/steady),-21.613147735595703,11.117802619934082,IY036 SupCon v1-jitter b2048 lr2.4 175732,t-SNE
Nrg1 @ 2% glucose (mock/steady),2,test,Nrg1,2% glucose (mock/steady),-22.4721622467041,3.8908708095550537,IY036 SupCon v1-jitter b2048 lr2.4 175732,t-SNE
Nrg1 @ 0.1% glucose,1,test,Nrg1,0.1% glucose,-36.096012115478516,2.0501508712768555,IY036 SupCon v1-jitter b2048 lr2.4 175732,t-SNE
Rtg1 @ 2% glucose (mock/steady),5,test,Rtg1,2% glucose (mock/steady),19.374197006225586,-6.529120922088623,IY036 SupCon v1-jitter b2048 lr2.4 175732,t-SNE
Rtg1 @ 0.01% glucose,3,test,Rtg1,0.01% glucose,39.724979400634766,5.298172473907471,IY036 SupCon v1-jitter b2048 lr2.4 175732,t-SNE
Nrg1 @ 2% glucose (mock/steady),2,test,Nrg1,2% glucose (mock/steady),-35.74953842163086,-4.122931003570557,IY036 SupCon v1-jitter b2048 lr2.4 175732,t-SNE
Rtg1 @ 2% glucose (mock/steady),5,test,Rtg1,2% glucose (mock/steady),27.09258460998535,-3.897660255432129,IY036 SupCon v1-jitter b2048 lr2.4 175732,t-SNE
Nrg1 @ 0.1% glucose,1,test,Nrg1,0.1% glucose,-36.436763763427734,1.8953264951705933,IY036 SupCon v1-jitter b2048 lr2.4 175732,t-SNE
Rtg1 @ 2% glucose (mock/steady),5,test,Rtg1,2% glucose (mock/steady),28.391002655029297,-4.431785583496094,IY036 SupCon v1-jitter b2048 lr2.4 175732,t-SNE
Nrg1 @ 0.01% glucose,0,test,Nrg1,0.01% glucose,-10.446638107299805,5.74930477142334,IY036 SupCon v1-jitter b2048 lr2.4 175732,t-SNE
Nrg1 @ 0.01% glucose,0,test,Nrg1,0.01% glucose,-14.370739936828613,11.234756469726562,IY036 SupCon v1-jitter b2048 lr2.4 175732,t-SNE
Rtg1 @ 0.01% glucose,3,test,Rtg1,0.01% glucose,24.9344482421875,-6.400760173797607,IY036 SupCon v1-jitter b2048 lr2.4 175732,t-SNE
Rtg1 @ 0.1% glucose,4,test,Rtg1,0.1% glucose,14.471784591674805,-18.503145217895508,IY036 SupCon v1-jitter b2048 lr2.4 175732,t-SNE
Rtg1 @ 0.01% glucose,3,test,Rtg1,0.01% glucose,33.84508514404297,-2.1079840660095215,IY036 SupCon v1-jitter b2048 lr2.4 175732,t-SNE
Rtg1 @ 0.1% glucose,4,test,Rtg1,0.1% glucose,17.002458572387695,-9.232986450195312,IY036 SupCon v1-jitter b2048 lr2.4 175732,t-SNE
Rtg1 @ 0.1% glucose,4,test,Rtg1,0.1% glucose,12.729735374450684,-14.51540756225586,IY036 SupCon v1-jitter b2048 lr2.4 175732,t-SNE
Nrg1 @ 0.01% glucose,0,test,Nrg1,0.01% glucose,-13.49075984954834,8.61037826538086,IY036 SupCon v1-jitter b2048 lr2.4 175732,t-SNE
Nrg1 @ 0.1% glucose,1,test,Nrg1,0.1% glucose,-29.979101181030273,1.0968968868255615,IY036 SupCon v1-jitter b2048 lr2.4 175732,t-SNE
Nrg1 @ 0.01% glucose,0,test,Nrg1,0.01% glucose,-10.503517150878906,8.776575088500977,IY036 SupCon v1-jitter b2048 lr2.4 175732,t-SNE
Rtg1 @ 2% glucose (mock/steady),5,test,Rtg1,2% glucose (mock/steady),22.377399444580078,-6.359640121459961,IY036 SupCon v1-jitter b2048 lr2.4 175732,t-SNE
Rtg1 @ 2% glucose (mock/steady),5,test,Rtg1,2% glucose (mock/steady),25.86337661743164,-1.3057278394699097,IY036 SupCon v1-jitter b2048 lr2.4 175732,t-SNE
Rtg1 @ 0.01% glucose,3,test,Rtg1,0.01% glucose,29.146106719970703,1.4107571840286255,IY036 SupCon v1-jitter b2048 lr2.4 175732,t-SNE
Nrg1 @ 0.01% glucose,0,test,Nrg1,0.01% glucose,-8.763076782226562,12.885407447814941,IY036 SupCon v1-jitter b2048 lr2.4 175732,t-SNE
Rtg1 @ 2% glucose (mock/steady),5,test,Rtg1,2% glucose (mock/steady),16.456371307373047,-8.736346244812012,IY036 SupCon v1-jitter b2048 lr2.4 175732,t-SNE
Nrg1 @ 2% glucose (mock/steady),2,test,Nrg1,2% glucose (mock/steady),-25.812023162841797,4.17647647857666,IY036 SupCon v1-jitter b2048 lr2.4 175732,t-SNE
Rtg1 @ 2% glucose (mock/steady),5,test,Rtg1,2% glucose (mock/steady),24.24558448791504,-9.716623306274414,IY036 SupCon v1-jitter b2048 lr2.4 175732,t-SNE
Rtg1 @ 0.01% glucose,3,test,Rtg1,0.01% glucose,36.86924743652344,-1.3999042510986328,IY036 SupCon v1-jitter b2048 lr2.4 175732,t-SNE
Rtg1 @ 0.01% glucose,3,test,Rtg1,0.01% glucose,38.409515380859375,5.146508693695068,IY036 SupCon v1-jitter b2048 lr2.4 175732,t-SNE
Rtg1 @ 0.1% glucose,4,test,Rtg1,0.1% glucose,13.077588081359863,-11.522910118103027,IY036 SupCon v1-jitter b2048 lr2.4 175732,t-SNE
Rtg1 @ 0.01% glucose,3,test,Rtg1,0.01% glucose,40.89375686645508,4.017710208892822,IY036 SupCon v1-jitter b2048 lr2.4 175732,t-SNE
Rtg1 @ 0.01% glucose,3,test,Rtg1,0.01% glucose,35.09445571899414,-0.776015043258667,IY036 SupCon v1-jitter b2048 lr2.4 175732,t-SNE
Nrg1 @ 0.1% glucose,1,test,Nrg1,0.1% glucose,-25.280820846557617,0.6400357484817505,IY036 SupCon v1-jitter b2048 lr2.4 175732,t-SNE
Rtg1 @ 0.1% glucose,4,test,Rtg1,0.1% glucose,29.70793342590332,-3.8891077041625977,IY036 SupCon v1-jitter b2048 lr2.4 175732,t-SNE
Nrg1 @ 0.1% glucose,1,test,Nrg1,0.1% glucose,-33.8143310546875,1.799206256866455,IY036 SupCon v1-jitter b2048 lr2.4 175732,t-SNE
Nrg1 @ 2% glucose (mock/steady),2,test,Nrg1,2% glucose (mock/steady),-20.171865463256836,9.684402465820312,IY036 SupCon v1-jitter b2048 lr2.4 175732,t-SNE
Rtg1 @ 0.1% glucose,4,test,Rtg1,0.1% glucose,20.80310821533203,-15.303213119506836,IY036 SupCon v1-jitter b2048 lr2.4 175732,t-SNE
Rtg1 @ 0.01% glucose,3,test,Rtg1,0.01% glucose,32.60470199584961,-3.63228178024292,IY036 SupCon v1-jitter b2048 lr2.4 175732,t-SNE
Nrg1 @ 2% glucose (mock/steady),2,test,Nrg1,2% glucose (mock/steady),-22.661760330200195,5.3260498046875,IY036 SupCon v1-jitter b2048 lr2.4 175732,t-SNE
Nrg1 @ 2% glucose (mock/steady),2,test,Nrg1,2% glucose (mock/steady),-30.411222457885742,-2.2250211238861084,IY036 SupCon v1-jitter b2048 lr2.4 175732,t-SNE
Nrg1 @ 0.01% glucose,0,test,Nrg1,0.01% glucose,9.847336769104004,-8.68391227722168,IY036 SupCon v1-jitter b2048 lr2.4 175732,t-SNE
Nrg1 @ 0.01% glucose,0,test,Nrg1,0.01% glucose,-13.141929626464844,6.525462627410889,IY036 SupCon v1-jitter b2048 lr2.4 175732,t-SNE
Nrg1 @ 0.01% glucose,0,test,Nrg1,0.01% glucose,-11.766779899597168,11.584723472595215,IY036 SupCon v1-jitter b2048 lr2.4 175732,t-SNE
Rtg1 @ 0.1% glucose,4,test,Rtg1,0.1% glucose,13.957477569580078,-10.42032241821289,IY036 SupCon v1-jitter b2048 lr2.4 175732,t-SNE
Nrg1 @ 0.1% glucose,1,test,Nrg1,0.1% glucose,-28.458389282226562,5.7281975746154785,IY036 SupCon v1-jitter b2048 lr2.4 175732,t-SNE
Nrg1 @ 0.1% glucose,1,test,Nrg1,0.1% glucose,-33.394866943359375,-0.5892466902732849,IY036 SupCon v1-jitter b2048 lr2.4 175732,t-SNE
Rtg1 @ 0.1% glucose,4,train,Rtg1,0.1% glucose,-0.025472926694616285,0.01782918433196454,IY036 SupCon v1-jitter b2048 lr2.4 175732,PHATE
Nrg1 @ 0.1% glucose,1,train,Nrg1,0.1% glucose,0.054498616493409494,-0.026715885890129375,IY036 SupCon v1-jitter b2048 lr2.4 175732,PHATE
Nrg1 @ 0.01% glucose,0,train,Nrg1,0.01% glucose,0.03250471477144918,0.006237453590377199,IY036 SupCon v1-jitter b2048 lr2.4 175732,PHATE
Nrg1 @ 0.01% glucose,0,train,Nrg1,0.01% glucose,0.04004024401285926,0.009009760081347996,IY036 SupCon v1-jitter b2048 lr2.4 175732,PHATE
Nrg1 @ 0.1% glucose,1,train,Nrg1,0.1% glucose,0.04847201217175699,-0.005794603759843513,IY036 SupCon v1-jitter b2048 lr2.4 175732,PHATE
Rtg1 @ 2% glucose (mock/steady),5,train,Rtg1,2% glucose (mock/steady),-0.048192792690581195,-0.00017008558324435298,IY036 SupCon v1-jitter b2048 lr2.4 175732,PHATE
Nrg1 @ 0.01% glucose,0,train,Nrg1,0.01% glucose,0.03129441132634771,0.0031844923383865012,IY036 SupCon v1-jitter b2048 lr2.4 175732,PHATE
Rtg1 @ 0.01% glucose,3,train,Rtg1,0.01% glucose,-0.05593869031797886,-0.02038789677233149,IY036 SupCon v1-jitter b2048 lr2.4 175732,PHATE
Nrg1 @ 2% glucose (mock/steady),2,train,Nrg1,2% glucose (mock/steady),0.04621092069252284,-3.3476827512818607e-05,IY036 SupCon v1-jitter b2048 lr2.4 175732,PHATE
Nrg1 @ 2% glucose (mock/steady),2,train,Nrg1,2% glucose (mock/steady),0.037389152715077444,0.012159883602071011,IY036 SupCon v1-jitter b2048 lr2.4 175732,PHATE
Rtg1 @ 0.1% glucose,4,train,Rtg1,0.1% glucose,-0.026715589959706746,0.013778319036702295,IY036 SupCon v1-jitter b2048 lr2.4 175732,PHATE
Rtg1 @ 0.1% glucose,4,train,Rtg1,0.1% glucose,-0.03218868326653089,0.010364800021105966,IY036 SupCon v1-jitter b2048 lr2.4 175732,PHATE
Rtg1 @ 0.1% glucose,4,train,Rtg1,0.1% glucose,-0.02764186425797013,0.013576866492325784,IY036 SupCon v1-jitter b2048 lr2.4 175732,PHATE
Nrg1 @ 0.1% glucose,1,train,Nrg1,0.1% glucose,0.05158565573870812,-0.012864710875053153,IY036 SupCon v1-jitter b2048 lr2.4 175732,PHATE
Rtg1 @ 2% glucose (mock/steady),5,train,Rtg1,2% glucose (mock/steady),-0.05352808495291906,-0.013445520834449179,IY036 SupCon v1-jitter b2048 lr2.4 175732,PHATE
Rtg1 @ 0.01% glucose,3,train,Rtg1,0.01% glucose,-0.05146073114127346,-0.029223542331003646,IY036 SupCon v1-jitter b2048 lr2.4 175732,PHATE
Nrg1 @ 0.01% glucose,0,train,Nrg1,0.01% glucose,0.031190442204299288,0.0014811569678855017,IY036 SupCon v1-jitter b2048 lr2.4 175732,PHATE
Nrg1 @ 2% glucose (mock/steady),2,train,Nrg1,2% glucose (mock/steady),0.04750723418076757,-0.0021202850804336376,IY036 SupCon v1-jitter b2048 lr2.4 175732,PHATE
Nrg1 @ 0.1% glucose,1,train,Nrg1,0.1% glucose,0.044875322920108485,0.0026377184339673233,IY036 SupCon v1-jitter b2048 lr2.4 175732,PHATE
Nrg1 @ 0.1% glucose,1,train,Nrg1,0.1% glucose,0.05308963755563016,-0.019886270157126726,IY036 SupCon v1-jitter b2048 lr2.4 175732,PHATE
Rtg1 @ 2% glucose (mock/steady),5,train,Rtg1,2% glucose (mock/steady),-0.03641074059541684,0.010796424641786071,IY036 SupCon v1-jitter b2048 lr2.4 175732,PHATE
Rtg1 @ 0.01% glucose,3,train,Rtg1,0.01% glucose,-0.03390014943240931,0.011927046852249852,IY036 SupCon v1-jitter b2048 lr2.4 175732,PHATE
Rtg1 @ 0.01% glucose,3,train,Rtg1,0.01% glucose,-0.05150000543453211,-0.044336294339481636,IY036 SupCon v1-jitter b2048 lr2.4 175732,PHATE
Rtg1 @ 0.01% glucose,3,train,Rtg1,0.01% glucose,-0.056384967100061995,-0.0232043722069381,IY036 SupCon v1-jitter b2048 lr2.4 175732,PHATE
Nrg1 @ 2% glucose (mock/steady),2,train,Nrg1,2% glucose (mock/steady),0.0502274188199349,-0.01011974609436145,IY036 SupCon v1-jitter b2048 lr2.4 175732,PHATE
Rtg1 @ 0.1% glucose,4,train,Rtg1,0.1% glucose,-0.024837971754576173,0.020699817436106202,IY036 SupCon v1-jitter b2048 lr2.4 175732,PHATE
Nrg1 @ 0.1% glucose,1,train,Nrg1,0.1% glucose,0.05413564208321879,-0.024120412675407803,IY036 SupCon v1-jitter b2048 lr2.4 175732,PHATE
Rtg1 @ 0.1% glucose,4,train,Rtg1,0.1% glucose,-0.033226758472793744,0.012430800714934229,IY036 SupCon v1-jitter b2048 lr2.4 175732,PHATE
Nrg1 @ 2% glucose (mock/steady),2,train,Nrg1,2% glucose (mock/steady),0.03917358891203057,0.00940059980387464,IY036 SupCon v1-jitter b2048 lr2.4 175732,PHATE
Rtg1 @ 2% glucose (mock/steady),5,train,Rtg1,2% glucose (mock/steady),-0.04797605305538471,0.0018788214932825536,IY036 SupCon v1-jitter b2048 lr2.4 175732,PHATE
Nrg1 @ 0.1% glucose,1,train,Nrg1,0.1% glucose,0.044676836074475125,0.003274507352301176,IY036 SupCon v1-jitter b2048 lr2.4 175732,PHATE
Nrg1 @ 0.1% glucose,1,train,Nrg1,0.1% glucose,0.04459095443587936,0.0012002254145376192,IY036 SupCon v1-jitter b2048 lr2.4 175732,PHATE
Nrg1 @ 2% glucose (mock/steady),2,train,Nrg1,2% glucose (mock/steady),0.039833687452731886,0.00923295036996986,IY036 SupCon v1-jitter b2048 lr2.4 175732,PHATE
Nrg1 @ 0.1% glucose,1,train,Nrg1,0.1% glucose,0.05221840381344047,-0.015148921146426913,IY036 SupCon v1-jitter b2048 lr2.4 175732,PHATE
Rtg1 @ 0.1% glucose,4,train,Rtg1,0.1% glucose,-0.0254681883124166,0.01589901753163165,IY036 SupCon v1-jitter b2048 lr2.4 175732,PHATE
Nrg1 @ 0.1% glucose,1,train,Nrg1,0.1% glucose,0.05471670844241967,-0.02853522522038268,IY036 SupCon v1-jitter b2048 lr2.4 175732,PHATE
Rtg1 @ 2% glucose (mock/steady),5,train,Rtg1,2% glucose (mock/steady),-0.037415848361077426,0.010890451489458495,IY036 SupCon v1-jitter b2048 lr2.4 175732,PHATE
Rtg1 @ 2% glucose (mock/steady),5,train,Rtg1,2% glucose (mock/steady),-0.055242749137217405,-0.024136238908429728,IY036 SupCon v1-jitter b2048 lr2.4 175732,PHATE
Rtg1 @ 0.01% glucose,3,train,Rtg1,0.01% glucose,-0.05592592429253949,-0.02197458758220831,IY036 SupCon v1-jitter b2048 lr2.4 175732,PHATE
Nrg1 @ 0.1% glucose,1,train,Nrg1,0.1% glucose,0.05506253202440782,-0.03119089645826383,IY036 SupCon v1-jitter b2048 lr2.4 175732,PHATE
Rtg1 @ 2% glucose (mock/steady),5,train,Rtg1,2% glucose (mock/steady),-0.016807650304375643,0.02436409194493271,IY036 SupCon v1-jitter b2048 lr2.4 175732,PHATE
Rtg1 @ 2% glucose (mock/steady),5,train,Rtg1,2% glucose (mock/steady),-0.033113846237363506,0.012760322678703816,IY036 SupCon v1-jitter b2048 lr2.4 175732,PHATE
Nrg1 @ 0.1% glucose,1,train,Nrg1,0.1% glucose,0.045304822155883995,0.0004074494217603869,IY036 SupCon v1-jitter b2048 lr2.4 175732,PHATE
Rtg1 @ 2% glucose (mock/steady),5,train,Rtg1,2% glucose (mock/steady),-0.040009993777541816,0.00801944454432576,IY036 SupCon v1-jitter b2048 lr2.4 175732,PHATE
Rtg1 @ 0.01% glucose,3,train,Rtg1,0.01% glucose,-0.0532590231055152,-0.03297282645260357,IY036 SupCon v1-jitter b2048 lr2.4 175732,PHATE
Rtg1 @ 0.1% glucose,4,train,Rtg1,0.1% glucose,-0.02820818387607876,0.014117821528125513,IY036 SupCon v1-jitter b2048 lr2.4 175732,PHATE
Nrg1 @ 0.01% glucose,0,train,Nrg1,0.01% glucose,0.02945833532875303,0.013715370998727522,IY036 SupCon v1-jitter b2048 lr2.4 175732,PHATE
Rtg1 @ 2% glucose (mock/steady),5,train,Rtg1,2% glucose (mock/steady),-0.03629935713416215,0.011362575418536719,IY036 SupCon v1-jitter b2048 lr2.4 175732,PHATE
Nrg1 @ 2% glucose (mock/steady),2,train,Nrg1,2% glucose (mock/steady),0.04147102062521657,0.007178373624301236,IY036 SupCon v1-jitter b2048 lr2.4 175732,PHATE
Nrg1 @ 2% glucose (mock/steady),2,train,Nrg1,2% glucose (mock/steady),0.03052625361492601,0.016778688058098127,IY036 SupCon v1-jitter b2048 lr2.4 175732,PHATE
Rtg1 @ 0.1% glucose,4,train,Rtg1,0.1% glucose,-0.029070604266587,0.012702464394555864,IY036 SupCon v1-jitter b2048 lr2.4 175732,PHATE
Nrg1 @ 2% glucose (mock/steady),2,train,Nrg1,2% glucose (mock/steady),0.04140928514612194,0.006939185401734025,IY036 SupCon v1-jitter b2048 lr2.4 175732,PHATE
Nrg1 @ 0.01% glucose,0,train,Nrg1,0.01% glucose,0.031452611652969295,0.007114708615199453,IY036 SupCon v1-jitter b2048 lr2.4 175732,PHATE
Nrg1 @ 2% glucose (mock/steady),2,train,Nrg1,2% glucose (mock/steady),0.0279610436571522,0.02060894764585922,IY036 SupCon v1-jitter b2048 lr2.4 175732,PHATE
Nrg1 @ 2% glucose (mock/steady),2,train,Nrg1,2% glucose (mock/steady),0.04099408167249044,0.0077774874081027075,IY036 SupCon v1-jitter b2048 lr2.4 175732,PHATE
Nrg1 @ 2% glucose (mock/steady),2,train,Nrg1,2% glucose (mock/steady),0.04266939533094415,0.005245295400462431,IY036 SupCon v1-jitter b2048 lr2.4 175732,PHATE
Nrg1 @ 0.1% glucose,1,train,Nrg1,0.1% glucose,0.05071651644172728,-0.011945241468808352,IY036 SupCon v1-jitter b2048 lr2.4 175732,PHATE
Rtg1 @ 0.01% glucose,3,train,Rtg1,0.01% glucose,-0.051593122624004895,-0.007329902640791679,IY036 SupCon v1-jitter b2048 lr2.4 175732,PHATE
Rtg1 @ 0.1% glucose,4,train,Rtg1,0.1% glucose,-0.04136264423890205,0.008491840739237057,IY036 SupCon v1-jitter b2048 lr2.4 175732,PHATE
Nrg1 @ 0.01% glucose,0,train,Nrg1,0.01% glucose,0.02579200564681857,0.01904008056457858,IY036 SupCon v1-jitter b2048 lr2.4 175732,PHATE
Nrg1 @ 0.1% glucose,1,train,Nrg1,0.1% glucose,0.05293203891290536,-0.018592962984669822,IY036 SupCon v1-jitter b2048 lr2.4 175732,PHATE
Nrg1 @ 0.1% glucose,1,train,Nrg1,0.1% glucose,0.054118088895223904,-0.024652024334185688,IY036 SupCon v1-jitter b2048 lr2.4 175732,PHATE
Nrg1 @ 0.1% glucose,1,train,Nrg1,0.1% glucose,0.053051195322431195,-0.018910883473831536,IY036 SupCon v1-jitter b2048 lr2.4 175732,PHATE
Nrg1 @ 0.01% glucose,0,train,Nrg1,0.01% glucose,0.02416708821854144,0.012733280317893352,IY036 SupCon v1-jitter b2048 lr2.4 175732,PHATE
Nrg1 @ 2% glucose (mock/steady),2,train,Nrg1,2% glucose (mock/steady),0.05298695460073068,-0.019100183759318354,IY036 SupCon v1-jitter b2048 lr2.4 175732,PHATE
Rtg1 @ 0.01% glucose,3,train,Rtg1,0.01% glucose,-0.05474008077694195,-0.03327455106183665,IY036 SupCon v1-jitter b2048 lr2.4 175732,PHATE
Nrg1 @ 2% glucose (mock/steady),2,train,Nrg1,2% glucose (mock/steady),0.03624172131874147,0.01375174099199864,IY036 SupCon v1-jitter b2048 lr2.4 175732,PHATE
Rtg1 @ 2% glucose (mock/steady),5,train,Rtg1,2% glucose (mock/steady),-0.03682409718782373,0.012003807692655672,IY036 SupCon v1-jitter b2048 lr2.4 175732,PHATE
Rtg1 @ 0.1% glucose,4,train,Rtg1,0.1% glucose,-0.025835054628637694,0.017611631802322194,IY036 SupCon v1-jitter b2048 lr2.4 175732,PHATE
Nrg1 @ 2% glucose (mock/steady),2,train,Nrg1,2% glucose (mock/steady),0.03786062729405842,0.01071331089595698,IY036 SupCon v1-jitter b2048 lr2.4 175732,PHATE
Rtg1 @ 2% glucose (mock/steady),5,train,Rtg1,2% glucose (mock/steady),-0.03634396902074021,0.010595077268236996,IY036 SupCon v1-jitter b2048 lr2.4 175732,PHATE
Rtg1 @ 2% glucose (mock/steady),5,train,Rtg1,2% glucose (mock/steady),-0.03638182726542575,0.01096209966811576,IY036 SupCon v1-jitter b2048 lr2.4 175732,PHATE
Rtg1 @ 0.01% glucose,3,train,Rtg1,0.01% glucose,-0.051657071657232614,-0.041921182805021,IY036 SupCon v1-jitter b2048 lr2.4 175732,PHATE
Nrg1 @ 0.01% glucose,0,train,Nrg1,0.01% glucose,0.03362171367733832,0.005839191895483908,IY036 SupCon v1-jitter b2048 lr2.4 175732,PHATE
Rtg1 @ 0.01% glucose,3,train,Rtg1,0.01% glucose,-0.04813019045866091,0.0003343488243372529,IY036 SupCon v1-jitter b2048 lr2.4 175732,PHATE
Nrg1 @ 2% glucose (mock/steady),2,train,Nrg1,2% glucose (mock/steady),0.04728653775900992,-0.0018334497827552528,IY036 SupCon v1-jitter b2048 lr2.4 175732,PHATE
Nrg1 @ 0.1% glucose,1,train,Nrg1,0.1% glucose,0.054014516417693566,-0.024111597279742204,IY036 SupCon v1-jitter b2048 lr2.4 175732,PHATE
Rtg1 @ 0.01% glucose,3,train,Rtg1,0.01% glucose,-0.055911819566045656,-0.02212922657039766,IY036 SupCon v1-jitter b2048 lr2.4 175732,PHATE
Rtg1 @ 0.01% glucose,3,train,Rtg1,0.01% glucose,-0.05559651499400127,-0.019661312706516245,IY036 SupCon v1-jitter b2048 lr2.4 175732,PHATE
Nrg1 @ 0.1% glucose,1,train,Nrg1,0.1% glucose,0.038967205160204355,0.010318543078541671,IY036 SupCon v1-jitter b2048 lr2.4 175732,PHATE
Nrg1 @ 0.01% glucose,0,train,Nrg1,0.01% glucose,0.02513803776309952,0.008799949158551713,IY036 SupCon v1-jitter b2048 lr2.4 175732,PHATE
Nrg1 @ 0.01% glucose,0,train,Nrg1,0.01% glucose,0.0322503855278215,0.002550394733301216,IY036 SupCon v1-jitter b2048 lr2.4 175732,PHATE
Nrg1 @ 2% glucose (mock/steady),2,train,Nrg1,2% glucose (mock/steady),0.042874966585393845,0.005038813196827423,IY036 SupCon v1-jitter b2048 lr2.4 175732,PHATE
Rtg1 @ 2% glucose (mock/steady),5,train,Rtg1,2% glucose (mock/steady),-0.03226266499459469,0.01421060838678582,IY036 SupCon v1-jitter b2048 lr2.4 175732,PHATE
Rtg1 @ 2% glucose (mock/steady),5,train,Rtg1,2% glucose (mock/steady),-0.03686591186037331,0.011040586296723458,IY036 SupCon v1-jitter b2048 lr2.4 175732,PHATE
Nrg1 @ 2% glucose (mock/steady),2,train,Nrg1,2% glucose (mock/steady),0.042106251890083865,0.005765778959298848,IY036 SupCon v1-jitter b2048 lr2.4 175732,PHATE
Rtg1 @ 0.1% glucose,4,train,Rtg1,0.1% glucose,-0.032583766286475024,0.012689064810295738,IY036 SupCon v1-jitter b2048 lr2.4 175732,PHATE
Nrg1 @ 0.01% glucose,0,train,Nrg1,0.01% glucose,0.029856133947418463,0.002461333713565612,IY036 SupCon v1-jitter b2048 lr2.4 175732,PHATE
Nrg1 @ 0.1% glucose,1,train,Nrg1,0.1% glucose,0.05479812045150996,-0.02943281519841175,IY036 SupCon v1-jitter b2048 lr2.4 175732,PHATE
Nrg1 @ 0.1% glucose,1,train,Nrg1,0.1% glucose,0.05321565077621054,-0.020401499154674343,IY036 SupCon v1-jitter b2048 lr2.4 175732,PHATE
Nrg1 @ 0.1% glucose,1,train,Nrg1,0.1% glucose,0.05501685605683852,-0.03216490449092987,IY036 SupCon v1-jitter b2048 lr2.4 175732,PHATE
Nrg1 @ 0.1% glucose,1,train,Nrg1,0.1% glucose,0.0509890340417479,-0.011171544966231727,IY036 SupCon v1-jitter b2048 lr2.4 175732,PHATE
Nrg1 @ 0.01% glucose,0,train,Nrg1,0.01% glucose,0.030042527499026576,0.018144362039095013,IY036 SupCon v1-jitter b2048 lr2.4 175732,PHATE
Rtg1 @ 0.01% glucose,3,train,Rtg1,0.01% glucose,-0.02919438236831203,0.020840862060452738,IY036 SupCon v1-jitter b2048 lr2.4 175732,PHATE
Rtg1 @ 0.01% glucose,3,train,Rtg1,0.01% glucose,-0.05504832305307463,-0.01835248434908522,IY036 SupCon v1-jitter b2048 lr2.4 175732,PHATE
Rtg1 @ 0.01% glucose,3,train,Rtg1,0.01% glucose,-0.05203409071511061,-0.04161940210504105,IY036 SupCon v1-jitter b2048 lr2.4 175732,PHATE
Rtg1 @ 0.1% glucose,4,train,Rtg1,0.1% glucose,-0.03261095419334553,0.013224225612968949,IY036 SupCon v1-jitter b2048 lr2.4 175732,PHATE
Rtg1 @ 0.1% glucose,4,train,Rtg1,0.1% glucose,-0.03181182545212331,0.012742643174067227,IY036 SupCon v1-jitter b2048 lr2.4 175732,PHATE
Rtg1 @ 2% glucose (mock/steady),5,train,Rtg1,2% glucose (mock/steady),-0.03597359291170787,0.016955439408222563,IY036 SupCon v1-jitter b2048 lr2.4 175732,PHATE
Rtg1 @ 0.1% glucose,4,train,Rtg1,0.1% glucose,-0.041699206157084834,0.008748508090544416,IY036 SupCon v1-jitter b2048 lr2.4 175732,PHATE
Nrg1 @ 2% glucose (mock/steady),2,train,Nrg1,2% glucose (mock/steady),0.037278285558689186,0.012329541806337949,IY036 SupCon v1-jitter b2048 lr2.4 175732,PHATE
Rtg1 @ 0.1% glucose,4,train,Rtg1,0.1% glucose,-0.021496699441732867,0.02220626792974167,IY036 SupCon v1-jitter b2048 lr2.4 175732,PHATE
Rtg1 @ 2% glucose (mock/steady),5,train,Rtg1,2% glucose (mock/steady),-0.04591213113242797,0.0035803797829390186,IY036 SupCon v1-jitter b2048 lr2.4 175732,PHATE
Rtg1 @ 0.1% glucose,4,train,Rtg1,0.1% glucose,-0.04798332946008165,0.0008209449238921035,IY036 SupCon v1-jitter b2048 lr2.4 175732,PHATE
Nrg1 @ 0.1% glucose,1,train,Nrg1,0.1% glucose,0.052843129275568626,-0.017933331452909002,IY036 SupCon v1-jitter b2048 lr2.4 175732,PHATE
Nrg1 @ 2% glucose (mock/steady),2,train,Nrg1,2% glucose (mock/steady),0.050982785357135914,-0.011086283318503807,IY036 SupCon v1-jitter b2048 lr2.4 175732,PHATE
Nrg1 @ 0.01% glucose,0,train,Nrg1,0.01% glucose,0.03195680182821006,0.00616687924801294,IY036 SupCon v1-jitter b2048 lr2.4 175732,PHATE
Nrg1 @ 0.01% glucose,0,train,Nrg1,0.01% glucose,0.030106897030951485,0.0007805042918786003,IY036 SupCon v1-jitter b2048 lr2.4 175732,PHATE
Nrg1 @ 0.01% glucose,0,train,Nrg1,0.01% glucose,0.03115248196864846,0.007307748792279171,IY036 SupCon v1-jitter b2048 lr2.4 175732,PHATE
Nrg1 @ 2% glucose (mock/steady),2,train,Nrg1,2% glucose (mock/steady),0.04376347189872782,0.004120352912411278,IY036 SupCon v1-jitter b2048 lr2.4 175732,PHATE
Rtg1 @ 0.1% glucose,4,train,Rtg1,0.1% glucose,-0.035935916690578516,0.01271681489644315,IY036 SupCon v1-jitter b2048 lr2.4 175732,PHATE
Rtg1 @ 0.01% glucose,3,train,Rtg1,0.01% glucose,-0.05145469262029631,-0.04030555661515432,IY036 SupCon v1-jitter b2048 lr2.4 175732,PHATE
Nrg1 @ 0.1% glucose,1,train,Nrg1,0.1% glucose,0.05472826493489591,-0.030213132944781528,IY036 SupCon v1-jitter b2048 lr2.4 175732,PHATE
Rtg1 @ 2% glucose (mock/steady),5,train,Rtg1,2% glucose (mock/steady),-0.040497735299270615,0.008766778404684431,IY036 SupCon v1-jitter b2048 lr2.4 175732,PHATE
Nrg1 @ 0.1% glucose,1,train,Nrg1,0.1% glucose,0.04311093270432688,0.006091800414373542,IY036 SupCon v1-jitter b2048 lr2.4 175732,PHATE
Nrg1 @ 0.1% glucose,1,train,Nrg1,0.1% glucose,0.054784109081116014,-0.028548137570406588,IY036 SupCon v1-jitter b2048 lr2.4 175732,PHATE
Rtg1 @ 2% glucose (mock/steady),5,train,Rtg1,2% glucose (mock/steady),-0.04850828027239763,0.0004254127582668617,IY036 SupCon v1-jitter b2048 lr2.4 175732,PHATE
Nrg1 @ 0.01% glucose,0,train,Nrg1,0.01% glucose,0.02735496390607219,0.011349592009929653,IY036 SupCon v1-jitter b2048 lr2.4 175732,PHATE
Rtg1 @ 0.01% glucose,3,train,Rtg1,0.01% glucose,-0.048608210690792124,-0.002235627625907202,IY036 SupCon v1-jitter b2048 lr2.4 175732,PHATE
Nrg1 @ 0.1% glucose,1,train,Nrg1,0.1% glucose,0.054822992511922235,-0.032686738125125354,IY036 SupCon v1-jitter b2048 lr2.4 175732,PHATE
Nrg1 @ 0.01% glucose,0,train,Nrg1,0.01% glucose,0.03155068886163398,0.007524977763604677,IY036 SupCon v1-jitter b2048 lr2.4 175732,PHATE
Nrg1 @ 0.01% glucose,0,train,Nrg1,0.01% glucose,0.02338676136717686,0.017771420436436605,IY036 SupCon v1-jitter b2048 lr2.4 175732,PHATE
Nrg1 @ 0.1% glucose,1,train,Nrg1,0.1% glucose,0.05188126226141208,-0.014174888281627206,IY036 SupCon v1-jitter b2048 lr2.4 175732,PHATE
Nrg1 @ 0.01% glucose,0,train,Nrg1,0.01% glucose,0.0263050806508475,0.012278297161184979,IY036 SupCon v1-jitter b2048 lr2.4 175732,PHATE
Rtg1 @ 2% glucose (mock/steady),5,train,Rtg1,2% glucose (mock/steady),-0.03384369821172702,0.013227121710515814,IY036 SupCon v1-jitter b2048 lr2.4 175732,PHATE
Nrg1 @ 0.1% glucose,1,train,Nrg1,0.1% glucose,0.054861822607266436,-0.032498215462776474,IY036 SupCon v1-jitter b2048 lr2.4 175732,PHATE
Rtg1 @ 2% glucose (mock/steady),5,train,Rtg1,2% glucose (mock/steady),-0.025391265245072677,0.020518061952940297,IY036 SupCon v1-jitter b2048 lr2.4 175732,PHATE
Nrg1 @ 0.01% glucose,0,train,Nrg1,0.01% glucose,0.02611541137794024,0.017448488829323056,IY036 SupCon v1-jitter b2048 lr2.4 175732,PHATE
Rtg1 @ 0.01% glucose,3,train,Rtg1,0.01% glucose,-0.05168456979826351,-0.03976737007926531,IY036 SupCon v1-jitter b2048 lr2.4 175732,PHATE
Rtg1 @ 0.1% glucose,4,train,Rtg1,0.1% glucose,-0.027956342482815096,0.011800827059009292,IY036 SupCon v1-jitter b2048 lr2.4 175732,PHATE
Rtg1 @ 2% glucose (mock/steady),5,train,Rtg1,2% glucose (mock/steady),-0.04611106436365923,0.003936983188096586,IY036 SupCon v1-jitter b2048 lr2.4 175732,PHATE
Nrg1 @ 0.1% glucose,1,train,Nrg1,0.1% glucose,0.04725525722591289,-0.0033746798324800994,IY036 SupCon v1-jitter b2048 lr2.4 175732,PHATE
Rtg1 @ 0.1% glucose,4,train,Rtg1,0.1% glucose,-0.02087256051582358,0.022752820157732216,IY036 SupCon v1-jitter b2048 lr2.4 175732,PHATE
Rtg1 @ 2% glucose (mock/steady),5,train,Rtg1,2% glucose (mock/steady),-0.029137845592414235,0.015097485919295084,IY036 SupCon v1-jitter b2048 lr2.4 175732,PHATE
Nrg1 @ 0.01% glucose,0,train,Nrg1,0.01% glucose,0.030695359703700912,0.0007132613874799804,IY036 SupCon v1-jitter b2048 lr2.4 175732,PHATE
Rtg1 @ 0.01% glucose,3,train,Rtg1,0.01% glucose,-0.05246166218420194,-0.026748391966422484,IY036 SupCon v1-jitter b2048 lr2.4 175732,PHATE
Rtg1 @ 2% glucose (mock/steady),5,train,Rtg1,2% glucose (mock/steady),-0.02389854966357902,0.02014733774612272,IY036 SupCon v1-jitter b2048 lr2.4 175732,PHATE
Nrg1 @ 2% glucose (mock/steady),2,train,Nrg1,2% glucose (mock/steady),0.02851511306190278,0.017231626217996447,IY036 SupCon v1-jitter b2048 lr2.4 175732,PHATE
Rtg1 @ 2% glucose (mock/steady),5,train,Rtg1,2% glucose (mock/steady),-0.030423057975733813,0.017043399493449744,IY036 SupCon v1-jitter b2048 lr2.4 175732,PHATE
Nrg1 @ 0.1% glucose,1,train,Nrg1,0.1% glucose,0.05340716711610609,-0.024493116348679844,IY036 SupCon v1-jitter b2048 lr2.4 175732,PHATE
Rtg1 @ 2% glucose (mock/steady),5,train,Rtg1,2% glucose (mock/steady),-0.03781908430486822,0.010686307334797874,IY036 SupCon v1-jitter b2048 lr2.4 175732,PHATE
Rtg1 @ 2% glucose (mock/steady),5,train,Rtg1,2% glucose (mock/steady),-0.03366287346419232,0.012504990182028487,IY036 SupCon v1-jitter b2048 lr2.4 175732,PHATE
Nrg1 @ 0.01% glucose,0,train,Nrg1,0.01% glucose,0.017362349112446062,0.024236863808843243,IY036 SupCon v1-jitter b2048 lr2.4 175732,PHATE
Rtg1 @ 0.1% glucose,4,train,Rtg1,0.1% glucose,-0.024214987993621883,0.015071356984927849,IY036 SupCon v1-jitter b2048 lr2.4 175732,PHATE
Rtg1 @ 0.1% glucose,4,train,Rtg1,0.1% glucose,-0.03296503576019693,0.009767731333265157,IY036 SupCon v1-jitter b2048 lr2.4 175732,PHATE
Nrg1 @ 0.01% glucose,0,train,Nrg1,0.01% glucose,0.03097016947659663,0.01576327676209823,IY036 SupCon v1-jitter b2048 lr2.4 175732,PHATE
Rtg1 @ 2% glucose (mock/steady),5,train,Rtg1,2% glucose (mock/steady),-0.03672299921060338,0.01204349108584788,IY036 SupCon v1-jitter b2048 lr2.4 175732,PHATE
Nrg1 @ 0.01% glucose,0,train,Nrg1,0.01% glucose,0.02910382394567645,0.004759035708707105,IY036 SupCon v1-jitter b2048 lr2.4 175732,PHATE
Nrg1 @ 0.01% glucose,0,train,Nrg1,0.01% glucose,0.027986230950122034,0.005431585678685934,IY036 SupCon v1-jitter b2048 lr2.4 175732,PHATE
Rtg1 @ 0.01% glucose,3,train,Rtg1,0.01% glucose,-0.05159121503434258,-0.03709688454581605,IY036 SupCon v1-jitter b2048 lr2.4 175732,PHATE
Rtg1 @ 0.01% glucose,3,train,Rtg1,0.01% glucose,-0.054772969914156436,-0.014435867381066161,IY036 SupCon v1-jitter b2048 lr2.4 175732,PHATE
Rtg1 @ 0.01% glucose,3,train,Rtg1,0.01% glucose,-0.04434565647852486,-0.00176316936374817,IY036 SupCon v1-jitter b2048 lr2.4 175732,PHATE
Rtg1 @ 2% glucose (mock/steady),5,train,Rtg1,2% glucose (mock/steady),-0.042407844384265876,0.007228307636427878,IY036 SupCon v1-jitter b2048 lr2.4 175732,PHATE
Nrg1 @ 0.01% glucose,0,train,Nrg1,0.01% glucose,0.031098909528854916,0.002616567367479141,IY036 SupCon v1-jitter b2048 lr2.4 175732,PHATE
Rtg1 @ 0.01% glucose,3,train,Rtg1,0.01% glucose,-0.05143174319714553,-0.04236873464393027,IY036 SupCon v1-jitter b2048 lr2.4 175732,PHATE
Rtg1 @ 0.1% glucose,4,train,Rtg1,0.1% glucose,-0.018416660684625382,0.022943548793849772,IY036 SupCon v1-jitter b2048 lr2.4 175732,PHATE
Nrg1 @ 0.1% glucose,1,train,Nrg1,0.1% glucose,0.04814824002497263,-0.004246408855148289,IY036 SupCon v1-jitter b2048 lr2.4 175732,PHATE
Rtg1 @ 2% glucose (mock/steady),5,train,Rtg1,2% glucose (mock/steady),-0.050665367603212996,-0.017975649919539743,IY036 SupCon v1-jitter b2048 lr2.4 175732,PHATE
Rtg1 @ 0.1% glucose,4,train,Rtg1,0.1% glucose,-0.028606686268585813,0.015004394713589438,IY036 SupCon v1-jitter b2048 lr2.4 175732,PHATE
Rtg1 @ 2% glucose (mock/steady),5,train,Rtg1,2% glucose (mock/steady),-0.021370823115974852,0.02325210425512031,IY036 SupCon v1-jitter b2048 lr2.4 175732,PHATE
Rtg1 @ 0.1% glucose,4,train,Rtg1,0.1% glucose,-0.04900466598383859,-0.00013845974575728463,IY036 SupCon v1-jitter b2048 lr2.4 175732,PHATE
Nrg1 @ 0.01% glucose,0,train,Nrg1,0.01% glucose,0.034822620280784054,0.01448224175470664,IY036 SupCon v1-jitter b2048 lr2.4 175732,PHATE
Nrg1 @ 2% glucose (mock/steady),2,train,Nrg1,2% glucose (mock/steady),0.038866017761499824,0.010847673358738293,IY036 SupCon v1-jitter b2048 lr2.4 175732,PHATE
Nrg1 @ 0.01% glucose,0,train,Nrg1,0.01% glucose,0.0308577872638324,0.008371926929549101,IY036 SupCon v1-jitter b2048 lr2.4 175732,PHATE
Rtg1 @ 0.1% glucose,4,train,Rtg1,0.1% glucose,-0.0344162664623094,0.016167877054293515,IY036 SupCon v1-jitter b2048 lr2.4 175732,PHATE
Rtg1 @ 0.01% glucose,3,train,Rtg1,0.01% glucose,-0.05285981276900748,-0.008766734829791099,IY036 SupCon v1-jitter b2048 lr2.4 175732,PHATE
Rtg1 @ 0.01% glucose,3,train,Rtg1,0.01% glucose,-0.05000306912815026,-0.0045567115608030955,IY036 SupCon v1-jitter b2048 lr2.4 175732,PHATE
Nrg1 @ 2% glucose (mock/steady),2,train,Nrg1,2% glucose (mock/steady),0.027052171897828495,0.021279985239426643,IY036 SupCon v1-jitter b2048 lr2.4 175732,PHATE
Nrg1 @ 0.01% glucose,0,train,Nrg1,0.01% glucose,0.03089252372222266,0.0019029993252895946,IY036 SupCon v1-jitter b2048 lr2.4 175732,PHATE
Nrg1 @ 0.01% glucose,0,train,Nrg1,0.01% glucose,0.022815816158220356,0.01583966303060692,IY036 SupCon v1-jitter b2048 lr2.4 175732,PHATE
Rtg1 @ 2% glucose (mock/steady),5,train,Rtg1,2% glucose (mock/steady),-0.044368249551324096,0.0017837806905959678,IY036 SupCon v1-jitter b2048 lr2.4 175732,PHATE
Rtg1 @ 0.1% glucose,4,train,Rtg1,0.1% glucose,-0.03132298119593035,0.010320327928467087,IY036 SupCon v1-jitter b2048 lr2.4 175732,PHATE
Nrg1 @ 0.01% glucose,0,train,Nrg1,0.01% glucose,0.031762218531351145,0.008557133433992049,IY036 SupCon v1-jitter b2048 lr2.4 175732,PHATE
Rtg1 @ 2% glucose (mock/steady),5,train,Rtg1,2% glucose (mock/steady),-0.04859669522758984,-6.31054823590197e-05,IY036 SupCon v1-jitter b2048 lr2.4 175732,PHATE
Rtg1 @ 0.1% glucose,4,train,Rtg1,0.1% glucose,-0.02334737931989432,0.019234355160878326,IY036 SupCon v1-jitter b2048 lr2.4 175732,PHATE
Nrg1 @ 0.1% glucose,1,train,Nrg1,0.1% glucose,0.05467528060600904,-0.027844130139920695,IY036 SupCon v1-jitter b2048 lr2.4 175732,PHATE
Nrg1 @ 0.1% glucose,1,train,Nrg1,0.1% glucose,0.05497321601113193,-0.030658114192036488,IY036 SupCon v1-jitter b2048 lr2.4 175732,PHATE
Nrg1 @ 2% glucose (mock/steady),2,train,Nrg1,2% glucose (mock/steady),0.028000892139806447,0.020683808429394133,IY036 SupCon v1-jitter b2048 lr2.4 175732,PHATE
Nrg1 @ 0.01% glucose,0,train,Nrg1,0.01% glucose,0.025840544921497254,0.007308407215634607,IY036 SupCon v1-jitter b2048 lr2.4 175732,PHATE
Rtg1 @ 0.01% glucose,3,train,Rtg1,0.01% glucose,-0.046030710771330315,-0.0042950414813870885,IY036 SupCon v1-jitter b2048 lr2.4 175732,PHATE
Rtg1 @ 0.1% glucose,4,train,Rtg1,0.1% glucose,-0.024879178042103278,0.0176624765086399,IY036 SupCon v1-jitter b2048 lr2.4 175732,PHATE
Rtg1 @ 2% glucose (mock/steady),5,train,Rtg1,2% glucose (mock/steady),-0.032903069558024134,0.016571390444046846,IY036 SupCon v1-jitter b2048 lr2.4 175732,PHATE
Rtg1 @ 0.01% glucose,3,train,Rtg1,0.01% glucose,-0.053322478930841646,-0.026683098828233547,IY036 SupCon v1-jitter b2048 lr2.4 175732,PHATE
Rtg1 @ 2% glucose (mock/steady),5,train,Rtg1,2% glucose (mock/steady),-0.03306286464189268,0.012568629248927862,IY036 SupCon v1-jitter b2048 lr2.4 175732,PHATE
Rtg1 @ 2% glucose (mock/steady),5,train,Rtg1,2% glucose (mock/steady),-0.03024922337031543,0.01628283136392938,IY036 SupCon v1-jitter b2048 lr2.4 175732,PHATE
Nrg1 @ 2% glucose (mock/steady),2,train,Nrg1,2% glucose (mock/steady),0.03660181097508394,0.011670615189942054,IY036 SupCon v1-jitter b2048 lr2.4 175732,PHATE
Nrg1 @ 0.1% glucose,1,train,Nrg1,0.1% glucose,0.05445229738094028,-0.026471465618580364,IY036 SupCon v1-jitter b2048 lr2.4 175732,PHATE
Rtg1 @ 0.1% glucose,4,train,Rtg1,0.1% glucose,-0.033708275999209836,0.015034241851612833,IY036 SupCon v1-jitter b2048 lr2.4 175732,PHATE
Nrg1 @ 2% glucose (mock/steady),2,train,Nrg1,2% glucose (mock/steady),0.04690631913870713,-0.0012985459671662123,IY036 SupCon v1-jitter b2048 lr2.4 175732,PHATE
Nrg1 @ 0.01% glucose,0,train,Nrg1,0.01% glucose,0.028025998608050044,0.010275985604435914,IY036 SupCon v1-jitter b2048 lr2.4 175732,PHATE
Nrg1 @ 2% glucose (mock/steady),2,train,Nrg1,2% glucose (mock/steady),0.04311696513590043,0.005049011891138274,IY036 SupCon v1-jitter b2048 lr2.4 175732,PHATE
Nrg1 @ 0.1% glucose,1,train,Nrg1,0.1% glucose,0.055048642064824675,-0.030291759214216733,IY036 SupCon v1-jitter b2048 lr2.4 175732,PHATE
Rtg1 @ 0.01% glucose,3,train,Rtg1,0.01% glucose,-0.052842875240891825,-0.04096175890334725,IY036 SupCon v1-jitter b2048 lr2.4 175732,PHATE
Rtg1 @ 0.1% glucose,4,train,Rtg1,0.1% glucose,-0.041129275787725295,0.006468543292515414,IY036 SupCon v1-jitter b2048 lr2.4 175732,PHATE
Nrg1 @ 0.1% glucose,1,train,Nrg1,0.1% glucose,0.049813058453115025,-0.010600286419769872,IY036 SupCon v1-jitter b2048 lr2.4 175732,PHATE
Nrg1 @ 2% glucose (mock/steady),2,train,Nrg1,2% glucose (mock/steady),0.03869557369378583,0.01024227602775399,IY036 SupCon v1-jitter b2048 lr2.4 175732,PHATE
Nrg1 @ 0.01% glucose,0,train,Nrg1,0.01% glucose,0.031580498967336446,0.0025925024763742556,IY036 SupCon v1-jitter b2048 lr2.4 175732,PHATE
Rtg1 @ 0.1% glucose,4,train,Rtg1,0.1% glucose,-0.02301272155018286,0.015714709792392142,IY036 SupCon v1-jitter b2048 lr2.4 175732,PHATE
Rtg1 @ 2% glucose (mock/steady),5,train,Rtg1,2% glucose (mock/steady),-0.037993930403444634,0.010060012068330446,IY036 SupCon v1-jitter b2048 lr2.4 175732,PHATE
Nrg1 @ 2% glucose (mock/steady),2,train,Nrg1,2% glucose (mock/steady),0.04488099525706748,0.0018742763320673801,IY036 SupCon v1-jitter b2048 lr2.4 175732,PHATE
Nrg1 @ 0.01% glucose,0,train,Nrg1,0.01% glucose,0.031608031175044175,0.014067319486573193,IY036 SupCon v1-jitter b2048 lr2.4 175732,PHATE
Rtg1 @ 0.01% glucose,3,train,Rtg1,0.01% glucose,-0.053593437907367786,-0.03700273876641549,IY036 SupCon v1-jitter b2048 lr2.4 175732,PHATE
Nrg1 @ 2% glucose (mock/steady),2,train,Nrg1,2% glucose (mock/steady),0.042447967506339765,0.005410741888295942,IY036 SupCon v1-jitter b2048 lr2.4 175732,PHATE
Nrg1 @ 0.01% glucose,0,train,Nrg1,0.01% glucose,0.027601162049560174,0.007733126871323843,IY036 SupCon v1-jitter b2048 lr2.4 175732,PHATE
Rtg1 @ 0.01% glucose,3,train,Rtg1,0.01% glucose,-0.055149204562910975,-0.0193431958419575,IY036 SupCon v1-jitter b2048 lr2.4 175732,PHATE
Rtg1 @ 0.01% glucose,3,train,Rtg1,0.01% glucose,-0.05228066689907038,-0.01995514721552767,IY036 SupCon v1-jitter b2048 lr2.4 175732,PHATE
Nrg1 @ 2% glucose (mock/steady),2,train,Nrg1,2% glucose (mock/steady),0.03366202345802325,0.014054576279170812,IY036 SupCon v1-jitter b2048 lr2.4 175732,PHATE
Rtg1 @ 0.01% glucose,3,train,Rtg1,0.01% glucose,-0.051449194255600315,-0.039064429252259975,IY036 SupCon v1-jitter b2048 lr2.4 175732,PHATE
Nrg1 @ 0.1% glucose,1,train,Nrg1,0.1% glucose,0.03540573801562771,0.004011555358565674,IY036 SupCon v1-jitter b2048 lr2.4 175732,PHATE
Rtg1 @ 0.1% glucose,4,train,Rtg1,0.1% glucose,-0.031853204508255205,0.01672035230923649,IY036 SupCon v1-jitter b2048 lr2.4 175732,PHATE
Rtg1 @ 0.01% glucose,3,train,Rtg1,0.01% glucose,-0.046989334229220504,-0.0030073736509952436,IY036 SupCon v1-jitter b2048 lr2.4 175732,PHATE
Rtg1 @ 2% glucose (mock/steady),5,train,Rtg1,2% glucose (mock/steady),-0.03580661597575945,0.011158640863128441,IY036 SupCon v1-jitter b2048 lr2.4 175732,PHATE
Rtg1 @ 0.01% glucose,3,train,Rtg1,0.01% glucose,-0.05203124191380986,-0.04365681367279957,IY036 SupCon v1-jitter b2048 lr2.4 175732,PHATE
Nrg1 @ 0.1% glucose,1,train,Nrg1,0.1% glucose,0.05472686468413238,-0.03424471442305865,IY036 SupCon v1-jitter b2048 lr2.4 175732,PHATE
Nrg1 @ 2% glucose (mock/steady),2,train,Nrg1,2% glucose (mock/steady),0.040927023575129985,0.007266218843738816,IY036 SupCon v1-jitter b2048 lr2.4 175732,PHATE
Nrg1 @ 2% glucose (mock/steady),2,train,Nrg1,2% glucose (mock/steady),0.04160338640346024,0.006828387312641167,IY036 SupCon v1-jitter b2048 lr2.4 175732,PHATE
Nrg1 @ 0.1% glucose,1,train,Nrg1,0.1% glucose,0.051929666620631004,-0.014482164575644049,IY036 SupCon v1-jitter b2048 lr2.4 175732,PHATE
Rtg1 @ 0.01% glucose,3,train,Rtg1,0.01% glucose,-0.05196936239625832,-0.006472103653603622,IY036 SupCon v1-jitter b2048 lr2.4 175732,PHATE
Rtg1 @ 2% glucose (mock/steady),5,train,Rtg1,2% glucose (mock/steady),-0.0351424686647106,0.011860981456865741,IY036 SupCon v1-jitter b2048 lr2.4 175732,PHATE
Nrg1 @ 2% glucose (mock/steady),2,train,Nrg1,2% glucose (mock/steady),0.04304443862971994,0.0047706338772127155,IY036 SupCon v1-jitter b2048 lr2.4 175732,PHATE
Nrg1 @ 0.1% glucose,1,train,Nrg1,0.1% glucose,0.047146633273117626,-0.0015650650780067298,IY036 SupCon v1-jitter b2048 lr2.4 175732,PHATE
Rtg1 @ 0.1% glucose,4,train,Rtg1,0.1% glucose,-0.03967582376402244,0.009386803671438054,IY036 SupCon v1-jitter b2048 lr2.4 175732,PHATE
Nrg1 @ 2% glucose (mock/steady),2,train,Nrg1,2% glucose (mock/steady),0.03141152128094327,0.015761242411808887,IY036 SupCon v1-jitter b2048 lr2.4 175732,PHATE
Nrg1 @ 0.01% glucose,0,train,Nrg1,0.01% glucose,0.038128572720520414,0.003154316242433098,IY036 SupCon v1-jitter b2048 lr2.4 175732,PHATE
Rtg1 @ 0.1% glucose,4,train,Rtg1,0.1% glucose,-0.030970481273432254,0.013314239802803328,IY036 SupCon v1-jitter b2048 lr2.4 175732,PHATE
Nrg1 @ 0.1% glucose,1,train,Nrg1,0.1% glucose,0.04401595008126134,0.0034960995784205856,IY036 SupCon v1-jitter b2048 lr2.4 175732,PHATE
Rtg1 @ 0.01% glucose,3,train,Rtg1,0.01% glucose,-0.05071648073834119,-0.004926301135272783,IY036 SupCon v1-jitter b2048 lr2.4 175732,PHATE
Nrg1 @ 0.1% glucose,1,train,Nrg1,0.1% glucose,0.048619313116148734,-0.006409507743311121,IY036 SupCon v1-jitter b2048 lr2.4 175732,PHATE
Rtg1 @ 2% glucose (mock/steady),5,train,Rtg1,2% glucose (mock/steady),-0.034429601792166635,0.013208783901631774,IY036 SupCon v1-jitter b2048 lr2.4 175732,PHATE
Rtg1 @ 0.1% glucose,4,train,Rtg1,0.1% glucose,-0.030375269397223813,0.014283792102830407,IY036 SupCon v1-jitter b2048 lr2.4 175732,PHATE
Nrg1 @ 2% glucose (mock/steady),2,train,Nrg1,2% glucose (mock/steady),0.04314193283546936,0.004157229303382507,IY036 SupCon v1-jitter b2048 lr2.4 175732,PHATE
Nrg1 @ 0.1% glucose,1,train,Nrg1,0.1% glucose,0.05247913856433356,-0.01712277993179659,IY036 SupCon v1-jitter b2048 lr2.4 175732,PHATE
Nrg1 @ 2% glucose (mock/steady),2,train,Nrg1,2% glucose (mock/steady),0.0400832662328016,0.009190079269803985,IY036 SupCon v1-jitter b2048 lr2.4 175732,PHATE
Nrg1 @ 2% glucose (mock/steady),2,train,Nrg1,2% glucose (mock/steady),0.043295255194364904,0.004510760426389306,IY036 SupCon v1-jitter b2048 lr2.4 175732,PHATE
Nrg1 @ 0.01% glucose,0,train,Nrg1,0.01% glucose,0.030666303348313693,0.005327822815247375,IY036 SupCon v1-jitter b2048 lr2.4 175732,PHATE
Nrg1 @ 0.01% glucose,0,train,Nrg1,0.01% glucose,0.033498959805568364,0.0078585529718702,IY036 SupCon v1-jitter b2048 lr2.4 175732,PHATE
Rtg1 @ 0.01% glucose,3,train,Rtg1,0.01% glucose,-0.04448467533802769,0.005752093788889826,IY036 SupCon v1-jitter b2048 lr2.4 175732,PHATE
Rtg1 @ 0.1% glucose,4,train,Rtg1,0.1% glucose,-0.04365391777061644,-0.0020426124500939847,IY036 SupCon v1-jitter b2048 lr2.4 175732,PHATE
Nrg1 @ 0.01% glucose,0,train,Nrg1,0.01% glucose,0.020295362918132897,0.018572878670887083,IY036 SupCon v1-jitter b2048 lr2.4 175732,PHATE
Rtg1 @ 2% glucose (mock/steady),5,train,Rtg1,2% glucose (mock/steady),-0.04394271451454659,0.006058444056475945,IY036 SupCon v1-jitter b2048 lr2.4 175732,PHATE
Nrg1 @ 2% glucose (mock/steady),2,train,Nrg1,2% glucose (mock/steady),0.03794502366197101,0.01146225583976375,IY036 SupCon v1-jitter b2048 lr2.4 175732,PHATE
Nrg1 @ 2% glucose (mock/steady),2,train,Nrg1,2% glucose (mock/steady),0.029231459972328972,0.01934362586569156,IY036 SupCon v1-jitter b2048 lr2.4 175732,PHATE
Rtg1 @ 2% glucose (mock/steady),5,train,Rtg1,2% glucose (mock/steady),-0.0326408377562954,0.012670988567179043,IY036 SupCon v1-jitter b2048 lr2.4 175732,PHATE
Nrg1 @ 2% glucose (mock/steady),2,train,Nrg1,2% glucose (mock/steady),0.017218315564365542,0.02868908227036672,IY036 SupCon v1-jitter b2048 lr2.4 175732,PHATE
Nrg1 @ 2% glucose (mock/steady),2,train,Nrg1,2% glucose (mock/steady),0.03703706124468544,0.011311158481200614,IY036 SupCon v1-jitter b2048 lr2.4 175732,PHATE
Nrg1 @ 0.01% glucose,0,train,Nrg1,0.01% glucose,0.026300526593782264,0.014372064385978845,IY036 SupCon v1-jitter b2048 lr2.4 175732,PHATE
Rtg1 @ 0.01% glucose,3,train,Rtg1,0.01% glucose,-0.050931377540827064,-0.010268072639615074,IY036 SupCon v1-jitter b2048 lr2.4 175732,PHATE
Nrg1 @ 2% glucose (mock/steady),2,train,Nrg1,2% glucose (mock/steady),0.043020645544032496,0.004808169644142763,IY036 SupCon v1-jitter b2048 lr2.4 175732,PHATE
Rtg1 @ 0.01% glucose,3,train,Rtg1,0.01% glucose,-0.05550840580247996,-0.03191546622015549,IY036 SupCon v1-jitter b2048 lr2.4 175732,PHATE
Rtg1 @ 2% glucose (mock/steady),5,train,Rtg1,2% glucose (mock/steady),-0.050513126356950856,-0.003946624814704047,IY036 SupCon v1-jitter b2048 lr2.4 175732,PHATE
Nrg1 @ 0.1% glucose,1,train,Nrg1,0.1% glucose,0.034942487123007314,0.015170907737519402,IY036 SupCon v1-jitter b2048 lr2.4 175732,PHATE
Nrg1 @ 0.01% glucose,0,train,Nrg1,0.01% glucose,0.031658338863378904,0.0032932174002045264,IY036 SupCon v1-jitter b2048 lr2.4 175732,PHATE
Rtg1 @ 0.1% glucose,4,train,Rtg1,0.1% glucose,-0.025214034996564078,0.01749659773545253,IY036 SupCon v1-jitter b2048 lr2.4 175732,PHATE
Rtg1 @ 0.01% glucose,3,train,Rtg1,0.01% glucose,-0.05211045732138363,-0.008490101278451671,IY036 SupCon v1-jitter b2048 lr2.4 175732,PHATE
Nrg1 @ 2% glucose (mock/steady),2,train,Nrg1,2% glucose (mock/steady),0.04125899528280786,0.0073944165039263356,IY036 SupCon v1-jitter b2048 lr2.4 175732,PHATE
Rtg1 @ 0.1% glucose,4,train,Rtg1,0.1% glucose,-0.03227123423843112,0.01302520508545283,IY036 SupCon v1-jitter b2048 lr2.4 175732,PHATE
Rtg1 @ 0.01% glucose,3,train,Rtg1,0.01% glucose,-0.05275366767220226,-0.026260280320088134,IY036 SupCon v1-jitter b2048 lr2.4 175732,PHATE
Rtg1 @ 0.01% glucose,3,train,Rtg1,0.01% glucose,-0.05181640431093436,-0.011687101619312102,IY036 SupCon v1-jitter b2048 lr2.4 175732,PHATE
Rtg1 @ 2% glucose (mock/steady),5,train,Rtg1,2% glucose (mock/steady),-0.030006020353922965,0.014279015692869278,IY036 SupCon v1-jitter b2048 lr2.4 175732,PHATE
Rtg1 @ 2% glucose (mock/steady),5,train,Rtg1,2% glucose (mock/steady),-0.04537980848202178,0.001937588884481927,IY036 SupCon v1-jitter b2048 lr2.4 175732,PHATE
Nrg1 @ 2% glucose (mock/steady),2,train,Nrg1,2% glucose (mock/steady),0.038954010676758494,0.010861312169517067,IY036 SupCon v1-jitter b2048 lr2.4 175732,PHATE
Nrg1 @ 0.1% glucose,1,train,Nrg1,0.1% glucose,0.0503407405896006,-0.010409682964190613,IY036 SupCon v1-jitter b2048 lr2.4 175732,PHATE
Rtg1 @ 0.1% glucose,4,train,Rtg1,0.1% glucose,-0.0485260242943869,0.0008037583066291886,IY036 SupCon v1-jitter b2048 lr2.4 175732,PHATE
Nrg1 @ 2% glucose (mock/steady),2,train,Nrg1,2% glucose (mock/steady),0.0363544393205913,0.013674511841371991,IY036 SupCon v1-jitter b2048 lr2.4 175732,PHATE
Nrg1 @ 0.01% glucose,0,train,Nrg1,0.01% glucose,0.02846343506998833,0.003106465902855646,IY036 SupCon v1-jitter b2048 lr2.4 175732,PHATE
Nrg1 @ 2% glucose (mock/steady),2,train,Nrg1,2% glucose (mock/steady),0.04041770015602977,0.008395213299376718,IY036 SupCon v1-jitter b2048 lr2.4 175732,PHATE
Nrg1 @ 0.1% glucose,1,train,Nrg1,0.1% glucose,0.0529538603469963,-0.018149165902756465,IY036 SupCon v1-jitter b2048 lr2.4 175732,PHATE
Rtg1 @ 2% glucose (mock/steady),5,train,Rtg1,2% glucose (mock/steady),-0.04182264005933388,0.006493410709025751,IY036 SupCon v1-jitter b2048 lr2.4 175732,PHATE
Nrg1 @ 0.01% glucose,0,train,Nrg1,0.01% glucose,0.03508854253719997,0.01186787001130119,IY036 SupCon v1-jitter b2048 lr2.4 175732,PHATE
Rtg1 @ 0.1% glucose,4,train,Rtg1,0.1% glucose,-0.029798724184768192,0.014325595487471175,IY036 SupCon v1-jitter b2048 lr2.4 175732,PHATE
Rtg1 @ 0.1% glucose,4,train,Rtg1,0.1% glucose,-0.02630450976088036,0.014380856674400104,IY036 SupCon v1-jitter b2048 lr2.4 175732,PHATE
Nrg1 @ 0.01% glucose,0,train,Nrg1,0.01% glucose,0.04018630741210582,0.009394850829641805,IY036 SupCon v1-jitter b2048 lr2.4 175732,PHATE
Nrg1 @ 0.01% glucose,0,train,Nrg1,0.01% glucose,0.03043733863326416,0.0009944336400124789,IY036 SupCon v1-jitter b2048 lr2.4 175732,PHATE
Rtg1 @ 0.1% glucose,4,train,Rtg1,0.1% glucose,-0.03992524648420372,0.008786961551160915,IY036 SupCon v1-jitter b2048 lr2.4 175732,PHATE
Nrg1 @ 0.1% glucose,1,train,Nrg1,0.1% glucose,0.050969513612475106,-0.015105672150085958,IY036 SupCon v1-jitter b2048 lr2.4 175732,PHATE
Nrg1 @ 2% glucose (mock/steady),2,train,Nrg1,2% glucose (mock/steady),0.03348747165637063,0.014574814904639528,IY036 SupCon v1-jitter b2048 lr2.4 175732,PHATE
Nrg1 @ 0.01% glucose,0,train,Nrg1,0.01% glucose,0.03134174116550398,0.013091993077039591,IY036 SupCon v1-jitter b2048 lr2.4 175732,PHATE
Rtg1 @ 2% glucose (mock/steady),5,train,Rtg1,2% glucose (mock/steady),-0.03918678263247558,-0.00027087770285920735,IY036 SupCon v1-jitter b2048 lr2.4 175732,PHATE
Rtg1 @ 0.01% glucose,3,train,Rtg1,0.01% glucose,-0.05021449034510307,-0.013161244413208602,IY036 SupCon v1-jitter b2048 lr2.4 175732,PHATE
Rtg1 @ 0.1% glucose,4,train,Rtg1,0.1% glucose,-0.031524934195528403,0.013583139414103926,IY036 SupCon v1-jitter b2048 lr2.4 175732,PHATE
Nrg1 @ 0.1% glucose,1,train,Nrg1,0.1% glucose,0.03010749218942716,0.016424158388422993,IY036 SupCon v1-jitter b2048 lr2.4 175732,PHATE
Rtg1 @ 0.01% glucose,3,train,Rtg1,0.01% glucose,-0.0512571106092079,-0.041960900422817624,IY036 SupCon v1-jitter b2048 lr2.4 175732,PHATE
Rtg1 @ 2% glucose (mock/steady),5,train,Rtg1,2% glucose (mock/steady),-0.05238388395189438,-0.011642174834830538,IY036 SupCon v1-jitter b2048 lr2.4 175732,PHATE
Rtg1 @ 0.1% glucose,4,train,Rtg1,0.1% glucose,-0.02069839314734457,0.026293741627574946,IY036 SupCon v1-jitter b2048 lr2.4 175732,PHATE
Nrg1 @ 0.01% glucose,0,train,Nrg1,0.01% glucose,0.02467043581189447,0.013051606850367353,IY036 SupCon v1-jitter b2048 lr2.4 175732,PHATE
Nrg1 @ 2% glucose (mock/steady),2,train,Nrg1,2% glucose (mock/steady),0.042102695964546674,0.007000875934476525,IY036 SupCon v1-jitter b2048 lr2.4 175732,PHATE
Rtg1 @ 0.1% glucose,4,train,Rtg1,0.1% glucose,-0.04224522680282638,0.007393698816998013,IY036 SupCon v1-jitter b2048 lr2.4 175732,PHATE
Nrg1 @ 0.1% glucose,1,train,Nrg1,0.1% glucose,0.05484403656732588,-0.030706318162278666,IY036 SupCon v1-jitter b2048 lr2.4 175732,PHATE
Nrg1 @ 0.01% glucose,0,train,Nrg1,0.01% glucose,0.030091001287490482,0.001262919019731374,IY036 SupCon v1-jitter b2048 lr2.4 175732,PHATE
Rtg1 @ 0.1% glucose,4,train,Rtg1,0.1% glucose,-0.0302935664869011,0.009692213312208927,IY036 SupCon v1-jitter b2048 lr2.4 175732,PHATE
Rtg1 @ 0.1% glucose,4,train,Rtg1,0.1% glucose,-0.02661947403871078,0.016683617705305766,IY036 SupCon v1-jitter b2048 lr2.4 175732,PHATE
Rtg1 @ 0.1% glucose,4,train,Rtg1,0.1% glucose,-0.03566758551494908,0.01242486826386979,IY036 SupCon v1-jitter b2048 lr2.4 175732,PHATE
Rtg1 @ 0.1% glucose,4,train,Rtg1,0.1% glucose,-0.030909791451763164,0.008908412451167805,IY036 SupCon v1-jitter b2048 lr2.4 175732,PHATE
Nrg1 @ 0.01% glucose,0,train,Nrg1,0.01% glucose,0.02563728216393453,0.009735521080464578,IY036 SupCon v1-jitter b2048 lr2.4 175732,PHATE
Nrg1 @ 2% glucose (mock/steady),2,train,Nrg1,2% glucose (mock/steady),0.04191477365483085,0.005606819666487357,IY036 SupCon v1-jitter b2048 lr2.4 175732,PHATE
Rtg1 @ 2% glucose (mock/steady),5,train,Rtg1,2% glucose (mock/steady),-0.03173268329954395,0.01897292250914639,IY036 SupCon v1-jitter b2048 lr2.4 175732,PHATE
Nrg1 @ 0.01% glucose,0,train,Nrg1,0.01% glucose,0.028703888488709604,0.003854239378010326,IY036 SupCon v1-jitter b2048 lr2.4 175732,PHATE
Rtg1 @ 0.01% glucose,3,train,Rtg1,0.01% glucose,-0.05397040377723029,-0.01585373566157446,IY036 SupCon v1-jitter b2048 lr2.4 175732,PHATE
Rtg1 @ 0.01% glucose,3,train,Rtg1,0.01% glucose,-0.05313741831138951,-0.02900515577615292,IY036 SupCon v1-jitter b2048 lr2.4 175732,PHATE
Nrg1 @ 2% glucose (mock/steady),2,train,Nrg1,2% glucose (mock/steady),0.03922908030453593,0.010368665883465791,IY036 SupCon v1-jitter b2048 lr2.4 175732,PHATE
Rtg1 @ 2% glucose (mock/steady),5,train,Rtg1,2% glucose (mock/steady),-0.04699345174139919,0.00027541771920724836,IY036 SupCon v1-jitter b2048 lr2.4 175732,PHATE
Rtg1 @ 2% glucose (mock/steady),5,train,Rtg1,2% glucose (mock/steady),-0.048190408899704364,-0.0018479774563998712,IY036 SupCon v1-jitter b2048 lr2.4 175732,PHATE
Nrg1 @ 0.01% glucose,0,train,Nrg1,0.01% glucose,0.02799942229922822,0.008182999438117558,IY036 SupCon v1-jitter b2048 lr2.4 175732,PHATE
Nrg1 @ 0.1% glucose,1,train,Nrg1,0.1% glucose,0.05386904235449463,-0.028679494171865844,IY036 SupCon v1-jitter b2048 lr2.4 175732,PHATE
Nrg1 @ 2% glucose (mock/steady),2,train,Nrg1,2% glucose (mock/steady),0.048647699946554,-0.004871143811621936,IY036 SupCon v1-jitter b2048 lr2.4 175732,PHATE
Rtg1 @ 0.01% glucose,3,train,Rtg1,0.01% glucose,-0.052799337800119896,-0.02395817191231974,IY036 SupCon v1-jitter b2048 lr2.4 175732,PHATE
Rtg1 @ 0.01% glucose,3,train,Rtg1,0.01% glucose,-0.0507285239159635,-0.016280123415843752,IY036 SupCon v1-jitter b2048 lr2.4 175732,PHATE
Nrg1 @ 2% glucose (mock/steady),2,train,Nrg1,2% glucose (mock/steady),0.04771771570315979,-0.0030799220892933597,IY036 SupCon v1-jitter b2048 lr2.4 175732,PHATE
Rtg1 @ 0.01% glucose,3,train,Rtg1,0.01% glucose,-0.05515910121241175,-0.015591574013042979,IY036 SupCon v1-jitter b2048 lr2.4 175732,PHATE
Rtg1 @ 0.1% glucose,4,train,Rtg1,0.1% glucose,-0.02977169954851594,0.015745779195665572,IY036 SupCon v1-jitter b2048 lr2.4 175732,PHATE
Rtg1 @ 0.01% glucose,3,train,Rtg1,0.01% glucose,-0.05599427967663102,-0.02260136803798818,IY036 SupCon v1-jitter b2048 lr2.4 175732,PHATE
Nrg1 @ 0.1% glucose,1,train,Nrg1,0.1% glucose,0.054691422784470874,-0.032582621471916,IY036 SupCon v1-jitter b2048 lr2.4 175732,PHATE
Nrg1 @ 0.1% glucose,1,train,Nrg1,0.1% glucose,0.03722739115456965,0.011913192897929857,IY036 SupCon v1-jitter b2048 lr2.4 175732,PHATE
Rtg1 @ 0.01% glucose,3,train,Rtg1,0.01% glucose,-0.05406310832975959,-0.017875361929612806,IY036 SupCon v1-jitter b2048 lr2.4 175732,PHATE
Nrg1 @ 0.1% glucose,1,train,Nrg1,0.1% glucose,0.05437701305496035,-0.028151129679979053,IY036 SupCon v1-jitter b2048 lr2.4 175732,PHATE
Nrg1 @ 0.1% glucose,1,train,Nrg1,0.1% glucose,0.05474131700731019,-0.029515281818828332,IY036 SupCon v1-jitter b2048 lr2.4 175732,PHATE
Rtg1 @ 2% glucose (mock/steady),5,train,Rtg1,2% glucose (mock/steady),-0.036957856322020574,0.015461703744162225,IY036 SupCon v1-jitter b2048 lr2.4 175732,PHATE
Nrg1 @ 0.1% glucose,1,train,Nrg1,0.1% glucose,0.049436687611558554,-0.006825743664311087,IY036 SupCon v1-jitter b2048 lr2.4 175732,PHATE
Rtg1 @ 0.1% glucose,4,train,Rtg1,0.1% glucose,-0.031957358023550465,0.01631184975418277,IY036 SupCon v1-jitter b2048 lr2.4 175732,PHATE
Nrg1 @ 0.1% glucose,1,train,Nrg1,0.1% glucose,0.043501264770199354,0.0045703393795118105,IY036 SupCon v1-jitter b2048 lr2.4 175732,PHATE
Rtg1 @ 0.01% glucose,3,train,Rtg1,0.01% glucose,-0.05570113194081316,-0.025781022469156756,IY036 SupCon v1-jitter b2048 lr2.4 175732,PHATE
Nrg1 @ 0.01% glucose,0,train,Nrg1,0.01% glucose,0.023920164825055722,0.016340348053834955,IY036 SupCon v1-jitter b2048 lr2.4 175732,PHATE
Rtg1 @ 0.01% glucose,3,train,Rtg1,0.01% glucose,-0.05069298086968421,-0.008682939754868684,IY036 SupCon v1-jitter b2048 lr2.4 175732,PHATE
Rtg1 @ 0.1% glucose,4,train,Rtg1,0.1% glucose,-0.027695881871003882,0.015327635390604354,IY036 SupCon v1-jitter b2048 lr2.4 175732,PHATE
Rtg1 @ 0.1% glucose,4,train,Rtg1,0.1% glucose,-0.02662377166479284,0.013340118175811034,IY036 SupCon v1-jitter b2048 lr2.4 175732,PHATE
Nrg1 @ 0.1% glucose,1,train,Nrg1,0.1% glucose,0.053008880754824225,-0.02008730405887636,IY036 SupCon v1-jitter b2048 lr2.4 175732,PHATE
Nrg1 @ 0.01% glucose,0,train,Nrg1,0.01% glucose,0.03051516410021879,0.0014864089966911086,IY036 SupCon v1-jitter b2048 lr2.4 175732,PHATE
Rtg1 @ 0.1% glucose,4,train,Rtg1,0.1% glucose,-0.034419640887317644,0.012166230352253936,IY036 SupCon v1-jitter b2048 lr2.4 175732,PHATE
Nrg1 @ 0.01% glucose,0,train,Nrg1,0.01% glucose,0.029417730400741554,0.012276624847061548,IY036 SupCon v1-jitter b2048 lr2.4 175732,PHATE
Nrg1 @ 0.01% glucose,0,train,Nrg1,0.01% glucose,0.034514126487164745,0.0035025287260576827,IY036 SupCon v1-jitter b2048 lr2.4 175732,PHATE
Rtg1 @ 2% glucose (mock/steady),5,train,Rtg1,2% glucose (mock/steady),-0.03626711043867616,0.014615607796613887,IY036 SupCon v1-jitter b2048 lr2.4 175732,PHATE
Nrg1 @ 2% glucose (mock/steady),2,train,Nrg1,2% glucose (mock/steady),0.03487951192310717,0.01351608910664114,IY036 SupCon v1-jitter b2048 lr2.4 175732,PHATE
Nrg1 @ 0.1% glucose,1,train,Nrg1,0.1% glucose,0.05083506304123299,-0.010644975548590252,IY036 SupCon v1-jitter b2048 lr2.4 175732,PHATE
Rtg1 @ 2% glucose (mock/steady),5,train,Rtg1,2% glucose (mock/steady),-0.04150084077653411,0.008176246452409747,IY036 SupCon v1-jitter b2048 lr2.4 175732,PHATE
Rtg1 @ 0.1% glucose,4,train,Rtg1,0.1% glucose,-0.021528359244632058,0.021504381832501224,IY036 SupCon v1-jitter b2048 lr2.4 175732,PHATE
Nrg1 @ 0.1% glucose,1,train,Nrg1,0.1% glucose,0.05262508338105769,-0.02100814112160777,IY036 SupCon v1-jitter b2048 lr2.4 175732,PHATE
Nrg1 @ 2% glucose (mock/steady),2,train,Nrg1,2% glucose (mock/steady),0.04262131929624697,0.0052488629536508735,IY036 SupCon v1-jitter b2048 lr2.4 175732,PHATE
Nrg1 @ 0.01% glucose,0,train,Nrg1,0.01% glucose,0.03138371273057013,0.00714780011723497,IY036 SupCon v1-jitter b2048 lr2.4 175732,PHATE
Nrg1 @ 2% glucose (mock/steady),2,train,Nrg1,2% glucose (mock/steady),0.04120008699228287,0.007537369149875377,IY036 SupCon v1-jitter b2048 lr2.4 175732,PHATE
Nrg1 @ 2% glucose (mock/steady),2,train,Nrg1,2% glucose (mock/steady),0.04217718405468153,0.0057075824387195235,IY036 SupCon v1-jitter b2048 lr2.4 175732,PHATE
Nrg1 @ 2% glucose (mock/steady),2,train,Nrg1,2% glucose (mock/steady),0.0327342926000157,0.014990035192750129,IY036 SupCon v1-jitter b2048 lr2.4 175732,PHATE
Rtg1 @ 2% glucose (mock/steady),5,train,Rtg1,2% glucose (mock/steady),-0.015796877789879687,0.02330199881178371,IY036 SupCon v1-jitter b2048 lr2.4 175732,PHATE
Nrg1 @ 2% glucose (mock/steady),2,train,Nrg1,2% glucose (mock/steady),0.042097199390994815,0.005116628944065758,IY036 SupCon v1-jitter b2048 lr2.4 175732,PHATE
Rtg1 @ 0.1% glucose,4,train,Rtg1,0.1% glucose,-0.0313533322947983,0.014348122633361077,IY036 SupCon v1-jitter b2048 lr2.4 175732,PHATE
Rtg1 @ 0.01% glucose,3,train,Rtg1,0.01% glucose,-0.05211550668349889,-0.04335821657979138,IY036 SupCon v1-jitter b2048 lr2.4 175732,PHATE
Rtg1 @ 2% glucose (mock/steady),5,train,Rtg1,2% glucose (mock/steady),-0.04908367471676177,-0.0003467842492747049,IY036 SupCon v1-jitter b2048 lr2.4 175732,PHATE
Rtg1 @ 0.1% glucose,4,train,Rtg1,0.1% glucose,-0.048793922161571676,-0.0007388085873912484,IY036 SupCon v1-jitter b2048 lr2.4 175732,PHATE
Nrg1 @ 0.01% glucose,0,train,Nrg1,0.01% glucose,0.02510002042656491,0.010575392255979414,IY036 SupCon v1-jitter b2048 lr2.4 175732,PHATE
Nrg1 @ 0.01% glucose,0,train,Nrg1,0.01% glucose,0.02607067088157772,0.007653440726399291,IY036 SupCon v1-jitter b2048 lr2.4 175732,PHATE
Rtg1 @ 2% glucose (mock/steady),5,train,Rtg1,2% glucose (mock/steady),-0.02062538483692546,0.025781061758381164,IY036 SupCon v1-jitter b2048 lr2.4 175732,PHATE
Rtg1 @ 0.1% glucose,4,train,Rtg1,0.1% glucose,-0.014693016971109252,0.028611011410554072,IY036 SupCon v1-jitter b2048 lr2.4 175732,PHATE
Nrg1 @ 0.1% glucose,1,train,Nrg1,0.1% glucose,0.0532650793266698,-0.023584019345890883,IY036 SupCon v1-jitter b2048 lr2.4 175732,PHATE
Nrg1 @ 2% glucose (mock/steady),2,train,Nrg1,2% glucose (mock/steady),0.04547881339384562,0.0009983592701580742,IY036 SupCon v1-jitter b2048 lr2.4 175732,PHATE
Rtg1 @ 2% glucose (mock/steady),5,train,Rtg1,2% glucose (mock/steady),-0.04858656810706828,-0.00040651181410388513,IY036 SupCon v1-jitter b2048 lr2.4 175732,PHATE
Rtg1 @ 0.01% glucose,3,train,Rtg1,0.01% glucose,-0.056169119711462184,-0.02311464434168549,IY036 SupCon v1-jitter b2048 lr2.4 175732,PHATE
Nrg1 @ 2% glucose (mock/steady),2,train,Nrg1,2% glucose (mock/steady),0.040186131806408544,0.007795593642130749,IY036 SupCon v1-jitter b2048 lr2.4 175732,PHATE
Rtg1 @ 0.1% glucose,4,train,Rtg1,0.1% glucose,-0.028396093973340333,0.013596858368689237,IY036 SupCon v1-jitter b2048 lr2.4 175732,PHATE
Rtg1 @ 2% glucose (mock/steady),5,train,Rtg1,2% glucose (mock/steady),-0.04173874387857618,0.007598806045609239,IY036 SupCon v1-jitter b2048 lr2.4 175732,PHATE
Rtg1 @ 2% glucose (mock/steady),5,train,Rtg1,2% glucose (mock/steady),-0.0374839417031408,0.010797893548431381,IY036 SupCon v1-jitter b2048 lr2.4 175732,PHATE
Rtg1 @ 0.01% glucose,3,train,Rtg1,0.01% glucose,-0.05492723533605879,-0.020191996528124243,IY036 SupCon v1-jitter b2048 lr2.4 175732,PHATE
Nrg1 @ 0.01% glucose,0,train,Nrg1,0.01% glucose,0.03071969840698358,0.004551641649979967,IY036 SupCon v1-jitter b2048 lr2.4 175732,PHATE
Rtg1 @ 0.01% glucose,3,train,Rtg1,0.01% glucose,-0.05423839199647955,-0.03536046467434336,IY036 SupCon v1-jitter b2048 lr2.4 175732,PHATE
Nrg1 @ 0.01% glucose,0,train,Nrg1,0.01% glucose,0.02707554067659005,0.005018230584168101,IY036 SupCon v1-jitter b2048 lr2.4 175732,PHATE
Rtg1 @ 2% glucose (mock/steady),5,train,Rtg1,2% glucose (mock/steady),-0.05626529204111136,-0.02479149518314686,IY036 SupCon v1-jitter b2048 lr2.4 175732,PHATE
Rtg1 @ 0.01% glucose,3,train,Rtg1,0.01% glucose,-0.05126766213557566,-0.04155596116315821,IY036 SupCon v1-jitter b2048 lr2.4 175732,PHATE
Rtg1 @ 0.1% glucose,4,train,Rtg1,0.1% glucose,-0.024256035999408995,0.018545258034551537,IY036 SupCon v1-jitter b2048 lr2.4 175732,PHATE
Rtg1 @ 0.1% glucose,4,train,Rtg1,0.1% glucose,-0.026717894341926753,0.0133143547061197,IY036 SupCon v1-jitter b2048 lr2.4 175732,PHATE
Nrg1 @ 0.1% glucose,1,train,Nrg1,0.1% glucose,0.051334568523667835,-0.012382812650046841,IY036 SupCon v1-jitter b2048 lr2.4 175732,PHATE
Nrg1 @ 0.01% glucose,0,train,Nrg1,0.01% glucose,0.0241596135922957,0.013411861662628468,IY036 SupCon v1-jitter b2048 lr2.4 175732,PHATE
Rtg1 @ 2% glucose (mock/steady),5,train,Rtg1,2% glucose (mock/steady),-0.027817153413129413,0.013846886486737514,IY036 SupCon v1-jitter b2048 lr2.4 175732,PHATE
Rtg1 @ 0.01% glucose,3,train,Rtg1,0.01% glucose,-0.05367278725614836,-0.033240345878282465,IY036 SupCon v1-jitter b2048 lr2.4 175732,PHATE
Rtg1 @ 0.01% glucose,3,train,Rtg1,0.01% glucose,-0.05320347286351712,-0.03923473900497126,IY036 SupCon v1-jitter b2048 lr2.4 175732,PHATE
Rtg1 @ 0.01% glucose,3,train,Rtg1,0.01% glucose,-0.05247985735238257,-0.007888466833942474,IY036 SupCon v1-jitter b2048 lr2.4 175732,PHATE
Nrg1 @ 0.1% glucose,1,train,Nrg1,0.1% glucose,0.05422511383156291,-0.02431973507767498,IY036 SupCon v1-jitter b2048 lr2.4 175732,PHATE
Nrg1 @ 2% glucose (mock/steady),2,test,Nrg1,2% glucose (mock/steady),0.0490234555322365,-0.010082522552828144,IY036 SupCon v1-jitter b2048 lr2.4 175732,PHATE
Rtg1 @ 0.1% glucose,4,test,Rtg1,0.1% glucose,-0.022236934430010877,0.020789588547333655,IY036 SupCon v1-jitter b2048 lr2.4 175732,PHATE
Rtg1 @ 0.1% glucose,4,test,Rtg1,0.1% glucose,-0.02281315160085767,0.015745544147773894,IY036 SupCon v1-jitter b2048 lr2.4 175732,PHATE
Nrg1 @ 0.1% glucose,1,test,Nrg1,0.1% glucose,0.0548058092769484,-0.02909572103842505,IY036 SupCon v1-jitter b2048 lr2.4 175732,PHATE
Nrg1 @ 0.1% glucose,1,test,Nrg1,0.1% glucose,0.05512363853525747,-0.03185645256504169,IY036 SupCon v1-jitter b2048 lr2.4 175732,PHATE
Rtg1 @ 0.01% glucose,3,test,Rtg1,0.01% glucose,-0.04704833289766332,-0.006285030342041745,IY036 SupCon v1-jitter b2048 lr2.4 175732,PHATE
Rtg1 @ 2% glucose (mock/steady),5,test,Rtg1,2% glucose (mock/steady),-0.03496040825096058,0.013871595218471856,IY036 SupCon v1-jitter b2048 lr2.4 175732,PHATE
Nrg1 @ 0.1% glucose,1,test,Nrg1,0.1% glucose,0.0545633974357273,-0.03173849520634909,IY036 SupCon v1-jitter b2048 lr2.4 175732,PHATE
Rtg1 @ 0.01% glucose,3,test,Rtg1,0.01% glucose,-0.05419965507233501,-0.01636688790591918,IY036 SupCon v1-jitter b2048 lr2.4 175732,PHATE
Rtg1 @ 2% glucose (mock/steady),5,test,Rtg1,2% glucose (mock/steady),-0.04137680356900756,0.008199581531641534,IY036 SupCon v1-jitter b2048 lr2.4 175732,PHATE
Nrg1 @ 0.01% glucose,0,test,Nrg1,0.01% glucose,0.034561275430506105,0.002348042624217771,IY036 SupCon v1-jitter b2048 lr2.4 175732,PHATE
Nrg1 @ 0.1% glucose,1,test,Nrg1,0.1% glucose,0.05391139427135502,-0.02385245074382858,IY036 SupCon v1-jitter b2048 lr2.4 175732,PHATE
Nrg1 @ 0.1% glucose,1,test,Nrg1,0.1% glucose,0.05405667596505018,-0.02500203279288558,IY036 SupCon v1-jitter b2048 lr2.4 175732,PHATE
Rtg1 @ 2% glucose (mock/steady),5,test,Rtg1,2% glucose (mock/steady),-0.040707962878951016,0.008336980575980818,IY036 SupCon v1-jitter b2048 lr2.4 175732,PHATE
Nrg1 @ 0.01% glucose,0,test,Nrg1,0.01% glucose,0.029918647304424697,0.0011190525183239464,IY036 SupCon v1-jitter b2048 lr2.4 175732,PHATE
Rtg1 @ 2% glucose (mock/steady),5,test,Rtg1,2% glucose (mock/steady),-0.03684406921793626,0.011549673180076278,IY036 SupCon v1-jitter b2048 lr2.4 175732,PHATE
Nrg1 @ 2% glucose (mock/steady),2,test,Nrg1,2% glucose (mock/steady),0.051295142723376944,-0.01569528429333867,IY036 SupCon v1-jitter b2048 lr2.4 175732,PHATE
Nrg1 @ 2% glucose (mock/steady),2,test,Nrg1,2% glucose (mock/steady),0.04348345278924238,0.004073780808860805,IY036 SupCon v1-jitter b2048 lr2.4 175732,PHATE
Rtg1 @ 2% glucose (mock/steady),5,test,Rtg1,2% glucose (mock/steady),-0.02173044843770388,0.017918630851250474,IY036 SupCon v1-jitter b2048 lr2.4 175732,PHATE
Rtg1 @ 0.1% glucose,4,test,Rtg1,0.1% glucose,-0.025588784911263707,0.014337499416787433,IY036 SupCon v1-jitter b2048 lr2.4 175732,PHATE
Rtg1 @ 0.01% glucose,3,test,Rtg1,0.01% glucose,-0.055324124480340305,-0.017512716518094655,IY036 SupCon v1-jitter b2048 lr2.4 175732,PHATE
Rtg1 @ 0.1% glucose,4,test,Rtg1,0.1% glucose,-0.032722284405694003,0.0141035073166672,IY036 SupCon v1-jitter b2048 lr2.4 175732,PHATE
Nrg1 @ 2% glucose (mock/steady),2,test,Nrg1,2% glucose (mock/steady),0.038968760579022085,0.010130493106860634,IY036 SupCon v1-jitter b2048 lr2.4 175732,PHATE
Rtg1 @ 0.1% glucose,4,test,Rtg1,0.1% glucose,-0.029804488915869946,0.014981419393682366,IY036 SupCon v1-jitter b2048 lr2.4 175732,PHATE
Nrg1 @ 2% glucose (mock/steady),2,test,Nrg1,2% glucose (mock/steady),0.041760261354668766,0.006614035682505437,IY036 SupCon v1-jitter b2048 lr2.4 175732,PHATE
Rtg1 @ 0.01% glucose,3,test,Rtg1,0.01% glucose,-0.04910710347133015,-0.0014277550969696955,IY036 SupCon v1-jitter b2048 lr2.4 175732,PHATE
Rtg1 @ 2% glucose (mock/steady),5,test,Rtg1,2% glucose (mock/steady),-0.04467894697432429,0.004928551530254251,IY036 SupCon v1-jitter b2048 lr2.4 175732,PHATE
Rtg1 @ 2% glucose (mock/steady),5,test,Rtg1,2% glucose (mock/steady),-0.0431264411950864,0.006435226587122902,IY036 SupCon v1-jitter b2048 lr2.4 175732,PHATE
Rtg1 @ 0.1% glucose,4,test,Rtg1,0.1% glucose,-0.0242402981138722,0.01547745385780806,IY036 SupCon v1-jitter b2048 lr2.4 175732,PHATE
Rtg1 @ 0.01% glucose,3,test,Rtg1,0.01% glucose,-0.04265768815972779,0.006379827871940572,IY036 SupCon v1-jitter b2048 lr2.4 175732,PHATE
Nrg1 @ 0.01% glucose,0,test,Nrg1,0.01% glucose,0.030994313146121662,0.004483861982016685,IY036 SupCon v1-jitter b2048 lr2.4 175732,PHATE
Rtg1 @ 2% glucose (mock/steady),5,test,Rtg1,2% glucose (mock/steady),-0.028964265666647705,0.016477995469680096,IY036 SupCon v1-jitter b2048 lr2.4 175732,PHATE
Rtg1 @ 0.01% glucose,3,test,Rtg1,0.01% glucose,-0.04458690191035104,0.002110636150084481,IY036 SupCon v1-jitter b2048 lr2.4 175732,PHATE
Nrg1 @ 0.01% glucose,0,test,Nrg1,0.01% glucose,0.028431295980731724,0.0022202856194632843,IY036 SupCon v1-jitter b2048 lr2.4 175732,PHATE
Nrg1 @ 2% glucose (mock/steady),2,test,Nrg1,2% glucose (mock/steady),0.0332760520884304,0.015103243482627931,IY036 SupCon v1-jitter b2048 lr2.4 175732,PHATE
Nrg1 @ 0.1% glucose,1,test,Nrg1,0.1% glucose,0.053057743451707245,-0.019041705371964465,IY036 SupCon v1-jitter b2048 lr2.4 175732,PHATE
Nrg1 @ 0.01% glucose,0,test,Nrg1,0.01% glucose,0.02920272673563543,0.008382999255659091,IY036 SupCon v1-jitter b2048 lr2.4 175732,PHATE
Rtg1 @ 0.01% glucose,3,test,Rtg1,0.01% glucose,-0.05204200786712998,-0.020174561278257695,IY036 SupCon v1-jitter b2048 lr2.4 175732,PHATE
Rtg1 @ 0.1% glucose,4,test,Rtg1,0.1% glucose,-0.01002476174093891,0.028233215680855097,IY036 SupCon v1-jitter b2048 lr2.4 175732,PHATE
Rtg1 @ 0.1% glucose,4,test,Rtg1,0.1% glucose,-0.03342866168227971,0.013711368548122653,IY036 SupCon v1-jitter b2048 lr2.4 175732,PHATE
Rtg1 @ 2% glucose (mock/steady),5,test,Rtg1,2% glucose (mock/steady),-0.019751241153088985,0.022516042326327246,IY036 SupCon v1-jitter b2048 lr2.4 175732,PHATE
Nrg1 @ 2% glucose (mock/steady),2,test,Nrg1,2% glucose (mock/steady),0.03686713138264155,0.013043537766134716,IY036 SupCon v1-jitter b2048 lr2.4 175732,PHATE
Nrg1 @ 0.1% glucose,1,test,Nrg1,0.1% glucose,0.05165233029374317,-0.013231430088931299,IY036 SupCon v1-jitter b2048 lr2.4 175732,PHATE
Nrg1 @ 2% glucose (mock/steady),2,test,Nrg1,2% glucose (mock/steady),0.049371709024040554,-0.007256099368514466,IY036 SupCon v1-jitter b2048 lr2.4 175732,PHATE
Nrg1 @ 0.01% glucose,0,test,Nrg1,0.01% glucose,0.027851207660246426,0.005446792080416971,IY036 SupCon v1-jitter b2048 lr2.4 175732,PHATE
Rtg1 @ 0.1% glucose,4,test,Rtg1,0.1% glucose,-0.02887901141851846,0.01576853678945102,IY036 SupCon v1-jitter b2048 lr2.4 175732,PHATE
Nrg1 @ 2% glucose (mock/steady),2,test,Nrg1,2% glucose (mock/steady),0.04178645705133861,0.005913572514753331,IY036 SupCon v1-jitter b2048 lr2.4 175732,PHATE
Nrg1 @ 0.1% glucose,1,test,Nrg1,0.1% glucose,0.054989447440446475,-0.03304950417063461,IY036 SupCon v1-jitter b2048 lr2.4 175732,PHATE
Nrg1 @ 0.01% glucose,0,test,Nrg1,0.01% glucose,0.029697026344711247,0.009804309566626266,IY036 SupCon v1-jitter b2048 lr2.4 175732,PHATE
Nrg1 @ 2% glucose (mock/steady),2,test,Nrg1,2% glucose (mock/steady),0.035952437800721174,0.012582089839750744,IY036 SupCon v1-jitter b2048 lr2.4 175732,PHATE
Nrg1 @ 2% glucose (mock/steady),2,test,Nrg1,2% glucose (mock/steady),0.03797968147385629,0.011803176587829567,IY036 SupCon v1-jitter b2048 lr2.4 175732,PHATE
Nrg1 @ 0.1% glucose,1,test,Nrg1,0.1% glucose,0.054541886043758585,-0.02716250644012911,IY036 SupCon v1-jitter b2048 lr2.4 175732,PHATE
Rtg1 @ 2% glucose (mock/steady),5,test,Rtg1,2% glucose (mock/steady),-0.03724017089344737,0.010697928337367124,IY036 SupCon v1-jitter b2048 lr2.4 175732,PHATE
Rtg1 @ 0.01% glucose,3,test,Rtg1,0.01% glucose,-0.05149911343889975,-0.03880764722462228,IY036 SupCon v1-jitter b2048 lr2.4 175732,PHATE
Nrg1 @ 2% glucose (mock/steady),2,test,Nrg1,2% glucose (mock/steady),0.05488797656092638,-0.034537003419205695,IY036 SupCon v1-jitter b2048 lr2.4 175732,PHATE
Rtg1 @ 2% glucose (mock/steady),5,test,Rtg1,2% glucose (mock/steady),-0.04907992687612855,-0.0006103794156518149,IY036 SupCon v1-jitter b2048 lr2.4 175732,PHATE
Nrg1 @ 0.1% glucose,1,test,Nrg1,0.1% glucose,0.05480340820345601,-0.028911124264324527,IY036 SupCon v1-jitter b2048 lr2.4 175732,PHATE
Rtg1 @ 2% glucose (mock/steady),5,test,Rtg1,2% glucose (mock/steady),-0.049939811307419285,-0.0027752848568523046,IY036 SupCon v1-jitter b2048 lr2.4 175732,PHATE
Nrg1 @ 0.01% glucose,0,test,Nrg1,0.01% glucose,0.03542958227710147,0.006888825872515812,IY036 SupCon v1-jitter b2048 lr2.4 175732,PHATE
Nrg1 @ 0.01% glucose,0,test,Nrg1,0.01% glucose,0.027701806220393962,0.01361471958239094,IY036 SupCon v1-jitter b2048 lr2.4 175732,PHATE
Rtg1 @ 0.01% glucose,3,test,Rtg1,0.01% glucose,-0.04093648209315292,0.005788815076966352,IY036 SupCon v1-jitter b2048 lr2.4 175732,PHATE
Rtg1 @ 0.1% glucose,4,test,Rtg1,0.1% glucose,-0.015059757303254413,0.02432959810515208,IY036 SupCon v1-jitter b2048 lr2.4 175732,PHATE
Rtg1 @ 0.01% glucose,3,test,Rtg1,0.01% glucose,-0.05393404316914016,-0.015458864491871161,IY036 SupCon v1-jitter b2048 lr2.4 175732,PHATE
Rtg1 @ 0.1% glucose,4,test,Rtg1,0.1% glucose,-0.03380886468949465,0.01218609803834994,IY036 SupCon v1-jitter b2048 lr2.4 175732,PHATE
Rtg1 @ 0.1% glucose,4,test,Rtg1,0.1% glucose,-0.02801194583398134,0.01370302711321386,IY036 SupCon v1-jitter b2048 lr2.4 175732,PHATE
Nrg1 @ 0.01% glucose,0,test,Nrg1,0.01% glucose,0.030939308264309302,0.007541316550553099,IY036 SupCon v1-jitter b2048 lr2.4 175732,PHATE
Nrg1 @ 0.1% glucose,1,test,Nrg1,0.1% glucose,0.0497126225561136,-0.006881784882601404,IY036 SupCon v1-jitter b2048 lr2.4 175732,PHATE
Nrg1 @ 0.01% glucose,0,test,Nrg1,0.01% glucose,0.031953045954026996,0.005881605772993617,IY036 SupCon v1-jitter b2048 lr2.4 175732,PHATE
Rtg1 @ 2% glucose (mock/steady),5,test,Rtg1,2% glucose (mock/steady),-0.04157956880760247,0.007943967175745487,IY036 SupCon v1-jitter b2048 lr2.4 175732,PHATE
Rtg1 @ 2% glucose (mock/steady),5,test,Rtg1,2% glucose (mock/steady),-0.04554225962549083,0.0011744194675298526,IY036 SupCon v1-jitter b2048 lr2.4 175732,PHATE
Rtg1 @ 0.01% glucose,3,test,Rtg1,0.01% glucose,-0.04707198516114439,-0.004314124269391876,IY036 SupCon v1-jitter b2048 lr2.4 175732,PHATE
Nrg1 @ 0.01% glucose,0,test,Nrg1,0.01% glucose,0.02982559600372447,0.00017623641392553266,IY036 SupCon v1-jitter b2048 lr2.4 175732,PHATE
Rtg1 @ 2% glucose (mock/steady),5,test,Rtg1,2% glucose (mock/steady),-0.03335011525645573,0.012416120868997155,IY036 SupCon v1-jitter b2048 lr2.4 175732,PHATE
Nrg1 @ 2% glucose (mock/steady),2,test,Nrg1,2% glucose (mock/steady),0.04534787659327382,0.0016307544831605917,IY036 SupCon v1-jitter b2048 lr2.4 175732,PHATE
Rtg1 @ 2% glucose (mock/steady),5,test,Rtg1,2% glucose (mock/steady),-0.040636387388031624,0.00899750653910931,IY036 SupCon v1-jitter b2048 lr2.4 175732,PHATE
Rtg1 @ 0.01% glucose,3,test,Rtg1,0.01% glucose,-0.056230320693283174,-0.022864277879074114,IY036 SupCon v1-jitter b2048 lr2.4 175732,PHATE
Rtg1 @ 0.01% glucose,3,test,Rtg1,0.01% glucose,-0.052019652516723684,-0.0314441666475035,IY036 SupCon v1-jitter b2048 lr2.4 175732,PHATE
Rtg1 @ 0.1% glucose,4,test,Rtg1,0.1% glucose,-0.030932992360679253,0.013318309321228477,IY036 SupCon v1-jitter b2048 lr2.4 175732,PHATE
Rtg1 @ 0.01% glucose,3,test,Rtg1,0.01% glucose,-0.05127738576417428,-0.042463880428817574,IY036 SupCon v1-jitter b2048 lr2.4 175732,PHATE
Rtg1 @ 0.01% glucose,3,test,Rtg1,0.01% glucose,-0.05584376112049791,-0.020609124494414113,IY036 SupCon v1-jitter b2048 lr2.4 175732,PHATE
Nrg1 @ 0.1% glucose,1,test,Nrg1,0.1% glucose,0.04545930590547779,0.0010966281930997587,IY036 SupCon v1-jitter b2048 lr2.4 175732,PHATE
Rtg1 @ 0.1% glucose,4,test,Rtg1,0.1% glucose,-0.05165451136695571,-0.0061823224651496944,IY036 SupCon v1-jitter b2048 lr2.4 175732,PHATE
Nrg1 @ 0.1% glucose,1,test,Nrg1,0.1% glucose,0.05364969020600013,-0.021406877925200168,IY036 SupCon v1-jitter b2048 lr2.4 175732,PHATE
Nrg1 @ 2% glucose (mock/steady),2,test,Nrg1,2% glucose (mock/steady),0.03357685535004911,0.014354101803478942,IY036 SupCon v1-jitter b2048 lr2.4 175732,PHATE
Rtg1 @ 0.1% glucose,4,test,Rtg1,0.1% glucose,-0.033067700535443945,0.009039619086598595,IY036 SupCon v1-jitter b2048 lr2.4 175732,PHATE
Rtg1 @ 0.01% glucose,3,test,Rtg1,0.01% glucose,-0.05405379519425952,-0.011487286036131947,IY036 SupCon v1-jitter b2048 lr2.4 175732,PHATE
Nrg1 @ 2% glucose (mock/steady),2,test,Nrg1,2% glucose (mock/steady),0.04134473684127887,0.00710866907206919,IY036 SupCon v1-jitter b2048 lr2.4 175732,PHATE
Nrg1 @ 2% glucose (mock/steady),2,test,Nrg1,2% glucose (mock/steady),0.051840742825226126,-0.01751169841714385,IY036 SupCon v1-jitter b2048 lr2.4 175732,PHATE
Nrg1 @ 0.01% glucose,0,test,Nrg1,0.01% glucose,-0.023105835991004704,0.020318437626222662,IY036 SupCon v1-jitter b2048 lr2.4 175732,PHATE
Nrg1 @ 0.01% glucose,0,test,Nrg1,0.01% glucose,0.03359150978470923,0.008208057466378869,IY036 SupCon v1-jitter b2048 lr2.4 175732,PHATE
Nrg1 @ 0.01% glucose,0,test,Nrg1,0.01% glucose,0.02624143506549743,0.01184716500150872,IY036 SupCon v1-jitter b2048 lr2.4 175732,PHATE
Rtg1 @ 0.1% glucose,4,test,Rtg1,0.1% glucose,-0.03345841555989479,0.013982001372739259,IY036 SupCon v1-jitter b2048 lr2.4 175732,PHATE
Nrg1 @ 0.1% glucose,1,test,Nrg1,0.1% glucose,0.04390386780174186,0.004541560918438802,IY036 SupCon v1-jitter b2048 lr2.4 175732,PHATE
Nrg1 @ 0.1% glucose,1,test,Nrg1,0.1% glucose,0.05413932497204284,-0.02464585669490467,IY036 SupCon v1-jitter b2048 lr2.4 175732,PHATE
