epoch,train_loss,val_loss,lr,eval_epoch,eval/knn_val_acc_smooth,eval/knn_val_acc,eval/svm_val_acc,eval/knn_train_acc,eval/svm_train_acc
1,8.90588092803955,6.124847499295372,0.0,10.0,0.6486781174920561,0.6486781174920561,0.6976391149345114,0.7437731237934554,0.6985176285848791
2,8.907332420349121,6.120995820704945,0.014285714285714284,20.0,0.652632382004185,0.656586646516314,0.7095956366736417,0.7299750792251575,0.693304534238222
3,8.904325485229492,6.108573182203534,0.028571428571428567,30.0,0.6672963651863908,0.6966243315508022,0.6987260714562504,0.7531426242405285,0.7236851388454454
4,8.886348724365234,6.077731760370463,0.04285714285714285,40.0,0.6887241985068072,0.7129616174533054,0.7272586801519026,0.7644978957545426,0.7129867015478526
5,8.850828170776367,6.028016045560457,0.057142857142857134,50.0,0.7213217533390167,0.7543793110129426,0.7650037781911183,0.7869085285131577,0.7685002906765498
6,8.787225723266602,5.9628052323075265,0.07142857142857142,60.0,0.74315356247901,0.762119758970782,0.7746197589707818,0.7804074605927905,0.7744586939144337
7,8.72513198852539,5.915311926985531,0.0857142857142857,70.0,0.7657198584308559,0.7806605053088429,0.8129761489576067,0.802813796393715,0.8122069222092682
8,8.692474365234375,5.900662282517299,0.09999999999999999,80.0,0.783484460978067,0.8076731186545764,0.8479447609083159,0.8195166001586083,0.8411961971924438
9,8.682208061218262,5.895005207334482,0.11428571428571427,90.0,0.7962534552688005,0.8004267418429823,0.813684317600558,0.8185824462959276,0.8214617081038726
10,8.677265167236328,5.894697430435459,0.12857142857142856,100.0,0.7889764008370146,0.7588293420134852,0.8044732814074247,0.7976635687497433,0.7842546674123153
11,8.670390129089355,5.889323737840305,0.14285714285714285,110.0,0.7623487108941073,0.7277900488258543,0.8124525304192822,0.7910471227760874,0.81681643617912
12,8.666050910949707,5.888546188534649,0.15714285714285714,120.0,0.7596873466118989,0.7924426489963573,0.7656228202743548,0.8116906079879179,0.8022689753335671
13,8.663862705230713,5.881804524509291,0.1714285714285714,130.0,0.7662848110258595,0.778621735255367,0.7878313182980702,0.8192240199934915,0.8094144368299827
14,8.656628131866455,5.879017905924514,0.18571428571428572,140.0,0.7670254333617504,0.7300119158335271,0.7908122142137488,0.7711029832260673,0.7984980000189572
15,8.652313232421875,5.877899278387867,0.19999999999999998,150.0,0.7601622038802346,0.7718529605518096,0.8082660040300705,0.8055514244730698,0.8057033187679106
16,8.6544508934021,5.876640930126197,0.21428571428571427,160.0,0.7542509493916144,0.7608879717895064,0.7783616213283732,0.7979403433774719,0.8173183824481915
17,8.649139881134033,5.8737365525971255,0.22857142857142854,170.0,0.7589709434498437,0.7441718980082151,0.8042887313027979,0.7965260123916678,0.8124211144918058
18,8.650166988372803,5.871072374968636,0.24285714285714285,180.0,0.7663639269937225,0.7940319111834458,0.7933188987057274,0.7938130128308422,0.8174587286692385
19,8.653396606445312,5.869310966810692,0.2571428571428571,190.0,0.7799854362034669,0.8017524994187398,0.8288852398666977,0.811375595176033,0.812585899659719
20,8.64963436126709,5.867312973045601,0.2714285714285714,200.0,0.8004415962696014,0.8055403782066186,0.7949590211578702,0.8084613889915735,0.7989261950123696
21,8.64370059967041,5.860865689233023,0.2857142857142857,210.0,0.7998185176573923,0.7921626753468186,0.8022252576920095,0.8156535325099604,0.8161715686739147
22,8.64542818069458,5.85805864722518,0.3,220.0,0.8051693404634581,0.817804967836937,0.799529179260637,0.8165887843085216,0.8082819910079843
23,8.641720294952393,5.8722540861192565,0.3142857142857143,230.0,0.7930712172879693,0.7692460086801519,0.8056096450437882,0.8221451534424634,0.8396955637071369
24,8.653075218200684,5.853854838235746,0.32857142857142857,240.0,0.7794727970239479,0.7513674145547546,0.7684574323800666,0.813117205840071,0.8187850352129363
25,8.643182754516602,5.8494767700572154,0.3428571428571428,250.0,0.7708139579942649,0.7918284507478881,0.7708057234751609,0.7988749711693096,0.8112952957791868
26,8.63722276687622,5.847744236992384,0.35714285714285715,260.0,0.7765737619158335,0.7865254204448577,0.7646249903123304,0.829337486532513,0.8235709377162301
27,8.640241622924805,5.849296023155622,0.37142857142857144,270.0,0.793019711178279,0.8007052623420909,0.7829516391536852,0.820904959826605,0.8069184494301792
28,8.631079196929932,5.843326381215603,0.38571428571428573,280.0,0.8020408690485415,0.8188919243586762,0.7597898744478028,0.8387695693247773,0.8133406555388101
29,8.626209259033203,5.838557363589467,0.39999999999999997,290.0,0.797874202381875,0.7740254204448579,0.767894094396652,0.8253749411537963,0.8321425231356416
30,8.622406959533691,5.841786875262004,0.41428571428571426,300.0,0.7892016391536852,0.7746875726575215,0.7625910640936217,0.8276223211154395,0.8294275172747178
31,8.619856834411621,5.828854910422446,0.42857142857142855,310.0,0.7920743560928983,0.8275100751763156,0.7970423544912034,0.796947485489869,0.7904803035042324
32,8.61473274230957,5.82785145724047,0.4428571428571429,320.0,0.7922653646438813,0.7745984460978067,0.7911464388126793,0.81856773869442,0.8026849982464622
33,8.6202974319458,5.821402128275801,0.4571428571428571,330.0,0.7917223707664883,0.7730585910253428,0.7517709059908548,0.811439370242936,0.8340628129907142
34,8.614791870117188,5.819478635771436,0.4714285714285714,340.0,0.7701227427729984,0.7627111911958459,0.8226400837014648,0.8186990170709282,0.8240626234190515
35,8.61395788192749,5.81042034291312,0.4857142857142857,350.0,0.777902748714769,0.7979384639231187,0.774638165542897,0.8293878020113553,0.8144143420441511
36,8.61192798614502,5.81113886296026,0.5,360.0,0.7908759913715157,0.8119783189955824,0.792704700457258,0.8323814940142746,0.8229008176857723
37,8.6024808883667,5.8461263268617865,0.5142857142857142,370.0,0.8048131571469167,0.8045226885220491,0.7662849724870185,0.8121817644698469,0.8389592278746173
38,8.635412216186523,5.800932827194187,0.5285714285714286,380.0,0.8114419450257045,0.8178248275594823,0.7908306207858637,0.8310956215264942,0.8473432558301184
39,8.601042747497559,5.8119122959298934,0.5428571428571428,390.0,0.8082853793691389,0.8025086220258855,0.8042083236456637,0.8354240639109265,0.8552088684783398
40,8.59849500656128,5.800431004843224,0.5571428571428572,400.0,0.8034704461494742,0.790077888863055,0.7845806207858637,0.824972433120697,0.8351987974837521
41,8.581653118133545,5.772067712539197,0.5714285714285714,410.0,0.7995080278488206,0.8059375726575215,0.8180340812214214,0.8253240569599657,0.8457646136055583
42,8.590254783630371,5.735599714300662,0.5857142857142856,420.0,0.8116862357591258,0.8390432457568008,0.8297813492986128,0.81248642192965,0.8537809278269085
43,8.570815563201904,6.039585011257456,0.6,430.0,0.831124544679532,0.8483928156242735,0.8385690343331008,0.8122947570797115,0.8469384966335233
44,8.852001190185547,6.074145323688897,0.6142857142857142,440.0,0.8381808817070966,0.8271065837402155,0.8215880027900487,0.8196806665339665,0.8606374426150779
45,8.86274003982544,6.087198413017511,0.6285714285714286,450.0,0.8331221421374875,0.8238670270479734,0.8021758505773852,0.822143336714028,0.8875790671810377
46,8.868692874908447,6.055265701209652,0.6428571428571428,460.0,0.8246609315663025,0.8230091839107185,0.8410757188250795,0.8104019156216529,0.8544991674644474
47,8.817416667938232,5.966601205450616,0.6571428571428571,470.0,0.8178608333979178,0.8067062892350615,0.8180897853212431,0.8240138403111503,0.8739191729620256
48,8.726287841796875,5.884589527673903,0.6714285714285714,480.0,0.8104893241881732,0.8017524994187398,0.8275580291405099,0.8149220228560234,0.8576698167157973
49,8.660350322723389,5.878806681938767,0.6857142857142856,490.0,0.8064905771267664,0.8110129427264977,0.797968011315198,0.8245954619703446,0.8783141155060141
50,8.67332124710083,5.8691611515174085,0.7000000000000001,500.0,0.8060470433232582,0.805375687824537,0.8123818104316824,0.8145563154219708,0.8785928964338411
51,8.641028881072998,5.8001599596939215,0.7142857142857143,510.0,0.7842036089798238,0.7362221963884368,0.7859620824614431,0.8092420214026408,0.865498289115743
52,8.569100856781006,5.715048966829244,0.7285714285714285,520.0,0.7869182554444704,0.8191568821204371,0.8429497984964737,0.8152380388179575,0.8800696201931735
53,8.50520944595337,5.7197517321882465,0.7428571428571429,530.0,0.7660382598362138,0.7427357009997674,0.7941355692474619,0.8067685614354366,0.8730123727105271
54,8.51685905456543,5.7106034171023445,0.7571428571428571,540.0,0.7737254256116147,0.75928369371464,0.7979186042005736,0.8386337649248189,0.8837163391816191
55,8.512616157531738,5.689882730900518,0.7714285714285715,550.0,0.7505925624531763,0.7497582926451214,0.7932084592730373,0.8413487707857429,0.8624931438248611
56,8.481950759887695,5.677719972162561,0.7857142857142857,560.0,0.7693892247280995,0.7991256878245369,0.8090235797876463,0.8190100172826167,0.8601567362710623
57,8.4799165725708,5.693834004410425,0.7999999999999999,570.0,0.7722598426722468,0.7678955475470821,0.7963787491281097,0.8318400220535033,0.873503244834962
58,8.487650394439697,5.690538151838544,0.8142857142857143,580.0,0.7805003358392105,0.7744797721460125,0.7882333565837402,0.8386214032726387,0.8775546282341716
59,8.480531215667725,5.679772898683928,0.8285714285714285,590.0,0.7687892350616136,0.7639923854917461,0.8041686042005735,0.82638666932067,0.8806737692849674
60,8.462671756744385,5.679077115381198,0.8428571428571427,600.0,0.766106396445271,0.7598470316980547,0.8045226885220491,0.8199483733171565,0.8758519192551096
61,8.477010726928711,5.671235583477252,0.8571428571428571,610.0,0.7718826694050479,0.7918085910253428,0.8164593505386345,0.8152381336037889,0.8722780431781056
62,8.457337856292725,5.65774173164285,0.8714285714285713,620.0,0.7800584166472913,0.7885196272184762,0.798252828799504,0.8188089054448141,0.8500680878222323
63,8.449164390563965,5.641986073716261,0.8857142857142858,630.0,0.7821643545428713,0.7661648453847943,0.8143251569402464,0.8382912089300891,0.8697789515423233
64,8.444047451019287,5.633855943559981,0.8999999999999999,640.0,0.7762233912010127,0.7739857009997674,0.78380802914051,0.8301761752653213,0.8726325816816902
65,8.436990737915039,5.635635296228234,0.9142857142857141,650.0,0.774478803379059,0.7832858637526156,0.7955964698132217,0.8165379949005223,0.8456515262098621
66,8.43091869354248,5.617473193223183,0.9285714285714286,660.0,0.7841065708233227,0.7950481477175849,0.7994090521584128,0.8273958619665532,0.8804457777651398
67,8.420135974884033,5.601411286631738,0.9428571428571428,670.0,0.786189904156656,0.7802357009997675,0.8100199565992406,0.8193656537220816,0.8926295722315428
68,8.400803565979004,5.5959508797118325,0.9571428571428572,680.0,0.7974124234674106,0.8169534216848794,0.7982925482445943,0.8375347311083939,0.8887686609605595
69,8.392276287078857,5.570092950371357,0.9714285714285714,690.0,0.7800645521713295,0.743004533829342,0.8004451484150973,0.8396683996676177,0.887705235021469
70,8.371316909790039,5.554277437398504,0.9857142857142857,700.0,0.7795743560928982,0.7787651127644734,0.8416734480353406,0.828482534130798,0.8764567871394585
71,8.365776538848877,5.556792487717997,1.0,710.0,0.7674828528249243,0.7806789118809578,0.8381195264667132,0.8232261858497392,0.8685627229441742
72,8.345256328582764,5.51347712710164,1.0142857142857142,720.0,0.776504010695187,0.7700680074401302,0.8063410640936217,0.8280025465793374,0.8707619832987364
73,8.3213210105896,5.5106668621043395,1.0285714285714285,730.0,0.7923499702911467,0.8263029915523522,0.8277028598000465,0.8224954897741886,0.8982344401158914
74,8.321285724639893,5.488827535143344,1.042857142857143,740.0,0.7943635524038338,0.7867196582190189,0.8266372161512826,0.829326128030382,0.8849528993406066
75,8.297135353088379,5.487925207594238,1.0571428571428572,750.0,0.7900937120566277,0.757258486398512,0.8248309501666279,0.843717776766729,0.8876549195426268
76,8.30097484588623,5.484246630395925,1.0714285714285714,760.0,0.7814913844325609,0.8004960086801519,0.8133980469658219,0.825161088520488,0.8761023434217053
77,8.28148603439331,5.465054691974171,1.0857142857142856,770.0,0.7776387597199618,0.7751617840812215,0.8142558901030769,0.8170926420918602,0.8615840529157701
78,8.284829139709473,5.4577184665554315,1.0999999999999999,780.0,0.7778599615076597,0.7579220917616057,0.7749907967139426,0.8438593157094877,0.8932345349017229
79,8.2618088722229,5.4427214916698645,1.1142857142857143,790.0,0.7614837634658606,0.7513674145547546,0.7787341122219639,0.830488652556216,0.8898134614837775
80,8.257596492767334,5.465475408208639,1.1285714285714286,800.0,0.7573884626314293,0.7628758815779276,0.8423554599705495,0.8219896256907516,0.8760001405989833
81,8.264523983001709,5.457150562177291,1.1428571428571428,810.0,0.7549263414193081,0.7505357281252422,0.8402934395101914,0.8435673595510944,0.9065296300508999
82,8.240144729614258,5.39817894765368,1.157142857142857,820.0,0.7668915820610195,0.7872631364798884,0.8019355963729365,0.8265100172826166,0.881441700394625
83,8.240981578826904,5.402122418636672,1.1714285714285713,830.0,0.7775124970936992,0.7947386266759668,0.8184918236069132,0.8458008454896162,0.9045224136896016
84,8.216243743896484,5.377039065600681,1.1857142857142857,840.0,0.7912202265622983,0.7916589165310394,0.8408156048980858,0.8346422387781475,0.8976184033010747
85,8.198558807373047,5.448996751932379,1.2,850.0,0.7914244749283114,0.7878758815779277,0.8372418236069131,0.848213824197559,0.9083354502169015
86,8.234432220458984,5.481439692102231,1.2142857142857142,860.0,0.7815194786742102,0.7650236379136635,0.8171810819189336,0.8467613498134298,0.8848264471426811
87,8.274648666381836,5.5142423044664195,1.2285714285714284,870.0,0.787746389728487,0.8103396496938697,0.8175647136324885,0.8391847786592862,0.9016305453660788
88,8.274561882019043,5.420656797584256,1.2428571428571429,880.0,0.7928451716655042,0.8031722273889792,0.8191060218553825,0.8333395576029293,0.9003547438728857
89,8.217175483703613,5.346701266447427,1.2571428571428571,890.0,0.8024278914464337,0.793771797256452,0.817704700457258,0.8678967102997444,0.9008718716726225
90,8.170871257781982,5.34325598782022,1.2714285714285714,900.0,0.7822011676871011,0.7496594784158722,0.8102984770983491,0.8424199217700937,0.9007842263738416
91,8.170732975006104,5.393074760817159,1.2857142857142856,910.0,0.762558610400682,0.7442445555297218,0.7770542703247307,0.8463426018078817,0.9012378634641692
92,8.232129096984863,5.411079194558142,1.2999999999999998,920.0,0.7637734441602727,0.7974162985352243,0.812332403317058,0.8489462422157136,0.9085610010015702
93,8.205673217773438,5.437410559976535,1.3142857142857143,930.0,0.7869289118809579,0.8191258815779277,0.8217313802991552,0.8505370565207913,0.8935387579264652
94,8.176844596862793,5.419079189903814,1.3285714285714285,940.0,0.8094903639980365,0.8119289118809578,0.8180389250561886,0.8383906866601581,0.9056316132864458
95,8.149377346038818,5.503234686430034,1.3428571428571427,950.0,0.7859089617401637,0.7266720917616057,0.7704007788886305,0.857808156636746,0.9017326534029694
96,8.25051212310791,5.458021827132491,1.357142857142857,960.0,0.7683250342297656,0.7663740990467334,0.7704206386111757,0.8442464526402592,0.9002660954240561
97,8.259504795074463,5.426011128896651,1.3714285714285712,970.0,0.7558085651915575,0.7743795047663333,0.8361267728435248,0.8522923716362878,0.9044458425354577
98,8.217527389526367,5.289739791090815,1.3857142857142855,980.0,0.760117963522695,0.7396002867550182,0.7783800279004883,0.8417877950603944,0.9000526219340732
99,8.130337238311768,5.350906449132816,1.4000000000000001,990.0,0.7586202498127049,0.7618809579167635,0.8369846159807798,0.8512832737762359,0.9015445272240706
100,8.143159866333008,5.261553000536081,1.4142857142857144,1000.0,0.7562509687669534,0.7672716616290786,0.7812422498643726,0.8612421209277638,0.9123740375288701
101,8.098240375518799,5.298883463728986,1.4285714285714286,1010.0,0.770306162649513,0.781765868402697,0.8232019685344493,0.8311057873069135,0.9115780340154753
102,8.100303649902344,5.2453710780813125,1.4428571428571428,1020.0,0.7919547133741508,0.8268266100906766,0.8445095132914826,0.8514208001187983,0.909040704195537
103,8.062381744384766,5.23412628810162,1.457142857142857,1030.0,0.8091049562117337,0.8187223901418275,0.8243087847787337,0.8458665320707861,0.8952538285577072
104,8.04219913482666,5.2089454214535715,1.4714285714285715,1040.0,0.8114874770725155,0.7889134309850423,0.809302100286755,0.8565712173344329,0.9131053576111442
105,8.030856609344482,5.209809141927616,1.4857142857142858,1050.0,0.7850239931282131,0.7474361582577694,0.7949280206153607,0.8430352397923558,0.9175002053693015
106,8.008645057678223,5.188560900283232,1.5,1060.0,0.7732415265183809,0.7833749903123305,0.81604471828257,0.8658363585811192,0.9042035778491831
107,7.986453533172607,5.185834358635147,1.5142857142857142,1070.0,0.7767466868170193,0.7994289118809578,0.821327888863055,0.8452332126393746,0.9026645166080575
108,7.996377468109131,5.21553853975425,1.5285714285714285,1080.0,0.7966977963781033,0.8072894869410215,0.8067445555297218,0.862212885817828,0.9060610957874017
109,8.038153648376465,5.155016070635314,1.542857142857143,1090.0,0.8011108527732569,0.7966141594977912,0.8117889250561885,0.8565477815376158,0.9226749667459707
110,8.018210887908936,5.262724793349849,1.5571428571428572,1100.0,0.7850112376966597,0.7511300666511663,0.7538048322095636,0.8205261719478173,0.8812164339674505
111,8.114320755004883,5.247909290951707,1.5714285714285714,1110.0,0.7780734131597303,0.7864760133302333,0.8118581918933582,0.8461945305415747,0.904242724397557
112,8.08703899383545,5.148857987319576,1.5857142857142856,1120.0,0.7740858069182877,0.7846513407734635,0.8109112221963884,0.8556988322385569,0.9129660145401465
113,8.057168006896973,5.335303197906996,1.5999999999999999,1130.0,0.7960335451703738,0.8169732814074248,0.807622258389522,0.8715310676360097,0.9198214313924353
114,8.210652828216553,5.4365692413452384,1.6142857142857143,1140.0,0.8131206566948256,0.8377373479035883,0.8060824033170579,0.861646880124359,0.9151758751101884
115,8.240887641906738,5.41909394458427,1.6285714285714286,1150.0,0.8136591296597692,0.7862667596682943,0.8072386266759669,0.8572138889678772,0.9099112725629772
116,8.201104164123535,5.34948422260053,1.6428571428571428,1160.0,0.8173591735772043,0.8280734131597303,0.7927245601798032,0.8604863618986235,0.9077114829875229
117,8.166513442993164,5.313521551610692,1.657142857142857,1170.0,0.8052610504017155,0.8014429783771216,0.7829007788886305,0.8309799038239764,0.8927780779329105
118,8.113344669342041,5.308995953775568,1.6714285714285713,1180.0,0.8043668785037071,0.7835842439742695,0.7840075951329148,0.8452463878699413,0.8985365620547041
119,8.116655349731445,5.285237625008852,1.6857142857142855,1190.0,0.7996171755922395,0.8138243044253275,0.8217526931721305,0.8646635734890348,0.9067793354249406
120,8.09241247177124,5.250027615544701,1.7,1200.0,0.7906657689426232,0.7745887584282726,0.776601371774006,0.8650430801603776,0.9077132997159584
121,8.070557594299316,5.226747718902766,1.7142857142857142,1210.0,0.8006277609858173,0.8134702201038518,0.8510937378904132,0.8669118618148959,0.9152275728824054
122,8.059063911437988,5.250837046310848,1.7285714285714284,1220.0,0.7940319111834456,0.7940367550182127,0.793771797256452,0.8722262506200574,0.9131054523969756
123,8.075965881347656,5.207813481730853,1.7428571428571427,1230.0,0.8106688689968741,0.8244996318685577,0.8139415252266914,0.8680348606490301,0.9196324916351504
124,8.020066738128662,5.231846621792693,1.757142857142857,1240.0,0.8030596889612234,0.7906426799968999,0.819947880337906,0.8448037301384189,0.9086741831830977
125,8.04289722442627,5.318748768115581,1.7714285714285716,1250.0,0.8195918584825234,0.8436332635821127,0.8302541075718826,0.859891470223031,0.9131416842810336
126,8.069908142089844,5.238132891250029,1.7857142857142858,1260.0,0.8107452401250353,0.7979597767960939,0.7895755831977059,0.8685401955115749,0.9033725904651773
127,8.043967723846436,5.189225881517037,1.7999999999999998,1270.0,0.8216521028701335,0.823363268232194,0.7968219600093002,0.862013061487569,0.9167923210838443
128,7.993895053863525,5.214186293206967,1.814285714285714,1280.0,0.799301519026583,0.776581512051461,0.7685266992172363,0.8703350363187711,0.9125113742997697
129,8.009016513824463,5.177710467649291,1.8285714285714283,1290.0,0.8044547133741506,0.8134193598387972,0.8077821049368364,0.8654716542971156,0.9097223328056923
130,7.9723944664001465,5.14251626488241,1.842857142857143,1300.0,0.8068070409982174,0.8304202511043943,0.8088477485856003,0.8720997036363004,0.9113890942581904
131,7.958972930908203,5.12596397249083,1.8571428571428572,1310.0,0.8148247177658942,0.8006345423544912,0.7949972874525303,0.8578463000350708,0.9061374773698828
132,7.934161424636841,5.127288436352483,1.8714285714285714,1320.0,0.8070513317316386,0.7900992017360303,0.8296118150817638,0.8662171527600053,0.898877925327722
133,7.92904806137085,5.163547718752195,1.8857142857142857,1330.0,0.803730560076468,0.8204579361388825,0.8370834302100286,0.8691079231476477,0.9161367585773279
134,8.025502920150757,5.2146046835173765,1.9,1340.0,0.8050732710739105,0.8046626753468186,0.8131345423544912,0.8683379857378918,0.9103295861334648
135,7.989851713180542,5.157570970636926,1.9142857142857144,1350.0,0.8160849221111369,0.8231341548477098,0.7958749903123304,0.8598170949406483,0.91108606395516
136,7.94646692276001,5.144064759257761,1.9285714285714286,1360.0,0.8148771926425379,0.8168347477330854,0.8276684685732,0.8842088384628267,0.9090416125597546
137,8.050934314727783,5.6901284673185035,1.9428571428571428,1370.0,0.8190273902709965,0.8171132682321941,0.8022451174145547,0.8736774374966428,0.9119568218942633
138,8.588903903961182,5.892196251160144,1.957142857142857,1380.0,0.8052445813635072,0.7817857281252422,0.8043468573200031,0.8646653902174704,0.9101894294840808
139,8.629810810089111,5.788601842455476,1.9714285714285713,1390.0,0.8037904621664212,0.8124723901418275,0.8255652755173215,0.8507658063272702,0.901352767588301
140,8.599326610565186,5.74494731426239,1.9857142857142855,1400.0,0.8049751026892972,0.8206671898008215,0.8299460396806944,0.8838179732893526,0.9006833110586628
141,8.546074867248535,5.624673384727597,2.0,1410.0,0.8183605556847245,0.8219420871115245,0.8094406339610943,0.8700580721193796,0.9201638926013339
142,8.414575576782227,5.672468141005399,2.0142857142857142,1420.0,0.8084390903924152,0.7827079942648997,0.808704371076494,0.8681506178456444,0.9100142889640855
143,8.427101135253906,5.62164197565158,2.0285714285714285,1430.0,0.8088244981787182,0.8218234131597303,0.8114266062156088,0.8685667355443708,0.8986386700915947
144,8.384937286376953,5.543183862646489,2.0428571428571427,1440.0,0.8068294840993051,0.8159570448732852,0.803929803146555,0.8789058081597964,0.9157822200737433
145,8.348474979400635,5.488059271972762,2.057142857142857,1450.0,0.8265784442894417,0.8419548748353095,0.812541656978997,0.8857735866642655,0.911338778779348
146,8.287048816680908,5.47865129839403,2.0714285714285716,1460.0,0.8148124467178176,0.7865254204448577,0.8217328334495853,0.8461190573233114,0.8920600278670343
147,8.258861064910889,5.449280480784808,2.085714285714286,1470.0,0.8115213839158851,0.8060838564674881,0.8399902154537705,0.8536172405948759,0.9182436975320929
148,8.223753929138184,5.392530709866635,2.1,1480.0,0.801963367692268,0.8132808261644578,0.8174968999457489,0.8732623229479658,0.9024256405152556
149,8.192145347595215,5.382373164183552,2.1142857142857143,1490.0,0.8242041579477641,0.8532477912113462,0.8294732814074246,0.8673692271479259,0.9052301084033959
150,8.151421546936035,5.342033995499437,2.1285714285714286,1500.0,0.8250561884832984,0.8086399480740912,0.8259687669534217,0.8762677525963419,0.9160972328856283
151,8.141299724578857,5.343193631858099,2.142857142857143,1510.0,0.8244084063137772,0.811337479655894,0.8280734131597303,0.8721495846800821,0.9016557031054998
152,8.1253981590271,5.319152123593375,2.157142857142857,1520.0,0.8133203841483893,0.8199837247151825,0.8186531233046579,0.8730856500570295,0.9097234307415727
153,8.1128249168396,5.308573866014464,2.1714285714285713,1530.0,0.8119385995504921,0.8044945942803999,0.8129451484150972,0.8906958227884095,0.9185599978515211
154,8.085222721099854,5.277489958230916,2.1857142857142855,1540.0,0.8103680668578367,0.8066258815779276,0.812541656978997,0.888259503069481,0.9084711598310284
155,8.060540199279785,5.234471656420822,2.1999999999999997,1550.0,0.8081733253248599,0.813399500116252,0.814081512051461,0.8752445711415057,0.9128285829834155
156,8.02794885635376,5.225577573015951,2.2142857142857144,1560.0,0.8061526389211809,0.7984325350693636,0.794455262342091,0.8706484219738834,0.9125638856503729
157,8.011729717254639,5.202917038051466,2.2285714285714286,,,,,,
158,8.00195026397705,5.197311696807888,2.242857142857143,,,,,,
159,8.007168769836426,5.478561318726432,2.257142857142857,,,,,,
160,8.11299753189087,5.477390633505387,2.2714285714285714,,,,,,
161,8.194601058959961,5.308740666875393,2.2857142857142856,,,,,,
162,8.051410675048828,5.246061360195563,2.3,,,,,,
163,8.050202369689941,5.213799551000215,2.314285714285714,,,,,,
164,8.028786182403564,5.219692913250452,2.3285714285714283,,,,,,
165,7.988894462585449,5.147326331721228,2.3428571428571425,,,,,,
166,8.01758337020874,5.229718667588986,2.3571428571428568,,,,,,
167,8.027053356170654,5.281610127751501,2.3714285714285714,,,,,,
168,8.03694200515747,5.154272677476939,2.3857142857142857,,,,,,
169,7.9773194789886475,5.196326426244898,2.4,,,,,,
170,7.992403268814087,5.138976318170954,2.414285714285714,,,,,,
171,7.938021898269653,5.170567970548594,2.4285714285714284,,,,,,
172,7.978379487991333,5.12489692673113,2.4428571428571426,,,,,,
173,7.952333927154541,5.127290734591889,2.457142857142857,,,,,,
174,7.954625606536865,5.115758373171246,2.471428571428571,,,,,,
175,7.948946475982666,5.248211042100057,2.4857142857142858,,,,,,
176,8.136292934417725,5.400402545515751,2.5,,,,,,
177,8.118321418762207,5.227792311169246,2.5142857142857142,,,,,,
178,8.173380374908447,5.204415502539954,2.5285714285714285,,,,,,
179,8.022637367248535,5.247514747457653,2.5428571428571427,,,,,,
180,8.011796474456787,5.1487797150578825,2.557142857142857,,,,,,
181,8.00677490234375,5.112561849002408,2.571428571428571,,,,,,
182,7.9404706954956055,5.127540302855096,2.5857142857142854,,,,,,
183,7.937344789505005,5.114663996151044,2.5999999999999996,,,,,,
184,7.924386978149414,5.118459222634909,2.614285714285714,,,,,,
185,7.913971900939941,5.079061548052875,2.6285714285714286,,,,,,
186,7.919599294662476,5.079476826319041,2.642857142857143,,,,,,
187,7.883332014083862,5.051011627117104,2.657142857142857,,,,,,
188,7.864302396774292,5.052832471435983,2.6714285714285713,,,,,,
189,7.857803106307983,5.025856857179976,2.6857142857142855,,,,,,
190,7.834339618682861,5.024671049010609,2.6999999999999997,,,,,,
191,7.8537397384643555,5.105204339043933,2.714285714285714,,,,,,
192,7.929101943969727,5.121128956821184,2.728571428571428,,,,,,
193,7.946409225463867,5.093733121452133,2.7428571428571424,,,,,,
194,7.8711934089660645,5.104250972357739,2.7571428571428567,,,,,,
195,7.911312103271484,5.095920515432308,2.771428571428571,,,,,,
196,7.913110256195068,5.069515008550376,2.785714285714286,,,,,,
197,7.900270462036133,5.0605900110983555,2.8000000000000003,,,,,,
198,7.8641486167907715,5.028447990917457,2.8142857142857145,,,,,,
199,7.862419605255127,5.094494792369664,2.8285714285714287,,,,,,
200,7.905458211898804,5.059947038027401,2.842857142857143,,,,,,
201,7.913658142089844,5.132609479762032,2.857142857142857,,,,,,
202,7.9248878955841064,5.097599759258885,2.8714285714285714,,,,,,
203,7.881829738616943,5.046410097199875,2.8857142857142857,,,,,,
204,7.855592250823975,5.059485524634555,2.9,,,,,,
205,7.855363130569458,5.037313883184767,2.914285714285714,,,,,,
206,7.837767839431763,5.027978181838989,2.928571428571429,,,,,,
207,7.857091426849365,5.037680173044188,2.942857142857143,,,,,,
208,7.865268707275391,5.168945354646786,2.9571428571428573,,,,,,
209,7.917484998703003,5.608387313847732,2.9714285714285715,,,,,,
210,8.325273036956787,5.479688183686969,2.9857142857142858,,,,,,
211,8.207701683044434,5.368907014873247,3.0,,,,,,
212,8.176760196685791,5.271308874546758,3.0142857142857142,,,,,,
213,8.11920166015625,5.2607043562150295,3.0285714285714285,,,,,,
214,8.056900024414062,5.2015819205568405,3.0428571428571427,,,,,,
215,8.021116256713867,5.173718606165418,3.057142857142857,,,,,,
216,7.953732490539551,5.113855253885689,3.071428571428571,,,,,,
217,7.922764539718628,5.071147246831831,3.085714285714286,,,,,,
218,7.875699996948242,5.091490001777636,3.1,,,,,,
219,7.899638652801514,5.086967725067866,3.1142857142857143,,,,,,
220,7.886018753051758,5.058372625755066,3.1285714285714286,,,,,,
221,7.875382423400879,5.0603064201526875,3.142857142857143,,,,,,
222,7.855593204498291,5.050000897933127,3.157142857142857,,,,,,
223,7.848372220993042,5.022445018411302,3.1714285714285713,,,,,,
224,7.863361358642578,5.050024864371975,3.1857142857142855,,,,,,
225,7.866744518280029,4.985020146419519,3.1999999999999997,,,,,,
226,7.82133936882019,5.036093384698937,3.214285714285714,,,,,,
227,7.861569881439209,5.0446299897116225,3.2285714285714286,,,,,,
228,7.873269319534302,5.334361255892022,3.242857142857143,,,,,,
229,8.146760940551758,5.38016236634147,3.257142857142857,,,,,,
230,8.1344633102417,5.230749864925338,3.2714285714285714,,,,,,
231,8.027659893035889,5.183379312941685,3.2857142857142856,,,,,,
232,7.983834505081177,5.095570313042123,3.3,,,,,,
233,7.891604661941528,5.044423551245413,3.314285714285714,,,,,,
234,7.853555202484131,5.054579694514878,3.3285714285714283,,,,,,
235,7.863548755645752,5.037680994699898,3.3428571428571425,,,,,,
236,7.842143535614014,5.016459192725566,3.3571428571428568,,,,,,
237,7.820899248123169,4.991750053764423,3.371428571428571,,,,,,
238,7.80090069770813,4.972217730364312,3.3857142857142857,,,,,,
239,7.786323547363281,5.063282715902378,3.4,,,,,,
240,7.871475696563721,5.220978467881783,3.414285714285714,,,,,,
241,8.029763221740723,5.167494526252383,3.4285714285714284,,,,,,
242,7.996004581451416,5.0544557380304385,3.4428571428571426,,,,,,
243,7.902369499206543,5.112739272092822,3.457142857142857,,,,,,
244,7.884173393249512,5.020695094322621,3.471428571428571,,,,,,
245,7.832984685897827,5.00141736911529,3.4857142857142853,,,,,,
246,7.81436014175415,4.9909123740121855,3.4999999999999996,,,,,,
247,7.79445481300354,4.973904480553996,3.514285714285714,,,,,,
248,7.801691055297852,5.058750503604499,3.528571428571429,,,,,,
249,7.823511362075806,5.008296472567619,3.542857142857143,,,,,,
250,7.833780288696289,4.96754311007065,3.5571428571428574,,,,,,
251,7.819558620452881,5.020774593179726,3.5714285714285716,,,,,,
252,7.788571119308472,4.9829406223842545,3.585714285714286,,,,,,
253,7.8018317222595215,4.960345805414422,3.5999999999999996,,,,,,
254,7.784607887268066,5.006949894349744,3.614285714285714,,,,,,
255,7.8139073848724365,4.970449769104374,3.628571428571428,,,,,,
256,7.780303478240967,5.014520809390103,3.6428571428571423,,,,,,
257,7.790745258331299,4.98911001415765,3.6571428571428566,,,,,,
258,7.781703948974609,5.013208772735331,3.671428571428571,,,,,,
259,7.801408290863037,4.943045214412531,3.685714285714286,,,,,,
260,7.763071060180664,5.0020592431675,3.7,,,,,,
261,7.793814420700073,4.951622864609162,3.7142857142857144,,,,,,
262,7.765578508377075,4.955080054455035,3.7285714285714286,,,,,,
263,7.7609944343566895,4.960122707811551,3.742857142857143,,,,,,
264,7.750812768936157,4.901627034620354,3.757142857142857,,,,,,
265,7.711646556854248,4.921938218731608,3.7714285714285714,,,,,,
266,7.742074012756348,4.914670248378707,3.7857142857142856,,,,,,
267,7.736822128295898,4.93243498798053,3.8,,,,,,
268,7.746253490447998,4.918419315765387,3.814285714285714,,,,,,
269,7.736369371414185,4.924777370185125,3.8285714285714287,,,,,,
270,7.7315216064453125,4.8816978691768815,3.842857142857143,,,,,,
271,7.696376323699951,4.893906361515435,3.857142857142857,,,,,,
272,7.694630146026611,4.8724701513037525,3.8714285714285714,,,,,,
273,7.70130181312561,4.974576205376736,3.8857142857142857,,,,,,
274,7.747084856033325,4.862318096065851,3.9,,,,,,
275,7.730153322219849,5.046861674281505,3.914285714285714,,,,,,
276,7.80693507194519,4.9400871464243385,3.9285714285714284,,,,,,
277,7.761430978775024,4.943871361957266,3.9428571428571426,,,,,,
278,7.752644300460815,4.92156379557565,3.957142857142857,,,,,,
279,7.73273491859436,4.89511553542866,3.971428571428571,,,,,,
280,7.717123031616211,4.921987560634183,3.9857142857142858,,,,,,
281,7.716017723083496,4.909541652975297,4.0,,,,,,
282,7.722553491592407,4.933175351735417,4.014285714285714,,,,,,
283,7.729112386703491,5.0286048672434775,4.0285714285714285,,,,,,
284,7.8993659019470215,5.023143773940449,4.042857142857143,,,,,,
285,7.820566654205322,5.018779467668649,4.057142857142857,,,,,,
286,7.799219846725464,4.979227549281855,4.071428571428571,,,,,,
287,7.779613256454468,5.06885886109681,4.085714285714285,,,,,,
288,7.8368120193481445,5.031270315060376,4.1,,,,,,
289,7.840050220489502,5.010547068544649,4.114285714285714,,,,,,
290,7.826310396194458,4.973768697660965,4.128571428571429,,,,,,
291,7.762938976287842,4.966845778390068,4.142857142857143,,,,,,
292,7.7634265422821045,4.9175395406718065,4.1571428571428575,,,,,,
293,7.724704265594482,4.892150668585527,4.171428571428572,,,,,,
294,7.71934962272644,4.906236180089788,4.185714285714286,,,,,,
295,7.720991373062134,4.874232310046357,4.2,,,,,,
296,7.724785089492798,4.968661049003204,4.214285714285714,,,,,,
297,7.781412601470947,4.913456369417379,4.228571428571429,,,,,,
298,7.741803407669067,4.954758033078919,4.242857142857143,,,,,,
299,7.784244060516357,4.940100946294167,4.257142857142857,,,,,,
300,7.729512691497803,4.89615264612426,4.271428571428571,,,,,,
301,7.707984685897827,4.908552305124042,4.285714285714286,,,,,,
302,7.714720964431763,4.850008757833385,4.3,,,,,,
303,7.664426803588867,4.84841598428308,4.314285714285714,,,,,,
304,7.673088550567627,4.851934601570539,4.328571428571428,,,,,,
305,7.661601305007935,4.8620303421954345,4.3428571428571425,,,,,,
306,7.688520908355713,4.881184584243252,4.357142857142857,,,,,,
307,7.821719408035278,5.170188862694818,4.371428571428571,,,,,,
308,7.90667986869812,5.405309087895438,4.385714285714285,,,,,,
309,8.285073280334473,5.781394452321467,4.3999999999999995,,,,,,
310,8.578997611999512,5.7661506600768355,4.414285714285714,,,,,,
311,8.536314487457275,5.605180104435833,4.428571428571429,,,,,,
312,8.402120113372803,5.550876939317383,4.442857142857143,,,,,,
313,8.368527889251709,5.503277784823545,4.457142857142857,,,,,,
314,8.326596736907959,5.452618730130188,4.4714285714285715,,,,,,
315,8.284334659576416,5.4328347425940136,4.485714285714286,,,,,,
316,8.24646282196045,5.4172711636825905,4.5,,,,,,
317,8.219635963439941,5.376168353718736,4.514285714285714,,,,,,
318,8.196316719055176,5.464534777909052,4.5285714285714285,,,,,,
319,8.293851375579834,5.33078015346461,4.542857142857143,,,,,,
320,8.216319561004639,5.3867035258167535,4.557142857142857,,,,,,
321,8.171335697174072,5.341127620412737,4.571428571428571,,,,,,
322,8.146393775939941,5.303143217823948,4.585714285714285,,,,,,
323,8.098390102386475,5.255874722214671,4.6,,,,,,
324,8.084849834442139,5.223667255927206,4.614285714285714,,,,,,
325,8.031799793243408,5.206916980458297,4.628571428571428,,,,,,
326,8.00975489616394,5.176642659941827,4.642857142857142,,,,,,
327,7.9932661056518555,5.169273855161419,4.657142857142857,,,,,,
328,7.984628915786743,5.204419959252587,4.671428571428571,,,,,,
329,7.9818665981292725,5.152269790346122,4.685714285714285,,,,,,
330,7.942382335662842,5.14432112978484,4.699999999999999,,,,,,
331,7.965524196624756,5.076196364141627,4.7142857142857135,,,,,,
332,7.890596389770508,5.050431660184414,4.728571428571429,,,,,,
333,7.883607864379883,5.077452422427966,4.742857142857143,,,,,,
334,7.900620460510254,5.063940605009862,4.757142857142857,,,,,,
335,7.856726169586182,5.019341008502028,4.771428571428571,,,,,,
336,7.848447322845459,5.02655252488895,4.785714285714286,,,,,,
337,7.833518028259277,5.0231137009179365,4.8,,,,,,
338,7.825839519500732,4.991623376229813,4.799998704858026,,,,,,
339,7.79608154296875,4.9882076544819505,4.7999948194335,,,,,,
340,7.792587518692017,4.983667144742334,4.799988343730616,,,,,,
341,7.812379598617554,4.971347013420621,4.799979277756365,,,,,,
342,7.771881818771362,4.941555001293559,4.79996762152053,,,,,,
343,7.767662286758423,4.943569113931375,4.799953375035691,,,,,,
344,7.744020462036133,4.938002383998197,4.799936538317226,,,,,,
345,7.7332603931427,4.893518101301309,4.799917111383304,,,,,,
346,7.713590145111084,4.88889363113681,4.799895094254895,,,,,,
347,7.739367246627808,5.032084900853539,4.799870486955759,,,,,,
348,7.853301048278809,5.000760281623133,4.799843289512456,,,,,,
349,7.803579807281494,4.94432912232351,4.799813501954339,,,,,,
350,7.742013454437256,4.978836839182538,4.799781124313559,,,,,,
351,7.779983758926392,4.9124732441050964,4.799746156625058,,,,,,
352,7.746323823928833,4.924168299760934,4.7997085989265775,,,,,,
353,7.72799825668335,4.926072968044148,4.799668451258653,,,,,,
354,7.727441787719727,4.883609021557059,4.799625713664616,,,,,,
355,7.691582441329956,4.872539338867214,4.799580386190591,,,,,,
356,7.672729253768921,4.851953486842548,4.7995324688855,,,,,,
357,7.6674580574035645,4.855311787107788,4.79948196180106,,,,,,
358,7.659055709838867,4.902890620653096,4.799428864991781,,,,,,
359,7.693629741668701,4.873873194230905,4.799373178514972,,,,,,
360,7.685876846313477,4.866974992913224,4.799314902430732,,,,,,
361,7.704758167266846,4.878814142539555,4.799254036801959,,,,,,
362,7.673423528671265,4.855086448545886,4.799190581694344,,,,,,
363,7.675527572631836,4.885279118756488,4.799124537176373,,,,,,
364,7.671346187591553,4.858437633183842,4.799055903319327,,,,,,
365,7.653448581695557,4.844174874717276,4.7989846801972815,,,,,,
366,7.642211675643921,4.806934849228355,4.798910867887106,,,,,,
367,7.63976526260376,4.823291336333111,4.798834466468466,,,,,,
368,7.682049989700317,4.837166379188128,4.79875547602382,,,,,,
369,7.657537221908569,4.982540746082259,4.798673896638421,,,,,,
370,7.805928468704224,4.9538235561066735,4.798589728400317,,,,,,
371,7.7010273933410645,4.995534870198942,4.798502971400349,,,,,,
372,7.76401162147522,4.951395615238044,4.798413625732152,,,,,,
373,7.757435321807861,4.913027480735316,4.7983216914921565,,,,,,
374,7.687916994094849,4.89093121839768,4.798227168779586,,,,,,
375,7.722149610519409,4.8569405843831435,4.798130057696455,,,,,,
376,7.669288873672485,4.896095232699111,4.798030358347576,,,,,,
377,7.746026992797852,4.858114771867749,4.797928070840554,,,,,,
378,7.67985987663269,4.9070851075587285,4.797823195285784,,,,,,
379,7.681196689605713,4.86566017028364,4.797715731796459,,,,,,
380,7.678091526031494,4.812204822820435,4.7976056804885605,,,,,,
381,7.6777801513671875,4.883448097900047,4.797493041480866,,,,,,
382,7.6724534034729,4.873651656782193,4.797377814894945,,,,,,
383,7.656756639480591,4.808435298541183,4.797260000855162,,,,,,
384,7.625798940658569,4.923693374703207,4.797139599488668,,,,,,
385,7.718297004699707,4.8526223747114585,4.7970166109254135,,,,,,
386,7.667173862457275,4.921141573833221,4.796891035298136,,,,,,
387,7.704133749008179,4.889977425904993,4.79676287274237,,,,,,
388,7.6999053955078125,4.966621929066227,4.796632123396438,,,,,,
389,7.723321437835693,4.922116485997337,4.796498787401455,,,,,,
390,7.7180023193359375,4.8404551846729,4.796362864901329,,,,,,
391,7.673503160476685,4.914527995385991,4.796224356042759,,,,,,
392,7.698050498962402,4.870024084528356,4.796083260975237,,,,,,
393,7.667240858078003,4.852391590330382,4.795939579851043,,,,,,
394,7.666592359542847,4.839111057373225,4.795793312825251,,,,,,
395,7.670105934143066,4.849491603917844,4.795644460055724,,,,,,
396,7.664990186691284,4.804470738980345,4.795493021703118,,,,,,
397,7.63440203666687,4.800734211992556,4.795338997930877,,,,,,
398,7.611404895782471,4.8241402775927265,4.795182388905236,,,,,,
399,7.609900236129761,4.787671622670089,4.79502319479522,,,,,,
400,7.625646114349365,4.7809898940074795,4.794861415772648,,,,,,
401,7.6063737869262695,4.780010113579769,4.794697052012124,,,,,,
402,7.595229625701904,4.78127778506155,4.794530103691042,,,,,,
403,7.581484079360962,4.8186417404865685,4.794360570989589,,,,,,
404,7.593106031417847,4.75737400195421,4.794188454090738,,,,,,
405,7.56089973449707,4.776889094343631,4.794013753180252,,,,,,
406,7.649407386779785,4.904802024467773,4.793836468446684,,,,,,
407,7.677179574966431,4.857037430102945,4.793656600081373,,,,,,
408,7.649082183837891,4.776763517583883,4.793474148278451,,,,,,
409,7.5951478481292725,4.789869880139104,4.793289113234832,,,,,,
410,7.598293781280518,4.839894096581733,4.793101495150224,,,,,,
411,7.612521648406982,4.831896099205447,4.79291129422712,,,,,,
412,7.620704412460327,4.774242455459343,4.7927185106708015,,,,,,
413,7.5845818519592285,4.788875764845975,4.792523144689335,,,,,,
414,7.577521085739136,4.747024161770191,4.792325196493578,,,,,,
415,7.566938638687134,4.794345518848512,4.792124666297172,,,,,,
416,7.59431791305542,4.796129706724058,4.791921554316547,,,,,,
417,7.590489864349365,4.79406638823101,4.791715860770917,,,,,,
418,7.590029954910278,4.7602981388362275,4.791507585882286,,,,,,
419,7.567317008972168,4.782445285204585,4.79129672987544,,,,,,
420,7.639820575714111,4.753434129253004,4.791083292977955,,,,,,
421,7.56351375579834,4.775665608936827,4.790867275420189,,,,,,
422,7.573146104812622,4.773725283259536,4.7906486774352866,,,,,,
423,7.559494495391846,4.756100137890728,4.790427499259176,,,,,,
424,7.59559178352356,4.886603371316061,4.790203741130575,,,,,,
425,7.6523261070251465,4.846483992331983,4.789977403290979,,,,,,
426,7.60336709022522,4.911872161942917,4.7897484859846715,,,,,,
427,7.704922676086426,4.849053366965189,4.789516989458721,,,,,,
428,7.652482748031616,4.807623948546794,4.789282913962977,,,,,,
429,7.590775012969971,4.753635591196229,4.789046259750075,,,,,,
430,7.578303098678589,4.764971205251262,4.78880702707543,,,,,,
431,7.546094655990601,4.740392339136613,4.788565216197245,,,,,,
432,7.546520233154297,4.716927976604144,4.7883208273765,,,,,,
433,7.502862453460693,4.765491475523861,4.788073860876963,,,,,,
434,7.561234712600708,4.7893888438491725,4.787824316965179,,,,,,
435,7.554831027984619,4.804741119181469,4.787572195910479,,,,,,
436,7.579841375350952,4.772685846639877,4.787317497984971,,,,,,
437,7.560543537139893,4.7684174418656005,4.78706022346355,,,,,,
438,7.535614013671875,4.714735692770477,4.786800372623886,,,,,,
439,7.528279781341553,4.716099536708158,4.786537945746431,,,,,,
440,7.50545597076416,4.725705711019308,4.7862729431144215,,,,,,
441,7.504224061965942,4.738484792837443,4.786005365013868,,,,,,
442,7.538309335708618,4.721247188346638,4.7857352117335665,,,,,,
443,7.500150442123413,4.7315451037945735,4.785462483565088,,,,,,
444,7.51142954826355,4.703396203871203,4.785187180802782,,,,,,
445,7.536241292953491,4.678058396179093,4.784909303743782,,,,,,
446,7.52006459236145,4.75316711686926,4.7846288526879945,,,,,,
447,7.687034606933594,4.830752747620825,4.784345827938106,,,,,,
448,7.61828875541687,4.8204413210292,4.784060229799581,,,,,,
449,7.593211650848389,4.829111230848567,4.783772058580663,,,,,,
450,7.575690269470215,4.790755443287887,4.783481314592369,,,,,,
451,7.623447418212891,4.860586495292042,4.783187998148494,,,,,,
452,7.638941049575806,4.822346439652881,4.782892109565613,,,,,,
453,7.648687839508057,4.842871723596517,4.782593649163071,,,,,,
454,7.606363534927368,4.763099311439375,4.782292617262994,,,,,,
455,7.561403274536133,4.731191552594382,4.781989014190279,,,,,,
456,7.562533378601074,4.728028191334246,4.781682840272603,,,,,,
457,7.531787395477295,4.697522109054817,4.781374095840413,,,,,,
458,7.493077278137207,4.6920791892286395,4.781062781226932,,,,,,
459,7.499476909637451,4.69594951952764,4.780748896768158,,,,,,
460,7.544559955596924,4.773267754958862,4.780432442802863,,,,,,
461,7.54634428024292,4.728935881855169,4.780113419672588,,,,,,
462,7.521690845489502,4.743436837113709,4.7797918277216525,,,,,,
463,7.502411365509033,4.732541275292997,4.779467667297145,,,,,,
464,7.5519514083862305,4.779850645123156,4.7791409387489265,,,,,,
465,7.603976249694824,4.773893626661813,4.7788116424296305,,,,,,
466,7.552114009857178,4.757525311082446,4.778479778694662,,,,,,
467,7.542685508728027,4.757559936629217,4.778145347902195,,,,,,
468,7.538007497787476,4.788725161882992,4.777808350413179,,,,,,
469,7.63031268119812,4.730579372295267,4.777468786591326,,,,,,
470,7.57245135307312,4.749431748582338,4.777126656803126,,,,,,
471,7.5692033767700195,4.7170110650657575,4.776781961417832,,,,,,
472,7.579427003860474,4.791840001604999,4.776434700807469,,,,,,
473,7.551764488220215,4.77751980063407,4.7760848753468315,,,,,,
474,7.562270164489746,4.7234139051449775,4.775732485413479,,,,,,
475,7.488278150558472,4.703496946980676,4.7753775313877425,,,,,,
476,7.492611885070801,4.749499273775355,4.775020013652717,,,,,,
477,7.528777837753296,4.72225337311548,4.7746599325942665,,,,,,
478,7.527418851852417,4.71944683247877,4.774297288601022,,,,,,
479,7.4914562702178955,4.721383559951749,4.773932082064378,,,,,,
480,7.4666969776153564,4.691873115827967,4.773564313378498,,,,,,
481,7.480044841766357,4.673981009002781,4.773193982940308,,,,,,
482,7.462214946746826,4.684365895013462,4.772821091149502,,,,,,
483,7.4809465408325195,4.735661127021863,4.772445638408533,,,,,,
484,7.512014389038086,4.767258552579367,4.7720676251226255,,,,,,
485,7.591475486755371,4.697669324521589,4.771687051699762,,,,,,
486,7.547019004821777,4.726295247648163,4.7713039185506885,,,,,,
487,7.525537490844727,4.770097022246653,4.770918226088915,,,,,,
488,7.583949089050293,4.798809487650258,4.7705299747307155,,,,,,
489,7.582606315612793,4.734660641805138,4.770139164895122,,,,,,
490,7.549553394317627,4.711800689042338,4.769745797003931,,,,,,
491,7.552027225494385,4.881830900081109,4.7693498714816975,,,,,,
492,7.6511077880859375,4.817360323677856,4.768951388755738,,,,,,
493,7.617752552032471,4.756637103222892,4.76855034925613,,,,,,
494,7.555632591247559,4.741503670320974,4.768146753415709,,,,,,
495,7.5479631423950195,4.68812981578465,4.767740601670069,,,,,,
496,7.515133619308472,4.71562896175649,4.767331894457565,,,,,,
497,7.507071256637573,4.7070274375237044,4.766920632219308,,,,,,
498,7.475157260894775,4.682931509417719,4.766506815399166,,,,,,
499,7.461456775665283,4.7092209882918015,4.7660904444437655,,,,,,
500,7.543166875839233,4.655401534389582,4.765671519802491,,,,,,
501,7.463017463684082,4.713380611567811,4.765250041927481,,,,,,
502,7.464966773986816,4.670423869243734,4.7648260112736285,,,,,,
503,7.482048511505127,4.670529825125452,4.764399428298586,,,,,,
504,7.429861783981323,4.666543785411625,4.763970293462757,,,,,,
505,7.442584037780762,4.652050543415071,4.763538607229299,,,,,,
506,7.430675983428955,4.643445120320576,4.763104370064126,,,,,,
507,7.47231912612915,4.815979552640865,4.762667582435904,,,,,,
508,7.541767835617065,4.726214153566228,4.7622282448160504,,,,,,
509,7.4801928997039795,4.682116688795685,4.761786357678735,,,,,,
510,7.460942506790161,4.671635268155995,4.761341921500882,,,,,,
511,7.455507040023804,4.698104796262919,4.760894936762163,,,,,,
512,7.4744062423706055,4.820727842829257,4.760445403945002,,,,,,
513,7.702255010604858,4.9951902202861564,4.759993323534575,,,,,,
514,7.7683844566345215,4.895965327733104,4.759538696018803,,,,,,
515,7.733223915100098,4.888174926542534,4.759081521888359,,,,,,
516,7.658324718475342,4.781394143709897,4.758621801636666,,,,,,
517,7.547674655914307,4.739488425556461,4.758159535759892,,,,,,
518,7.541309833526611,4.73852553612438,4.757694724756953,,,,,,
519,7.565838813781738,4.741822769416681,4.757227369129513,,,,,,
520,7.522058486938477,4.779319810185523,4.756757469381983,,,,,,
521,7.526312828063965,4.725914316429423,4.756285026021518,,,,,,
522,7.494905710220337,4.657660627075869,4.7558100395580185,,,,,,
523,7.480342864990234,4.651725420867137,4.755332510504131,,,,,,
524,7.469335079193115,4.652255605706102,4.754852439375243,,,,,,
525,7.471195697784424,4.704082269395864,4.7543698266894925,,,,,,
526,7.474203824996948,4.73099471584763,4.753884672967753,,,,,,
527,7.574244737625122,4.721307018807277,4.753396978733645,,,,,,
528,7.533874988555908,4.717149527791881,4.752906744513528,,,,,,
529,7.505990982055664,4.783246757562694,4.752413970836505,,,,,,
530,7.558748006820679,4.66938786634746,4.751918658234421,,,,,,
531,7.515685081481934,4.6805007818769955,4.751420807241857,,,,,,
532,7.523858547210693,4.721735314335319,4.750920418396137,,,,,,
533,7.555894136428833,4.727739402078466,4.7504174922373235,,,,,,
534,7.5031352043151855,4.666376186615466,4.749912029308217,,,,,,
535,7.483193397521973,4.739777579671175,4.7494040301543565,,,,,,
536,7.471473693847656,4.671317479277814,4.748893495324016,,,,,,
537,7.4674506187438965,4.651453966052115,4.748380425368211,,,,,,
538,7.421744346618652,4.624040135116263,4.747864820840688,,,,,,
539,7.417105436325073,4.612370198014704,4.747346682297931,,,,,,
540,7.440277576446533,4.774582090524495,4.746826010299161,,,,,,
541,7.557085990905762,4.658949252017862,4.746302805406331,,,,,,
542,7.487591743469238,4.69521333328876,4.745777068184126,,,,,,
543,7.480787038803101,4.676327444341815,4.7452487991999694,,,,,,
544,7.449051141738892,4.634963473579499,4.744717999024012,,,,,,
545,7.413604259490967,4.673207230336538,4.744184668229139,,,,,,
546,7.49648904800415,4.693929625859087,4.743648807390966,,,,,,
547,7.434361219406128,4.659660616279475,4.7431104170878395,,,,,,
548,7.4159018993377686,4.615504224750777,4.7425694979008375,,,,,,
549,7.426602125167847,4.662866766985823,4.742026050413764,,,,,,
550,7.446418285369873,4.630789844632355,4.741480075213155,,,,,,
551,7.405719995498657,4.647086841808035,4.740931572888273,,,,,,
552,7.417671203613281,4.6325941712077405,4.740380544031107,,,,,,
553,7.412989139556885,4.595139592472767,4.739826989236376,,,,,,
554,7.407556772232056,4.63483169993815,4.739270909101523,,,,,,
555,7.419916868209839,4.601464871259042,4.738712304226717,,,,,,
556,7.3701698780059814,4.621924287163406,4.738151175214852,,,,,,
557,7.37336540222168,4.578016729040823,4.737587522671545,,,,,,
558,7.352210998535156,4.5861017680767295,4.737021347205138,,,,,,
559,7.38758397102356,4.6705542109661335,4.736452649426695,,,,,,
560,7.428810358047485,4.657429555776421,4.735881429950006,,,,,,
561,7.47000527381897,4.618498325192949,4.735307689391577,,,,,,
562,7.4325621128082275,4.709872674074289,4.7347314283706385,,,,,,
563,7.536015748977661,4.742509871463016,4.7341526475091396,,,,,,
564,7.5507073402404785,4.789076456887264,4.73357134743175,,,,,,
565,7.527456283569336,4.721234997130763,4.732987528765858,,,,,,
566,7.5065224170684814,4.712144323041989,4.732401192141572,,,,,,
567,7.498701810836792,4.692657253977744,4.731812338191715,,,,,,
568,7.5078208446502686,4.673668364459968,4.731220967551827,,,,,,
569,7.493936538696289,4.679792878377789,4.730627080860168,,,,,,
570,7.477776288986206,4.652992334636493,4.730030678757709,,,,,,
571,7.466757535934448,4.700199729854973,4.729431761888138,,,,,,
572,7.468077659606934,4.651215765877034,4.728830330897858,,,,,,
573,7.440473318099976,4.643988300160064,4.728226386435984,,,,,,
574,7.425751209259033,4.60230261464466,4.7276199291543435,,,,,,
575,7.396697282791138,4.589596251681112,4.727010959707478,,,,,,
576,7.411268711090088,4.597999385365994,4.726399478752638,,,,,,
577,7.393293619155884,4.567900608327608,4.725785486949787,,,,,,
578,7.346683025360107,4.571045088551074,4.725168984961596,,,,,,
579,7.345775842666626,4.570075934562361,4.724549973453446,,,,,,
580,7.352957725524902,4.642519394901018,4.723928453093428,,,,,,
581,7.443156719207764,4.610900430993357,4.723304424552338,,,,,,
582,7.380687236785889,4.658314904162541,4.722677888503682,,,,,,
583,7.407678604125977,4.605844114434161,4.722048845623671,,,,,,
584,7.3961827754974365,4.623600545850949,4.721417296591221,,,,,,
585,7.389398813247681,4.579324548847754,4.720783242087953,,,,,,
586,7.412753105163574,4.910815135651693,4.720146682798194,,,,,,
587,7.803007364273071,4.904193645540102,4.719507619408971,,,,,,
588,7.725327968597412,4.799840256907498,4.718866052610016,,,,,,
589,7.601288795471191,4.79089893992067,4.7182219830937635,,,,,,
590,7.549148797988892,4.7085088674799,4.717575411555347,,,,,,
591,7.488146543502808,4.681010798058849,4.716926338692603,,,,,,
592,7.446082592010498,4.611749898442156,4.716274765206063,,,,,,
593,7.420608043670654,4.620898950941847,4.715620691798963,,,,,,
594,7.395809173583984,4.599362806699512,4.714964119177235,,,,,,
595,7.40728497505188,4.633701040436945,4.714305048049506,,,,,,
596,7.386774301528931,4.595880538483426,4.713643479127103,,,,,,
597,7.393282175064087,4.629913626241932,4.712979413124047,,,,,,
598,7.371774196624756,4.5940460941303956,4.712312850757053,,,,,,
599,7.369476079940796,4.63679626692519,4.711643792745535,,,,,,
600,7.412245035171509,4.583041854654689,4.710972239811594,,,,,,
601,7.3472490310668945,4.580303596613518,4.710298192680028,,,,,,
602,7.379148006439209,4.591233721122378,4.709621652078328,,,,,,
603,7.343414306640625,4.655502040475039,4.708942618736671,,,,,,
604,7.376003980636597,4.634046257316963,4.70826109338793,,,,,,
605,7.407463788986206,4.6199567209496655,4.707577076767664,,,,,,
606,7.382798433303833,4.552404665967621,4.706890569614121,,,,,,
607,7.365520477294922,4.61837686988262,4.706201572668239,,,,,,
608,7.389735460281372,4.651135443298201,4.705510086673641,,,,,,
609,7.3577704429626465,4.5967903783870945,4.70481611237664,,,,,,
610,7.353085041046143,4.586805014536947,4.704119650526229,,,,,,
611,7.406764507293701,4.679170680314664,4.70342070187409,,,,,,
612,7.445826768875122,4.70125874882141,4.702719267174587,,,,,,
613,7.457491874694824,4.790970819842464,4.70201534718477,,,,,,
614,7.609724998474121,4.670527336605707,4.701308942664369,,,,,,
615,7.578655958175659,4.883972349675111,4.700600054375793,,,,,,
616,7.717295408248901,4.839451945737082,4.699888683084137,,,,,,
617,7.666128635406494,4.839647658156357,4.699174829557173,,,,,,
618,7.607890367507935,4.789933470031005,4.698458494565352,,,,,,
619,7.57115364074707,4.737731575965881,4.6977396788818035,,,,,,
620,7.505415916442871,4.678560164503663,4.697018383282334,,,,,,
621,7.466241359710693,4.635989446677203,4.696294608545428,,,,,,
622,7.42375922203064,4.596849819971329,4.695568355452244,,,,,,
623,7.39455771446228,4.612462712726209,4.694839624786617,,,,,,
624,7.3772900104522705,4.636602592943446,4.6941084173350545,,,,,,
625,7.391908645629883,4.595939233460087,4.6933747338867375,,,,,,
626,7.372625827789307,4.604320063567244,4.69263857523352,,,,,,
627,7.3527398109436035,4.584288146869769,4.6918999421699255,,,,,,
628,7.353669881820679,4.5529320370696444,4.691158835493152,,,,,,
629,7.342021942138672,4.58008058128985,4.690415256003063,,,,,,
630,7.397514581680298,4.585276784578683,4.689669204502193,,,,,,
631,7.40635085105896,4.800623861146345,4.688920681795744,,,,,,
632,7.524851322174072,4.748311430370787,4.688169688691587,,,,,,
633,7.517707347869873,4.7951829723716815,4.687416226000255,,,,,,
634,7.518052816390991,4.668209718459607,4.686660294534951,,,,,,
635,7.445580959320068,4.621456729219113,4.68590189511154,,,,,,
636,7.441265344619751,4.64624232765242,4.68514102854855,,,,,,
637,7.425243616104126,4.59090116369559,4.684377695667174,,,,,,
638,7.386721611022949,4.617675663796827,4.683611897291264,,,,,,
639,7.37920069694519,4.581344032230782,4.682843634247338,,,,,,
640,7.3402276039123535,4.55086691582017,4.682072907364568,,,,,,
641,7.332086801528931,4.551724974653543,4.68129971747479,,,,,,
642,7.330000638961792,4.562246858608785,4.680524065412493,,,,,,
643,7.316177606582642,4.6048393167387465,4.67974595201483,,,,,,
644,7.432852268218994,4.77551324125799,4.678965378121606,,,,,,
645,7.647507429122925,4.783283318969158,4.678182344575281,,,,,,
646,7.689789533615112,4.699170540688976,4.677396852220974,,,,,,
647,7.564407825469971,4.894545531045626,4.6766089019064525,,,,,,
648,7.686923265457153,4.916455259459477,4.675818494482143,,,,,,
649,7.684200286865234,4.833296921885406,4.675025630801116,,,,,,
650,7.638556241989136,4.766502735003235,4.6742303117191,,,,,,
651,7.575128078460693,4.711540510997408,4.673432538094471,,,,,,
652,7.491422653198242,4.682379046387235,4.672632310788254,,,,,,
653,7.491599082946777,4.703514883485163,4.671829630664121,,,,,,
654,7.507785797119141,4.747717366578054,4.671024498588393,,,,,,
655,7.491641521453857,4.722714293664208,4.670216915430038,,,,,,
656,7.459364891052246,4.687171142219051,4.669406882060668,,,,,,
657,7.470715522766113,4.711484728074363,4.668594399354539,,,,,,
658,7.448020935058594,4.623801020753652,4.667779468188552,,,,,,
659,7.400918960571289,4.584052337879118,4.666962089442252,,,,,,
660,7.38993763923645,4.667775860640577,4.666142263997819,,,,,,
661,7.4614362716674805,4.5825051186247965,4.665319992740082,,,,,,
662,7.431200265884399,4.6190350015407216,4.664495276556505,,,,,,
663,7.388181447982788,4.587723911195941,4.663668116337191,,,,,,
664,7.381399154663086,4.569457890152725,4.662838512974882,,,,,,
665,7.344152212142944,4.585903251553326,4.662006467364958,,,,,,
666,7.346501350402832,4.572724819080048,4.661171980405431,,,,,,
667,7.352688789367676,4.55265992048295,4.6603350529969525,,,,,,
668,7.317413806915283,4.568340818948101,4.659495686042803,,,,,,
669,7.357205867767334,4.5826352611055,4.6586538804489015,,,,,,
670,7.3523900508880615,4.573430075673338,4.657809637123793,,,,,,
671,7.33534836769104,4.549794413084793,4.65696295697866,,,,,,
672,7.340132236480713,4.527382578552285,4.6561138409273095,,,,,,
673,7.283402442932129,4.526063024687808,4.65526228988618,,,,,,
674,7.289228439331055,4.514882329948233,4.654408304774338,,,,,,
675,7.276865005493164,4.515778424576622,4.653551886513477,,,,,,
676,7.270077466964722,4.542478097166924,4.652693036027916,,,,,,
677,7.2983903884887695,4.588166322552662,4.6518317542446,,,,,,
678,7.411598205566406,4.526691818567867,4.650968042093097,,,,,,
679,7.375337839126587,4.578449644496991,4.650101900505598,,,,,,
680,7.382867336273193,4.637709485027984,4.6492333304169176,,,,,,
681,7.428834915161133,4.6202862317991835,4.64836233276449,,,,,,
682,7.415933609008789,4.591595178976836,4.64748890848837,,,,,,
683,7.380703687667847,4.5799660332875405,4.646613058531231,,,,,,
684,7.363197088241577,4.529348182280514,4.645734783838366,,,,,,
685,7.376441478729248,4.516987921925104,4.644854085357681,,,,,,
686,7.341890096664429,4.60766257787288,4.6439709640397036,,,,,,
687,7.368568420410156,4.530791407493,4.643085420837572,,,,,,
688,7.32630181312561,4.590412126308504,4.642197456707039,,,,,,
689,7.3284101486206055,4.53576767865562,4.641307072606472,,,,,,
690,7.310991525650024,4.521439735304751,4.6404142694968495,,,,,,
691,7.272437334060669,4.492593762340538,4.639519048341759,,,,,,
692,7.276762962341309,4.483215229091859,4.638621410107401,,,,,,
693,7.272054195404053,4.5343513457779245,4.637721355762581,,,,,,
694,7.3669421672821045,4.52333747962267,4.636818886278717,,,,,,
695,7.28553318977356,4.60042278094143,4.635914002629827,,,,,,
696,7.3521270751953125,4.531599813629994,4.635006705792541,,,,,,
697,7.351094007492065,4.608219147399971,4.63409699674609,,,,,,
698,7.374912738800049,4.588688624277065,4.63318487647231,,,,,,
699,7.3500800132751465,4.62092353431976,4.632270345955637,,,,,,
700,7.385317087173462,4.627965077060554,4.631353406183113,,,,,,
701,7.371877431869507,4.518630286410735,4.630434058144373,,,,,,
702,7.306732177734375,4.523103582693758,4.62951230283166,,,,,,
703,7.322816610336304,4.60555779562046,4.628588141239808,,,,,,
704,7.3852314949035645,4.620050217962761,4.627661574366252,,,,,,
705,7.420545339584351,4.558088413402567,4.62673260321102,,,,,,
706,7.321955680847168,4.608573312336898,4.62580122877674,,,,,,
707,7.418356895446777,4.551881614911081,4.624867452068626,,,,,,
708,7.367288112640381,4.591283985760637,4.623931274094493,,,,,,
709,7.3515424728393555,4.562247926869674,4.622992695864741,,,,,,
710,7.367451190948486,4.614046678231122,4.622051718392365,,,,,,
711,7.390103101730347,4.539254799665983,4.621108342692947,,,,,,
712,7.31494665145874,4.59629391053727,4.62016256978466,,,,,,
713,7.392139434814453,4.604949947582167,4.61921440068826,,,,,,
714,7.372231960296631,4.587443236900781,4.618263836427093,,,,,,
715,7.342212915420532,4.595952402264448,4.617310878027088,,,,,,
716,7.483715534210205,4.627096515852616,4.6163555265167595,,,,,,
717,7.416970491409302,4.64045650748281,4.615397782927205,,,,,,
718,7.442021131515503,4.761139387377833,4.6144376482921,,,,,,
719,7.549939155578613,4.590055648282661,4.613475123647706,,,,,,
720,7.426998615264893,4.660900318539948,4.61251021003286,,,,,,
721,7.4037206172943115,4.626003409588978,4.611542908488978,,,,,,
722,7.383552074432373,4.618026848191612,4.610573220060056,,,,,,
723,7.399439334869385,4.5768865979110345,4.609601145792664,,,,,,
724,7.34901762008667,4.5718806461403645,4.6086266867359456,,,,,,
725,7.342088460922241,4.565952792479632,4.60764984394162,,,,,,
726,7.3279266357421875,4.532531929633336,4.606670618463981,,,,,,
727,7.286894798278809,4.495585484252645,4.605689011359889,,,,,,
728,7.256354331970215,4.498405846994713,4.604705023688781,,,,,,
729,7.260545253753662,4.509831490818302,4.603718656512657,,,,,,
730,7.2559897899627686,4.48987894651175,4.602729910896091,,,,,,
731,7.253773212432861,4.538886529449987,4.6017387879062195,,,,,,
732,7.362610816955566,4.540237293912798,4.600745288612747,,,,,,
733,7.299534797668457,4.505267635891714,4.599749414087943,,,,,,
734,7.265072584152222,4.53741547280674,4.598751165406639,,,,,,
735,7.3552422523498535,4.602175643967797,4.597750543646231,,,,,,
736,7.3249804973602295,4.594556648613469,4.596747549886673,,,,,,
737,7.349957704544067,4.5861315198849555,4.595742185210483,,,,,,
738,7.393206596374512,4.561996191585084,4.5947344507027355,,,,,,
739,7.3658223152160645,4.639103179994447,4.593724347451063,,,,,,
740,7.389560222625732,4.606885659735992,4.592711876545655,,,,,,
741,7.348887205123901,4.577877189350707,4.591697039079256,,,,,,
742,7.362347602844238,4.6468309987355765,4.590679836147165,,,,,,
743,7.381072998046875,4.6008062184993275,4.589660268847234,,,,,,
744,7.347787857055664,4.553835932494656,4.588638338279865,,,,,,
745,7.307324409484863,4.490234541366171,4.587614045548015,,,,,,
746,7.274919033050537,4.489421193454047,4.586587391757186,,,,,,
747,7.272945404052734,4.490141002516193,4.58555837801543,,,,,,
748,7.235309362411499,4.496592331684131,4.5845270054333485,,,,,,
749,7.282486438751221,4.691736213256003,4.5834932751240824,,,,,,
750,7.395013809204102,4.56937407393596,4.582457188203324,,,,,,
751,7.334825754165649,4.58186659790201,4.581418745789306,,,,,,
752,7.3740234375,4.686345993387844,4.580377949002803,,,,,,
753,7.4234724044799805,4.613771515041331,4.579334798967132,,,,,,
754,7.379411458969116,4.60447524624846,4.578289296808149,,,,,,
755,7.361730098724365,4.595289980363185,4.577241443654248,,,,,,
756,7.348007917404175,4.598992725411362,4.576191240636363,,,,,,
757,7.33282470703125,4.525495703805051,4.57513868888796,,,,,,
758,7.305392503738403,4.5261675991259995,4.5740837895450435,,,,,,
759,7.288159132003784,4.533024168148818,4.573026543746151,,,,,,
760,7.292328119277954,4.525750101890989,4.571966952632351,,,,,,
761,7.279829263687134,4.504180879537113,4.570905017347246,,,,,,
762,7.253125905990601,4.509469702039269,4.569840739036965,,,,,,
763,7.242005109786987,4.4982419093518775,4.568774118850168,,,,,,
764,7.246235609054565,4.661313451607058,4.567705157938042,,,,,,
765,7.440401554107666,4.591633333671238,4.566633857454301,,,,,,
766,7.356294870376587,4.625005383632005,4.565560218555183,,,,,,
767,7.408918857574463,4.530964938591216,4.564484242399452,,,,,,
768,7.316802978515625,4.540379900349695,4.563405930148391,,,,,,
769,7.355254411697388,4.88326324437272,4.562325282965806,,,,,,
770,7.599150657653809,4.671094420102895,4.561242302018024,,,,,,
771,7.433894157409668,4.6890068767492235,4.56015698847389,,,,,,
772,7.420839309692383,4.631370162994857,4.559069343504768,,,,,,
773,7.39760160446167,4.650974097605181,4.557979368284535,,,,,,
774,7.466938018798828,4.664946383578732,4.556887063989585,,,,,,
775,7.418882608413696,4.619001720352437,4.555792431798825,,,,,,
776,7.377540111541748,4.549641461109991,4.554695472893679,,,,,,
777,7.314579010009766,4.5453228093877405,4.553596188458074,,,,,,
778,7.303075313568115,4.516589503354382,4.552494579678451,,,,,,
779,7.269897937774658,4.540959289455641,4.551390647743764,,,,,,
780,7.276561260223389,4.508448885879649,4.550284393845466,,,,,,
781,7.307512521743774,4.548612933173336,4.549175819177522,,,,,,
782,7.2875189781188965,4.522578002055348,4.5480649249364005,,,,,,
783,7.263497829437256,4.493414519280454,4.546951712321071,,,,,,
784,7.242969036102295,4.520218493000473,4.54583618253301,,,,,,
785,7.243020057678223,4.49596897289286,4.54471833677619,,,,,,
786,7.24395489692688,4.45917081419682,4.543598176257084,,,,,,
787,7.200663805007935,4.494827660778779,4.542475702184667,,,,,,
788,7.231961488723755,4.478688975011662,4.541350915770408,,,,,,
789,7.235696077346802,4.529510473099697,4.540223818228271,,,,,,
790,7.332441329956055,4.5211634916387355,4.539094410774716,,,,,,
791,7.316714525222778,4.517851751252518,4.537962694628695,,,,,,
792,7.258410453796387,4.513502997609317,4.536828671011653,,,,,,
793,7.265901327133179,4.528936034678586,4.5356923411475245,,,,,,
794,7.287383556365967,4.479591692496007,4.534553706262733,,,,,,
795,7.238072395324707,4.52792562944637,4.5334127675861895,,,,,,
796,7.2652435302734375,4.520991106561193,4.532269526349293,,,,,,
797,7.236009120941162,4.508162641520103,4.5311239837859265,,,,,,
798,7.2554497718811035,4.5170395573152415,4.529976141132456,,,,,,
799,7.2548394203186035,4.451152407265618,4.528825999627732,,,,,,
800,7.270524978637695,4.686687048686026,4.527673560513084,,,,,,
801,7.360007286071777,4.607418582876385,4.526518825032323,,,,,,
802,7.326774597167969,4.573540209122712,4.525361794431736,,,,,,
803,7.3531787395477295,4.5180330971962865,4.524202469960091,,,,,,
804,7.2959558963775635,4.558079919430784,4.523040852868628,,,,,,
805,7.2811315059661865,4.543453438339862,4.521876944411063,,,,,,
806,7.296424627304077,4.485990157341213,4.520710745843586,,,,,,
807,7.250552654266357,4.516914637588235,4.519542258424857,,,,,,
808,7.280744791030884,4.500184368451919,4.518371483416005,,,,,,
809,7.2378833293914795,4.526965422429906,4.517198422080634,,,,,,
810,7.260296821594238,4.4845322948756206,4.516023075684807,,,,,,
811,7.240078926086426,4.5037515606582685,4.514845445497062,,,,,,
812,7.272436857223511,4.557635857002161,4.513665532788394,,,,,,
813,7.2691850662231445,4.5022868111703795,4.512483338832266,,,,,,
814,7.227835655212402,4.464366649837593,4.511298864904604,,,,,,
815,7.231821537017822,4.48592746371413,4.510112112283791,,,,,,
816,7.234259128570557,4.4495838730494315,4.508923082250671,,,,,,
817,7.2014970779418945,4.481208082501562,4.507731776088549,,,,,,
818,7.19380784034729,4.490576348346585,4.50653819508318,,,,,,
819,7.23189115524292,4.53755737538974,4.50534234052278,,,,,,
820,7.45280909538269,4.594423143583732,4.5041442136980185,,,,,,
821,7.376123428344727,4.648033932600319,4.502943815902013,,,,,,
822,7.453179836273193,4.772533127815306,4.5017411484303365,,,,,,
823,7.455231428146362,4.675955872705119,4.500536212581009,,,,,,
824,7.473057270050049,4.604764549426437,4.4993290096545,,,,,,
825,7.406599044799805,4.633728711428428,4.498119540953725,,,,,,
826,7.434190511703491,4.609432821438052,4.496907807784047,,,,,,
827,7.379845142364502,4.576199476521598,4.49569381145327,,,,,,
828,7.304901361465454,4.553751288837328,4.494477553271642,,,,,,
829,7.317985534667969,4.657803075410671,4.493259034551853,,,,,,
830,7.394752740859985,4.528051059983632,4.492038256609031,,,,,,
831,7.304985046386719,4.590066823998605,4.4908152207607435,,,,,,
832,7.321819067001343,4.507363705600465,4.489589928326995,,,,,,
833,7.252261400222778,4.470054921466515,4.488362380630226,,,,,,
834,7.253076791763306,4.479714912883743,4.487132578995309,,,,,,
835,7.232924938201904,4.502563793915913,4.485900524749551,,,,,,
836,7.248301029205322,4.502602486278817,4.48466621922269,,,,,,
837,7.2423319816589355,4.459211790685637,4.483429663746892,,,,,,
838,7.215531826019287,4.4954755018550765,4.482190859656755,,,,,,
839,7.226789712905884,4.44380877662831,4.4809498082893,,,,,,
840,7.182536840438843,4.477365592865845,4.479706510983975,,,,,,
841,7.224291563034058,4.476826082030553,4.478460969082653,,,,,,
842,7.208607196807861,4.526441476619326,4.477213183929628,,,,,,
843,7.343428373336792,4.606213758888443,4.475963156871615,,,,,,
844,7.361940860748291,4.53990182500055,4.474710889257753,,,,,,
845,7.289113998413086,4.484330713955534,4.473456382439591,,,,,,
846,7.262231349945068,4.482540157215228,4.4721996377711015,,,,,,
847,7.232826232910156,4.529402959620518,4.470940656608671,,,,,,
848,7.386245965957642,4.626259850825552,4.469679440311097,,,,,,
849,7.422055244445801,4.561215086454329,4.468415990239594,,,,,,
850,7.360297203063965,4.562484210605638,4.467150307757781,,,,,,
851,7.334659576416016,4.528395343126416,4.465882394231693,,,,,,
852,7.291126012802124,4.505149411783268,4.464612251029769,,,,,,
853,7.244051933288574,4.4880114406269795,4.463339879522857,,,,,,
854,7.242611885070801,4.535127977332168,4.462065281084206,,,,,,
855,7.272268533706665,4.566091099647447,4.460788457089472,,,,,,
856,7.2513108253479,4.6074849525966926,4.459509408916711,,,,,,
857,7.400370836257935,4.511240525096913,4.458228137946382,,,,,,
858,7.292584180831909,4.584452061863871,4.456944645561342,,,,,,
859,7.358841419219971,4.56883953245715,4.455658933146844,,,,,,
860,7.323365688323975,4.538868171606775,4.454371002090537,,,,,,
861,7.309471368789673,4.517214303878193,4.453080853782467,,,,,,
862,7.268857002258301,4.511967091835661,4.451788489615072,,,,,,
863,7.259078502655029,4.48341995894754,4.450493910983179,,,,,,
864,7.2330591678619385,4.490696594080334,4.449197119284012,,,,,,
865,7.226539850234985,4.467267109988261,4.447898115917173,,,,,,
866,7.18977952003479,4.460421558269388,4.446596902284661,,,,,,
867,7.204648494720459,4.4578501601514615,4.4452934797908545,,,,,,
868,7.19009804725647,4.4560582654444145,4.443987849842518,,,,,,
869,7.223715305328369,4.454963913668379,4.442680013848799,,,,,,
870,7.244007587432861,4.555187322857888,4.441369973221224,,,,,,
871,7.2531044483184814,4.535406247323679,4.440057729373701,,,,,,
872,7.255656719207764,4.554225852884081,4.438743283722516,,,,,,
873,7.288537979125977,4.54074707255413,4.43742663768633,,,,,,
874,7.258390426635742,4.505388486323365,4.436107792686177,,,,,,
875,7.222442865371704,4.46444254005699,4.434786750145469,,,,,,
876,7.218880891799927,4.446462052791949,4.433463511489987,,,,,,
877,7.220335006713867,4.50992043827704,4.432138078147882,,,,,,
878,7.239568710327148,4.62977621245942,4.430810451549674,,,,,,
879,7.364572525024414,4.6101871262493335,4.429480633128252,,,,,,
880,7.295353651046753,4.57322413018506,4.428148624318868,,,,,,
881,7.27564811706543,4.526301602763568,4.4268144265591385,,,,,,
882,7.250731945037842,4.497989064331072,4.425478041289044,,,,,,
883,7.253580808639526,4.495157318857968,4.4241394699509256,,,,,,
884,7.242087364196777,4.449593562342265,4.422798713989482,,,,,,
885,7.203630447387695,4.476917307210547,4.421455774851771,,,,,,
886,7.206756114959717,4.420022069917188,4.420110653987208,,,,,,
887,7.188097953796387,4.494898375762914,4.41876335284756,,,,,,
888,7.294480800628662,4.545810255501258,4.41741387288695,,,,,,
889,7.303268194198608,4.539925659291666,4.416062215561852,,,,,,
890,7.302755117416382,4.552505124121439,4.414708382331088,,,,,,
891,7.32584023475647,4.4923932466081355,4.41335237465583,,,,,,
892,7.265733003616333,4.516314506737364,4.411994193999598,,,,,,
893,7.227302312850952,4.52393072884872,4.410633841828253,,,,,,
894,7.276900053024292,4.506132387076755,4.409271319610007,,,,,,
895,7.223756790161133,4.489597013933613,4.407906628815407,,,,,,
896,7.235637664794922,4.51071988700839,4.406539770917344,,,,,,
897,7.215756416320801,4.499890633611787,4.405170747391048,,,,,,
898,7.188291549682617,4.4462713809938945,4.403799559714083,,,,,,
899,7.169822931289673,4.442691363239309,4.402426209366354,,,,,,
900,7.168223857879639,4.4333394975942175,4.401050697830096,,,,,,
901,7.148928880691528,4.421652045546413,4.399673026589877,,,,,,
902,7.1507580280303955,4.454630636582651,4.398293197132599,,,,,,
903,7.1544365882873535,4.428581904936292,4.396911210947491,,,,,,
904,7.1583030223846436,4.4480077240299725,4.395527069526109,,,,,,
905,7.107561349868774,4.471870945905379,4.394140774362335,,,,,,
906,7.227017641067505,4.589809773312284,4.392752326952379,,,,,,
907,7.527110815048218,4.855924901040836,4.39136172879477,,,,,,
908,7.602306365966797,4.813382397491349,4.38996898139036,,,,,,
909,7.599763870239258,4.6651656599763776,4.388574086242319,,,,,,
910,7.440989255905151,4.6760103245955,4.3871770448561405,,,,,,
911,7.387150049209595,4.581464121515251,4.385777858739625,,,,,,
912,7.371805191040039,4.637801418374688,4.384376529402896,,,,,,
913,7.347585678100586,4.580072245523462,4.382973058358387,,,,,,
914,7.3130998611450195,4.489808385097382,4.381567447120844,,,,,,
915,7.235600233078003,4.513939635760346,4.380159697207319,,,,,,
916,7.246244192123413,4.508474953175624,4.378749810137179,,,,,,
917,7.231120347976685,4.479613065564653,4.377337787432091,,,,,,
918,7.197105646133423,4.438653376205232,4.375923630616033,,,,,,
919,7.177354335784912,4.445699980937629,4.3745073412152795,,,,,,
920,7.178720951080322,4.477623675528597,4.373088920758414,,,,,,
921,7.227457761764526,4.51009358783322,4.371668370776313,,,,,,
922,7.249215126037598,4.588568278083148,4.370245692802158,,,,,,
923,7.268535137176514,4.527778317393215,4.368820888371421,,,,,,
924,7.2745361328125,4.527884315718707,4.367393959021874,,,,,,
925,7.233264923095703,4.483631635301035,4.365964906293581,,,,,,
926,7.219503402709961,4.471394484530185,4.364533731728894,,,,,,
927,7.260974884033203,4.5243132454270505,4.363100436872461,,,,,,
928,7.283656358718872,4.428255138534607,4.361665023271215,,,,,,
929,7.210603952407837,4.438029304417932,4.360227492474376,,,,,,
930,7.188408374786377,4.427454216099075,4.358787846033449,,,,,,
931,7.1786417961120605,4.4070207938306565,4.357346085502225,,,,,,
932,7.14951491355896,4.417264252836514,4.355902212436771,,,,,,
933,7.139599084854126,4.4251421355163,4.35445622839544,,,,,,
934,7.145521640777588,4.468217241056458,4.35300813493886,,,,,,
935,7.177336692810059,4.402585961221615,4.351557933629937,,,,,,
936,7.0989463329315186,4.4435033789308065,4.350105626033851,,,,,,
937,7.150019884109497,4.390898296851632,4.348651213718056,,,,,,
938,7.154537200927734,4.471612722869556,4.3471946982522764,,,,,,
939,7.173546075820923,4.4732733470366774,4.34573608120851,,,,,,
940,7.185242414474487,4.43914679379769,4.3442753641610174,,,,,,
941,7.157825469970703,4.520598620537869,4.34281254868633,,,,,,
942,7.253787040710449,4.54093978290593,4.341347636363242,,,,,,
943,7.279805660247803,4.579103137736097,4.339880628772812,,,,,,
944,7.321483850479126,4.553378465993772,4.3384115274983595,,,,,,
945,7.263981342315674,4.519351118410481,4.336940334125463,,,,,,
946,7.319627285003662,4.535621470243926,4.3354670502419586,,,,,,
947,7.312252998352051,4.554903321316792,4.33399167743794,,,,,,
948,7.264948844909668,4.588265343286755,4.3325142173057545,,,,,,
949,7.280688762664795,4.552820321540485,4.331034671440004,,,,,,
950,7.476053476333618,4.984322892343771,4.329553041437539,,,,,,
951,7.720748424530029,4.805110323883632,4.3280693288974605,,,,,,
952,7.635542392730713,4.7744164330500665,4.3265835354211175,,,,,,
953,7.646728515625,4.812013717933172,4.325095662612105,,,,,,
954,7.553088903427124,4.678509266578965,4.323605712076261,,,,,,
955,7.49452018737793,4.612582649241494,4.322113685421667,,,,,,
956,7.4006242752075195,4.668788832668828,4.320619584258645,,,,,,
957,7.442694187164307,4.700622871079106,4.319123410199755,,,,,,
958,7.44683837890625,4.6984199750361455,4.317625164859797,,,,,,
959,7.425262451171875,4.639186968255395,4.316124849855804,,,,,,
960,7.3515660762786865,4.573833445277536,4.314622466807044,,,,,,
961,7.363579511642456,4.524075358331307,4.313118017335014,,,,,,
962,7.294798374176025,4.476049071568447,4.311611503063445,,,,,,
963,7.258139133453369,4.508505361125622,4.310102925618297,,,,,,
964,7.223173141479492,4.466967986457605,4.3085922866277535,,,,,,
965,7.211467027664185,4.471847314910521,4.3070795877222245,,,,,,
966,7.193699598312378,4.4416612237950135,4.305564830534343,,,,,,
967,7.168077707290649,4.485727699160369,4.304048016698964,,,,,,
968,7.224302530288696,4.449770700631976,4.3025291478531615,,,,,,
969,7.176254034042358,4.51056620142902,4.301008225636229,,,,,,
970,7.202983856201172,4.4495389118041695,4.299485251689674,,,,,,
971,7.15639591217041,4.442065553691244,4.297960227657219,,,,,,
972,7.136770963668823,4.426041104603216,4.2964331551848005,,,,,,
973,7.147502422332764,4.445325776082391,4.294904035920565,,,,,,
974,7.157622337341309,4.444233128642809,4.293372871514867,,,,,,
975,7.14412260055542,4.547512785013462,4.2918396636202685,,,,,,
976,7.18528938293457,4.513841031019155,4.2903044138915405,,,,,,
977,7.188497543334961,4.534587999873599,4.288767123985654,,,,,,
978,7.318714141845703,4.600569557456664,4.287227795561781,,,,,,
979,7.543190956115723,4.9389487141339785,4.285686430281297,,,,,,
980,7.749502182006836,4.855279669398039,4.284143029807773,,,,,,
981,7.6956846714019775,4.824784215959354,4.2825975958069815,,,,,,
982,7.580741882324219,4.793480969797594,4.281050129946883,,,,,,
983,7.539590120315552,4.665524566710719,4.279500633897635,,,,,,
984,7.417132616043091,4.576026392070838,4.277949109331585,,,,,,
985,7.333270788192749,4.563241220636219,4.276395557923272,,,,,,
986,7.3508946895599365,4.598882218374124,4.274839981349418,,,,,,
987,7.353105068206787,4.558082486497984,4.273282381288935,,,,,,
988,7.316648244857788,4.50685345325974,4.271722759422916,,,,,,
989,7.252557277679443,4.516663359294111,4.27016111743464,,,,,,
990,7.222856044769287,4.483299754753683,4.268597457009561,,,,,,
991,7.216514587402344,4.522932573055374,4.267031779835316,,,,,,
992,7.2212233543396,4.442279979199223,4.265464087601716,,,,,,
993,7.175870418548584,4.426085265066016,4.263894382000748,,,,,,
994,7.185653209686279,4.468715798426129,4.262322664726572,,,,,,
995,7.171574354171753,4.439778552518147,4.260748937475518,,,,,,
996,7.149425029754639,4.416283446979068,4.259173201946087,,,,,,
997,7.143179655075073,4.424595132650907,4.257595459838946,,,,,,
998,7.136295318603516,4.429288306749672,4.256015712856929,,,,,,
999,7.150590181350708,4.499425764203691,4.254433962705033,,,,,,
1000,7.191478252410889,4.500560893343061,4.252850211090417,,,,,,
1001,7.179862022399902,4.461914393418119,4.2512644597224,,,,,,
1002,7.182568311691284,4.407163377160423,4.2496767103124595,,,,,,
1003,7.121919393539429,4.452782831866572,4.248086964574231,,,,,,
1004,7.153355121612549,4.408721364711765,4.2464952242235015,,,,,,
1005,7.142803192138672,4.406591556062422,4.244901490978214,,,,,,
1006,7.117289304733276,4.406931444137411,4.24330576655846,,,,,,
1007,7.132367134094238,4.478449628066976,4.241708052686481,,,,,,
1008,7.193835735321045,4.608702601861705,4.240108351086665,,,,,,
1009,7.250493764877319,4.581022094347655,4.238506663485547,,,,,,
1010,7.2705302238464355,4.476181333306757,4.236902991611804,,,,,,
1011,7.192959785461426,4.442803544952716,4.235297337196254,,,,,,
1012,7.1545116901397705,4.455276921120322,4.233689701971858,,,,,,
1013,7.168102741241455,4.40962835869379,4.23208008767371,,,,,,
1014,7.0889294147491455,4.422051999543631,4.230468496039044,,,,,,
1015,7.1016926765441895,4.406049791484606,4.228854928807226,,,,,,
1016,7.140225648880005,4.437650030210898,4.227239387719755,,,,,,
1017,7.15365743637085,4.45337299958672,4.22562187452026,,,,,,
1018,7.220248460769653,4.476298275966991,4.2240023909544995,,,,,,
1019,7.138705015182495,4.450724211022697,4.222380938770358,,,,,,
1020,7.16101861000061,4.465069037221333,4.220757519717843,,,,,,
1021,7.13986611366272,4.411980095469559,4.219132135549087,,,,,,
1022,7.105627536773682,4.417250620107613,4.217504788018343,,,,,,
1023,7.125887870788574,4.4146641642113496,4.2158754788819826,,,,,,
1024,7.110898017883301,4.629834926921222,4.214244209898495,,,,,,
1025,7.368952512741089,4.683747027321126,4.212610982828484,,,,,,
1026,7.459050893783569,4.604401856092688,4.210975799434666,,,,,,
1027,7.396104335784912,4.712712886893357,4.209338661481872,,,,,,
1028,7.337904214859009,4.605539322209317,4.207699570737039,,,,,,
1029,7.367675304412842,4.48693181778364,4.206058528969212,,,,,,
1030,7.223062753677368,4.491263874843588,4.204415537949545,,,,,,
1031,7.21533465385437,4.46255672980016,4.202770599451293,,,,,,
1032,7.209500789642334,4.488642811336178,4.201123715249813,,,,,,
1033,7.226437568664551,4.559575980803582,4.199474887122562,,,,,,
1034,7.326773166656494,4.527907632149279,4.1978241168490955,,,,,,
1035,7.219970941543579,4.486776214770883,4.196171406211066,,,,,,
1036,7.241918325424194,4.420454768544673,4.1945167569922175,,,,,,
1037,7.166508674621582,4.478282083762064,4.19286017097839,,,,,,
1038,7.187671661376953,4.538798438536852,4.191201649957511,,,,,,
1039,7.367645502090454,4.484674722847224,4.189541195719597,,,,,,
1040,7.352904319763184,4.549291555697108,4.187878810056753,,,,,,
1041,7.268133640289307,4.565101374115026,4.186214494763163,,,,,,
1042,7.302109718322754,4.612377275885494,4.1845482516351025,,,,,,
1043,7.318368911743164,4.558458714024447,4.182880082470919,,,,,,
1044,7.333792209625244,4.538558604528214,4.181209989071044,,,,,,
1045,7.311281681060791,4.576508560513293,4.179537973237983,,,,,,
1046,7.338990688323975,4.642900348536063,4.17786403677632,,,,,,
1047,7.39482307434082,4.650305248370824,4.176188181492707,,,,,,
1048,7.366183519363403,4.540953554561688,4.174510409195871,,,,,,
1049,7.28917121887207,4.513388051356042,4.172830721696606,,,,,,
1050,7.226725101470947,4.50620774209396,4.171149120807772,,,,,,
1051,7.198643684387207,4.4859863890777225,4.169465608344297,,,,,,
1052,7.171448230743408,4.490647626062613,4.167780186123172,,,,,,
1053,7.224710941314697,4.468348665011198,4.166092855963445,,,,,,
1054,7.169982433319092,4.412570963750886,4.164403619686229,,,,,,
1055,7.133323907852173,4.451412518281147,4.162712479114688,,,,,,
1056,7.129025459289551,4.479126232277531,4.1610194360740484,,,,,,
1057,7.125372886657715,4.448444604692881,4.159324492391582,,,,,,
1058,7.124176502227783,4.432169300134405,4.157627649896621,,,,,,
1059,7.124345779418945,4.466707211317078,4.1559289104205375,,,,,,
1060,7.143509864807129,4.44064995376603,4.154228275796759,,,,,,
1061,7.13724160194397,4.411910110061256,4.152525747860751,,,,,,
1062,7.087306261062622,4.418734270582166,4.1508213284500295,,,,,,
1063,7.081672191619873,4.4074707355356715,4.149115019404148,,,,,,
1064,7.108916521072388,4.465156386356213,4.1474068225647,,,,,,
1065,7.116112232208252,4.463468090229163,4.145696739775317,,,,,,
1066,7.138021230697632,4.450382078747609,4.143984772881665,,,,,,
1067,7.154403209686279,4.432368257158861,4.142270923731444,,,,,,
1068,7.127351760864258,4.432952687325056,4.140555194174387,,,,,,
1069,7.165124893188477,4.492070811356787,4.138837586062254,,,,,,
1070,7.22589373588562,4.620031421916943,4.137118101248834,,,,,,
1071,7.242823600769043,4.469793038516978,4.1353967415899415,,,,,,
1072,7.228886127471924,4.543960792817937,4.133673508943413,,,,,,
1073,7.224057197570801,4.503513543067607,4.131948405169109,,,,,,
1074,7.214595317840576,4.63749813341392,4.130221432128907,,,,,,
1075,7.287944078445435,4.498844587565295,4.128492591686704,,,,,,
1076,7.240048408508301,4.475199309079238,4.126761885708411,,,,,,
1077,7.20367431640625,4.491284393148571,4.125029316061951,,,,,,
1078,7.170246124267578,4.483875669526062,4.123294884617265,,,,,,
1079,7.2247474193573,4.43044575718288,4.121558593246294,,,,,,
1080,7.142913579940796,4.460094520605881,4.119820443822995,,,,,,
1081,7.1708314418792725,4.470287016116767,4.118080438223324,,,,,,
1082,7.125406265258789,4.431939910290249,4.116338578325244,,,,,,
1083,7.138189077377319,4.382662226567029,4.114594866008718,,,,,,
1084,7.079877138137817,4.446016390063837,4.112849303155709,,,,,,
1085,7.105766534805298,4.387558670194765,4.1111018916501765,,,,,,
1086,7.083198070526123,4.378967876618718,4.109352633378075,,,,,,
1087,7.076782703399658,4.434329148646657,4.1076015302273525,,,,,,
1088,7.08075213432312,4.44954860187176,4.105848584087949,,,,,,
1089,7.147813081741333,4.526155567368043,4.104093796851792,,,,,,
1090,7.1762025356292725,4.451441130253843,4.1023371704128,,,,,,
1091,7.123619556427002,4.415800154364089,4.100578706666869,,,,,,
1092,7.1280601024627686,4.442768954805888,4.098818407511886,,,,,,
1093,7.119656562805176,4.482195394058781,4.097056274847714,,,,,,
1094,7.2493274211883545,4.499304170676699,4.0952923105761965,,,,,,
1095,7.3503499031066895,5.291440664378981,4.093526516601154,,,,,,
1096,7.870049953460693,5.398014090090112,4.09175889482838,,,,,,
1097,8.229710578918457,5.340332120708617,4.089989447165644,,,,,,
1098,8.088053703308105,5.09475286064776,4.088218175522684,,,,,,
1099,7.860616207122803,4.92537681941763,4.086445081811206,,,,,,
1100,7.717710256576538,4.8426751020772825,4.084670167944883,,,,,,
1101,7.635283708572388,4.768147284768689,4.082893435839354,,,,,,
1102,7.545729875564575,4.678656501517965,4.08111488741222,,,,,,
1103,7.480950832366943,4.666224602138562,4.0793345245830395,,,,,,
1104,7.438380002975464,4.609991384802493,4.077552349273333,,,,,,
1105,7.374972343444824,4.567414945240038,4.075768363406574,,,,,,
1106,7.309331893920898,4.597734884331503,4.073982568908194,,,,,,
1107,7.329468250274658,4.532165763541359,4.072194967705571,,,,,,
1108,7.268671751022339,4.495352631967444,4.07040556172804,,,,,,
1109,7.242037773132324,4.483731747706593,4.068614352906877,,,,,,
1110,7.217117547988892,4.499215075884989,4.066821343175307,,,,,,
1111,7.213002920150757,4.508338704886015,4.0650265344685,,,,,,
1112,7.23468804359436,4.443086801280802,4.0632299287235645,,,,,,
1113,7.17110800743103,4.463431151709689,4.0614315278795505,,,,,,
1114,7.152284622192383,4.436061332902938,4.059631333877447,,,,,,
1115,7.184707880020142,4.512263246487497,4.057829348660173,,,,,,
1116,7.17594051361084,4.470113613989779,4.056025574172586,,,,,,
1117,7.180728912353516,4.402771747298216,4.054220012361473,,,,,,
1118,7.146301507949829,4.477168971217484,4.052412665175549,,,,,,
1119,7.2061967849731445,4.521005732425371,4.0506035345654565,,,,,,
1120,7.202449321746826,4.457618635180092,4.048792622483764,,,,,,
1121,7.162773132324219,4.444107266991969,4.0469799308849606,,,,,,
1122,7.147002458572388,4.475298074666456,4.045165461725458,,,,,,
1123,7.245095729827881,4.432659135082256,4.043349216963584,,,,,,
1124,7.227754354476929,4.545602602293421,4.0415311985595865,,,,,,
1125,7.219208478927612,4.491348485909467,4.039711408475624,,,,,,
1126,7.242038726806641,4.454208715252281,4.037889848675769,,,,,,
1127,7.17870569229126,4.466329334603955,4.036066521126003,,,,,,
1128,7.20805811882019,4.4815093865376,4.034241427794217,,,,,,
1129,7.199924945831299,4.458161345542614,4.032414570650206,,,,,,
1130,7.158923625946045,4.461215551458364,4.030585951665671,,,,,,
1131,7.16638970375061,4.416399203124658,4.0287555728142115,,,,,,
1132,7.133834362030029,4.61604945281556,4.0269234360713275,,,,,,
1133,7.302563190460205,4.397093020741097,4.025089543414418,,,,,,
1134,7.1802978515625,4.500557505666073,4.023253896822775,,,,,,
1135,7.2437872886657715,4.5443705351865065,4.021416498277585,,,,,,
1136,7.275629043579102,4.48099204624133,4.019577349761923,,,,,,
1137,7.198317766189575,4.4886964402537615,4.017736453260756,,,,,,
1138,7.172515869140625,4.434182222345053,4.015893810760937,,,,,,
1139,7.154338359832764,4.391515358068707,4.014049424251199,,,,,,
1140,7.128057479858398,4.405460223064885,4.012203295722164,,,,,,
1141,7.109694719314575,4.398093131478985,4.010355427166328,,,,,,
1142,7.0826451778411865,4.399296389979858,4.00850582057807,,,,,,
1143,7.0822906494140625,4.375372772594104,4.006654477953641,,,,,,
1144,7.081624984741211,4.4533484346222005,4.004801401291169,,,,,,
1145,7.1676599979400635,4.423021886672056,4.002946592590649,,,,,,
1146,7.142118453979492,4.433229434428223,4.001090053853952,,,,,,
1147,7.2127602100372314,4.483798110505737,3.9992317870848093,,,,,,
1148,7.227970600128174,4.489968671878247,3.9973717942888216,,,,,,
1149,7.256610155105591,4.577911295861884,3.99551007747345,,,,,,
1150,7.232980966567993,4.451320183132509,3.99364663864802,,,,,,
1151,7.191395282745361,4.459522657457939,3.9917814798237106,,,,,,
1152,7.14998984336853,4.438901658565374,3.989914603013561,,,,,,
1153,7.141271114349365,4.436956845753321,3.9880460102324626,,,,,,
1154,7.13431715965271,4.389106835866512,3.9861757034971603,,,,,,
1155,7.110517501831055,4.386294888251783,3.984303684826247,,,,,,
1156,7.091745853424072,4.45839693996429,3.982429956240165,,,,,,
1157,7.1381072998046875,4.378257258861379,3.980554519761202,,,,,,
1158,7.085315942764282,4.421010740295027,3.9786773774134874,,,,,,
1159,7.096874237060547,4.462667112398499,3.976798531222993,,,,,,
1160,7.1944074630737305,4.449928327026153,3.9749179832175296,,,,,,
1161,7.116331577301025,4.406176832044559,3.9730357354267443,,,,,,
1162,7.120286226272583,4.426918724484006,3.9711517898821187,,,,,,
1163,7.116830825805664,4.4239837286583885,3.969266148616967,,,,,,
1164,7.094359397888184,4.5129567655110066,3.967378813666434,,,,,,
1165,7.277071475982666,4.4460267797951785,3.9654897870674906,,,,,,
1166,7.236571550369263,4.686385132566069,3.963599070858936,,,,,,
1167,7.4593939781188965,4.600768421355318,3.9617066670813923,,,,,,
1168,7.362310886383057,4.50983790826033,3.9598125777773,,,,,,
1169,7.290710210800171,4.753148860286799,3.9579168049909246,,,,,,
1170,7.42124605178833,4.576591903043578,3.9560193507683423,,,,,,
1171,7.315855264663696,4.5231896760765355,3.954120217157449,,,,,,
1172,7.247023582458496,4.4876276854832415,3.9522194062079503,,,,,,
1173,7.2140748500823975,4.4917808614632495,3.950316919971362,,,,,,
1174,7.186952114105225,4.4399670516132685,3.9484127605010104,,,,,,
1175,7.127165794372559,4.421460265484178,3.946506929852026,,,,,,
1176,7.131312608718872,4.364185382888056,3.9445994300813414,,,,,,
1177,7.09028697013855,4.363956194325791,3.942690263247694,,,,,,
1178,7.084336042404175,4.462295985394892,3.9407794314116193,,,,,,
1179,7.1350157260894775,4.47371531716924,3.9388669366354487,,,,,,
1180,7.154987812042236,4.512825953136594,3.936952780983309,,,,,,
1181,7.187965393066406,4.509250532609751,3.93503696652112,,,,,,
1182,7.196674823760986,4.512947822089728,3.9331194953165918,,,,,,
1183,7.172870635986328,4.496407411927986,3.9312003694392206,,,,,,
1184,7.14420223236084,4.484011222923132,3.929279590960292,,,,,,
1185,7.168102979660034,4.442763734111753,3.9273571619528727,,,,,,
1186,7.218993425369263,4.636785351501801,3.925433084491811,,,,,,
1187,7.291657447814941,4.5713521990298815,3.9235073606537347,,,,,,
1188,7.238810300827026,4.508716522007406,3.9215799925170503,,,,,,
1189,7.173196315765381,4.489121722080059,3.9196509821619356,,,,,,
1190,7.190464735031128,4.407558179991497,3.917720331670342,,,,,,
1191,7.120814085006714,4.435722417496726,3.915788043125994,,,,,,
1192,7.103870391845703,4.412828072046851,3.91385411861438,,,,,,
1193,7.117703437805176,4.398602894121584,3.911918560222755,,,,,,
1194,7.07897162437439,4.385639267658857,3.9099813700401396,,,,,,
1195,7.065500736236572,4.381885768338857,3.9080425501573135,,,,,,
1196,7.055905103683472,4.3749032710877405,3.906102102666815,,,,,,
1197,7.031692028045654,4.374327584197244,3.9041600296629406,,,,,,
1198,7.041020393371582,4.389480906146445,3.902216333241742,,,,,,
1199,7.037879228591919,4.438512068906834,3.900271015501019,,,,,,
1200,7.095768451690674,4.424245454719617,3.898324078540325,,,,,,
1201,7.086077928543091,4.410688171766866,3.8963755244609604,,,,,,
1202,7.04876184463501,4.415871642762392,3.8944253553659696,,,,,,
1203,7.0501556396484375,4.375449945623995,3.8924735733601405,,,,,,
1204,7.029946804046631,4.441746453607723,3.8905201805500034,,,,,,
1205,7.109282493591309,4.4575328725281995,3.8885651790438236,,,,,,
1206,7.129458665847778,4.453721339357581,3.8866085709516076,,,,,,
1207,7.149296760559082,4.387767077189591,3.8846503583850915,,,,,,
1208,7.084565162658691,4.423823960861466,3.882690543457745,,,,,,
1209,7.1735475063323975,4.63604868827081,3.8807291282847665,,,,,,
1210,7.321638345718384,4.529810177339838,3.8787661149830823,,,,,,
1211,7.2221152782440186,4.475131144737453,3.876801505671343,,,,,,
1212,7.18825364112854,4.47716309101784,3.874835302469922,,,,,,
1213,7.159491062164307,4.394800128915591,3.8728675075009136,,,,,,
1214,7.099841833114624,4.401478158539255,3.8708981228881285,,,,,,
1215,7.125837087631226,4.541112101263975,3.8689271507570946,,,,,,
1216,7.245243310928345,4.518714616717561,3.8669545932350515,,,,,,
1217,7.257389307022095,4.500783377751527,3.8649804524509515,,,,,,
1218,7.171428680419922,4.491695709694403,3.863004730535455,,,,,,
1219,7.144491195678711,4.394955477485211,3.8610274296209295,,,,,,
1220,7.096001148223877,4.433692917434347,3.859048551841445,,,,,,
1221,7.139078617095947,4.395786275586801,3.857068099332776,,,,,,
1222,7.104419469833374,4.483477071663639,3.8550860742323945,,,,,,
1223,7.129247665405273,4.466672488783633,3.8531024786794696,,,,,,
1224,7.106212615966797,4.451427877582028,3.851117314814868,,,,,,
1225,7.080864906311035,4.424527555484603,3.8491305847811454,,,,,,
1226,7.075447082519531,4.42779044258171,3.8471422907225508,,,,,,
1227,7.098749399185181,4.461786225205691,3.8451524347850192,,,,,,
1228,7.08968710899353,4.418200236879147,3.843161019116174,,,,,,
1229,7.061590671539307,4.391764502746393,3.8411680458653183,,,,,,
1230,7.050979137420654,4.374866110652014,3.8391735171834385,,,,,,
1231,7.029890060424805,4.3968615730259195,3.8371774352232006,,,,,,
1232,7.040116786956787,4.451246276756093,3.8351798021389443,,,,,,
1233,7.094005346298218,4.391227972956836,3.8331806200866865,,,,,,
1234,7.040454864501953,4.445391614112738,3.8311798912241137,,,,,,
1235,7.058704614639282,4.4355010003548765,3.8291776177105827,,,,,,
1236,7.091426134109497,4.59679136702878,3.827173801707116,,,,,,
1237,7.319349527359009,4.542106292212133,3.8251684453764034,,,,,,
1238,7.177734851837158,4.517241539901681,3.823161550882796,,,,,,
1239,7.147119045257568,4.442554094297634,3.821153120392305,,,,,,
1240,7.145474910736084,4.460628172127688,3.819143156072598,,,,,,
1241,7.140185117721558,4.461033270744352,3.817131660092999,,,,,,
1242,7.1604392528533936,4.503057567793327,3.815118634624488,,,,,,
1243,7.145843029022217,4.548659983189515,3.813104081839691,,,,,,
1244,7.152969121932983,4.410993636209692,3.8110880039128854,,,,,,
1245,7.077658414840698,4.393805393958836,3.8090704030199936,,,,,,
1246,7.074808359146118,4.422689091394845,3.8070512813385817,,,,,,
1247,7.077337026596069,4.423858145222817,3.8050306410478574,,,,,,
1248,7.094645023345947,4.485517519508429,3.8030084843286676,,,,,,
1249,7.08913516998291,4.5083113504861005,3.800984813363496,,,,,,
1250,7.140126705169678,4.441255326352149,3.7989596303364594,,,,,,
1251,7.114610910415649,4.435426773680971,3.7969329374333083,,,,,,
1252,7.117926836013794,4.391086665296885,3.7949047368414215,,,,,,
1253,7.046763181686401,4.398036506033439,3.792875030749805,,,,,,
1254,7.089090824127197,4.398883516805011,3.790843821349092,,,,,,
1255,7.11911678314209,4.426742627596938,3.788811110831534,,,,,,
1256,7.064019680023193,4.429415243621302,3.7867769013910055,,,,,,
1257,7.063351631164551,4.364050644961552,3.784741195222999,,,,,,
1258,7.017455101013184,4.418037125779448,3.7827039945246206,,,,,,
1259,7.052414178848267,4.351912657996604,3.7806653014945915,,,,,,
1260,6.992846727371216,4.3733544696374205,3.7786251183332418,,,,,,
1261,7.044642686843872,4.383053016918267,3.77658344724251,,,,,,
1262,7.002050399780273,4.403137407977412,3.774540290425943,,,,,,
1263,7.0511393547058105,4.43475635682896,3.772495650088686,,,,,,
1264,7.083332777023315,4.427519370516055,3.770449528437492,,,,,,
1265,7.064022779464722,4.373032221167092,3.768401927680708,,,,,,
1266,7.0559608936309814,4.46522464994438,3.766352850028278,,,,,,
1267,7.122994422912598,4.49885569645844,3.7643022976917417,,,,,,
1268,7.181177377700806,4.392438469147971,3.762250272884229,,,,,,
1269,7.107919931411743,4.428785417764811,3.7601967778204592,,,,,,
1270,7.127685308456421,4.41587371428205,3.7581418147167387,,,,,,
1271,7.081030368804932,4.412256385466049,3.7560853857909597,,,,,,
1272,7.06441068649292,4.4332685484655805,3.754027493262593,,,,,,
1273,7.120340347290039,4.569197096550382,3.7519681393526927,,,,,,
1274,7.181177854537964,4.427524855996335,3.7499073262838873,,,,,,
1275,7.106049537658691,4.419752246533977,3.747845056280383,,,,,,
1276,7.065689325332642,4.444529269013289,3.745781331567955,,,,,,
1277,7.0655882358551025,4.418411317767262,3.743716154373951,,,,,,
1278,7.085811138153076,4.460764004982866,3.741649526927287,,,,,,
1279,7.182554721832275,4.523380132085374,3.7395814514584416,,,,,,
1280,7.283884286880493,4.61837501315145,3.737511930199457,,,,,,
1281,7.285009145736694,4.470750278988579,3.7354409653839387,,,,,,
1282,7.222102403640747,4.486652321480796,3.733368559247045,,,,,,
1283,7.1799726486206055,4.497206850639146,3.7312947140254953,,,,,,
1284,7.169630527496338,4.463983392720619,3.7292194319575582,,,,,,
1285,7.136407852172852,4.405662050331899,3.7271427152830543,,,,,,
1286,7.094161748886108,4.4053040564034385,3.7250645662433537,,,,,,
1287,7.118550539016724,4.475004564370295,3.722984987081371,,,,,,
1288,7.140236139297485,4.388460399786355,3.720903980041565,,,,,,
1289,7.071996450424194,4.405542084956913,3.7188215473699344,,,,,,
1290,7.056434631347656,4.43179816751381,3.716737691314018,,,,,,
1291,7.05480432510376,4.386829270401798,3.714652414122891,,,,,,
1292,7.039917230606079,4.430210591201869,3.712565718047161,,,,,,
1293,7.069170951843262,4.464611331811191,3.7104776053389683,,,,,,
1294,7.145591974258423,4.4077647064442855,3.708388078251981,,,,,,
1295,7.075835704803467,4.377309290101458,3.706297139041394,,,,,,
1296,7.051421165466309,4.347139433891459,3.704204789963928,,,,,,
1297,6.99788761138916,4.379795539394615,3.7021110332778226,,,,,,
1298,6.993181228637695,4.383839522176898,3.7000158712428384,,,,,,
1299,6.984891414642334,4.364248046719274,3.697919306120252,,,,,,
1300,6.972280263900757,4.437755912955547,3.6958213401728557,,,,,,
1301,7.0124921798706055,4.373470978988932,3.693721975664951,,,,,,
1302,6.989624500274658,4.426769665508584,3.6916212148623515,,,,,,
1303,7.08113694190979,4.366323561651352,3.6895190600323775,,,,,,
1304,7.091951847076416,4.41499776185282,3.687415513443851,,,,,,
1305,7.04618763923645,4.437722231995838,3.6853105773671,,,,,,
1306,7.132032632827759,4.406916886090302,3.68320425407395,,,,,,
1307,7.048038721084595,4.456751343773184,3.681096545837724,,,,,,
1308,7.201738357543945,4.440904888668238,3.67898745493324,,,,,,
1309,7.15813684463501,4.607046555030439,3.6768769836368076,,,,,,
1310,7.30608344078064,4.496473432361976,3.6747651342262273,,,,,,
1311,7.132014513015747,4.433309186992447,3.6726519089807863,,,,,,
1312,7.110632658004761,4.458362797672248,3.670537310181256,,,,,,
1313,7.116638660430908,4.436479497048842,3.6684213401098926,,,,,,
1314,7.085613012313843,4.427759633178417,3.6663040010504306,,,,,,
1315,7.057406425476074,4.3833830350399845,3.6641852952880813,,,,,,
1316,7.041577100753784,4.433841482592517,3.662065225109533,,,,,,
1317,7.0363078117370605,4.390220766315686,3.659943792802944,,,,,,
1318,7.059321403503418,4.421781985996295,3.657821000657946,,,,,,
1319,7.056668996810913,4.3364097057378475,3.655696850965637,,,,,,
1320,6.998684406280518,4.371183380252154,3.653571346018578,,,,,,
1321,7.054737567901611,4.371875246925412,3.651444488110795,,,,,,
1322,7.054757595062256,4.41998839346721,3.649316279537775,,,,,,
1323,7.04732084274292,4.387519864781891,3.6471867225964605,,,,,,
1324,7.060181140899658,4.381045751176788,3.6450558195852514,,,,,,
1325,7.023340940475464,4.388838563986006,3.6429235728039977,,,,,,
1326,7.030097961425781,4.3805864909679935,3.6407899845540026,,,,,,
1327,7.00904107093811,4.3914410082988145,3.6386550571380156,,,,,,
1328,7.04625940322876,4.3985233652942926,3.636518792860232,,,,,,
1329,7.067355632781982,4.449393497492659,3.6343811940262887,,,,,,
1330,7.088818311691284,4.472109400613985,3.6322422629432647,,,,,,
1331,7.0838518142700195,4.35468606530742,3.6301020019196764,,,,,,
1332,6.988979339599609,4.394606167408581,3.627960413265475,,,,,,
1333,6.99867582321167,4.377421500558353,3.6258174992920456,,,,,,
1334,6.99880313873291,4.3962025868365835,3.623673262312202,,,,,,
1335,7.00257682800293,4.394992843418797,3.621527704640188,,,,,,
1336,6.9775426387786865,4.369582905513162,3.6193808285916704,,,,,,
1337,6.993551015853882,4.479184035799325,3.6172326364837417,,,,,,
1338,7.073951959609985,4.378951526629502,3.6150831306349134,,,,,,
1339,7.091754913330078,4.393353479909525,3.612932313365114,,,,,,
1340,7.0506510734558105,4.547245946562683,3.6107801869956884,,,,,,
1341,7.141864776611328,4.53572775779915,3.608626753849394,,,,,,
1342,7.158324718475342,4.407186941900638,3.6064720162504003,,,,,,
1343,7.085509300231934,4.403054813862466,3.6043159765242825,,,,,,
1344,7.09672212600708,4.439563419650498,3.60215863699802,,,,,,
1345,7.1124677658081055,4.357092346098642,3.5999999999999996,,,,,,
1346,7.025448322296143,4.435378061090975,3.5978400678600053,,,,,,
1347,7.082770109176636,4.456133771642552,3.595678842909218,,,,,,
1348,7.1233439445495605,4.438980357259822,3.593516327480217,,,,,,
1349,7.124525785446167,4.453124031611756,3.591352523906971,,,,,,
1350,7.1501970291137695,4.393585775673802,3.5891874345248413,,,,,,
1351,7.074551582336426,4.404124503261192,3.5870210616705775,,,,,,
1352,7.042269468307495,4.4157704989872935,3.584853407682312,,,,,,
1353,7.057053565979004,4.383395278035458,3.5826844748995623,,,,,,
1354,7.023385763168335,4.366298384357573,3.5805142656632243,,,,,,
1355,6.977485179901123,4.354342107059018,3.578342782315572,,,,,,
1356,7.00981330871582,4.575436402480255,3.576170027200254,,,,,,
1357,7.186810731887817,4.415175466038016,3.5739960026622946,,,,,,
1358,7.013702154159546,4.412091121297052,3.5718207110480837,,,,,,
1359,7.0574257373809814,4.424856948868034,3.5696441547053817,,,,,,
1360,7.063609838485718,4.42745576681411,3.5674663359833128,,,,,,
1361,7.056796550750732,4.413047187682403,3.565287257232365,,,,,,
1362,7.056687831878662,4.368082008907245,3.5631069208043846,,,,,,
1363,7.0364909172058105,4.508870488113402,3.5609253290525755,,,,,,
1364,7.09441614151001,4.50957984282301,3.5587424843314976,,,,,,
1365,7.128287315368652,4.424828530959075,3.556558388997062,,,,,,
1366,7.090759515762329,4.396598358940417,3.5543730454065305,,,,,,
1367,7.024020671844482,4.414216848990947,3.552186455918511,,,,,,
1368,7.010918855667114,4.358582588787509,3.549998622892957,,,,,,
1369,6.996977090835571,4.402329864958543,3.5478095486911636,,,,,,
1370,6.983757972717285,4.387921122169087,3.545619235675766,,,,,,
1371,6.994572401046753,4.463196820593996,3.543427686210736,,,,,,
1372,7.131604909896851,4.539322433247516,3.541234902661381,,,,,,
1373,7.237515449523926,4.450987650924064,3.539040887394337,,,,,,
1374,7.095495700836182,4.476970732986824,3.536845642777574,,,,,,
1375,7.091552734375,4.411797969616575,3.534649171180385,,,,,,
1376,7.057632684707642,4.3977632269302,3.532451474973389,,,,,,
1377,7.090010166168213,4.396348895527668,3.5302525565285285,,,,,,
1378,7.033078193664551,4.6078827193901075,3.5280524182190605,,,,,,
1379,7.135988712310791,4.472784200602533,3.5258510624195623,,,,,,
1380,7.144742488861084,4.53758949058153,3.5236484915059245,,,,,,
1381,7.161083221435547,4.481758024033476,3.521444707855349,,,,,,
1382,7.102989196777344,4.450116960205899,3.519239713846345,,,,,,
1383,7.060667037963867,4.387113611686788,3.517033511858731,,,,,,
1384,7.0395824909210205,4.390016922591645,3.514826104273626,,,,,,
1385,7.055296421051025,4.635747742069243,3.5126174934734533,,,,,,
1386,7.290411949157715,4.576718998482157,3.510407681841933,,,,,,
1387,7.212744474411011,4.500502067329152,3.508196671764082,,,,,,
1388,7.158233642578125,4.4965870559757875,3.5059844656262085,,,,,,
1389,7.144542932510376,4.4236016311461634,3.5037710658159154,,,,,,
1390,7.106315612792969,4.384092306308254,3.5015564747220904,,,,,,
1391,7.06924033164978,4.420593303923642,3.4993406947349093,,,,,,
1392,7.040027856826782,4.392305897558479,3.49712372824583,,,,,,
1393,7.040836811065674,4.362508395141187,3.4949055776475912,,,,,,
1394,7.045826196670532,4.448098035061173,3.492686245334209,,,,,,
1395,7.097931146621704,4.4936921933869245,3.4904657337009755,,,,,,
1396,7.1368536949157715,4.460110822082393,3.4882440451444565,,,,,,
1397,7.137192726135254,4.5303970546924885,3.4860211820624865,,,,,,
1398,7.253503322601318,4.596150646021709,3.4837971468541675,,,,,,
1399,7.370450258255005,4.656731584921247,3.481571941919869,,,,,,
1400,7.317094326019287,4.548559791435919,3.479345569661219,,,,,,
1401,7.2415690422058105,4.520624384542272,3.4771180324811093,,,,,,
1402,7.186357736587524,4.484374628452329,3.4748893327836865,,,,,,
1403,7.172193765640259,4.515557563981522,3.4726594729743536,,,,,,
1404,7.125247001647949,4.389518496230167,3.4704284554597638,,,,,,
1405,7.090764045715332,4.398597767773492,3.468196282647821,,,,,,
1406,7.062374591827393,4.384982533091146,3.4659629569476778,,,,,,
1407,7.037195920944214,4.389181190866015,3.4637284807697255,,,,,,
1408,7.037946701049805,4.377944982489587,3.461492856525603,,,,,,
1409,7.013826608657837,4.463573423632303,3.4592560866281854,,,,,,
1410,7.1064982414245605,4.485726954567164,3.4570181734915852,,,,,,
1411,7.114058256149292,4.402710462334458,3.454779119531148,,,,,,
1412,7.068048477172852,4.375574500608279,3.4525389271634515,,,,,,
1413,7.02335786819458,4.376391831675683,3.4502975988063005,,,,,,
1414,7.014806032180786,4.377263956036631,3.4480551368787284,,,,,,
1415,6.964364051818848,4.3818446444008545,3.4458115438009904,,,,,,
1416,6.987250089645386,4.355854947081213,3.4435668219945628,,,,,,
1417,6.969897031784058,4.375458999841992,3.441320973882139,,,,,,
1418,6.990513801574707,4.3688825486644305,3.4390740018876307,,,,,,
1419,7.065860986709595,4.588287474739283,3.436825908436161,,,,,,
1420,7.29873514175415,4.539012967623396,3.434576695954062,,,,,,
1421,7.332239389419556,4.577102273392718,3.432326366868876,,,,,,
1422,7.230593681335449,4.590135664457981,3.4300749236093497,,,,,,
1423,7.299448490142822,4.470168760217455,3.42782236860543,,,,,,
1424,7.1301257610321045,4.45533756085347,3.425568704288268,,,,,,
1425,7.160680294036865,4.441552992425923,3.4233139330902094,,,,,,
1426,7.084989547729492,4.4042467423545215,3.4210580574447937,,,,,,
1427,7.06949782371521,4.427004100105998,3.418801079786754,,,,,,
1428,7.047643661499023,4.388729058619285,3.4165430025520127,,,,,,
1429,7.013302803039551,4.405582143100337,3.4142838281776786,,,,,,
1430,7.046464681625366,4.370388851893268,3.4120235591020447,,,,,,
1431,7.01419734954834,4.3517714058609105,3.4097621977645853,,,,,,
1432,6.958414554595947,4.356616597383749,3.407499746605954,,,,,,
1433,6.987365961074829,4.353186570379102,3.4052362080679797,,,,,,
1434,6.982738733291626,4.397923125092915,3.402971584593666,,,,,,
1435,7.001019477844238,4.377790098031741,3.4007058786271878,,,,,,
1436,6.993930816650391,4.374733847247976,3.398439092613886,,,,,,
1437,6.990663290023804,4.381807487858282,3.396171229000269,,,,,,
1438,6.967303514480591,4.388791447973437,3.393902290234009,,,,,,
1439,6.9664483070373535,4.331003635372818,3.3916322787639364,,,,,,
1440,6.938615083694458,4.345191033189048,3.3893611970400417,,,,,,
1441,6.933342695236206,4.38702100532152,3.3870890475134683,,,,,,
1442,6.973247766494751,4.428648623271459,3.3848158326365123,,,,,,
1443,7.000397205352783,4.379463810622176,3.382541554862622,,,,,,
1444,6.979249954223633,4.404861159093252,3.380266216646391,,,,,,
1445,7.006151437759399,4.315327679780369,3.3779898204435566,,,,,,
1446,6.977696895599365,4.395782723273934,3.375712368711,,,,,,
1447,6.983620643615723,4.358898846345406,3.3734338639067403,,,,,,
1448,6.954830169677734,4.3566933838034005,3.3711543084899334,,,,,,
1449,6.962960720062256,4.378636591575485,3.3688737049208695,,,,,,
1450,6.980201721191406,4.417211750770824,3.3665920556609694,,,,,,
1451,6.967002868652344,4.374916526367904,3.3643093631727834,,,,,,
1452,6.945684432983398,4.372751981168469,3.3620256299199864,,,,,,
1453,6.9863059520721436,4.395855824587353,3.359740858367378,,,,,,
1454,6.996571063995361,4.405826846812327,3.357455050980878,,,,,,
1455,6.994689226150513,4.423921790212858,3.3551682102275238,,,,,,
1456,7.059539079666138,4.656607691811937,3.352880338575468,,,,,,
1457,7.5276172161102295,4.9576078244263835,3.3505914384939763,,,,,,
1458,7.789259433746338,4.9041207122844055,3.3483015124534243,,,,,,
1459,7.698588609695435,4.673587540716604,3.3460105629252945,,,,,,
1460,7.530235052108765,4.825286386951004,3.343718592382175,,,,,,
1461,7.58031439781189,4.75151513467835,3.341425603297753,,,,,,
1462,7.487191438674927,4.600722690388896,3.3391315981468197,,,,,,
1463,7.369780778884888,4.600792106763949,3.33683657940526,,,,,,
1464,7.313297271728516,4.608631984884342,3.3345405495500526,,,,,,
1465,7.274951219558716,4.528949370507661,3.3322435110592674,,,,,,
1466,7.238579750061035,4.471205375507552,3.3299454664120645,,,,,,
1467,7.187595844268799,4.460069306982452,3.3276464180886887,,,,,,
1468,7.157106161117554,4.447674165358783,3.325346368570468,,,,,,
1469,7.1330952644348145,4.408280654966934,3.3230453203398125,,,,,,
1470,7.107608318328857,4.429279308798408,3.3207432758802073,,,,,,
1471,7.143528938293457,4.44907836856214,3.3184402376762154,,,,,,
1472,7.099264621734619,4.375276374135108,3.316136208213471,,,,,,
1473,7.0638062953948975,4.390985719446396,3.313831189978679,,,,,,
1474,7.038827419281006,4.406502150270307,3.311525185459611,,,,,,
1475,7.038027763366699,4.393667197090604,3.309218197145101,,,,,,
1476,7.02914023399353,4.366686113630672,3.30691022752505,,,,,,
1477,6.985389709472656,4.349523755897683,3.3046012790904125,,,,,,
1478,6.995482921600342,4.367360429815703,3.302291354333203,,,,,,
1479,6.962826728820801,4.332815042995498,3.2999804557464887,,,,,,
1480,6.985833644866943,4.390180974863018,3.2976685858243875,,,,,,
1481,6.999456882476807,4.444548550599369,3.2953557470620654,,,,,,
1482,7.0779197216033936,4.441877645471067,3.2930419419557344,,,,,,
1483,7.124100208282471,4.5135783635505975,3.290727173002651,,,,,,
1484,7.323190689086914,4.495051737532562,3.2884114427011095,,,,,,
1485,7.2205634117126465,4.484853570651347,3.2860947535504423,,,,,,
1486,7.1623382568359375,4.50129346066579,3.2837771080510185,,,,,,
1487,7.164920330047607,4.482880624175795,3.281458508704237,,,,,,
1488,7.1180830001831055,4.402670440042917,3.279138958012529,,,,,,
1489,7.047483682632446,4.395474802683297,3.2768184584793487,,,,,,
1490,7.070550918579102,4.429197831754048,3.2744970126091766,,,,,,
1491,7.054189443588257,4.406106295254553,3.2721746229075146,,,,,,
1492,7.039397954940796,4.375457868806411,3.2698512918808835,,,,,,
1493,7.028984069824219,4.39457514809777,3.2675270220368207,,,,,,
1494,7.007735252380371,4.4384225128118455,3.265201815883873,,,,,,
1495,7.085614204406738,4.469447839895402,3.262875675931602,,,,,,
1496,7.114457845687866,4.39491308104744,3.260548604690576,,,,,,
1497,7.123754978179932,4.453038662413791,3.2582206046723665,,,,,,
1498,7.070344924926758,4.412563716853925,3.2558916783895513,,,,,,
1499,7.050048351287842,4.39427654800914,3.253561828355704,,,,,,
1500,7.041551351547241,4.359268869320172,3.251231057085396,,,,,,
1501,6.997556209564209,4.392804546849851,3.2488993670941952,,,,,,
1502,6.992503881454468,4.393530744949494,3.2465667608986597,,,,,,
1503,6.979220390319824,4.374036227428779,3.2442332410163353,,,,,,
1504,7.053591012954712,4.376757437295476,3.241898809965755,,,,,,
1505,6.993765830993652,4.4300953852306515,3.2395634702664355,,,,,,
1506,7.017616033554077,4.3658269600913675,3.237227224438874,,,,,,
1507,6.985005140304565,4.369123929159222,3.234890075004545,,,,,,
1508,6.974334239959717,4.336065683397666,3.2325520244859005,,,,,,
1509,6.960029363632202,4.366864214904696,3.2302130754063607,,,,,,
1510,6.9493567943573,4.448149662884517,3.22787323029032,,,,,,
1511,7.113372802734375,4.528911059854659,3.225532491663137,,,,,,
1512,7.048837423324585,4.497092867744651,3.2231908620511374,,,,,,
1513,7.194416046142578,4.4773338128597935,3.220848343981605,,,,,,
1514,7.164340496063232,4.563109479702532,3.2185049399827848,,,,,,
1515,7.185062408447266,4.536610133209923,3.216160652583879,,,,,,
1516,7.17957329750061,4.472755423709879,3.21381548431504,,,,,,
1517,7.1180055141448975,4.3845687886922775,3.2114694377073736,,,,,,
1518,7.074349403381348,4.427060657734474,3.209122515292932,,,,,,
1519,7.074420690536499,4.415915732599627,3.2067747196047143,,,,,,
1520,7.041277885437012,4.401257107108573,3.2044260531766597,,,,,,
1521,7.026407241821289,4.367985906508756,3.20207651854365,,,,,,
1522,7.005959510803223,4.416728180079387,3.1997261182415024,,,,,,
1523,6.996217250823975,4.3740130089597855,3.1973748548069674,,,,,,
1524,6.961568117141724,4.358926407515073,3.19502273077773,,,,,,
1525,6.947676181793213,4.3633117908854,3.1926697486924014,,,,,,
1526,6.972008228302002,4.366393827418418,3.190315911090519,,,,,,
1527,6.951197385787964,4.358481010425339,3.187961220512547,,,,,,
1528,6.954064846038818,4.379160241583811,3.1856056794998646,,,,,,
1529,6.95313286781311,4.337076338676274,3.1832492905947736,,,,,,
1530,6.916259050369263,4.330820898449555,3.1808920563404883,,,,,,
1531,6.923044681549072,4.406356909226762,3.1785339792811373,,,,,,
1532,6.988181829452515,4.371653959697412,3.1761750619617564,,,,,,
1533,6.973475694656372,4.360685270085956,3.1738153069282906,,,,,,
1534,6.980995416641235,4.369840284915999,3.1714547167275877,,,,,,
1535,6.961981296539307,4.386933960265882,3.1690932939073977,,,,,,
1536,6.989973306655884,4.375684374133109,3.1667310410163676,,,,,,
1537,6.968973636627197,4.389165147105991,3.164367960604043,,,,,,
1538,7.018317461013794,4.388218186020954,3.1620040552208595,,,,,,
1539,6.98283314704895,4.405915344117832,3.159639327418146,,,,,,
1540,7.007901191711426,4.374985754438248,3.157273779748117,,,,,,
1541,6.95405387878418,4.460370439861738,3.1549074147638727,,,,,,
1542,7.068278074264526,4.377977938919072,3.152540235019396,,,,,,
1543,6.986116886138916,4.384236791492335,3.1501722430695467,,,,,,
1544,6.989168643951416,4.345070495827049,3.147803441470065,,,,,,
1545,6.959716320037842,4.363252151124761,3.145433832777561,,,,,,
1546,6.94338583946228,4.347380964450241,3.143063419549519,,,,,,
1547,6.92844557762146,4.3643280758911445,3.1406922043442904,,,,,,
1548,6.933917045593262,4.385761542119847,3.138320189721092,,,,,,
1549,6.945445537567139,4.342956497225801,3.1359473782400022,,,,,,
1550,6.905775547027588,4.3709752599755545,3.1335737724619634,,,,,,
1551,6.951231002807617,4.4057524433324,3.1311993749487703,,,,,,
1552,6.999584436416626,4.437257038981394,3.128824188263075,,,,,,
1553,7.019547939300537,4.355489587937473,3.1264482149683825,,,,,,
1554,6.985212326049805,4.401772471304589,3.124071457629043,,,,,,
1555,6.972205877304077,4.447428969450075,3.121693918810255,,,,,,
1556,6.994179964065552,4.395655630753606,3.1193156010780623,,,,,,
1557,7.00741171836853,4.442409554996772,3.116936506999347,,,,,,
1558,7.0878589153289795,4.453980663620206,3.1145566391418273,,,,,,
1559,7.021489143371582,4.360890716792083,3.112176000074061,,,,,,
1560,6.962939023971558,4.3560388200307845,3.1097945923654366,,,,,,
