{
  "Baseline": {
    "iy011": 0.84,
    "iy014": 0.9183333333333333
  },
  "Mu": {
    "iy011": 0.6866666666666666,
    "iy014": 0.9666666666666667
  },
  "CV": {
    "iy011": 0.9383333333333334,
    "iy014": 1.0
  },
  "T_ac": {
    "iy011": 0.9433333333333334,
    "iy014": 1.0
  }
}