{
  "d_score": {
    "svm_baseline_2_fold": 0.0009110706328518957,
    "catch22_baseline_2_fold": 0.0017955313137004434,
    "simclr_baseline_2_fold": 0.005690993703658533,
    "mlp_baseline_2_fold": 0.4345327379101528,
    "transformer_baseline_2_fold": 1.1228510538239247,
    "lstm_baseline_2_fold": 0.003075518512286618,
    "svm_baseline_10_fold": 0.003613150451404209,
    "catch22_baseline_10_fold": 0.019040218106969698,
    "simclr_baseline_10_fold": 0.020487003391842912,
    "mlp_baseline_10_fold": 1.0250793598246508,
    "transformer_baseline_10_fold": 1.755296799459199,
    "lstm_baseline_10_fold": 0.10845987208613012,
    "svm_mu_2_fold": 0.008105315720460218,
    "catch22_mu_2_fold": 0.004884952576918169,
    "simclr_mu_2_fold": 0.14833790429274912,
    "mlp_mu_2_fold": 3.838342645581981,
    "transformer_mu_2_fold": 5.571024855690856,
    "lstm_mu_2_fold": 0.2863000197853004,
    "svm_mu_10_fold": 0.12131637875715756,
    "catch22_mu_10_fold": 0.06645532616811055,
    "simclr_mu_10_fold": 0.7889404716136805,
    "mlp_mu_10_fold": 25.286440662139512,
    "transformer_mu_10_fold": 64.65677373619519,
    "lstm_mu_10_fold": 6.362771353087604,
    "svm_cv_2_fold": 0.001257771293273263,
    "catch22_cv_2_fold": 0.011552462660771626,
    "simclr_cv_2_fold": 0.019421990538180146,
    "mlp_cv_2_fold": 0.7345919031200809,
    "transformer_cv_2_fold": 1.8663676647259413,
    "lstm_cv_2_fold": 0.35262673313484466,
    "svm_cv_10_fold": 0.0010745112236483845,
    "catch22_cv_10_fold": 0.11533212801024073,
    "simclr_cv_10_fold": 0.45861022007228824,
    "mlp_cv_10_fold": 4.547796825336421,
    "transformer_cv_10_fold": 14.343788984074157,
    "lstm_cv_10_fold": 4.303643526275835,
    "svm_t_ac_2_fold": 0.001424870146988636,
    "catch22_t_ac_2_fold": 0.04006896552918859,
    "simclr_t_ac_2_fold": 0.022998912271879026,
    "mlp_t_ac_2_fold": 0.1137228896493013,
    "transformer_t_ac_2_fold": 0.30782341979843947,
    "lstm_t_ac_2_fold": 0.005324465361805466,
    "svm_t_ac_10_fold": 0.0009087760691021565,
    "catch22_t_ac_10_fold": 0.3523655204324607,
    "simclr_t_ac_10_fold": 0.362581454646672,
    "mlp_t_ac_10_fold": 2.511077952686766,
    "transformer_t_ac_10_fold": 4.833719248478294,
    "lstm_t_ac_10_fold": 1.9214715086561593
  },
  "ari": {
    "svm_baseline_2_fold": 0.0013498234613191008,
    "catch22_baseline_2_fold": 0.0006685983704509865,
    "simclr_baseline_2_fold": 0.00030068501510681074,
    "mlp_baseline_2_fold": 0.2358174875920858,
    "transformer_baseline_2_fold": 0.34427009987367035,
    "lstm_baseline_2_fold": 0.0046995814967430456,
    "svm_baseline_10_fold": 0.033372887516704405,
    "catch22_baseline_10_fold": 0.00036884174166828794,
    "simclr_baseline_10_fold": 0.00585994344618971,
    "mlp_baseline_10_fold": 0.427417859367203,
    "transformer_baseline_10_fold": 0.256604921216765,
    "lstm_baseline_10_fold": 0.031005633131468615,
    "svm_mu_2_fold": 0.1619973112909658,
    "catch22_mu_2_fold": 0.0009449671022539024,
    "simclr_mu_2_fold": 0.08481963393152697,
    "mlp_mu_2_fold": 0.7585202585095647,
    "transformer_mu_2_fold": 0.6755259564200422,
    "lstm_mu_2_fold": 0.11314899790291807,
    "svm_mu_10_fold": 0.7274733065189817,
    "catch22_mu_10_fold": -0.000244302310215161,
    "simclr_mu_10_fold": 0.7902171789331127,
    "mlp_mu_10_fold": 0.9820720326082863,
    "transformer_mu_10_fold": 1.0,
    "lstm_mu_10_fold": 0.7955627635344547,
    "svm_cv_2_fold": 0.000948890436039206,
    "catch22_cv_2_fold": -5.185104485942025e-05,
    "simclr_cv_2_fold": 0.0039029562683503887,
    "mlp_cv_2_fold": 0.22530554220337623,
    "transformer_cv_2_fold": 0.294567054437708,
    "lstm_cv_2_fold": 0.27424761049503765,
    "svm_cv_10_fold": -0.00045124083087772567,
    "catch22_cv_10_fold": 0.08825998849784532,
    "simclr_cv_10_fold": 0.5066972130896804,
    "mlp_cv_10_fold": 0.7240616853227146,
    "transformer_cv_10_fold": 0.9623421776236025,
    "lstm_cv_10_fold": 0.6854235617990846,
    "svm_t_ac_2_fold": -0.00042048487121898334,
    "catch22_t_ac_2_fold": 0.029291061219207423,
    "simclr_t_ac_2_fold": 0.00025154067122675703,
    "mlp_t_ac_2_fold": 0.07028966290480103,
    "transformer_t_ac_2_fold": 0.08499368626670216,
    "lstm_t_ac_2_fold": 0.003203426899689835,
    "svm_t_ac_10_fold": -0.00013843010307969337,
    "catch22_t_ac_10_fold": 0.7240633019789532,
    "simclr_t_ac_10_fold": -0.0002990004914148597,
    "mlp_t_ac_10_fold": 0.6575504756918804,
    "transformer_t_ac_10_fold": 0.8592586130827699,
    "lstm_t_ac_10_fold": 0.6705964510133859
  },
  "nmi": {
    "svm_baseline_2_fold": 0.0013503053571879314,
    "catch22_baseline_2_fold": 0.0012561665659923428,
    "simclr_baseline_2_fold": 0.0005316068531079062,
    "mlp_baseline_2_fold": 0.18191913105046537,
    "transformer_baseline_2_fold": 0.3320308200509897,
    "lstm_baseline_2_fold": 0.003755130279772664,
    "svm_baseline_10_fold": 0.024655914932083207,
    "catch22_baseline_10_fold": 0.0006642949521258952,
    "simclr_baseline_10_fold": 0.004104703971058245,
    "mlp_baseline_10_fold": 0.3571785627385928,
    "transformer_baseline_10_fold": 0.34882825813174495,
    "lstm_baseline_10_fold": 0.03914058520515129,
    "svm_mu_2_fold": 0.1236479559444675,
    "catch22_mu_2_fold": 0.001064788333497443,
    "simclr_mu_2_fold": 0.06652500890651919,
    "mlp_mu_2_fold": 0.6553294509569221,
    "transformer_mu_2_fold": 0.6307029062041069,
    "lstm_mu_2_fold": 0.09066453662214266,
    "svm_mu_10_fold": 0.6340156829782196,
    "catch22_mu_10_fold": 0.00018344157926356507,
    "simclr_mu_10_fold": 0.7430174619213917,
    "mlp_mu_10_fold": 0.9594960631369378,
    "transformer_mu_10_fold": 1.0,
    "lstm_mu_10_fold": 0.7478691123245458,
    "svm_cv_2_fold": 0.0010286123506316398,
    "catch22_cv_2_fold": 0.00015955260595645128,
    "simclr_cv_2_fold": 0.013089169357944807,
    "mlp_cv_2_fold": 0.23846095461211392,
    "transformer_cv_2_fold": 0.37009732332736295,
    "lstm_cv_2_fold": 0.24866369125559576,
    "svm_cv_10_fold": 2.83639257869274e-05,
    "catch22_cv_10_fold": 0.07900829285259126,
    "simclr_cv_10_fold": 0.409378184680391,
    "mlp_cv_10_fold": 0.663137274659066,
    "transformer_cv_10_fold": 0.9319491487816558,
    "lstm_cv_10_fold": 0.6552931830347929,
    "svm_t_ac_2_fold": 3.93144823334126e-05,
    "catch22_t_ac_2_fold": 0.030607179908645737,
    "simclr_t_ac_2_fold": 0.000337755991726367,
    "mlp_t_ac_2_fold": 0.05265515374144746,
    "transformer_t_ac_2_fold": 0.13748503582430563,
    "lstm_t_ac_2_fold": 0.011935643030641999,
    "svm_t_ac_10_fold": 0.00028143977404213006,
    "catch22_t_ac_10_fold": 0.622091426090119,
    "simclr_t_ac_10_fold": 0.00018562068150820707,
    "mlp_t_ac_10_fold": 0.5566305835864818,
    "transformer_t_ac_10_fold": 0.777005222811284,
    "lstm_t_ac_10_fold": 0.5633270031259043
  }
}