{
  "Baseline": {
    "iy011": 0.705,
    "iy014": 0.7866666666666666
  },
  "Mu": {
    "iy011": 0.9433333333333334,
    "iy014": 0.995
  },
  "CV": {
    "iy011": 0.645,
    "iy014": 0.8683333333333333
  },
  "T_ac": {
    "iy011": 0.54,
    "iy014": 0.8333333333333334
  }
}