{
  "Baseline": {
    "iy011": 0.7766666666666666,
    "iy014": 0.9033333333333333
  },
  "Mu": {
    "iy011": 0.95,
    "iy014": 1.0
  },
  "CV": {
    "iy011": 0.9683333333333334,
    "iy014": 1.0
  },
  "T_ac": {
    "iy011": 0.5633333333333334,
    "iy014": 0.915
  }
}