{
  "best_label": "IY017-b64_lr0.01_L2_H4_D16-instance-163742",
  "results": {
    "IY017-b100_lr0.01_L2_H4_D128-instance-": {
      "Baseline": {
        "iy011": 0.7066666666666667,
        "iy014": 0.8383333333333334
      },
      "Mu": {
        "iy011": 0.8583333333333333,
        "iy014": 0.9966666666666667
      },
      "CV": {
        "iy011": 0.7166666666666667,
        "iy014": 0.9966666666666667
      },
      "T_ac": {
        "iy011": 0.5416666666666666,
        "iy014": 0.7983333333333333
      }
    },
    "IY017-b100_lr0.01_d0.01_L2_H4_D128-instance-": {
      "Baseline": {
        "iy011": 0.7416666666666667,
        "iy014": 0.86
      },
      "Mu": {
        "iy011": 0.8833333333333333,
        "iy014": 0.9966666666666667
      },
      "CV": {
        "iy011": 0.7483333333333333,
        "iy014": 1.0
      },
      "T_ac": {
        "iy011": 0.535,
        "iy014": 0.8366666666666667
      }
    },
    "IY017-b1024_lr0.01_L2_H4_D16-instance-164413": {
      "Baseline": {
        "iy011": 0.7816666666666666,
        "iy014": 0.9033333333333333
      },
      "Mu": {
        "iy011": 0.9083333333333333,
        "iy014": 0.9983333333333333
      },
      "CV": {
        "iy011": 0.8416666666666667,
        "iy014": 1.0
      },
      "T_ac": {
        "iy011": 0.8,
        "iy014": 0.9883333333333333
      }
    },
    "IY017-b1024_lr0.01_L2_H4_D16-instance-061239": {
      "Baseline": {
        "iy011": 0.72,
        "iy014": 0.8
      },
      "Mu": {
        "iy011": 0.875,
        "iy014": 0.9833333333333333
      },
      "CV": {
        "iy011": 0.7616666666666667,
        "iy014": 0.9916666666666667
      },
      "T_ac": {
        "iy011": 0.5566666666666666,
        "iy014": 0.735
      }
    },
    "IY017-b128_lr0.01_L2_H4_D16-instance-151037": {
      "Baseline": {
        "iy011": 0.725,
        "iy014": 0.8516666666666667
      },
      "Mu": {
        "iy011": 0.9233333333333333,
        "iy014": 1.0
      },
      "CV": {
        "iy011": 0.8333333333333334,
        "iy014": 0.9916666666666667
      },
      "T_ac": {
        "iy011": 0.655,
        "iy014": 0.9533333333333334
      }
    },
    "IY017-b16_lr0.01_L2_H4_D16-instance-": {
      "Baseline": {
        "iy011": 0.8133333333333334,
        "iy014": 0.9166666666666666
      },
      "Mu": {
        "iy011": 0.965,
        "iy014": 1.0
      },
      "CV": {
        "iy011": 0.9383333333333334,
        "iy014": 1.0
      },
      "T_ac": {
        "iy011": 0.7016666666666667,
        "iy014": 0.9416666666666667
      }
    },
    "IY017-b16_lr0.01_d0.01_L2_H4_D16-instance-": {
      "Baseline": {
        "iy011": 0.74,
        "iy014": 0.8433333333333334
      },
      "Mu": {
        "iy011": 0.8716666666666667,
        "iy014": 0.9983333333333333
      },
      "CV": {
        "iy011": 0.7166666666666667,
        "iy014": 0.9983333333333333
      },
      "T_ac": {
        "iy011": 0.545,
        "iy014": 0.7816666666666666
      }
    },
    "IY017-b2048_lr0.01_L2_H4_D16-instance-162432": {
      "Baseline": {
        "iy011": 0.77,
        "iy014": 0.875
      },
      "Mu": {
        "iy011": 0.9433333333333334,
        "iy014": 1.0
      },
      "CV": {
        "iy011": 0.8916666666666667,
        "iy014": 1.0
      },
      "T_ac": {
        "iy011": 0.6033333333333334,
        "iy014": 0.89
      }
    },
    "IY017-b256_lr0.01_L2_H4_D16-instance-154425": {
      "Baseline": {
        "iy011": 0.7583333333333333,
        "iy014": 0.8816666666666667
      },
      "Mu": {
        "iy011": 0.8633333333333333,
        "iy014": 0.9983333333333333
      },
      "CV": {
        "iy011": 0.8233333333333334,
        "iy014": 1.0
      },
      "T_ac": {
        "iy011": 0.6633333333333333,
        "iy014": 0.955
      }
    },
    "IY017-b32_lr0.01_L2_H4_D128-instance-": {
      "Baseline": {
        "iy011": 0.765,
        "iy014": 0.8866666666666667
      },
      "Mu": {
        "iy011": 0.895,
        "iy014": 0.9983333333333333
      },
      "CV": {
        "iy011": 0.8483333333333334,
        "iy014": 1.0
      },
      "T_ac": {
        "iy011": 0.5516666666666666,
        "iy014": 0.8416666666666667
      }
    },
    "IY017-b4096_lr0.01_L2_H4_D16-instance-140729": {
      "Baseline": {
        "iy011": 0.7633333333333333,
        "iy014": 0.8783333333333333
      },
      "Mu": {
        "iy011": 0.9366666666666666,
        "iy014": 1.0
      },
      "CV": {
        "iy011": 0.8116666666666666,
        "iy014": 0.9983333333333333
      },
      "T_ac": {
        "iy011": 0.6016666666666667,
        "iy014": 0.9066666666666666
      }
    },
    "IY017-b4096_lr0.01_L2_H4_D16-instance-023947": {
      "Baseline": {
        "iy011": 0.7233333333333334,
        "iy014": 0.8716666666666667
      },
      "Mu": {
        "iy011": 0.9516666666666667,
        "iy014": 1.0
      },
      "CV": {
        "iy011": 0.8083333333333333,
        "iy014": 0.9983333333333333
      },
      "T_ac": {
        "iy011": 0.5183333333333333,
        "iy014": 0.7733333333333333
      }
    },
    "IY017-b512_lr0.01_L2_H4_D16-instance-154043": {
      "Baseline": {
        "iy011": 0.8133333333333334,
        "iy014": 0.9116666666666666
      },
      "Mu": {
        "iy011": 0.895,
        "iy014": 1.0
      },
      "CV": {
        "iy011": 0.8166666666666667,
        "iy014": 0.9983333333333333
      },
      "T_ac": {
        "iy011": 0.9183333333333333,
        "iy014": 0.9966666666666667
      }
    },
    "IY017-b64_lr0.01_L2_H4_D16-instance-163742": {
      "Baseline": {
        "iy011": 0.97,
        "iy014": 0.9483333333333334
      },
      "Mu": {
        "iy011": 0.935,
        "iy014": 1.0
      },
      "CV": {
        "iy011": 0.8783333333333333,
        "iy014": 1.0
      },
      "T_ac": {
        "iy011": 1.0,
        "iy014": 1.0
      }
    },
    "IY017-b64_lr0.01_L2_H4_D16-instance-100838": {
      "Baseline": {
        "iy011": 0.7883333333333333,
        "iy014": 0.8866666666666667
      },
      "Mu": {
        "iy011": 0.96,
        "iy014": 1.0
      },
      "CV": {
        "iy011": 0.93,
        "iy014": 1.0
      },
      "T_ac": {
        "iy011": 0.49833333333333335,
        "iy014": 0.8366666666666667
      }
    },
    "IY017-b64_lr0.01_L2_H4_D16-instance-215100": {
      "Baseline": {
        "iy011": 0.7466666666666667,
        "iy014": 0.8383333333333334
      },
      "Mu": {
        "iy011": 0.895,
        "iy014": 1.0
      },
      "CV": {
        "iy011": 0.745,
        "iy014": 1.0
      },
      "T_ac": {
        "iy011": 0.5466666666666666,
        "iy014": 0.6533333333333333
      }
    },
    "IY017-b64_lr0.01_L2_H4_D8-instance-092414": {
      "Baseline": {
        "iy011": 0.7466666666666667,
        "iy014": 0.83
      },
      "Mu": {
        "iy011": 0.9283333333333333,
        "iy014": 1.0
      },
      "CV": {
        "iy011": 0.835,
        "iy014": 1.0
      },
      "T_ac": {
        "iy011": 0.5583333333333333,
        "iy014": 0.705
      }
    },
    "IY017-b64_lr0.01_d0.01_L2_H4_D16-instance-": {
      "Baseline": {
        "iy011": 0.69,
        "iy014": 0.795
      },
      "Mu": {
        "iy011": 0.8433333333333334,
        "iy014": 0.9766666666666667
      },
      "CV": {
        "iy011": 0.7033333333333334,
        "iy014": 0.9916666666666667
      },
      "T_ac": {
        "iy011": 0.5683333333333334,
        "iy014": 0.7416666666666667
      }
    },
    "IY022-b64_lr0.01_L2_H4_D16-global-170229": {
      "Baseline": {
        "iy011": 0.8016666666666666,
        "iy014": 0.89
      },
      "Mu": {
        "iy011": 0.9533333333333334,
        "iy014": 0.9983333333333333
      },
      "CV": {
        "iy011": 0.88,
        "iy014": 1.0
      },
      "T_ac": {
        "iy011": 0.7,
        "iy014": 0.9433333333333334
      }
    },
    "IY022-b64_lr0.01_L2_H4_D16-global-125632": {
      "Baseline": {
        "iy011": 0.8383333333333334,
        "iy014": 0.9266666666666666
      },