{
  "best_label": "IY017-b100_lr0.01_d0.01_L2_H4_D128-instance-",
  "results": {
    "IY017-b100_lr0.01_L2_H4_D128-instance-": {
      "Baseline": {
        "iy011": 0.7216666666666667,
        "iy014": 0.8233333333333334
      },
      "Mu": {
        "iy011": 0.9233333333333333,
        "iy014": 0.9966666666666667
      },
      "CV": {
        "iy011": 0.6483333333333333,
        "iy014": 0.96
      },
      "T_ac": {
        "iy011": 0.5533333333333333,
        "iy014": 0.8633333333333333
      }
    },
    "IY017-b100_lr0.01_d0.01_L2_H4_D128-instance-": {
      "Baseline": {
        "iy011": 0.745,
        "iy014": 0.8633333333333333
      },
      "Mu": {
        "iy011": 0.93,
        "iy014": 0.9983333333333333
      },
      "CV": {
        "iy011": 0.7316666666666667,
        "iy014": 0.96
      },
      "T_ac": {
        "iy011": 0.55,
        "iy014": 0.855
      }
    },
    "IY017-b1024_lr0.01_L2_H4_D16-instance-164413": {
      "Baseline": {
        "iy011": 0.72,
        "iy014": 0.805
      },
      "Mu": {
        "iy011": 0.9333333333333333,
        "iy014": 1.0
      },
      "CV": {
        "iy011": 0.6633333333333333,
        "iy014": 0.9583333333333334
      },
      "T_ac": {
        "iy011": 0.5633333333333334,
        "iy014": 0.8733333333333333
      }
    },
    "IY017-b1024_lr0.01_L2_H4_D16-instance-061239": {
      "Baseline": {
        "iy011": 0.7,
        "iy014": 0.8
      },
      "Mu": {
        "iy011": 0.9383333333333334,
        "iy014": 1.0
      },
      "CV": {
        "iy011": 0.6533333333333333,
        "iy014": 0.9583333333333334
      },
      "T_ac": {
        "iy011": 0.5366666666666666,
        "iy014": 0.8266666666666667
      }
    },
    "IY017-b128_lr0.01_L2_H4_D16-instance-151037": {
      "Baseline": {
        "iy011": 0.715,
        "iy014": 0.805
      },
      "Mu": {
        "iy011": 0.9383333333333334,
        "iy014": 1.0
      },
      "CV": {
        "iy011": 0.6416666666666667,
        "iy014": 0.9583333333333334
      },
      "T_ac": {
        "iy011": 0.5533333333333333,
        "iy014": 0.875
      }
    },
    "IY017-b16_lr0.01_L2_H4_D16-instance-": {
      "Baseline": {
        "iy011": 0.7266666666666667,
        "iy014": 0.82
      },
      "Mu": {
        "iy011": 0.9466666666666667,
        "iy014": 1.0
      },
      "CV": {
        "iy011": 0.665,
        "iy014": 0.96
      },
      "T_ac": {
        "iy011": 0.565,
        "iy014": 0.88
      }
    },
    "IY017-b16_lr0.01_d0.01_L2_H4_D16-instance-": {
      "Baseline": {
        "iy011": 0.7133333333333334,
        "iy014": 0.8133333333333334
      },
      "Mu": {
        "iy011": 0.9366666666666666,
        "iy014": 1.0
      },
      "CV": {
        "iy011": 0.6433333333333333,
        "iy014": 0.9583333333333334
      },
      "T_ac": {
        "iy011": 0.5516666666666666,
        "iy014": 0.8266666666666667
      }
    },
    "IY017-b2048_lr0.01_L2_H4_D16-instance-162432": {
      "Baseline": {
        "iy011": 0.73,
        "iy014": 0.8016666666666666
      },
      "Mu": {
        "iy011": 0.9383333333333334,
        "iy014": 1.0
      },
      "CV": {
        "iy011": 0.65,
        "iy014": 0.9583333333333334
      },
      "T_ac": {
        "iy011": 0.54,
        "iy014": 0.845
      }
    },
    "IY017-b256_lr0.01_L2_H4_D16-instance-154425": {
      "Baseline": {
        "iy011": 0.7133333333333334,
        "iy014": 0.8183333333333334
      },
      "Mu": {
        "iy011": 0.935,
        "iy014": 1.0
      },
      "CV": {
        "iy011": 0.655,
        "iy014": 0.9583333333333334
      },
      "T_ac": {
        "iy011": 0.545,
        "iy014": 0.8483333333333334
      }
    },
    "IY017-b32_lr0.01_L2_H4_D128-instance-": {
      "Baseline": {
        "iy011": 0.725,
        "iy014": 0.835
      },
      "Mu": {
        "iy011": 0.935,
        "iy014": 1.0
      },
      "CV": {
        "iy011": 0.7033333333333334,
        "iy014": 0.96
      },
      "T_ac": {
        "iy011": 0.5516666666666666,
        "iy014": 0.8666666666666667
      }
    },
    "IY017-b4096_lr0.01_L2_H4_D16-instance-140729": {
      "Baseline": {
        "iy011": 0.725,
        "iy014": 0.805
      },
      "Mu": {
        "iy011": 0.9333333333333333,
        "iy014": 1.0
      },
      "CV": {
        "iy011": 0.6466666666666666,
        "iy014": 0.9583333333333334
      },
      "T_ac": {
        "iy011": 0.55,
        "iy014": 0.8416666666666667
      }
    },
    "IY017-b4096_lr0.01_L2_H4_D16-instance-023947": {
      "Baseline": {
        "iy011": 0.7166666666666667,
        "iy014": 0.805
      },
      "Mu": {
        "iy011": 0.9366666666666666,
        "iy014": 1.0
      },
      "CV": {
        "iy011": 0.66,
        "iy014": 0.96
      },
      "T_ac": {
        "iy011": 0.55,
        "iy014": 0.85
      }
    },
    "IY017-b512_lr0.01_L2_H4_D16-instance-154043": {
      "Baseline": {
        "iy011": 0.72,
        "iy014": 0.79
      },
      "Mu": {
        "iy011": 0.935,
        "iy014": 1.0
      },
      "CV": {
        "iy011": 0.6483333333333333,
        "iy014": 0.9583333333333334
      },
      "T_ac": {
        "iy011": 0.5766666666666667,
        "iy014": 0.89
      }
    },
    "IY017-b64_lr0.01_L2_H4_D16-instance-163742": {
      "Baseline": {
        "iy011": 0.7116666666666667,
        "iy014": 0.8
      },
      "Mu": {
        "iy011": 0.9383333333333334,
        "iy014": 1.0
      },
      "CV": {
        "iy011": 0.6383333333333333,
        "iy014": 0.9583333333333334
      },
      "T_ac": {
        "iy011": 0.6016666666666667,
        "iy014": 0.895
      }
    },
    "IY017-b64_lr0.01_L2_H4_D16-instance-100838": {
      "Baseline": {
        "iy011": 0.715,
        "iy014": 0.7983333333333333
      },
      "Mu": {
        "iy011": 0.94,
        "iy014": 0.9983333333333333
      },
      "CV": {
        "iy011": 0.6633333333333333,
        "iy014": 0.96
      },
      "T_ac": {
        "iy011": 0.5533333333333333,
        "iy014": 0.85
      }
    },
    "IY017-b64_lr0.01_L2_H4_D16-instance-215100": {
      "Baseline": {
        "iy011": 0.7083333333333334,
        "iy014": 0.805
      },
      "Mu": {
        "iy011": 0.935,
        "iy014": 1.0
      },
      "CV": {
        "iy011": 0.655,
        "iy014": 0.9583333333333334
      },
      "T_ac": {
        "iy011": 0.5383333333333333,
        "iy014": 0.8183333333333334
      }
    },
    "IY017-b64_lr0.01_L2_H4_D8-instance-092414": {
      "Baseline": {
        "iy011": 0.715,
        "iy014": 0.7966666666666666
      },
      "Mu": {
        "iy011": 0.9333333333333333,
        "iy014": 0.9983333333333333
      },
      "CV": {
        "iy011": 0.6383333333333333,
        "iy014": 0.9583333333333334
      },
      "T_ac": {
        "iy011": 0.55,
        "iy014": 0.8266666666666667
      }
    },
    "IY017-b64_lr0.01_d0.01_L2_H4_D16-instance-": {
      "Baseline": {
        "iy011": 0.7033333333333334,
        "iy014": 0.7883333333333333
      },
      "Mu": {
        "iy011": 0.9333333333333333,
        "iy014": 1.0
      },
      "CV": {
        "iy011": 0.6366666666666667,
        "iy014": 0.9583333333333334
      },
      "T_ac": {
        "iy011": 0.545,
        "iy014": 0.815
      }
    },
    "IY022-b64_lr0.01_L2_H4_D16-global-170229": {
      "Baseline": {
        "iy011": 0.7266666666666667,
        "iy014": 0.8033333333333333
      },
      "Mu": {
        "iy011": 0.9383333333333334,
        "iy014": 1.0
      },
      "CV": {
        "iy011": 0.6583333333333333,
        "iy014": 0.96
      },
      "T_ac": {
        "iy011": 0.545,
        "iy014": 0.8516666666666667
      }
    },
    "IY022-b64_lr0.01_L2_H4_D16-global-125632": {
      "Baseline": {
        "iy011": 0.7033333333333334,
        "iy014": 0.8083333333333333
      },
      "Mu": {
        "iy011": 0.935,
        "iy014": 1.0
      },
      "CV": {
        "iy011": 0.66,
        "iy014": 0.9583333333333334
      },
      "T_ac": {
        "iy011": 0.565,