{
  "Baseline": {
    "iy011": 0.5366666666666666,
    "iy014": 0.5066666666666667
  },
  "Mu": {
    "iy011": 0.8133333333333334,
    "iy014": 0.9716666666666667
  },
  "CV": {
    "iy011": 0.635,
    "iy014": 0.9583333333333334
  },
  "T_ac": {
    "iy011": 0.5116666666666667,
    "iy014": 0.8766666666666667
  }
}