representation,D_score,mean_within_distance,mean_between_distance,pooled_distance_sd,n_within_pairs,n_between_pairs
Raw SVM features,1.0263138981637558,12.001834171568367,18.13861178521778,5.979435360496546,18018,91260
catch22,0.20331073774864003,8.585652979684165,9.106882300824214,2.563707784998858,18018,91260
SimCLR,0.8483138326104682,5.338082695674767,7.82703289038103,2.9339969466808737,18018,91260
SimCLR + SVM scores,1.8151120531076086,1.3962335763398113,3.4899945442001035,1.15351609520504,18018,91260
