representation,D_score,mean_within_distance,mean_between_distance,pooled_distance_sd,n_within_pairs,n_between_pairs
Raw SVM features,0.14504696533852474,3.86977957114843,4.858320692521354,6.815317501236722,66780,741576
catch22,0.29416698369744937,8.210558077884874,8.787251796158321,1.9604297906748636,66780,741576
SimCLR,0.34001144173628317,6.810983568138331,7.69888868872436,2.6113977695924087,66780,741576
SimCLR + SVM scores,0.7402630589190616,3.8024936617415728,4.815630874091392,1.3686178178730282,66780,741576
