representation,ARI,NMI,n_clusters,kmeans_inertia
Raw SVM features,0.07570404925766411,0.2081686316394866,12,4051.7355074790853
catch22,0.0684279471508028,0.17125665340878127,12,29109.73222165743
SimCLR,0.1066581969126982,0.2332295625885986,12,11248.9833984375
SimCLR + SVM scores,0.1574151016269102,0.282521053032689,12,3872.8783218913723
