model,accuracy
catch22 + SVM (RBF),0.33725490196078434
Raw SVM (RBF),0.3137254901960784
