model,accuracy
catch22 + SVM (RBF),0.4757785467128028
Raw SVM (RBF),0.29930795847750863
