model,accuracy
Raw SVM (RBF),0.6428571428571429
catch22 + SVM (RBF),0.6326530612244898
